Site|Client|Owner|Order Id|Status|Order Type|Retailer Id|Address id|To Postal code|To County|To Country|Carrier Id|Dispatch Method|Lines|Total weight|Total volume|Qty ordered|Qty shipped|Shipped in full|Creation Date|Order Date|Ship By Date|Deliver By Date|Released|Allocated|In Progress|Picked|Packed|Awaiting|Ready To Load|Complete|Shipped|Creation to Ready to Load|Creation to Shipped|Ready to Load to Shipped
BRCJM01|BRALGAR|TELECOM|81707075|Shipped|||NONE|00000-000||BR|DSV||1|20|.2|200|200|Y|06-11-2026 13:28:15|06-11-2026 13:28:15|||||||||||06-17-2026 16:13:43||146.76|
BRCJM01|BRALGAR|TELECOM|81707078|Shipped|||NONE|00000-000||BR|DSV||1|.8|.008|8|8|Y|06-11-2026 13:28:15|06-11-2026 13:28:15|||||||||||06-17-2026 16:13:44||146.76|
BRCJM01|BRALGAR|TELECOM|81707081|Shipped|||NONE|00000-000||BR|DSV||1|.1|.001|1|1|Y|06-11-2026 13:28:15|06-11-2026 13:28:15|||||||||||06-17-2026 16:13:44||146.76|
BRCJM01|BRALGAR|TELECOM|81707136|Shipped|||NONE|00000-000||BR|DSV||1|2|.02|20|20|Y|06-11-2026 13:28:15|06-11-2026 13:28:15|||||||||||07-04-2026 08:53:16||547.42|
BRCJM01|BRALGAR|TELECOM|81707137|Shipped|||NONE|00000-000||BR|DSV||1|.1|.001|1|1|Y|06-11-2026 13:28:15|06-11-2026 13:28:15|||||||||||07-04-2026 08:53:16||547.42|
BRCJM01|BRALGAR|TELECOM|81707139|Shipped|||NONE|00000-000||BR|DSV||2|.2|.002|2|2|Y|06-11-2026 13:28:15|06-11-2026 13:28:15|||||||||||07-04-2026 08:53:16||547.42|
BRCJM01|BRALGAR|TELECOM|81707349|Shipped|||NONE|00000-000||BR|DSV||4|1|.234622|2256|2256|Y|06-12-2026 08:24:28|06-12-2026 08:24:28|||||||||||07-04-2026 08:53:17||528.48|
BRCJM01|BRALGAR|TELECOM|81707868|Shipped|||NONE|00000-000||BR|DSV||1|10|.1|100|100|Y|06-12-2026 08:24:29|06-12-2026 08:24:29|||||||||||07-04-2026 08:53:17||528.48|
BRCJM01|BRALGAR|TELECOM|81707869|Shipped|||NONE|00000-000||BR|DSV||1|5|.05|50|50|Y|06-12-2026 08:24:29|06-12-2026 08:24:29|||||||||||07-04-2026 08:53:17||528.48|
BRCJM01|BRALGAR|TELECOM|81708005|Shipped|||NONE|00000-000||BR|DSV||13|7.9|.0792|81|81|Y|06-12-2026 15:21:36|06-12-2026 15:21:36||||||06-17-2026 16:25:39|06-17-2026 17:49:27||06-18-2026 11:02:37|06-18-2026 11:02:37|06-19-2026 17:31:25|139.68|170.16|30.48
BRCJM01|BRALGAR|TELECOM|81708133|Shipped|||NONE|00000-000||BR|DSV||2|0|0|205|205|Y|06-12-2026 15:21:37|06-12-2026 15:21:37|||||||||||06-17-2026 15:59:17||120.63|
BRCJM01|BRALGAR|TELECOM|81708231|Shipped|||NONE|00000-000||BR|DSV||1|0|.20002|2000|2000|Y|06-12-2026 11:59:40|06-12-2026 11:59:40|||||||||||07-04-2026 08:53:17||524.89|
BRCJM01|BRALGAR|TELECOM|81708234|Shipped|||NONE|00000-000||BR|DSV||1|0|.20002|2000|2000|Y|06-12-2026 12:40:51|06-12-2026 12:40:51|||||||||||07-04-2026 08:53:17||524.21|
BRCJM01|BRALGAR|TELECOM|81708535|Shipped|||NONE|00000-000||BR|DSV||2|.2|.002|2|2|Y|06-15-2026 10:05:52|06-15-2026 10:05:52|||||||||||06-23-2026 16:27:31||198.36|
BRCJM01|BRALGAR|TELECOM|81708602|Shipped|||NONE|00000-000||BR|DSV||2|.7|.007|7|7|Y|06-12-2026 16:14:52|06-12-2026 16:14:52|||||||||||07-04-2026 08:53:18||520.64|
BRCJM01|BRALGAR|TELECOM|81708771|Shipped|||NONE|00000-000||BR|DSV||2|7|.07|70|70|Y|06-15-2026 10:05:53|06-15-2026 10:05:53|||||||||||07-04-2026 08:53:18||454.79|
BRCJM01|BRALGAR|TELECOM|81708926|Shipped|||NONE|00000-000||BR|DSV||3|0|3.018301|30180|30180|Y|06-15-2026 10:05:54|06-15-2026 10:05:54|||||||||06-17-2026 14:06:04|06-17-2026 14:06:04|06-19-2026 12:14:45|52|98.15|46.14
BRCJM01|BRALGAR|TELECOM|81708985|Shipped|||NONE|00000-000||BR|DSV||2|3.2|.032|32|32|Y|06-15-2026 10:05:54|06-15-2026 10:05:54||||||||||06-17-2026 15:58:51|06-17-2026 15:59:17||53.89|
BRCJM01|BRALGAR|TELECOM|81708987|Shipped|||NONE|00000-000||BR|DSV||1|0|.0007|700|700|Y|06-15-2026 10:05:54|06-15-2026 10:05:54|06-15-2026 16:59:01||06-16-2026 10:30:50|06-16-2026 11:39:51|06-16-2026 11:43:18|06-16-2026 11:43:18|06-16-2026 12:10:41||06-17-2026 14:06:49|06-17-2026 14:06:49|06-19-2026 12:14:45|52.02|98.15|46.13
BRCJM01|BRALGAR|TELECOM|81709485|Shipped|||NONE|00000-000||BR|DSV||1|.1|.001|1|1|Y|06-16-2026 07:02:55|06-16-2026 07:02:55|||06-16-2026 07:05:57|06-16-2026 14:55:26|06-16-2026 17:54:40|06-16-2026 17:54:40|06-17-2026 08:07:06||06-17-2026 13:53:36|06-19-2026 12:10:15|06-19-2026 12:14:45|30.84|77.2|46.35
BRCJM01|BRALGAR|TELECOM|81709488|Shipped|||NONE|00000-000||BR|DSV||1|.2|.002|2|2|Y|06-16-2026 07:02:55|06-16-2026 07:02:55|||06-16-2026 07:05:57|06-16-2026 14:57:27|06-16-2026 16:05:22|06-16-2026 16:05:22|06-16-2026 16:57:49||06-17-2026 13:51:44|06-24-2026 17:43:32|06-24-2026 18:51:11|30.81|203.8|172.99
BRCJM01|BRALGAR|TELECOM|81710138|Shipped|||NONE|00000-000||BR|DSV||3|23|.23|230|230|Y|06-16-2026 07:02:53|06-16-2026 07:02:53|||06-16-2026 15:32:59|06-16-2026 15:42:38|06-17-2026 08:15:35|06-17-2026 12:00:29|06-17-2026 12:45:27||06-17-2026 14:08:50|06-18-2026 12:34:52|06-18-2026 12:38:05|31.1|53.59|22.49
BRCJM01|BRALGAR|TELECOM|81710139|Shipped|||NONE|00000-000||BR|DSV||12|49.5|.495|495|495|Y|06-16-2026 07:02:55|06-16-2026 07:02:55|||06-16-2026 16:26:31|06-16-2026 16:30:19|06-17-2026 07:14:47|06-24-2026 09:32:47|06-24-2026 09:34:11||06-27-2026 08:45:04|06-27-2026 08:45:04|06-27-2026 08:45:30|265.7|265.71|.01
BRCJM01|BRALGAR|TELECOM|81710140|Shipped|||NONE|00000-000||BR|DSV||7|14.9|.149|149|149|Y|06-16-2026 07:02:55|06-16-2026 07:02:55|||06-16-2026 16:33:40|06-16-2026 16:43:05|06-17-2026 06:38:43|06-17-2026 10:31:49|06-17-2026 11:33:44||06-17-2026 14:12:36|06-18-2026 08:50:00|06-19-2026 12:14:46|31.16|77.2|46.04
BRCJM01|BRALGAR|TELECOM|81710151|Shipped|||NONE|00000-000||BR|DSV||5|3.7|.037|37|37|Y|06-16-2026 07:02:55|06-16-2026 07:02:55|||06-17-2026 16:35:42|06-17-2026 17:10:12|06-17-2026 17:18:36|06-17-2026 17:20:57|06-17-2026 17:23:02||06-18-2026 10:46:33|06-18-2026 10:46:33|06-18-2026 12:38:05|51.73|53.59|1.86
BRCJM01|BRALGAR|TELECOM|81710152|Shipped|||NONE|00000-000||BR|DSV||3|3|.03|30|30|Y|06-16-2026 07:02:55|06-16-2026 07:02:55|||06-16-2026 07:05:57|06-16-2026 14:58:39|06-16-2026 15:41:07|06-16-2026 15:55:17|06-16-2026 16:49:22||06-17-2026 13:56:03|06-18-2026 12:36:55|06-18-2026 12:38:05|30.89|53.59|22.7
BRCJM01|BRALGAR|TELECOM|81710153|Shipped|||NONE|00000-000||BR|DSV||2|.7|.007|7|7|Y|06-16-2026 07:02:55|06-16-2026 07:02:55|||06-16-2026 17:11:09|06-16-2026 17:15:08|06-17-2026 06:31:56|06-17-2026 06:34:30|06-17-2026 08:10:39||06-17-2026 13:53:54|06-18-2026 12:36:01|06-18-2026 12:38:05|30.85|53.59|22.74
BRCJM01|BRALGAR|TELECOM|81710310|Shipped|||NONE|00000-000||BR|DSV||1|80|.8|800|800|Y|06-17-2026 10:42:31|06-17-2026 10:42:31|||06-17-2026 10:43:27|06-17-2026 10:44:04|06-17-2026 13:21:31|06-17-2026 13:21:32|06-18-2026 11:11:52||06-18-2026 14:28:30|06-18-2026 14:28:30|06-23-2026 16:27:32|27.77|149.75|121.98
BRCJM01|BRALGAR|TELECOM|81710311|Shipped|||NONE|00000-000||BR|DSV||6|1.1|.011|11|11|Y|06-17-2026 10:42:32|06-17-2026 10:42:32|||06-18-2026 11:20:53|06-18-2026 14:51:15|06-19-2026 07:47:11|06-19-2026 08:01:45|06-19-2026 14:33:15||06-22-2026 10:24:33|06-22-2026 10:24:33|06-23-2026 16:27:32|119.7|149.75|30.05
BRCJM01|BRALGAR|TELECOM|81710315|Shipped|||NONE|00000-000||BR|DSV||2|20.1|.201|201|201|Y|06-17-2026 10:42:32|06-17-2026 10:42:32|||06-17-2026 10:43:27|06-17-2026 10:44:05|06-17-2026 13:27:33|06-17-2026 13:28:20|06-17-2026 16:09:21||06-18-2026 12:28:52|06-18-2026 12:28:52|07-01-2026 10:36:38|25.77|335.9|310.13
BRCJM01|BRALGAR|TELECOM|81710319|Shipped|||NONE|00000-000||BR|DSV||1|0|.020002|200|200|Y|06-17-2026 10:42:32|06-17-2026 10:42:32|||06-17-2026 10:43:27|06-17-2026 10:44:05|06-17-2026 13:31:52|06-17-2026 13:31:52|06-18-2026 11:05:36||06-18-2026 14:28:38|06-18-2026 14:28:38|06-23-2026 16:27:33|27.77|149.75|121.98
BRCJM01|BRALGAR|TELECOM|81710320|Shipped|||NONE|00000-000||BR|DSV||2|6|.06|60|60|Y|06-17-2026 10:42:32|06-17-2026 10:42:32|||06-17-2026 10:43:27|06-17-2026 10:44:05|06-17-2026 14:11:46|06-18-2026 10:42:52|06-18-2026 10:44:37||06-19-2026 08:55:23|06-19-2026 08:55:23|06-23-2026 16:27:33|46.21|149.75|103.54
BRCJM01|BRALGAR|TELECOM|81710323.1|Shipped|||NONE|00000-000||BR|DSV||1|0|.050005|500|500|Y|06-22-2026 15:18:34|06-22-2026 15:18:34|||06-22-2026 15:18:51|06-22-2026 15:33:59|06-23-2026 06:52:23|06-23-2026 06:52:23|06-23-2026 07:51:46||06-23-2026 10:58:15|06-29-2026 07:32:46|07-01-2026 23:06:12|19.66|223.79|204.13
BRCJM01|BRALGAR|TELECOM|81710324|Shipped|||NONE|00000-000||BR|DSV||3|0|.250725|2507|2507|Y|06-17-2026 10:42:32|06-17-2026 10:42:32|||06-17-2026 10:43:28|06-17-2026 10:44:05|06-18-2026 12:37:13|06-18-2026 12:42:06|06-18-2026 15:26:32||06-19-2026 08:58:30|06-19-2026 08:58:30|06-23-2026 16:27:33|46.27|149.75|103.48
BRCJM01|BRALGAR|TELECOM|81710566|Shipped|||NONE|00000-000||BR|DSV||2|.4|.004|4|4|Y|06-17-2026 10:42:33|06-17-2026 10:42:33|||06-17-2026 10:43:28|06-17-2026 10:44:05|06-17-2026 14:03:13|06-19-2026 07:44:57|06-19-2026 14:03:42||06-23-2026 10:47:33|06-23-2026 10:47:33|06-23-2026 15:38:48|144.08|148.94|4.85
BRCJM01|BRALGAR|TELECOM|81710957|Shipped|||NONE|00000-000||BR|DSV||1|0|.001|10|10|Y|06-17-2026 10:42:33|06-17-2026 10:42:33|||06-17-2026 10:43:28|06-17-2026 10:44:05|06-17-2026 13:40:31|06-17-2026 13:40:31|06-18-2026 09:42:10||06-19-2026 17:31:26|06-18-2026 12:19:44|06-19-2026 17:31:26|54.81|54.81|0
BRCJM01|BRALGAR|TELECOM|81710959|Shipped|||NONE|00000-000||BR|DSV||1|0|.10001|1000|1000|Y|06-17-2026 10:42:33|06-17-2026 10:42:33|||06-17-2026 10:43:28|06-17-2026 10:44:05|06-19-2026 09:13:19|06-19-2026 09:13:19|06-19-2026 15:03:04||06-23-2026 10:47:00|06-23-2026 10:47:00|06-23-2026 15:44:15|144.07|149.03|4.95
BRCJM01|BRALGAR|TELECOM|81710962|Shipped|||NONE|00000-000||BR|DSV||1|0|.010501|105|105|Y|06-17-2026 10:42:33|06-17-2026 10:42:33|||06-17-2026 10:43:28|06-17-2026 10:44:05|06-17-2026 13:48:07|06-17-2026 13:48:08|06-18-2026 09:44:32||06-19-2026 17:31:27|06-18-2026 11:17:55|06-19-2026 17:31:27|54.81|54.81|0
BRCJM01|BRALGAR|TELECOM|81710966.1|Shipped|||NONE|00000-000||BR|DSV||2|0|.10061|1006|1006|Y|06-22-2026 15:18:36|06-22-2026 15:18:36|||06-22-2026 15:18:51|06-22-2026 15:33:59|06-22-2026 17:22:14|06-22-2026 17:36:42|06-22-2026 17:38:23||06-23-2026 11:02:59|07-07-2026 11:39:20|07-07-2026 11:41:44|19.74|356.39|336.65
BRCJM01|BRALGAR|TELECOM|81710969|Shipped|||NONE|00000-000||BR|DSV||1|0|.001|10|0|N|06-17-2026 10:42:33|06-17-2026 10:42:33|||06-17-2026 10:43:28|06-17-2026 10:44:06|06-17-2026 13:05:57|06-17-2026 13:06:16|06-19-2026 14:16:39||06-23-2026 11:03:24|06-23-2026 11:03:24|06-29-2026 20:12:21|144.35|297.5|153.15
BRCJM01|BRALGAR|TELECOM|81710980|Shipped|||NONE|00000-000||BR|DSV||1|0|1.0001|10000|10000|Y|06-17-2026 10:42:33|06-17-2026 10:42:33|||06-17-2026 10:43:28|06-17-2026 10:44:06|06-17-2026 13:53:14|06-17-2026 13:53:14|06-18-2026 10:18:10||06-18-2026 14:28:59|06-18-2026 14:28:59|06-19-2026 12:14:47|27.77|49.54|21.76
BRCJM01|BRALGAR|TELECOM|81711069.1|Shipped|||NONE|00000-000||BR|DSV||2|0|.110011|1100|1100|Y|06-22-2026 15:18:36|06-22-2026 15:18:36|||06-22-2026 15:18:51|06-22-2026 15:33:59|06-22-2026 17:33:37|06-22-2026 17:34:21|06-22-2026 17:49:16||06-23-2026 10:57:55|07-01-2026 23:07:39|07-01-2026 23:08:00|19.66|223.82|204.17
BRCJM01|BRALGAR|TELECOM|81711681|Shipped|||NONE|00000-000||BR|DSV||1|0|.007001|70|70|Y|06-17-2026 10:42:33|06-17-2026 10:42:33|||06-17-2026 10:43:28|06-17-2026 10:44:06|06-17-2026 13:43:36|06-17-2026 13:43:36|06-18-2026 10:09:33||06-18-2026 12:26:13|06-18-2026 12:26:13|06-19-2026 12:14:47|25.73|49.54|23.81
BRCJM01|BRALGAR|TELECOM|81711682|Shipped|||NONE|00000-000||BR|DSV||1|0|.002|20|20|Y|06-17-2026 10:42:33|06-17-2026 10:42:33|||06-17-2026 10:43:28|06-17-2026 10:44:06|06-17-2026 13:36:58|06-17-2026 13:36:58|06-18-2026 09:50:27||06-19-2026 17:31:27|06-18-2026 14:00:17|06-19-2026 17:31:27|54.81|54.81|0
BRCJM01|BRALGAR|TELECOM|81711684|Shipped|||NONE|00000-000||BR|DSV||1|0|.004|40|40|Y|06-17-2026 10:42:34|06-17-2026 10:42:34|||06-17-2026 10:43:28|06-17-2026 10:44:06|06-17-2026 13:41:36|06-17-2026 13:41:36|06-18-2026 09:56:38||06-19-2026 17:31:27|06-18-2026 12:20:05|06-19-2026 17:31:27|54.81|54.81|0
BRCJM01|BRALGAR|TELECOM|81711685|Shipped|||NONE|00000-000||BR|DSV||1|0|.002|20|20|Y|06-17-2026 10:42:33|06-17-2026 10:42:33|||06-17-2026 10:43:28|06-17-2026 10:44:06|06-17-2026 13:35:54|06-17-2026 13:35:54|06-18-2026 10:04:41||06-19-2026 17:31:27|06-18-2026 12:25:42|06-19-2026 17:31:27|54.81|54.81|0
BRCJM01|BRALGAR|TELECOM|81711686|Shipped|||NONE|00000-000||BR|DSV||1|0|2.0002|20000|20000|Y|06-17-2026 10:42:34|06-17-2026 11:43:56|||06-17-2026 11:12:45|06-17-2026 11:45:14|06-17-2026 13:38:57|06-17-2026 13:39:12|06-17-2026 13:43:17||06-18-2026 10:49:41|06-18-2026 10:49:41|06-18-2026 12:38:06|24.12|25.93|1.81
BRCJM01|BRALGAR|TELECOM|81711688|Shipped|||NONE|00000-000||BR|DSV||1|4|.04|40|40|Y|06-17-2026 10:42:34|06-17-2026 10:42:34|||06-17-2026 10:43:28|06-17-2026 10:44:07|06-17-2026 12:51:11|06-17-2026 12:51:11|06-18-2026 11:06:38||06-18-2026 14:29:05|06-18-2026 14:29:05|06-19-2026 16:21:17|27.78|53.65|25.87
BRCJM01|BRALGAR|TELECOM|81711797|Shipped|||NONE|00000-000||BR|DSV||1|5|.05|50|50|Y|06-18-2026 09:32:09|06-18-2026 09:32:09|||06-18-2026 09:32:31|06-18-2026 09:32:59|06-18-2026 10:14:05|06-18-2026 10:14:06|06-19-2026 14:42:48||06-24-2026 08:20:27|06-24-2026 08:20:27|06-24-2026 18:51:12|142.81|153.32|10.51
BRCJM01|BRALGAR|TELECOM|81712275|Shipped|||NONE|00000-000||BR|DSV||2|.8|.008|8|8|Y|06-18-2026 09:32:09|06-18-2026 09:32:09|||06-19-2026 10:06:26|06-19-2026 10:19:56|06-20-2026 09:44:29|06-20-2026 09:47:08|06-20-2026 16:41:35||07-02-2026 20:01:45|06-24-2026 08:23:29|07-02-2026 20:01:45|346.49|346.49|0
BRCJM01|BRALGAR|TELECOM|81712276|Shipped|||NONE|00000-000||BR|DSV||7|94.1|.941|941|941|Y|06-18-2026 09:32:09|06-18-2026 09:32:09|||06-19-2026 09:39:18|06-19-2026 09:40:32|06-20-2026 10:00:37|06-20-2026 11:07:05|06-22-2026 13:04:31||06-24-2026 18:53:42|06-24-2026 18:53:42|06-24-2026 18:55:00|153.36|153.38|.02
BRCJM01|BRALGAR|TELECOM|81712285|Shipped|||NONE|00000-000||BR|DSV||6|95.2|.952|952|952|Y|06-18-2026 09:32:09|06-18-2026 09:32:09|||06-18-2026 15:43:31|06-18-2026 15:51:30|06-19-2026 09:41:52|06-19-2026 13:54:30|06-22-2026 09:40:04||06-23-2026 15:36:42|06-23-2026 15:36:42|06-23-2026 15:44:17|126.08|126.2|.13
BRCJM01|BRALGAR|TELECOM|81712371|Shipped|||NONE|00000-000||BR|DSV||1|.9|.009|9|9|Y|06-18-2026 09:32:09|06-18-2026 09:32:09|||06-19-2026 09:00:19|06-19-2026 09:49:20|06-22-2026 13:26:06|06-22-2026 13:26:06|06-23-2026 09:04:47||06-23-2026 12:11:43|06-23-2026 12:11:43|06-24-2026 18:56:49|122.66|153.41|30.75
BRCJM01|BRALGAR|TELECOM|81713021|Shipped|||NONE|00000-000||BR|DSV||2|.2|.002|2|2|Y|06-19-2026 11:50:48|06-19-2026 11:50:48|06-22-2026 12:20:11||06-24-2026 07:53:29|06-24-2026 09:33:49|06-24-2026 13:14:42|06-24-2026 13:18:10|06-25-2026 06:48:50||06-26-2026 21:46:41|06-26-2026 21:46:42|06-26-2026 21:52:37|177.93|178.03|.1
BRCJM01|BRALGAR|TELECOM|81713022|Shipped|||NONE|00000-000||BR|DSV||1|0|.028003|280|280|Y|06-19-2026 11:50:48|06-19-2026 11:50:48|||06-19-2026 11:53:51|06-19-2026 11:55:03|06-19-2026 14:49:28|06-19-2026 14:49:35|06-19-2026 16:56:23||06-23-2026 12:13:12|06-23-2026 12:13:12|06-26-2026 21:52:37|96.37|178.03|81.66
BRCJM01|BRALGAR|TELECOM|81713023|Shipped|||NONE|00000-000||BR|DSV||1|.8|.008|8|8|Y|06-19-2026 11:50:47|06-19-2026 11:50:47|||06-19-2026 11:53:51|06-19-2026 11:55:03|06-20-2026 10:48:01|06-20-2026 10:48:01|06-20-2026 15:38:46||06-23-2026 10:59:36|06-23-2026 10:59:36|06-26-2026 21:52:37|95.15|178.03|82.88
BRCJM01|BRALGAR|TELECOM|81713026|Shipped|||NONE|00000-000||BR|DSV||2|0|.220022|2200|2200|Y|06-19-2026 11:50:48|06-19-2026 11:50:48|||06-19-2026 11:53:51|06-19-2026 11:55:03|06-20-2026 11:28:35|06-20-2026 11:36:35|06-20-2026 16:22:53||06-22-2026 12:29:17|06-22-2026 12:29:17|06-24-2026 18:55:00|72.64|127.07|54.43
BRCJM01|BRALGAR|TELECOM|81713027|Shipped|||NONE|00000-000||BR|DSV||1|.1|.001|1|1|Y|06-19-2026 11:50:48|06-19-2026 11:50:48|||06-19-2026 11:53:51|06-19-2026 11:55:03|06-19-2026 14:53:53|06-19-2026 14:53:54|06-20-2026 10:05:16||06-22-2026 10:48:04|06-22-2026 10:48:04|06-24-2026 18:51:13|70.95|127.01|56.05
BRCJM01|BRALGAR|TELECOM|81713028.1|Shipped|||NONE|00000-000||BR|DSV||1|.2|.002|2|2|Y|06-25-2026 08:37:55|06-25-2026 08:37:55|||06-25-2026 17:37:11|06-27-2026 10:12:34|06-29-2026 08:24:31|06-29-2026 08:24:31|06-29-2026 09:18:05||06-30-2026 08:47:56|06-30-2026 08:47:56|07-02-2026 20:01:45|120.17|179.4|59.23
BRCJM01|BRALGAR|TELECOM|81713052|Shipped|||NONE|00000-000||BR|DSV||1|1.5|.015|15|15|Y|06-19-2026 11:50:48|06-19-2026 11:50:48|||06-19-2026 11:53:51|06-19-2026 11:55:03|06-20-2026 09:31:43|06-20-2026 09:31:43|06-20-2026 16:06:15||06-22-2026 13:02:35|06-22-2026 13:02:35|06-23-2026 16:27:34|73.2|100.61|27.42
BRCJM01|BRALGAR|TELECOM|81713053|Shipped|||NONE|00000-000||BR|DSV||4|0|.366037|3660|3660|Y|06-19-2026 11:50:48|06-19-2026 11:50:48|||06-19-2026 11:53:51|06-19-2026 11:55:03|06-20-2026 10:10:24|06-20-2026 10:19:51|06-20-2026 16:55:36||06-22-2026 14:47:43|06-22-2026 14:47:43|07-01-2026 10:36:39|74.95|286.76|211.82
BRCJM01|BRALGAR|TELECOM|81713054|Shipped|||NONE|00000-000||BR|DSV||4|0|.422042|4220|4220|Y|06-19-2026 11:50:49|06-19-2026 11:50:49|||06-19-2026 11:53:51|06-19-2026 11:55:04|06-20-2026 11:42:55|06-22-2026 07:36:07|06-22-2026 07:41:33||06-22-2026 14:51:00|06-22-2026 14:51:00|06-23-2026 16:27:34|75|100.61|25.61
BRCJM01|BRALGAR|TELECOM|81713058|Shipped|||NONE|00000-000||BR|DSV||2|0|.10011|1001|1001|Y|06-19-2026 11:50:49|06-19-2026 11:50:49|||06-19-2026 11:53:52|06-19-2026 11:55:04|06-20-2026 10:03:30|06-22-2026 11:25:38|06-22-2026 11:27:49||06-23-2026 11:04:28|06-23-2026 11:04:28|06-23-2026 16:27:34|95.23|100.61|5.39
BRCJM01|BRALGAR|TELECOM|81713061|Shipped|||NONE|00000-000||BR|DSV||2|.4|.004|4|4|Y|06-19-2026 11:50:49|06-19-2026 11:50:49|||06-19-2026 11:53:52|06-19-2026 11:55:04|06-19-2026 15:00:20|06-19-2026 15:00:34|06-20-2026 10:39:54||06-22-2026 12:46:13|06-22-2026 12:46:13|06-23-2026 16:27:34|72.92|100.61|27.69
BRCJM01|BRALGAR|TELECOM|81713062|Shipped|||NONE|00000-000||BR|DSV||2|0|.40204|4020|4020|Y|06-19-2026 11:51:49|06-19-2026 11:51:49|||06-19-2026 11:53:52|06-19-2026 11:55:04|06-20-2026 10:48:27|06-20-2026 11:09:23|06-22-2026 08:14:26||06-23-2026 15:32:26|06-23-2026 15:32:26|06-23-2026 16:27:34|99.68|100.6|.92
BRCJM01|BRALGAR|TELECOM|81713063|Shipped|||NONE|00000-000||BR|DSV||2|0|.162016|1620|1620|Y|06-19-2026 11:51:50|06-19-2026 11:51:50|||06-19-2026 11:53:52|06-19-2026 11:55:04|06-20-2026 12:58:49|06-22-2026 06:50:25|06-22-2026 07:00:00||06-22-2026 14:49:24|06-22-2026 14:49:24|06-24-2026 18:55:01|74.96|127.05|52.09
BRCJM01|BRALGAR|TELECOM|81713066|Shipped|||NONE|00000-000||BR|DSV||1|.2|.002|2|2|Y|06-19-2026 11:51:50|06-19-2026 11:51:50|||06-19-2026 11:53:52|06-19-2026 11:55:04|06-19-2026 14:57:39|06-19-2026 14:57:39|06-20-2026 09:56:17||06-22-2026 12:57:25|06-22-2026 12:57:25|06-23-2026 16:27:35|73.09|100.6|27.5
BRCJM01|BRALGAR|TELECOM|81713076|Shipped|||NONE|00000-000||BR|DSV||3|0|.260026|2600|2600|Y|06-19-2026 11:51:50|06-19-2026 11:51:50|||06-19-2026 11:53:52|06-19-2026 11:55:04|06-20-2026 11:39:46|06-20-2026 13:05:56|06-20-2026 17:43:28||06-22-2026 13:03:47|06-22-2026 13:03:47|06-23-2026 16:27:35|73.2|100.6|27.4
BRCJM01|BRALGAR|TELECOM|81713130|Shipped|||NONE|00000-000||BR|DSV||2|22|.22|220|220|Y|06-19-2026 11:51:51|06-19-2026 11:51:51|||06-19-2026 11:53:52|06-19-2026 11:55:04|06-19-2026 17:38:24|06-19-2026 17:44:05|06-20-2026 15:18:12||06-22-2026 13:07:52|06-22-2026 13:07:52|06-23-2026 16:27:35|73.27|100.6|27.33
BRCJM01|BRALGAR|TELECOM|81713219|Shipped|||NONE|00000-000||BR|DSV||2|5.2|.052|52|52|Y|06-19-2026 11:51:51|06-19-2026 11:51:51|||06-19-2026 11:53:52|06-19-2026 11:55:05|06-19-2026 17:08:58|06-19-2026 17:34:20|06-20-2026 16:40:56||07-02-2026 20:01:45|06-22-2026 11:10:23|07-02-2026 20:01:45|320.17|320.17|0
BRCJM01|BRALGAR|TELECOM|81713221|Shipped|||NONE|00000-000||BR|DSV||1|5|.05|50|50|Y|06-19-2026 11:51:51|06-19-2026 11:51:51|||06-19-2026 11:53:52|06-19-2026 11:55:05|06-20-2026 10:38:04|06-20-2026 10:38:04|06-20-2026 15:20:57||06-22-2026 11:12:30|06-22-2026 11:12:30|06-24-2026 18:55:01|71.34|127.05|55.71
BRCJM01|BRALGAR|TELECOM|81713378|Shipped|||NONE|00000-000||BR|DSV||1|.1|.001|1|1|Y|06-19-2026 11:51:51|06-19-2026 11:51:51|||06-19-2026 11:53:52|06-19-2026 11:55:05|06-19-2026 14:40:55|06-19-2026 14:40:55|06-22-2026 07:11:06||06-22-2026 11:13:13|06-22-2026 11:13:13|06-23-2026 16:27:35|71.36|100.6|29.24
BRCJM01|BRALGAR|TELECOM|81713835|Shipped|||NONE|00000-000||BR|DSV||1|.1|.001|1|1|Y|06-19-2026 11:51:51|06-19-2026 11:51:51|||06-19-2026 11:53:52|06-19-2026 11:55:05|06-19-2026 14:38:56|06-19-2026 14:38:56|06-19-2026 16:15:56||06-24-2026 08:20:38|06-24-2026 08:20:38|06-24-2026 18:51:13|116.48|126.99|10.51
BRCJM01|BRALGAR|TELECOM|81713883|Shipped|||NONE|00000-000||BR|DSV||3|0|.320532|3205|3205|Y|06-23-2026 07:15:43|06-23-2026 07:15:43|||06-23-2026 07:16:12|06-23-2026 07:16:56|06-23-2026 07:55:15|06-23-2026 08:03:28|06-23-2026 08:53:06||06-23-2026 15:33:09|06-23-2026 16:23:52|06-23-2026 16:27:36|8.29|9.2|.91
BRCJM01|BRALGAR|TELECOM|81713885|Shipped|||NONE|00000-000||BR|DSV||2|5.1|.051|51|51|Y|06-19-2026 11:51:51|06-19-2026 11:51:51|||06-19-2026 11:53:52|06-19-2026 11:55:05|06-20-2026 09:51:37|06-20-2026 09:57:09|06-20-2026 11:01:51||06-22-2026 12:45:33|06-22-2026 12:45:33|06-23-2026 16:27:36|72.9|100.6|27.7
BRCJM01|BRALGAR|TELECOM|81713886|Shipped|||NONE|00000-000||BR|DSV||1|.5|.005|5|5|Y|06-19-2026 11:51:51|06-19-2026 11:51:51|||06-19-2026 11:53:52|06-19-2026 11:55:05|06-20-2026 16:50:14|06-20-2026 16:50:35|06-20-2026 17:16:54||06-22-2026 11:16:53|06-22-2026 11:16:53|06-26-2026 21:44:00|71.42|177.87|106.45
BRCJM01|BRALGAR|TELECOM|81714168|Shipped|||NONE|00000-000||BR|DSV||1|0|.010001|100|100|Y|06-19-2026 11:51:51|06-19-2026 11:51:51|||06-19-2026 11:53:52|06-19-2026 11:55:05|06-19-2026 14:48:05|06-19-2026 14:48:05|06-19-2026 15:52:59||06-24-2026 08:20:56|06-24-2026 08:20:56|06-26-2026 21:52:37|116.48|178.01|61.53
BRCJM01|BRALGAR|TELECOM|81714169|Shipped|||NONE|00000-000||BR|DSV||1|.1|.001|1|1|Y|06-19-2026 11:51:51|06-19-2026 11:51:51|||06-19-2026 11:53:52|06-19-2026 11:55:05|06-23-2026 12:33:57|06-23-2026 12:33:57|06-23-2026 15:01:45||06-23-2026 17:13:05|06-23-2026 17:13:05|07-02-2026 20:01:45|101.35|320.17|218.81
BRCJM01|BRALGAR|TELECOM|81714178|Shipped|||NONE|00000-000||BR|DSV||1|20|.2|200|200|Y|06-19-2026 11:51:51|06-19-2026 11:51:51|||06-19-2026 11:53:52|06-19-2026 11:55:05|06-20-2026 10:43:15|06-20-2026 10:43:15|06-20-2026 16:53:33||06-22-2026 13:29:56|06-22-2026 13:29:56|06-24-2026 18:51:13|73.63|126.99|53.35
BRCJM01|BRALGAR|TELECOM|81714179|Shipped|||NONE|00000-000||BR|DSV||1|.2|.002|2|2|Y|06-19-2026 11:51:51|06-19-2026 11:51:51|||06-19-2026 11:53:52|06-19-2026 11:55:05|06-19-2026 14:43:14|06-19-2026 14:43:14|06-19-2026 16:42:14||06-24-2026 08:21:06|06-24-2026 08:21:06|07-01-2026 10:36:39|116.49|286.75|170.26
BRCJM01|BRALGAR|TELECOM|81714180|Shipped|||NONE|00000-000||BR|DSV||1|.4|.004|4|4|Y|06-19-2026 11:51:51|06-19-2026 11:51:51|||06-19-2026 11:53:52|06-19-2026 11:55:05|06-20-2026 16:59:40|06-20-2026 16:59:40|06-20-2026 17:30:54||06-22-2026 11:18:43|06-22-2026 11:18:43|07-04-2026 08:53:18|71.45|357.02|285.58
BRCJM01|BRALGAR|TELECOM|81714181|Shipped|||NONE|00000-000||BR|DSV||2|.7|.007|7|7|Y|06-19-2026 11:51:52|06-19-2026 11:51:52|||06-19-2026 11:53:52|06-19-2026 11:55:05|06-20-2026 11:05:55|06-22-2026 15:37:07|06-22-2026 15:53:17||06-24-2026 08:35:43|06-24-2026 08:35:43|06-24-2026 18:55:02|116.73|127.05|10.32
BRCJM01|BRALGAR|TELECOM|81714182|Shipped|||NONE|00000-000||BR|DSV||1|.1|.001|1|1|Y|06-19-2026 11:51:52|06-19-2026 11:51:52|||06-19-2026 11:53:52|06-19-2026 11:55:05|06-19-2026 14:32:56|06-19-2026 14:32:56|06-19-2026 16:15:48||06-22-2026 11:19:40|06-22-2026 11:19:40|06-26-2026 21:52:37|71.46|178.01|106.55
BRCJM01|BRALGAR|TELECOM|81714195|Shipped|||NONE|00000-000||BR|DSV||1|0|.002|20|20|Y|06-19-2026 11:51:52|06-19-2026 11:51:52|||06-19-2026 11:53:52|06-19-2026 11:55:05|06-19-2026 14:45:32|06-19-2026 14:45:32|06-19-2026 16:46:48||06-22-2026 11:20:04|06-22-2026 11:20:04|06-23-2026 15:38:48|71.47|99.78|28.31
BRCJM01|BRALGAR|TELECOM|81714197|Shipped|||NONE|00000-000||BR|DSV||1|.1|.001|1|1|Y|06-19-2026 11:51:52|06-19-2026 11:51:52|||06-23-2026 14:49:55|06-23-2026 14:51:03|06-23-2026 14:59:48|06-23-2026 14:59:48|06-23-2026 15:07:07||06-24-2026 08:29:04|06-24-2026 08:29:04|06-26-2026 21:52:38|116.62|178.01|61.39
BRCJM01|BRALGAR|TELECOM|81714199|Shipped|||NONE|00000-000||BR|DSV||1|.4|.004|4|4|Y|06-19-2026 11:51:52|06-19-2026 11:51:52|||06-19-2026 11:53:52|06-19-2026 11:55:06|06-20-2026 16:59:03|06-20-2026 16:59:03|06-20-2026 17:24:57||06-22-2026 11:20:38|06-22-2026 11:20:39|06-24-2026 18:51:13|71.48|126.99|55.51
BRCJM01|BRALGAR|TELECOM|81714200|Shipped|||NONE|00000-000||BR|DSV||1|.3|.003|3|3|Y|06-19-2026 11:51:52|06-19-2026 11:51:52|06-22-2026 12:19:51||06-26-2026 14:10:21|06-26-2026 14:12:01|06-26-2026 14:20:57|06-26-2026 14:20:57|06-26-2026 14:28:39||06-27-2026 08:50:51|06-27-2026 08:50:51|07-02-2026 20:01:46|188.98|320.17|131.18
BRCJM01|BRALGAR|TELECOM|81714202|Shipped|||NONE|00000-000||BR|DSV||1|.2|.002|2|2|Y|06-19-2026 11:51:52|06-19-2026 11:51:52|||06-19-2026 11:53:52|06-19-2026 11:55:06|06-20-2026 11:05:04|06-20-2026 11:05:04|06-20-2026 15:55:38||06-24-2026 08:29:12|06-24-2026 08:29:12|06-24-2026 18:51:13|116.62|126.99|10.37
BRCJM01|BRALGAR|TELECOM|81714203|Shipped|||NONE|00000-000||BR|DSV||1|5|.05|50|50|Y|06-19-2026 11:51:52|06-19-2026 11:51:52|||06-19-2026 11:53:52|06-19-2026 11:55:06|06-19-2026 14:46:25|06-19-2026 14:46:25|06-19-2026 16:42:20||06-24-2026 08:29:25|06-24-2026 08:29:25|06-26-2026 21:52:38|116.63|178.01|61.39
BRCJM01|BRALGAR|TELECOM|81714219|Shipped|||NONE|00000-000||BR|DSV||1|.1228|.001228|1.228|1.228|Y|06-23-2026 12:10:06|06-23-2026 12:10:06|||06-25-2026 10:06:44|06-25-2026 10:11:16|06-25-2026 11:56:03|06-25-2026 11:56:03|06-25-2026 14:37:00||06-27-2026 08:50:57|06-27-2026 08:50:57|07-04-2026 08:53:18|92.68|260.72|168.04
BRCJM01|BRALGAR|TELECOM|81714323|Shipped|||NONE|00000-000||BR|DSV||1|0|.50005|5000|5000|Y|06-23-2026 12:11:07|06-23-2026 12:11:07|||06-23-2026 17:09:32|06-23-2026 17:10:27|06-24-2026 08:03:59|06-24-2026 08:03:59|06-25-2026 07:30:24||06-27-2026 08:51:03|06-27-2026 08:51:04|06-29-2026 20:12:19|92.67|152.02|59.35
BRCJM01|BRALGAR|TELECOM|81714789|Shipped|||NONE|00000-000||BR|DSV||1|20|.2|200|200|Y|06-23-2026 12:10:06|06-23-2026 12:10:06|||06-23-2026 12:14:15|06-23-2026 12:14:43|06-23-2026 15:46:45|06-23-2026 15:46:45|06-23-2026 15:47:26||06-24-2026 08:29:51|06-24-2026 08:29:51|06-24-2026 18:56:49|20.33|30.78|10.45
BRCJM01|BRALGAR|TELECOM|81714800|Shipped|||NONE|00000-000||BR|DSV||1|10|.1|100|100|Y|06-23-2026 12:10:06|06-23-2026 12:10:06|||06-23-2026 12:14:15|06-23-2026 12:14:43|06-23-2026 15:54:56|06-23-2026 15:54:56|06-23-2026 15:55:46||06-24-2026 08:30:00|06-24-2026 08:30:00|06-24-2026 18:56:49|20.33|30.78|10.45
BRCJM01|BRALGAR|TELECOM|81714842|Shipped|||NONE|00000-000||BR|DSV||4|0|.432643|4326|4326|Y|06-23-2026 12:11:07|06-23-2026 12:11:07|06-26-2026 08:57:50||07-02-2026 10:17:32|07-02-2026 10:19:56|07-02-2026 11:08:16|07-02-2026 11:35:05|07-02-2026 12:17:52||07-04-2026 08:38:57|07-04-2026 08:38:57|07-04-2026 08:53:18|260.46|260.7|.24
BRCJM01|BRALGAR|TELECOM|81714848|Shipped|||NONE|00000-000||BR|DSV||2|0|.053405|534|534|Y|06-23-2026 12:11:07|06-23-2026 12:11:07|||06-23-2026 12:14:15|06-23-2026 12:14:43|06-23-2026 13:36:23|06-23-2026 13:37:57|06-23-2026 14:08:38||06-24-2026 08:31:19|06-24-2026 08:31:19|06-24-2026 17:37:50|20.34|29.45|9.11
BRCJM01|BRALGAR|TELECOM|81714930|Shipped|||NONE|00000-000||BR|DSV||1|.1|.001|1|1|Y|06-23-2026 12:11:07|06-23-2026 12:11:07|||06-23-2026 12:14:15|06-23-2026 12:14:43|06-23-2026 16:24:39|06-23-2026 16:24:39|06-23-2026 16:28:14||06-24-2026 08:31:42|06-24-2026 08:31:42|06-24-2026 18:56:49|20.34|30.76|10.42
BRCJM01|BRALGAR|TELECOM|81714973|Shipped|||NONE|00000-000||BR|DSV||1|.1|.001|1|1|Y|06-23-2026 12:11:07|06-23-2026 12:11:07|||06-23-2026 12:14:15|06-23-2026 12:14:43|06-23-2026 16:33:16|06-23-2026 16:33:16|06-23-2026 16:35:48||06-24-2026 08:31:54|06-24-2026 08:31:54|06-24-2026 18:56:49|20.35|30.76|10.42
BRCJM01|BRALGAR|TELECOM|81715121|Shipped|||NONE|00000-000||BR|DSV||1|0|.002|20|20|Y|06-23-2026 12:11:07|06-23-2026 12:11:07|||06-23-2026 12:14:15|06-23-2026 12:14:44|06-23-2026 14:37:54|06-26-2026 06:55:21|06-26-2026 07:27:10||07-02-2026 20:01:46|06-27-2026 08:52:18|07-02-2026 20:01:46|223.84|223.84|0
BRCJM01|BRALGAR|TELECOM|81715122|Shipped|||NONE|00000-000||BR|DSV||2|.5|.10501|1005|1005|Y|06-23-2026 12:11:07|06-23-2026 12:11:07|||06-23-2026 12:14:15|06-23-2026 12:14:44|06-23-2026 14:57:09|06-24-2026 08:49:28|06-24-2026 08:53:24||06-26-2026 11:39:12|06-26-2026 11:39:12|06-26-2026 11:46:25|71.47|71.59|.12
BRCJM01|BRALGAR|TELECOM|81715130|Shipped|||NONE|00000-000||BR|DSV||5|34.2|.342|342|342|Y|06-23-2026 12:11:07|06-23-2026 12:11:07|||06-25-2026 10:06:48|06-25-2026 10:11:17|06-25-2026 12:53:22|06-25-2026 14:58:26|06-25-2026 14:59:59||06-27-2026 08:52:41|06-27-2026 08:52:42|07-02-2026 20:01:46|92.69|223.84|131.15
BRCJM01|BRALGAR|TELECOM|81715627|Shipped|||NONE|00000-000||BR|DSV||1|0|.030003|300|300|Y|06-23-2026 12:11:08|06-23-2026 12:11:08|||06-23-2026 12:14:15|06-23-2026 12:14:44|06-23-2026 14:42:52|06-23-2026 16:13:02|06-23-2026 16:19:12||06-24-2026 08:32:15|06-24-2026 08:32:15|06-26-2026 21:52:38|20.35|81.69|61.34
BRCJM01|BRALGAR|TELECOM|81715630|Shipped|||NONE|00000-000||BR|DSV||1|0|.030003|300|300|Y|06-23-2026 12:11:08|06-23-2026 12:11:08|||06-23-2026 12:14:15|06-23-2026 12:14:44|06-23-2026 17:05:01|06-23-2026 17:05:01|06-24-2026 06:46:42||06-24-2026 08:47:43|06-24-2026 08:47:43|06-26-2026 21:52:38|20.61|81.69|61.08
BRCJM01|BRALGAR|TELECOM|81715631|Shipped|||NONE|00000-000||BR|DSV||1|5|.05|50|50|Y|06-26-2026 12:24:29|06-26-2026 12:24:29|||06-26-2026 12:24:50|06-26-2026 12:25:13|06-26-2026 12:45:56|06-26-2026 12:45:56|06-26-2026 12:56:38||06-27-2026 08:52:44|06-29-2026 07:03:08|07-02-2026 20:01:47|20.47|151.62|131.15
BRCJM01|BRALGAR|TELECOM|81715634|Shipped|||NONE|00000-000||BR|DSV||1|.1|.001|1|1|Y|06-23-2026 12:11:08|06-23-2026 12:11:08|||06-23-2026 12:14:15|06-23-2026 12:14:44|06-23-2026 15:22:39|06-23-2026 15:22:39|06-23-2026 15:23:48||06-23-2026 17:13:06|06-23-2026 17:13:06|06-24-2026 18:51:13|5.03|30.67|25.64
BRCJM01|BRALGAR|TELECOM|81715682|Shipped|||NONE|00000-000||BR|DSV||1|0|.0005|5|5|Y|06-23-2026 12:11:08|06-23-2026 12:11:08|||06-23-2026 12:14:15|06-23-2026 12:14:44|06-24-2026 07:50:03|06-24-2026 07:50:03|06-25-2026 07:28:09||06-27-2026 08:52:56|06-27-2026 08:52:56|06-29-2026 20:12:19|92.7|152.02|59.32
BRCJM01|BRALGAR|TELECOM|81715694|Shipped|||NONE|00000-000||BR|DSV||1|.4|.004|4|4|Y|06-23-2026 12:11:08|06-23-2026 12:11:08|||06-23-2026 12:14:15|06-23-2026 12:14:44|06-24-2026 06:56:07|06-24-2026 06:57:11|06-24-2026 07:30:34||06-24-2026 08:32:59|06-24-2026 08:32:59|07-01-2026 10:36:39|20.36|190.43|170.06
BRCJM01|BRALGAR|TELECOM|81715695|Shipped|||NONE|00000-000||BR|DSV||3|40.3|.403|403|403|Y|06-23-2026 12:11:08|06-23-2026 12:11:08|||06-23-2026 12:14:15|06-23-2026 12:14:44|06-24-2026 07:34:44|06-24-2026 07:41:52|06-24-2026 11:44:55||06-26-2026 11:54:40|06-26-2026 11:54:40|07-01-2026 10:36:39|71.73|190.43|118.7
BRCJM01|BRALGAR|TELECOM|81715696|Shipped|||NONE|00000-000||BR|DSV||3|0|.10101|1010|1010|Y|06-23-2026 12:11:08|06-23-2026 12:11:08|||06-23-2026 12:14:15|06-23-2026 12:14:44|06-23-2026 14:48:36|06-24-2026 07:27:49|06-26-2026 08:31:38||07-02-2026 20:01:47|06-27-2026 08:53:12|07-02-2026 20:01:47|223.84|223.84|0
BRCJM01|BRALGAR|TELECOM|81715699|Shipped|||NONE|00000-000||BR|DSV||2|50.2|.502|502|502|Y|06-23-2026 12:11:08|06-23-2026 12:11:08|||06-23-2026 12:14:15|06-23-2026 12:14:44|06-24-2026 07:06:18|06-24-2026 07:10:11|06-24-2026 07:39:11||06-24-2026 08:48:07|06-24-2026 08:48:07|07-01-2026 10:36:40|20.62|190.43|169.81
BRCJM01|BRALGAR|TELECOM|81715700|Shipped|||NONE|00000-000||BR|DSV||3|.6|.006|6|6|Y|06-23-2026 12:11:08|06-23-2026 12:11:08|||06-23-2026 12:14:15|06-23-2026 12:14:44|06-23-2026 14:56:27|06-24-2026 07:17:49|06-24-2026 08:10:42||06-24-2026 09:02:42|06-24-2026 09:02:42|07-01-2026 10:36:40|20.86|190.43|169.57
BRCJM01|BRALGAR|TELECOM|81715703|Shipped|||NONE|00000-000||BR|DSV||2|.5|.005|5|5|Y|06-23-2026 12:11:09|06-23-2026 12:11:09|||06-23-2026 12:14:15|06-23-2026 12:14:45|06-24-2026 07:42:49|06-24-2026 07:43:55|06-24-2026 08:44:17||06-24-2026 11:15:04|06-24-2026 11:15:04|07-01-2026 10:36:40|23.07|190.43|167.36
BRCJM01|BRALGAR|TELECOM|81715704|Shipped|||NONE|00000-000||BR|DSV||1|.3|.003|3|3|Y|06-23-2026 12:11:09|06-23-2026 12:11:09|06-25-2026 09:34:45||06-26-2026 12:25:45|06-26-2026 12:26:03|06-26-2026 12:48:25|06-26-2026 12:48:25|06-26-2026 12:52:11||06-27-2026 08:53:19|06-27-2026 08:53:19|07-02-2026 20:09:33|92.7|223.97|131.27
BRCJM01|BRALGAR|TELECOM|81715706|Shipped|||NONE|00000-000||BR|DSV||1|.6|.006|6|6|Y|06-23-2026 12:11:09|06-23-2026 12:11:09|||06-23-2026 12:14:15|06-23-2026 12:14:45|06-24-2026 07:36:00|06-24-2026 07:36:00|06-24-2026 12:51:31||06-26-2026 11:55:24|06-26-2026 11:55:24|07-01-2026 10:36:40|71.74|190.43|118.69
BRCJM01|BRALGAR|TELECOM|81715707|Shipped|||NONE|00000-000||BR|DSV||1|10|.1|100|100|Y|06-23-2026 12:11:09|06-23-2026 12:11:09|||06-23-2026 12:14:15|06-23-2026 12:14:45|06-23-2026 17:15:44|06-23-2026 17:15:44|06-24-2026 06:58:32||06-24-2026 08:48:49|06-24-2026 08:48:49|07-01-2026 10:36:40|20.63|190.43|169.8
BRCJM01|BRALGAR|TELECOM|81716404|Shipped|||NONE|00000-000||BR|DSV||2|0|.001|10|10|Y|06-23-2026 12:11:09|06-23-2026 12:11:09|||06-23-2026 12:14:15|06-23-2026 12:14:45|06-24-2026 06:45:52|06-24-2026 06:53:24|06-25-2026 07:56:36||06-26-2026 11:55:47|06-26-2026 11:55:47|07-01-2026 10:36:40|71.74|190.43|118.68
BRCJM01|BRALGAR|TELECOM|81717011|Shipped|||NONE|00000-000||BR|DSV||1|2|.02|20|20|Y|06-23-2026 12:11:09|06-23-2026 12:11:09|||06-23-2026 12:14:15|06-23-2026 12:14:45|06-24-2026 06:55:21|06-24-2026 06:55:21|06-24-2026 08:00:19||06-24-2026 09:03:32|06-24-2026 09:03:32|07-01-2026 10:36:41|20.87|190.43|169.55
BRCJM01|BRALGAR|TELECOM|81717014|Shipped|||NONE|00000-000||BR|DSV||1|0|.050005|500|500|Y|06-23-2026 12:11:09|06-23-2026 12:11:09|||06-23-2026 12:14:15|06-23-2026 12:14:45|06-24-2026 06:48:27|06-24-2026 06:48:27|06-24-2026 08:03:51||06-24-2026 09:03:03|06-24-2026 09:03:03|06-29-2026 20:12:20|20.87|152.02|131.15
BRCJM01|BRALGAR|TELECOM|81717018|Shipped|||NONE|00000-000||BR|DSV||1|1|.01|10|10|Y|06-23-2026 12:11:09|06-23-2026 12:11:09|||06-23-2026 12:14:15|06-23-2026 12:14:45|06-24-2026 07:01:05|06-24-2026 07:01:05|06-24-2026 07:46:53||06-24-2026 09:03:57|06-24-2026 09:03:57|07-01-2026 10:36:41|20.88|190.43|169.55
BRCJM01|BRALGAR|TELECOM|81717024|Shipped|||NONE|00000-000||BR|DSV||5|0|.111761|1117.5|1117.5|Y|06-23-2026 12:11:09|06-23-2026 12:11:09|||06-23-2026 12:14:15|06-23-2026 12:14:45|06-23-2026 14:38:42|06-26-2026 15:54:57|06-26-2026 15:56:09||07-02-2026 20:01:47|06-27-2026 08:54:25|07-02-2026 20:01:47|223.84|223.84|0
BRCJM01|BRALGAR|TELECOM|81717027|Shipped|||NONE|00000-000||BR|DSV||1|2|.02|20|20|Y|06-23-2026 12:11:10|06-23-2026 12:11:10|||06-23-2026 12:14:15|06-23-2026 12:14:45|06-24-2026 06:42:23|06-24-2026 06:42:23|06-24-2026 07:23:09||06-24-2026 09:05:16|06-24-2026 09:05:16|07-01-2026 10:36:41|20.9|190.43|169.52
BRCJM01|BRALGAR|TELECOM|81717028|Shipped|||NONE|00000-000||BR|DSV||3|0|.20302|2030|2030|Y|06-23-2026 12:11:10|06-23-2026 12:11:10|||06-23-2026 12:14:15|06-23-2026 12:14:45|06-24-2026 07:21:25|06-24-2026 07:27:11|06-24-2026 08:28:53||06-27-2026 08:54:33|06-27-2026 08:54:33|06-29-2026 20:12:20|92.72|152.02|59.3
BRCJM01|BRALGAR|TELECOM|81717030|Shipped|||NONE|00000-000||BR|DSV||2|0|.011001|110|110|Y|06-23-2026 12:11:10|06-23-2026 12:11:10|||06-23-2026 12:14:15|06-23-2026 12:14:45|06-24-2026 06:53:49|06-24-2026 06:58:49|06-24-2026 10:31:16||06-26-2026 11:56:07|06-26-2026 11:56:07|07-01-2026 10:36:41|71.75|190.43|118.68
BRCJM01|BRALGAR|TELECOM|81717032|Shipped|||NONE|00000-000||BR|DSV||1|1.2|.012|12|12|Y|06-23-2026 12:11:10|06-23-2026 12:11:10|||06-23-2026 12:14:15|06-23-2026 12:14:45|06-23-2026 17:14:24|06-23-2026 17:14:24|06-24-2026 07:06:22||06-26-2026 11:56:55|06-26-2026 11:56:55|07-01-2026 10:36:41|71.76|190.43|118.66
BRCJM01|BRALGAR|TELECOM|81717036|Shipped|||NONE|00000-000||BR|DSV||2|20.2|.202|202|202|Y|06-23-2026 12:11:10|06-23-2026 12:11:10|||06-23-2026 12:14:16|06-23-2026 12:14:45|06-24-2026 06:34:45|06-24-2026 06:45:34|06-24-2026 11:56:09||06-27-2026 08:54:54|06-27-2026 08:54:54|06-29-2026 20:12:20|92.73|152.02|59.29
BRCJM01|BRALGAR|TELECOM|81717172|Shipped|||NONE|00000-000||BR|DSV||2|.4|.004|4|4|Y|06-23-2026 12:11:10|06-23-2026 12:11:10|||06-23-2026 12:14:16|06-23-2026 12:14:45|06-24-2026 06:48:39|06-24-2026 06:50:10|06-24-2026 11:47:35||06-26-2026 11:57:06|06-26-2026 11:57:06|07-01-2026 10:36:41|71.77|190.43|118.66
BRCJM01|BRALGAR|TELECOM|81717175|Shipped|||NONE|00000-000||BR|DSV||1|.6|.006|6|6|Y|06-23-2026 12:11:10|06-23-2026 12:11:10|||06-23-2026 12:14:16|06-23-2026 12:14:46|06-23-2026 17:02:28|06-23-2026 17:02:28|06-24-2026 06:51:53||06-26-2026 11:57:10|06-26-2026 11:57:10|07-01-2026 10:36:41|71.77|190.43|118.66
BRCJM01|BRALGAR|TELECOM|81717767|Shipped|||NONE|00000-000||BR|DSV||1|0|.150015|1500|1500|Y|06-23-2026 17:43:03|06-23-2026 17:43:03|||06-23-2026 17:43:29|06-23-2026 17:44:27|06-24-2026 08:38:58|06-24-2026 08:38:58|06-24-2026 12:38:54||06-27-2026 08:55:13|06-27-2026 08:55:13|06-29-2026 20:12:20|87.2|146.49|59.29
BRCJM01|BRALGAR|TELECOM|81717774|Shipped|||NONE|00000-000||BR|DSV||1|0|.10001|1000|1000|Y|06-23-2026 17:43:02|06-23-2026 17:43:02|||06-23-2026 17:43:29|06-23-2026 17:44:27|06-24-2026 08:42:06|06-24-2026 08:42:06|06-24-2026 12:34:45||06-26-2026 21:47:40|06-26-2026 21:47:40|06-26-2026 21:52:39|76.08|76.16|.08
BRCJM01|BRALGAR|TELECOM|81717875|Shipped|||NONE|00000-000||BR|DSV||2|.7|.007|7|7|Y|06-23-2026 17:43:03|06-23-2026 17:43:03|||06-26-2026 16:53:53|06-26-2026 16:54:28|06-27-2026 07:59:55|06-27-2026 08:00:34|06-27-2026 08:30:58||06-27-2026 09:56:59|06-27-2026 09:56:59|07-04-2026 08:53:19|88.23|255.17|166.94
BRCJM01|BRALGAR|TELECOM|81717880|Shipped|||NONE|00000-000||BR|DSV||1|.6|.006|6|6|Y|06-23-2026 17:43:02|06-23-2026 17:43:02|||06-23-2026 17:43:29|06-23-2026 17:44:27|06-24-2026 09:30:12|06-24-2026 09:30:12|06-24-2026 12:53:15||06-26-2026 21:48:17|06-26-2026 21:48:17|06-26-2026 21:52:39|76.09|76.16|.07
BRCJM01|BRALGAR|TELECOM|81717882|Shipped|||NONE|00000-000||BR|DSV||1|.6|.006|6|6|Y|06-23-2026 17:43:03|06-23-2026 17:43:03|||06-23-2026 17:43:29|06-23-2026 17:44:27|06-24-2026 09:28:39|06-24-2026 09:28:39|06-24-2026 13:06:16||06-27-2026 08:56:52|06-27-2026 08:56:52|07-02-2026 20:01:47|87.23|218.31|131.08
BRCJM01|BRALGAR|TELECOM|81717890|Shipped|||NONE|00000-000||BR|DSV||2|.2|.002|2|2|Y|06-23-2026 17:43:03|06-23-2026 17:43:03|||06-23-2026 17:43:29|06-23-2026 17:44:28|06-24-2026 08:29:45|06-24-2026 08:31:04|06-24-2026 12:32:26||06-26-2026 21:48:46|06-26-2026 21:48:46|06-26-2026 21:52:39|76.1|76.16|.06
BRCJM01|BRALGAR|TELECOM|81717892|Shipped|||NONE|00000-000||BR|DSV||1|.4|.004|4|4|Y|06-23-2026 17:43:03|06-23-2026 17:43:03|||06-23-2026 17:43:29|06-23-2026 17:44:28|06-24-2026 08:58:40|06-24-2026 08:58:40|06-24-2026 12:00:33||06-29-2026 07:48:21|06-29-2026 07:48:21|07-07-2026 11:41:44|134.09|329.98|195.89
BRCJM01|BRALGAR|TELECOM|81717895|Shipped|||NONE|00000-000||BR|DSV||1|.6|.006|6|6|Y|06-23-2026 17:43:03|06-23-2026 17:43:03|||06-23-2026 17:43:29|06-23-2026 17:44:28|06-24-2026 09:32:27|06-24-2026 09:32:27|06-24-2026 13:41:05||06-26-2026 21:49:32|06-26-2026 21:49:32|06-26-2026 21:52:39|76.11|76.16|.05
BRCJM01|BRALGAR|TELECOM|81717898|Shipped|||NONE|00000-000||BR|DSV||1|.1|.001|1|1|Y|06-23-2026 17:43:03|06-23-2026 17:43:03|||06-23-2026 17:43:29|06-23-2026 17:44:28|06-24-2026 08:27:17|06-24-2026 08:27:17|06-24-2026 12:28:06||06-26-2026 21:49:45|06-26-2026 21:49:45|06-26-2026 21:52:39|76.11|76.16|.05
BRCJM01|BRALGAR|TELECOM|81717907|Shipped|||NONE|00000-000||BR|DSV||1|.6|.006|6|6|Y|06-23-2026 17:43:03|06-23-2026 17:43:03|||06-23-2026 17:43:29|06-23-2026 17:44:28|06-24-2026 09:31:32|06-24-2026 11:10:51|06-24-2026 11:11:32||06-24-2026 11:26:45|06-26-2026 21:50:16|06-26-2026 21:52:40|17.73|76.16|58.43
BRCJM01|BRALGAR|TELECOM|81717909|Shipped|||NONE|00000-000||BR|DSV||1|.4|.004|4|4|Y|06-23-2026 17:43:04|06-23-2026 17:43:04|||06-23-2026 17:43:29|06-23-2026 17:44:28|06-24-2026 08:22:48|06-24-2026 08:22:48|06-24-2026 10:26:40||06-24-2026 11:18:09|06-26-2026 21:50:27|06-26-2026 21:52:40|17.58|76.16|58.58
BRCJM01|BRALGAR|TELECOM|81718012|Shipped|||NONE|00000-000||BR|DSV||1|0|.0015|15|15|Y|06-25-2026 07:58:40|06-25-2026 07:58:40|||06-25-2026 10:06:56|06-25-2026 10:11:21|06-25-2026 11:45:01|06-25-2026 11:45:01|06-25-2026 12:31:55||06-27-2026 08:57:06|06-29-2026 20:11:26|06-29-2026 20:12:21|48.97|108.23|59.25
BRCJM01|BRALGAR|TELECOM|81718064|Shipped|||NONE|00000-000||BR|DSV||1|1.5|.015|15|15|Y|06-25-2026 07:58:41|06-25-2026 07:58:41|||06-25-2026 14:59:07|06-25-2026 15:03:44|06-26-2026 09:44:22|06-26-2026 10:28:21|06-26-2026 10:29:02||06-30-2026 08:52:12|06-30-2026 08:52:12|07-04-2026 08:53:19|120.89|216.91|96.02
BRCJM01|BRALGAR|TELECOM|81718237|Shipped|||NONE|00000-000||BR|DSV||1|0|.050005|500|500|Y|06-25-2026 07:58:42|06-25-2026 07:58:42|||06-25-2026 10:06:57|06-25-2026 10:11:21|06-25-2026 13:42:23|06-25-2026 13:42:23|06-25-2026 14:36:39||06-26-2026 11:57:20|06-30-2026 08:55:48|07-04-2026 08:53:19|27.98|216.91|188.93
BRCJM01|BRALGAR|TELECOM|81718247|Shipped|||NONE|00000-000||BR|DSV||1|.3|.003|3|3|Y|06-25-2026 07:58:42|06-25-2026 07:58:42|||06-25-2026 10:06:58|06-25-2026 10:11:21|06-25-2026 12:32:23|06-25-2026 12:32:23|06-25-2026 12:56:16||06-26-2026 11:57:27|06-29-2026 07:07:27|07-01-2026 10:36:42|27.98|146.63|118.65
BRCJM01|BRALGAR|TELECOM|81718249|Shipped|||NONE|00000-000||BR|DSV||1|0|.001|10|10|Y|06-25-2026 07:58:42|06-25-2026 07:58:42|||06-25-2026 10:06:58|06-25-2026 10:11:21|06-25-2026 12:15:00|06-25-2026 12:15:00|06-25-2026 13:09:45||06-26-2026 11:57:31|06-30-2026 08:55:55|07-04-2026 08:53:19|27.98|216.91|188.93
BRCJM01|BRALGAR|TELECOM|81718255|Shipped|||NONE|00000-000||BR|DSV||3|10.3|.103|103|103|Y|06-25-2026 07:58:42|06-25-2026 07:58:42|||06-25-2026 10:07:00|06-25-2026 10:11:22|06-25-2026 11:01:59|06-26-2026 07:44:19|06-26-2026 10:41:42||06-27-2026 08:58:03|06-29-2026 07:35:03|07-01-2026 10:36:42|48.99|146.63|97.64
BRCJM01|BRALGAR|TELECOM|81718256|Shipped|||NONE|00000-000||BR|DSV||4|0|.322032|3220|3220|Y|06-25-2026 07:58:42|06-25-2026 07:58:42|||06-25-2026 10:07:03|06-25-2026 10:11:22|06-25-2026 13:22:54|06-25-2026 13:40:18|06-26-2026 08:07:57||06-27-2026 08:58:49|06-27-2026 09:52:47|07-01-2026 10:36:42|49|146.63|97.63
BRCJM01|BRALGAR|TELECOM|81718271|Shipped|||NONE|00000-000||BR|DSV||1|.5|.005|5|5|Y|06-25-2026 07:58:42|06-25-2026 07:58:42|||06-25-2026 10:06:52|06-25-2026 10:11:22|06-26-2026 11:21:11|07-07-2026 11:34:44|07-07-2026 11:35:03||07-07-2026 11:35:32|07-07-2026 11:35:32|07-07-2026 11:35:56|291.61|291.62|.01
BRCJM01|BRALGAR|TELECOM|81718368|Shipped|||NONE|00000-000||BR|DSV||2|10.4|.104|104|104|Y|06-25-2026 07:58:42|06-25-2026 07:58:42|||06-25-2026 08:02:30|06-25-2026 08:06:24|06-25-2026 09:37:35|06-25-2026 09:53:45|06-25-2026 10:21:31||06-26-2026 11:57:36|06-29-2026 07:31:58|07-01-2026 10:36:42|27.98|146.63|118.65
BRCJM01|BRALGAR|TELECOM|81718369|Shipped|||NONE|00000-000||BR|DSV||1|10|.1|100|100|Y|06-24-2026 14:57:30|06-24-2026 14:57:30|||06-24-2026 14:58:19|06-24-2026 14:58:42|06-25-2026 09:35:19|06-25-2026 16:50:38|06-25-2026 16:52:40||06-27-2026 08:59:24|06-27-2026 08:59:24|07-01-2026 10:36:42|66.03|163.65|97.62
BRCJM01|BRALGAR|TELECOM|81718370|Shipped|||NONE|00000-000||BR|DSV||1|10|.1|100|100|Y|06-24-2026 14:57:30|06-24-2026 14:57:30|||06-25-2026 10:06:49|06-25-2026 10:11:17|06-25-2026 11:43:57|06-25-2026 11:44:16|06-25-2026 12:48:05||06-26-2026 11:57:44|06-26-2026 11:57:44|07-01-2026 10:36:42|45|163.65|118.65
BRCJM01|BRALGAR|TELECOM|81718372|Shipped|||NONE|00000-000||BR|DSV||1|1|.01|10|10|Y|06-24-2026 14:57:30|06-24-2026 14:57:30|||06-25-2026 10:06:51|06-25-2026 10:11:18|06-25-2026 11:30:36|06-25-2026 11:30:36|06-25-2026 12:22:28||06-26-2026 11:57:50|06-26-2026 11:57:50|07-01-2026 10:36:43|45.01|163.65|118.65
BRCJM01|BRALGAR|TELECOM|81718374|Shipped|||NONE|00000-000||BR|DSV||4|4.6|.046|46|46|Y|06-24-2026 14:57:30|06-24-2026 14:57:30|||06-25-2026 10:32:36|06-25-2026 10:33:07|06-25-2026 13:23:21|06-25-2026 13:38:48|06-25-2026 16:21:59||06-27-2026 09:01:35|06-27-2026 09:01:35|07-01-2026 10:36:43|66.07|163.65|97.59
BRCJM01|BRALGAR|TELECOM|81718375|Shipped|||NONE|00000-000||BR|DSV||2|11|.11|110|110|Y|06-24-2026 14:57:30|06-24-2026 14:57:30|||06-25-2026 10:32:37|06-25-2026 10:33:07|06-25-2026 10:41:40|06-25-2026 10:59:39|06-25-2026 11:04:49||06-26-2026 11:58:03|06-26-2026 11:58:03|07-01-2026 10:36:43|45.01|163.65|118.64
BRCJM01|BRALGAR|TELECOM|81718385|Shipped|||NONE|00000-000||BR|DSV||1|0|2.50025|25000|25000|Y|06-24-2026 12:04:44|06-24-2026 12:04:44|||06-24-2026 14:50:54|06-24-2026 14:51:23|06-24-2026 15:02:20|06-24-2026 15:04:20|06-24-2026 15:08:23||06-29-2026 20:12:21|06-27-2026 09:04:53|06-29-2026 20:12:22|128.13|128.13|0
BRCJM01|BRALGAR|TELECOM|81718386|Shipped|||NONE|00000-000||BR|DSV||1|0|.40004|4000|4000|Y|06-24-2026 14:57:31|06-24-2026 14:57:31|||06-25-2026 15:13:07|06-25-2026 15:13:42|06-25-2026 15:56:59|06-25-2026 15:56:59|06-25-2026 16:56:20||07-04-2026 08:39:01|07-04-2026 08:39:01|07-04-2026 08:53:19|233.69|233.93|.24
BRCJM01|BRALGAR|TELECOM|81718430|Shipped|||NONE|00000-000||BR|DSV||1|0|.010001|100|100|Y|06-24-2026 14:57:31|06-24-2026 14:57:31|||06-25-2026 10:06:50|06-25-2026 10:11:18|06-25-2026 11:24:07|06-25-2026 11:24:07|06-25-2026 12:53:19||06-26-2026 21:51:46|06-26-2026 21:51:46|06-26-2026 21:52:40|54.9|54.92|.02
BRCJM01|BRALGAR|TELECOM|81718433|Shipped|||NONE|00000-000||BR|DSV||1|.5|.005|5|5|Y|06-24-2026 14:57:31|06-24-2026 14:57:31|||06-25-2026 10:06:51|06-25-2026 10:11:18|06-25-2026 12:37:15|06-25-2026 12:37:15|06-25-2026 13:00:12||06-26-2026 21:51:54|06-26-2026 21:51:54|06-26-2026 21:52:40|54.91|54.92|.01
BRCJM01|BRALGAR|TELECOM|81718487|Shipped|||NONE|00000-000||BR|DSV||7|32.4|12.3252|120324|120314|N|06-24-2026 14:57:31|06-24-2026 14:57:31|||06-29-2026 11:10:24|06-29-2026 11:12:01|06-29-2026 11:45:48|06-29-2026 11:53:39|06-30-2026 09:49:12||07-03-2026 17:08:04|07-03-2026 17:08:04|07-04-2026 08:53:22|218.18|233.93|15.76
BRCJM01|BRALGAR|TELECOM|81718617|Shipped|||NONE|00000-000||BR|DSV||1|0|.0003|3|3|Y|06-25-2026 07:58:42|06-25-2026 07:58:42|||06-25-2026 10:06:52|06-25-2026 10:11:22|06-26-2026 10:52:16|06-26-2026 10:52:16|06-26-2026 11:24:16||07-07-2026 11:28:56|07-07-2026 11:28:56|07-07-2026 11:32:36|291.5|291.57|.06
BRCJM01|BRALGAR|TELECOM|81718618|Shipped|||NONE|00000-000||BR|DSV||1|0|.0005|5|5|Y|06-25-2026 07:58:42|06-25-2026 07:58:42|||06-25-2026 16:27:57|06-25-2026 16:28:30|06-26-2026 07:56:56|06-26-2026 07:56:56|06-26-2026 11:33:47||07-07-2026 11:29:00|07-07-2026 11:29:00|07-07-2026 11:32:36|291.51|291.57|.06
BRCJM01|BRALGAR|TELECOM|81718822|Shipped|||NONE|00000-000||BR|DSV||1|.2|.002|2|2|Y|06-25-2026 07:58:42|06-25-2026 07:58:42|||06-25-2026 08:02:30|06-25-2026 08:06:24|06-25-2026 09:30:55|06-25-2026 09:30:55|06-25-2026 10:08:42||06-26-2026 11:58:05|06-29-2026 07:09:46|07-01-2026 10:36:43|27.99|146.63|118.64
BRCJM01|BRALGAR|TELECOM|81718824|Shipped|||NONE|00000-000||BR|DSV||1|.2|.002|2|2|Y|06-25-2026 07:58:43|06-25-2026 07:58:43|||06-25-2026 08:02:30|06-25-2026 08:06:24|06-25-2026 09:34:02|06-25-2026 09:34:02|06-25-2026 10:14:23||06-27-2026 09:05:12|06-29-2026 07:26:29|07-02-2026 20:09:34|49.11|180.18|131.07
BRCJM01|BRALGAR|TELECOM|81718825|Shipped|||NONE|00000-000||BR|DSV||2|2.5|.025|25|25|Y|06-25-2026 07:58:43|06-25-2026 07:58:43|||06-25-2026 10:06:54|06-25-2026 10:11:22|06-25-2026 12:57:47|06-25-2026 13:02:50|06-25-2026 13:45:19||06-26-2026 11:58:44|06-29-2026 07:06:57|07-01-2026 10:36:43|28|146.63|118.63
BRCJM01|BRALGAR|TELECOM|81718831|Shipped|||NONE|00000-000||BR|DSV||1|.2|.002|2|2|Y|06-25-2026 07:58:43|06-25-2026 07:58:43|||06-25-2026 10:10:18|06-25-2026 10:11:22|06-25-2026 11:16:45|06-25-2026 11:16:45|06-25-2026 11:54:45||06-26-2026 11:58:50|06-29-2026 07:35:31|07-01-2026 10:36:43|28|146.63|118.63
BRCJM01|BRALGAR|TELECOM|81718877|Shipped|||NONE|00000-000||BR|DSV||1|.1|.001|1|1|Y|06-25-2026 07:58:43|06-25-2026 07:58:43|||06-25-2026 10:06:54|06-25-2026 10:11:22|06-25-2026 12:41:19|06-25-2026 12:41:19|06-25-2026 13:01:06||06-26-2026 11:58:55|06-29-2026 07:34:07|07-01-2026 10:36:43|28|146.63|118.63
BRCJM01|BRALGAR|TELECOM|81719119|Shipped|||NONE|00000-000||BR|DSV||2|.4|.004|4|4|Y|06-25-2026 07:58:43|06-25-2026 07:58:43|||06-25-2026 10:06:56|06-25-2026 10:11:22|06-25-2026 11:33:59|06-25-2026 11:35:45|06-25-2026 12:51:00||06-26-2026 11:27:10|06-26-2026 11:29:59|06-26-2026 11:30:01|27.47|27.52|.05
BRCJM01|BRALGAR|TELECOM|81719295|Shipped|||NONE|00000-000||BR|DSV||1|0|.002|20|20|Y|06-26-2026 09:35:37|06-26-2026 09:35:37|||06-26-2026 09:37:05|06-26-2026 09:37:39|06-26-2026 13:05:54|06-26-2026 13:05:54|06-26-2026 16:34:03||06-28-2026 12:48:40|06-28-2026 12:48:40|07-01-2026 10:36:43|51.22|121.02|69.8
BRCJM01|BRALGAR|TELECOM|81719301|Shipped|||NONE|00000-000||BR|DSV||1|.1|.001|1|1|Y|06-26-2026 09:35:39|06-26-2026 09:35:39|||06-26-2026 09:37:05|06-26-2026 09:37:39|06-26-2026 16:47:33|06-26-2026 16:47:33|06-27-2026 08:35:53||06-29-2026 07:39:18|06-29-2026 07:39:18|07-02-2026 20:01:48|70.06|154.44|84.38
BRCJM01|BRALGAR|TELECOM|81719609|Shipped|||NONE|00000-000||BR|DSV||1|1.1|.011|11|11|Y|06-26-2026 09:35:39|06-26-2026 09:35:39|||06-26-2026 09:37:05|06-26-2026 09:37:40|06-26-2026 16:08:58|06-26-2026 16:10:02|06-27-2026 08:42:55||06-27-2026 09:57:41|06-27-2026 09:57:41|07-02-2026 20:09:34|24.37|154.57|130.2
BRCJM01|BRALGAR|TELECOM|81719611|Shipped|||NONE|00000-000||BR|DSV||7|1.9|.019|19|19|Y|06-26-2026 09:35:39|06-26-2026 09:35:39|||06-26-2026 09:37:05|06-26-2026 09:37:40|06-27-2026 08:56:17|06-27-2026 10:16:32|06-27-2026 10:23:20||06-29-2026 07:23:08|06-29-2026 07:23:08|07-02-2026 20:09:35|69.79|154.57|84.77
BRCJM01|BRALGAR|TELECOM|81719621|Shipped|||NONE|00000-000||BR|DSV||1|73|.73|730|730|Y|06-26-2026 09:35:39|06-26-2026 09:35:39|||06-26-2026 09:37:05|06-26-2026 09:37:40|06-26-2026 14:37:06|06-26-2026 14:37:14|06-26-2026 14:50:41||06-27-2026 09:06:50|06-29-2026 07:34:36|07-02-2026 20:09:35|23.52|154.57|131.05
BRCJM01|BRALGAR|TELECOM|81719689|Shipped|||NONE|00000-000||BR|DSV||3|0|.01044|104.4|104.4|Y|06-26-2026 09:35:39|06-26-2026 09:35:39|||06-26-2026 09:37:05|06-26-2026 09:37:40|06-26-2026 13:10:45|06-26-2026 16:47:58|06-27-2026 09:44:47||07-01-2026 09:51:09|07-01-2026 09:51:09|07-02-2026 20:09:36|120.26|154.57|34.31
BRCJM01|BRALGAR|TELECOM|81719690|Shipped|||NONE|00000-000||BR|DSV||1|0|.0004|4|4|Y|06-26-2026 09:35:40|06-26-2026 09:35:40|||06-26-2026 09:37:05|06-26-2026 09:37:41|06-26-2026 11:25:54|06-26-2026 11:25:54|06-26-2026 13:51:12||06-27-2026 09:06:57|06-27-2026 09:54:08|07-01-2026 10:36:44|23.52|121.02|97.5
BRCJM01|BRALGAR|TELECOM|81720031|Shipped|||NONE|00000-000||BR|DSV||1|0|.024802|248|248|Y|06-26-2026 09:35:40|06-26-2026 09:35:40|||06-26-2026 09:37:05|06-26-2026 09:37:41|06-26-2026 13:53:54|06-26-2026 14:36:42|06-26-2026 14:37:31||06-27-2026 09:07:26|06-29-2026 07:03:46|07-02-2026 20:01:48|23.53|154.44|130.91
BRCJM01|BRALGAR|TELECOM|81720167|Shipped|||NONE|00000-000||BR|DSV||2|20|.566037|3860|3860|Y|06-26-2026 09:35:40|06-26-2026 09:35:40|06-27-2026 15:06:36||07-04-2026 11:31:38|07-05-2026 17:53:26|07-05-2026 17:54:31|07-05-2026 17:54:39|07-05-2026 17:55:21||07-05-2026 17:55:45|07-05-2026 17:55:45|07-05-2026 17:56:00|224.33|224.34|0
BRCJM01|BRALGAR|TELECOM|81720208|Shipped|||NONE|00000-000||BR|DSV||12|534.8|5.735739|9225|9225|Y|06-26-2026 09:35:40|06-26-2026 09:35:40|||07-05-2026 18:40:12|07-05-2026 18:41:01|07-05-2026 18:42:44|07-05-2026 18:44:40|07-05-2026 18:45:32||07-05-2026 18:45:49|07-05-2026 18:47:38|07-05-2026 18:48:03|225.17|225.21|.04
BRCJM01|BRALGAR|TELECOM|81720211|Shipped|||NONE|00000-000||BR|DSV||2|.4|.004|4|4|Y|06-26-2026 09:35:40|06-26-2026 09:35:40|||06-26-2026 11:39:13|06-26-2026 11:42:31|06-27-2026 12:17:32|06-29-2026 10:19:14|07-01-2026 09:41:59||07-01-2026 09:51:20|07-01-2026 09:51:20|07-02-2026 20:01:49|120.26|154.44|34.17
BRCJM01|BRALGAR|TELECOM|81720211.1|Shipped|||NONE|00000-000||BR|DSV||2|.4|.004|4|4|Y|06-29-2026 10:06:20|06-29-2026 10:06:20|||06-29-2026 10:07:07|06-29-2026 10:07:29|06-29-2026 10:18:21|06-29-2026 10:18:57|06-29-2026 10:32:56||06-30-2026 08:43:01|06-30-2026 08:43:01|07-04-2026 08:53:23|22.61|118.78|96.17
BRCJM01|BRALGAR|TELECOM|81720334|Shipped|||NONE|00000-000||BR|DSV||6|.7|.007|9|6|N|06-26-2026 09:35:40|07-02-2026 07:40:28|||07-04-2026 11:32:00|07-04-2026 14:34:12|07-05-2026 18:50:22|07-05-2026 18:50:39|07-05-2026 18:51:23||07-05-2026 18:53:03|07-05-2026 18:53:03|07-05-2026 18:53:15|225.29|225.29|0
BRCJM01|BRALGAR|TELECOM|81720547|Shipped|||NONE|00000-000||BR|DSV||1|10|.1|100|100|Y|06-27-2026 16:09:15|06-27-2026 16:09:15|||06-27-2026 16:09:57|06-27-2026 16:12:33|06-29-2026 08:28:24|06-29-2026 08:28:24|06-29-2026 11:29:35||07-01-2026 09:51:25|07-01-2026 09:51:25|07-02-2026 20:09:36|89.7|124.01|34.3
BRCJM01|BRALGAR|TELECOM|81720564|Shipped|||NONE|00000-000||BR|DSV||1|0|1.0001|10000|10000|Y|06-27-2026 16:09:15|06-27-2026 16:09:15|||06-27-2026 16:09:57|06-27-2026 16:12:33|06-29-2026 08:21:25|06-29-2026 08:21:25|06-29-2026 10:45:20||07-01-2026 09:51:31|07-01-2026 09:51:31|07-04-2026 08:53:23|89.7|160.74|71.03
BRCJM01|BRALGAR|TELECOM|81720566|Shipped|||NONE|00000-000||BR|DSV||1|0|.015002|150|150|Y|06-27-2026 16:09:15|06-27-2026 16:09:15|||06-27-2026 16:09:57|06-27-2026 16:12:33|06-29-2026 08:21:25|06-29-2026 08:21:25|06-29-2026 08:43:28||07-01-2026 09:51:46|07-01-2026 09:51:46|07-02-2026 20:09:36|89.71|124.01|34.3
BRCJM01|BRALGAR|TELECOM|81720608|Shipped|||NONE|00000-000||BR|DSV||2|.6|.006|6|6|Y|06-27-2026 16:09:15|06-27-2026 16:09:15|||06-27-2026 16:09:57|06-27-2026 16:12:33|06-29-2026 08:09:36|06-29-2026 08:11:11|06-29-2026 11:57:04||07-03-2026 13:09:17|07-03-2026 13:09:17|07-04-2026 08:53:23|141|160.74|19.74
BRCJM01|BRALGAR|TELECOM|81720611|Shipped|||NONE|00000-000||BR|DSV||1|0|.030503|305|305|Y|06-27-2026 16:09:15|06-27-2026 16:09:15|06-29-2026 09:35:48||07-02-2026 10:17:33|07-02-2026 10:23:10|07-02-2026 11:37:21|07-02-2026 11:37:21|07-02-2026 12:07:19||07-04-2026 08:51:28|07-04-2026 08:51:28|07-04-2026 08:53:23|160.7|160.74|.03
BRCJM01|BRALGAR|TELECOM|81720622|Shipped|||NONE|00000-000||BR|DSV||8|207.9|2.079|2079|2079|Y|06-27-2026 16:10:16|06-27-2026 16:10:16|||06-29-2026 08:57:48|06-29-2026 09:27:24|06-29-2026 10:59:32|06-30-2026 09:12:18|06-30-2026 09:58:00||07-01-2026 09:52:18|07-01-2026 09:52:18|07-02-2026 20:01:49|89.7|123.86|34.16
BRCJM01|BRALGAR|TELECOM|81720655|Shipped|||NONE|00000-000||BR|DSV||1|1.1|.011|11|11|Y|06-27-2026 16:10:16|06-27-2026 16:10:16|||06-29-2026 08:56:56|06-29-2026 09:21:21|06-29-2026 10:47:17|06-29-2026 10:47:17|06-30-2026 07:49:50||07-04-2026 08:51:06|07-04-2026 08:51:06|07-04-2026 08:53:24|160.68|160.72|.04
BRCJM01|BRALGAR|TELECOM|81720692|Shipped|||NONE|00000-000||BR|DSV||1|16.2|.162|162|162|Y|06-27-2026 16:10:17|06-27-2026 16:10:17|||06-27-2026 16:11:48|06-27-2026 16:12:35|06-28-2026 07:36:22|06-28-2026 07:36:22|06-28-2026 09:57:35||06-28-2026 12:45:46|07-01-2026 09:52:21|07-02-2026 20:01:49|20.59|123.86|103.27
BRCJM01|BRALGAR|TELECOM|81720881|Shipped|||NONE|00000-000||BR|DSV||1|.3|.003|3|3|Y|06-27-2026 16:10:17|06-27-2026 16:10:17|||06-27-2026 16:11:48|06-27-2026 16:12:35|06-28-2026 07:10:56|06-28-2026 07:10:56|06-28-2026 07:55:54||06-30-2026 08:29:39|06-30-2026 08:29:39|07-02-2026 20:09:36|64.32|123.99|59.67
BRCJM01|BRALGAR|TELECOM|81720885|Shipped|||NONE|00000-000||BR|DSV||1|.5|.005|5|5|Y|06-27-2026 16:10:17|06-27-2026 16:10:17|||06-27-2026 16:11:48|06-27-2026 16:12:35|06-28-2026 07:16:24|06-28-2026 07:16:24|06-28-2026 07:24:16||06-30-2026 08:31:51|06-30-2026 08:31:51|07-02-2026 20:09:36|64.36|123.99|59.63
BRCJM01|BRALGAR|TELECOM|81720887|Shipped|||NONE|00000-000||BR|DSV||1|.2|.002|2|2|Y|06-27-2026 16:10:17|06-27-2026 16:10:17|||07-04-2026 11:32:00|07-05-2026 17:57:54|07-05-2026 18:01:48|07-05-2026 18:01:48|07-05-2026 18:03:00||07-05-2026 18:03:09|07-05-2026 18:03:09|07-05-2026 18:03:17|193.88|193.88|0
BRCJM01|BRALGAR|TELECOM|81721045|Shipped|||NONE|00000-000||BR|DSV||1|.4|.004|4|4|Y|06-27-2026 16:10:17|06-27-2026 16:10:17|||06-27-2026 16:11:48|06-27-2026 16:12:35|06-29-2026 06:57:12|06-29-2026 06:57:12|06-29-2026 07:21:59||07-01-2026 09:52:35|07-01-2026 09:52:35|07-04-2026 08:53:24|89.7|160.72|71.01
BRCJM01|BRALGAR|TELECOM|81721048|Shipped|||NONE|00000-000||BR|DSV||2|.4|.0042|6|6|Y|06-27-2026 16:10:18|06-27-2026 16:10:18|||06-27-2026 16:11:48|06-27-2026 16:12:35|06-28-2026 08:36:58|06-28-2026 09:24:00|06-28-2026 11:21:48||07-02-2026 20:08:56|07-02-2026 20:08:56|07-02-2026 20:09:37|123.98|123.99|.01
BRCJM01|BRALGAR|TELECOM|81721159|Shipped|||NONE|00000-000||BR|DSV||1|5|.05|50|50|Y|06-27-2026 16:10:18|06-27-2026 16:10:18|||06-27-2026 16:11:48|06-27-2026 16:12:35|06-28-2026 07:33:01|06-28-2026 07:33:01|06-28-2026 08:18:08||06-28-2026 12:46:25|07-01-2026 09:52:43|07-02-2026 20:09:37|20.6|123.99|103.39
BRCJM01|BRALGAR|TELECOM|81721165|Shipped|||NONE|00000-000||BR|DSV||2|0|.056006|560|560|Y|06-27-2026 16:10:18|06-27-2026 16:10:18|||06-27-2026 16:11:48|06-27-2026 16:12:35|06-28-2026 08:01:20|06-28-2026 10:29:19|06-28-2026 10:30:59||06-28-2026 12:45:55|07-01-2026 09:52:50|07-04-2026 08:53:24|20.59|160.72|140.12
BRCJM01|BRALGAR|TELECOM|81721171|Shipped|||NONE|00000-000||BR|DSV||1|3|.03|30|30|Y|06-27-2026 16:10:18|06-27-2026 16:10:18|||06-27-2026 16:11:48|06-27-2026 16:12:36|06-28-2026 07:54:34|06-28-2026 07:54:34|06-28-2026 08:07:01||06-28-2026 12:44:47|07-01-2026 09:53:00|07-02-2026 20:09:37|20.57|123.99|103.41
BRCJM01|BRALGAR|TELECOM|81721181|Shipped|||NONE|00000-000||BR|DSV||2|6|.06|60|60|Y|06-27-2026 16:10:18|06-27-2026 16:10:18|||06-27-2026 16:11:48|06-27-2026 16:12:36|06-28-2026 07:53:06|06-28-2026 07:55:50|06-28-2026 09:43:26||06-28-2026 12:46:36|07-01-2026 09:53:15|07-02-2026 20:09:37|20.61|123.99|103.38
BRCJM01|BRALGAR|TELECOM|81721268|Shipped|||NONE|00000-000||BR|DSV||1|1|.01|10|10|Y|06-27-2026 16:10:18|06-27-2026 16:10:18|||06-29-2026 08:55:16|06-29-2026 09:05:57|06-29-2026 10:39:40|06-29-2026 10:39:40|06-30-2026 07:59:59||07-02-2026 20:09:06|07-02-2026 20:09:06|07-02-2026 20:09:37|123.98|123.99|.01
BRCJM01|BRALGAR|TELECOM|81721276|Shipped|||NONE|00000-000||BR|DSV||1|.1|.001|1|1|Y|06-27-2026 16:10:19|06-27-2026 16:10:19|||06-27-2026 16:11:48|06-27-2026 16:12:36|06-28-2026 07:03:52|06-28-2026 07:03:52|06-28-2026 07:16:24||06-28-2026 12:44:42|07-01-2026 09:53:22|07-02-2026 20:09:37|20.57|123.99|103.42
BRCJM01|BRALGAR|TELECOM|81721330|Shipped|||NONE|00000-000||BR|DSV||1|.2|.002|2|2|Y|06-27-2026 16:10:19|06-27-2026 16:10:19|||06-27-2026 16:11:48|06-27-2026 16:12:36|06-28-2026 07:12:28|06-28-2026 07:12:28|06-28-2026 07:31:53||06-28-2026 12:45:25|07-01-2026 09:53:27|07-02-2026 20:09:37|20.59|123.99|103.4
BRCJM01|BRALGAR|TELECOM|81721333|Shipped|||NONE|00000-000||BR|DSV||4|.9|.009|9|9|Y|06-27-2026 16:10:19|06-27-2026 16:10:19|||06-27-2026 16:11:48|06-27-2026 16:12:36|06-28-2026 07:07:08|06-28-2026 07:11:32|06-28-2026 09:51:07||06-28-2026 12:42:32|07-01-2026 09:53:29|07-02-2026 20:09:37|20.54|123.99|103.45
BRCJM01|BRALGAR|TELECOM|81721338|Shipped|||NONE|00000-000||BR|DSV||1|0|.0006|6|6|Y|06-27-2026 16:10:19|06-27-2026 16:10:19|||06-27-2026 16:11:48|06-27-2026 16:12:36|06-28-2026 09:35:13|06-28-2026 09:35:13|06-28-2026 10:57:35||07-01-2026 09:53:38|07-01-2026 09:53:38|07-02-2026 20:09:37|89.72|123.99|34.27
BRCJM01|BRALGAR|TELECOM|81721723|Shipped|||NONE|00000-000||BR|DSV||1|0|.10001|1000|1000|Y|06-27-2026 16:10:19|06-27-2026 16:10:19|||06-27-2026 16:11:48|06-27-2026 16:12:36|06-28-2026 07:22:45|06-28-2026 07:22:45|06-28-2026 10:05:38||06-28-2026 12:46:41|07-01-2026 09:54:01|07-02-2026 20:09:38|20.61|123.99|103.38
BRCJM01|BRALGAR|TELECOM|81721724|Shipped|||NONE|00000-000||BR|DSV||2|0|.20002|2000|2000|Y|06-27-2026 16:10:19|06-27-2026 16:10:19|||06-27-2026 16:11:48|06-27-2026 16:12:36|06-28-2026 06:55:48|06-28-2026 06:56:45|06-28-2026 07:09:01||06-28-2026 12:45:34|07-01-2026 09:54:14|07-02-2026 20:09:38|20.59|123.99|103.4
BRCJM01|BRALGAR|TELECOM|81721726|Shipped|||NONE|00000-000||BR|DSV||4|0|.227023|2270|2270|Y|06-27-2026 16:10:19|06-27-2026 16:10:19|||06-27-2026 16:11:48|06-27-2026 16:12:36|06-28-2026 08:02:33|06-28-2026 08:31:42|06-29-2026 07:13:17||07-01-2026 09:54:45|07-01-2026 09:54:45|07-04-2026 08:53:24|89.74|160.72|70.98
BRCJM01|BRALGAR|TELECOM|81722200|Shipped|||NONE|00000-000||BR|DSV||1|0|.20002|2000|2000|Y|06-30-2026 11:09:05|06-30-2026 11:09:05|||06-30-2026 11:10:41|06-30-2026 11:10:54|06-30-2026 11:21:42|07-07-2026 11:39:53|06-30-2026 11:33:15||07-07-2026 11:40:03|07-07-2026 11:41:07|07-07-2026 11:41:10|168.52|168.53|.02
BRCJM01|BRALGAR|TELECOM|81723131|Shipped|||NONE|00000-000||BR|CLIENTE-RETIRA||4|0|0|6|6|Y|07-01-2026 13:48:28|07-01-2026 13:48:28|||07-01-2026 13:48:28|07-01-2026 13:49:49|07-01-2026 14:11:15|07-01-2026 15:54:19|07-01-2026 15:54:56||07-07-2026 11:31:30|07-07-2026 11:31:30|07-07-2026 11:32:36|141.72|141.74|.02
BRCJM01|BRALGAR|TELECOM|81740743|Shipped|||NONE|00000-000||BR|DSV||1|2|2|2|2|Y|08-04-2026 07:22:31|08-04-2026 07:22:31|||08-04-2026 07:24:47|08-04-2026 07:27:13|08-04-2026 08:32:17|08-04-2026 08:32:17|08-04-2026 12:04:33||08-07-2026 15:18:43|08-11-2026 23:29:36|08-11-2026 23:29:48|79.94|184.12|104.18
BRCJM01|BRALGAR|TELECOM|81740757|Shipped|||NONE|00000-000||BR|DSV||1|1|1|1|1|Y|08-04-2026 07:22:31|08-04-2026 07:22:31|||08-04-2026 07:24:48|08-04-2026 07:27:13|08-04-2026 08:27:58|08-04-2026 08:27:58|08-04-2026 12:06:44||08-07-2026 15:17:00|08-11-2026 23:29:36|08-11-2026 23:29:48|79.91|184.12|104.21
BRCJM01|BRALGAR|TELECOM|81740759|Shipped|||NONE|00000-000||BR|DSV||1|1|1|1|1|Y|08-04-2026 07:22:31|08-04-2026 07:22:31|||08-04-2026 07:24:47|08-04-2026 07:27:14|08-04-2026 08:46:35|08-04-2026 08:46:35|08-04-2026 11:19:22||08-07-2026 15:26:21|08-11-2026 23:29:34|08-11-2026 23:29:49|80.06|184.12|104.06
BRCJM01|BRALGAR|TELECOM|81741116|Shipped|||NONE|00000-000||BR|DSV||1|50|50|50|50|Y|08-04-2026 07:22:31|08-04-2026 07:22:31|||08-04-2026 07:24:47|08-04-2026 07:27:15|08-04-2026 09:01:41|08-04-2026 09:01:41|08-04-2026 12:35:04||08-07-2026 15:36:17|08-11-2026 23:29:36|08-11-2026 23:29:49|80.23|184.12|103.89
BRCJM01|BRALGAR|TELECOM|81741138|Shipped|||NONE|00000-000||BR|DSV||1|2|2|2|2|Y|08-04-2026 07:22:32|08-04-2026 07:22:32|||08-04-2026 07:24:48|08-04-2026 07:27:16|08-05-2026 10:34:17|08-05-2026 10:34:17|08-05-2026 10:54:34||08-14-2026 15:41:32|08-14-2026 15:41:32|08-17-2026 09:56:22|248.32|314.56|66.25
BRCJM01|BRALGAR|TELECOM|81741143|Shipped|||NONE|00000-000||BR|DSV||1|1|1|1|1|Y|08-04-2026 07:22:32|08-04-2026 07:22:32|||08-04-2026 07:24:48|08-04-2026 07:27:16|08-04-2026 08:52:13|08-04-2026 08:52:13|08-04-2026 10:53:27||08-07-2026 15:09:58|08-11-2026 23:29:33|08-11-2026 23:29:49|79.79|184.12|104.33
BRCJM01|BRALGAR|TELECOM|81745637|Shipped|||NONE|00000-000||BR|DSV||1|4|4|4|4|Y|08-04-2026 07:22:33|08-04-2026 07:22:33|||08-04-2026 07:24:48|08-04-2026 07:27:17|08-04-2026 09:11:21|08-04-2026 09:11:21|08-04-2026 12:12:02||08-07-2026 15:14:01|08-11-2026 23:29:36|08-11-2026 23:29:49|79.86|184.12|104.26
BRCJM01|BRALGAR|TELECOM|81745639|Shipped|||NONE|00000-000||BR|DSV||1|1|1|1|1|Y|08-04-2026 07:22:33|08-04-2026 07:22:33|||08-04-2026 07:24:48|08-04-2026 07:27:17|08-04-2026 09:15:39|08-04-2026 09:15:39|08-04-2026 13:00:47||08-07-2026 15:32:07|08-11-2026 23:29:37|08-11-2026 23:29:49|80.16|184.12|103.96
BRCJM01|BRALGAR|TELECOM|81745646|Shipped|||NONE|00000-000||BR|DSV||1|20|20|20|20|Y|08-04-2026 07:23:33|08-04-2026 07:23:33|||08-04-2026 07:24:48|08-04-2026 07:27:17|08-05-2026 11:40:40|08-10-2026 09:52:36|08-10-2026 12:00:39||08-14-2026 15:40:43|08-14-2026 15:40:43|08-17-2026 09:56:22|248.29|314.55|66.26
BRCJM01|BRALGAR|TELECOM|81745672|Shipped|||NONE|00000-000||BR|DSV||1|1|1|1|1|Y|08-04-2026 07:23:34|08-04-2026 07:23:34|||08-04-2026 07:24:48|08-04-2026 07:27:18|08-04-2026 09:41:54|08-04-2026 09:41:54|08-04-2026 11:36:49||08-07-2026 15:24:00|08-11-2026 23:29:35|08-11-2026 23:29:49|80.01|184.1|104.1
BRCJM01|BRALGAR|TELECOM|81745673|Shipped|||NONE|00000-000||BR|DSV||1|1|1|1|1|Y|08-04-2026 07:23:34|08-04-2026 07:23:34|||08-04-2026 07:24:48|08-04-2026 07:27:18|08-04-2026 09:45:49|08-04-2026 09:45:49|08-04-2026 12:09:07||08-07-2026 15:15:33|08-11-2026 23:29:36|08-11-2026 23:29:49|79.87|184.1|104.24
BRCJM01|BRALGAR|TELECOM|81745674|Shipped|||NONE|00000-000||BR|DSV||1|1|1|1|1|Y|08-04-2026 08:41:50|08-04-2026 08:41:50|||08-04-2026 08:45:42|08-04-2026 08:48:45|08-04-2026 09:43:17|08-04-2026 09:43:17|08-04-2026 11:33:51||08-07-2026 15:25:26|08-11-2026 23:29:35|08-11-2026 23:29:49|78.73|182.8|104.07
BRCJM01|BRALGAR|TELECOM|81745680|Shipped|||NONE|00000-000||BR|DSV||1|5|5|5|5|Y|08-04-2026 08:41:52|08-04-2026 08:41:52|||08-04-2026 08:45:42|08-04-2026 08:48:45|08-05-2026 14:11:31|08-05-2026 14:11:31|08-05-2026 14:25:04||08-14-2026 15:45:14|08-14-2026 15:45:14|08-17-2026 09:56:21|247.06|313.24|66.19
BRCJM01|BRALGAR|TELECOM|81746837|Shipped|||NONE|00000-000||BR|DSV||1|1|1|1|1|Y|08-04-2026 08:41:52|08-04-2026 08:41:52|||08-04-2026 08:45:42|08-04-2026 08:48:45|08-04-2026 09:56:26|08-04-2026 09:56:26|08-04-2026 13:02:25||08-05-2026 10:14:52|08-11-2026 23:29:37|08-11-2026 23:29:49|25.55|182.8|157.25
BRCJM01|BRALGAR|TELECOM|81746838|Shipped|||NONE|00000-000||BR|DSV||1|2000|2000|2000|2000|Y|08-04-2026 08:41:52|08-04-2026 08:41:52|||08-04-2026 08:45:42|08-04-2026 08:48:45|08-04-2026 14:42:22|08-04-2026 14:42:22|08-04-2026 14:47:57||08-05-2026 10:14:34|08-11-2026 23:29:38|08-11-2026 23:29:49|25.55|182.8|157.25
BRCJM01|BRALGAR|TELECOM|81746851|Shipped|||NONE|00000-000||BR|DSV||2|2|2|2|2|Y|08-04-2026 08:41:52|08-04-2026 08:41:52|||08-04-2026 08:45:42|08-04-2026 08:48:45|08-04-2026 10:03:46|08-04-2026 10:05:41|08-04-2026 11:24:07||08-05-2026 10:15:31|08-11-2026 23:29:34|08-11-2026 23:29:49|25.56|182.8|157.24
BRCJM01|BRALGAR|TELECOM|81747656|Shipped|||NONE|00000-000||BR|DSV||1|1|1|1|1|Y|08-04-2026 08:41:52|08-04-2026 08:41:52|||08-04-2026 08:45:42|08-04-2026 08:48:45|08-04-2026 10:36:14|08-04-2026 10:36:14|08-04-2026 13:03:52||08-11-2026 22:54:09|08-11-2026 22:54:09|08-11-2026 23:15:47|182.2|182.57|.36
BRCJM01|BRALGAR|TELECOM|81747657|Shipped|||NONE|00000-000||BR|DSV||1|2|2|2|2|Y|08-04-2026 08:41:52|08-04-2026 08:41:52|||08-04-2026 08:45:42|08-04-2026 08:48:46|08-04-2026 10:28:22|08-04-2026 10:28:22|08-04-2026 12:50:59||08-07-2026 15:33:57|08-11-2026 23:29:37|08-11-2026 23:29:49|78.87|182.8|103.93
BRCJM01|BRALGAR|TELECOM|81748182|Shipped|||NONE|00000-000||BR|DSV||1|3|3|3|3|Y|08-04-2026 08:41:52|08-04-2026 08:41:52|||08-04-2026 13:55:19|08-04-2026 13:56:24|08-04-2026 15:12:16|08-04-2026 15:12:16|08-04-2026 15:21:23||08-07-2026 15:38:18|08-11-2026 23:29:38|08-11-2026 23:29:49|78.94|182.8|103.86
BRCJM01|BRALGAR|TELECOM|81750400|Shipped|||NONE|00000-000||BR|DSV||1|1|1|1|1|Y|08-04-2026 08:41:53|08-04-2026 08:41:53|||08-04-2026 13:55:19|08-04-2026 13:56:25|08-04-2026 14:57:37|08-04-2026 14:57:37|08-04-2026 15:04:54||08-11-2026 22:47:55|08-11-2026 22:47:55|08-11-2026 23:15:47|182.1|182.57|.46
BRCJM01|BRALGAR|TELECOM|81750404|Shipped|||NONE|00000-000||BR|DSV||1|1|1|1|1|Y|08-04-2026 08:41:53|08-04-2026 08:41:53|||08-04-2026 13:55:19|08-04-2026 13:56:25|08-04-2026 14:53:17|08-04-2026 14:53:17|08-04-2026 15:02:23||08-05-2026 10:14:56|08-11-2026 23:29:38|08-11-2026 23:29:49|25.55|182.8|157.25
BRCJM01|BRALGAR|TELECOM|81750431|Shipped|||NONE|00000-000||BR|DSV||1|1|1|1|1|Y|08-04-2026 08:41:53|08-04-2026 08:41:53|||08-04-2026 13:55:20|08-04-2026 13:56:26|08-04-2026 15:20:34|08-04-2026 15:20:34|08-04-2026 15:51:51||08-11-2026 22:48:07|08-11-2026 22:48:07|08-11-2026 23:15:47|182.1|182.57|.46
BRCJM01|BRALGAR|TELECOM|81750443|Shipped|||NONE|00000-000||BR|DSV||1|1|1|1|1|Y|08-04-2026 08:41:53|08-04-2026 08:41:53|||08-04-2026 13:55:19|08-04-2026 13:56:26|08-04-2026 15:36:08|08-04-2026 15:36:08|08-04-2026 15:56:00||08-11-2026 22:48:23|08-11-2026 22:48:23|08-11-2026 23:15:48|182.11|182.57|.46
BRCJM01|BRALGAR|TELECOM|81751410|Shipped|||NONE|00000-000||BR|DSV||1|3|3|3|3|Y|08-04-2026 08:41:54|08-04-2026 08:41:54|||08-04-2026 13:55:19|08-04-2026 13:56:26|08-04-2026 15:44:39|08-04-2026 15:44:39|08-05-2026 17:05:31||08-14-2026 15:44:27|08-14-2026 15:44:27|08-17-2026 09:56:21|247.04|313.24|66.2
BRCJM01|BRALGAR|TELECOM|81751860|Shipped|||NONE|00000-000||BR|DSV||1|48|48|48|48|Y|08-04-2026 08:41:54|08-04-2026 08:41:54|||08-04-2026 13:55:19|08-04-2026 13:56:27|08-05-2026 14:36:40|08-05-2026 16:11:29|08-05-2026 16:23:45||08-17-2026 09:57:27|08-17-2026 09:57:27|08-17-2026 10:02:28|313.26|313.34|.08
BRCJM01|BRALGAR|TELECOM|81753230|Shipped|||NONE|00000-000||BR|DSV||1|2|2|2|2|Y|08-04-2026 08:41:54|08-04-2026 08:41:54|||08-04-2026 08:45:42|08-04-2026 08:48:46|08-04-2026 09:53:35|08-04-2026 09:53:35|08-04-2026 11:49:19||08-07-2026 15:20:10|08-11-2026 23:29:35|08-11-2026 23:29:50|78.64|182.8|104.16
BRCJM01|BRALGAR|TELECOM|81753231|Shipped|||NONE|00000-000||BR|DSV||1|1|1|1|1|Y|08-04-2026 08:41:54|08-04-2026 08:41:54|||08-04-2026 08:45:42|08-04-2026 08:48:46|08-04-2026 09:52:51|08-04-2026 09:52:51|08-04-2026 11:28:44||08-07-2026 15:21:40|08-11-2026 23:29:34|08-11-2026 23:29:50|78.66|182.8|104.14
BRCJM01|BRALGAR|TELECOM|81753234|Shipped|||NONE|00000-000||BR|DSV||1|1|1|1|1|Y|08-04-2026 08:41:54|08-04-2026 08:41:54|||08-04-2026 08:45:43|08-04-2026 08:48:46|08-04-2026 09:58:33|08-04-2026 09:58:33|08-04-2026 12:21:14||08-11-2026 22:48:52|08-11-2026 22:48:52|08-11-2026 23:15:48|182.12|182.57|.45
BRCJM01|BRALGAR|TELECOM|81753235|Shipped|||NONE|00000-000||BR|DSV||1|2|2|2|2|Y|08-04-2026 08:41:55|08-04-2026 08:41:55|||08-04-2026 08:45:43|08-04-2026 08:48:46|08-04-2026 10:01:01|08-04-2026 10:01:01|08-04-2026 11:44:59||08-05-2026 10:15:23|08-11-2026 23:29:35|08-11-2026 23:29:50|25.56|182.8|157.24
BRCJM01|BRALGAR|TELECOM|81753245|Shipped|||NONE|00000-000||BR|DSV||1|2|2|2|2|Y|08-04-2026 08:41:55|08-04-2026 08:41:55|||08-04-2026 08:45:43|08-04-2026 08:48:47|08-04-2026 10:04:29|08-04-2026 10:04:29|08-04-2026 12:14:32||08-07-2026 15:13:05|08-11-2026 23:29:36|08-11-2026 23:29:50|78.52|182.8|104.28
BRCJM01|BRALGAR|TELECOM|81754011|Shipped|||NONE|00000-000||BR|DSV||1|20|20|20|20|Y|08-04-2026 08:42:55|08-04-2026 08:42:55|||08-04-2026 08:45:43|08-04-2026 08:48:47|08-07-2026 09:01:33|08-07-2026 09:01:33|08-07-2026 09:22:32||08-10-2026 13:00:41|08-11-2026 23:29:39|08-11-2026 23:29:50|148.3|182.78|34.49
BRCJM01|BRALGAR|TELECOM|81754022|Shipped|||NONE|00000-000||BR|DSV||1|1|1|1|1|Y|08-04-2026 08:42:55|08-04-2026 08:42:55|||08-04-2026 08:45:43|08-04-2026 08:48:47|08-04-2026 10:35:33|08-04-2026 10:35:33|08-04-2026 12:30:56||08-05-2026 10:15:43|08-11-2026 23:29:36|08-11-2026 23:29:50|25.55|182.78|157.24
BRCJM01|BRALGAR|TELECOM|81754423|Shipped|||NONE|00000-000||BR|DSV||1|151|151|151|151|Y|08-05-2026 14:15:08|08-05-2026 14:15:08|||08-05-2026 14:17:23|08-05-2026 14:18:42|08-07-2026 09:15:12|08-07-2026 09:15:12|08-07-2026 09:26:42||08-10-2026 13:00:36|08-11-2026 23:29:40|08-11-2026 23:29:50|118.76|153.25|34.49
BRCJM01|BRALGAR|TELECOM|81754486|Shipped|||NONE|00000-000||BR|DSV||1|150|150|150|150|Y|08-05-2026 14:15:08|08-05-2026 14:15:08|||08-05-2026 14:17:23|08-05-2026 14:18:42|08-05-2026 16:41:11|08-05-2026 16:41:11|08-05-2026 16:47:59||08-14-2026 15:43:15|08-14-2026 15:43:15|08-17-2026 09:56:20|217.47|283.69|66.22
BRCJM01|BRALGAR|TELECOM|81754487|Shipped|||NONE|00000-000||BR|DSV||1|300|300|300|300|Y|08-05-2026 14:15:09|08-05-2026 14:15:09|||08-05-2026 14:17:23|08-05-2026 14:18:43|08-05-2026 17:06:20|08-05-2026 17:06:20|08-05-2026 17:12:12||08-14-2026 15:43:05|08-14-2026 15:43:05|08-17-2026 09:56:20|217.47|283.69|66.22
BRCJM01|BRALGAR|TELECOM|81754494|Shipped|||NONE|00000-000||BR|DSV||1|300|300|300|300|Y|08-05-2026 14:15:09|08-05-2026 14:15:09|||08-05-2026 14:17:23|08-05-2026 14:18:43|08-05-2026 16:29:07|08-05-2026 16:29:07|08-05-2026 16:42:44||08-14-2026 15:42:56|08-14-2026 15:42:56|08-17-2026 09:56:20|217.46|283.69|66.22
BRCJM01|BRALGAR|TELECOM|81754495|Shipped|||NONE|00000-000||BR|DSV||1|300|300|300|300|Y|08-05-2026 14:15:09|08-05-2026 14:15:09|||08-05-2026 14:17:23|08-05-2026 14:18:43|08-05-2026 16:11:01|08-05-2026 16:11:01|08-05-2026 16:35:56||08-14-2026 15:42:54|08-14-2026 15:42:54|08-17-2026 09:56:20|217.46|283.69|66.22
BRCJM01|BRALGAR|TELECOM|81755923|Shipped|||NONE|00000-000||BR|DSV||4|1015|1015|1015|1015|Y|08-05-2026 14:15:09|08-05-2026 14:15:09|||08-05-2026 14:17:23|08-05-2026 14:18:43|08-05-2026 19:49:47|08-05-2026 22:36:26|08-06-2026 08:24:49||08-14-2026 15:42:50|08-14-2026 15:42:50|08-17-2026 09:56:19|217.46|283.69|66.22
BRCJM01|BRALGAR|TELECOM|81755926|Shipped|||NONE|00000-000||BR|DSV||9|3718|3718|3718|3718|Y|08-05-2026 14:15:09|08-05-2026 14:15:09|||08-05-2026 14:17:23|08-05-2026 14:18:43|08-05-2026 19:28:08|08-05-2026 22:41:08|08-06-2026 10:49:09||08-24-2026 12:25:05|08-24-2026 12:25:05|08-24-2026 12:34:49|454.17|454.33|.16
BRCJM01|BRALGAR|TELECOM|81756143|Shipped|||NONE|00000-000||BR|DSV||1|10|10|10|10|Y|08-07-2026 10:33:28|08-07-2026 10:33:28|||08-07-2026 10:36:48|08-07-2026 10:39:15|08-07-2026 14:56:54|08-07-2026 14:56:54|08-07-2026 15:51:25||08-24-2026 12:25:12|08-24-2026 12:25:12|08-24-2026 12:34:49|409.86|410.02|.16
BRCJM01|BRALGAR|TELECOM|81756639|Shipped|||NONE|00000-000||BR|DSV||1|3|3|3|3|Y|08-07-2026 10:33:26|08-07-2026 10:33:26|||08-07-2026 10:36:48|08-07-2026 10:39:15|08-10-2026 09:56:43|08-10-2026 12:09:23|08-10-2026 12:09:48||08-24-2026 12:25:18|08-24-2026 12:25:18|08-24-2026 12:34:49|409.86|410.02|.16
BRCJM01|BRALGAR|TELECOM|81756641|Shipped|||NONE|00000-000||BR|DSV||2|35|35|35|35|Y|08-07-2026 10:33:28|08-07-2026 10:33:28|||08-07-2026 10:36:48|08-07-2026 10:39:15|08-07-2026 16:46:04|08-10-2026 08:07:49|08-10-2026 12:40:05||08-17-2026 09:59:55|08-17-2026 09:59:55|08-17-2026 10:02:28|239.44|239.48|.04
BRCJM01|BRALGAR|TELECOM|81756671|Shipped|||NONE|00000-000||BR|DSV||2|30|30|30|30|Y|08-07-2026 10:33:28|08-07-2026 10:33:28|||08-07-2026 10:36:48|08-07-2026 10:39:15|08-07-2026 16:31:53|08-10-2026 07:51:46|08-10-2026 10:31:06||08-11-2026 22:50:05|08-11-2026 22:50:05|08-11-2026 23:15:48|108.28|108.71|.43
BRCJM01|BRALGAR|TELECOM|81756676|Shipped|||NONE|00000-000||BR|DSV||2|20|20|20|20|Y|08-07-2026 10:33:28|08-07-2026 10:33:28|||08-07-2026 10:36:48|08-07-2026 10:39:15|08-07-2026 14:52:16|08-10-2026 07:47:27|08-10-2026 09:03:33||08-11-2026 22:50:32|08-11-2026 22:50:32|08-11-2026 23:15:48|108.28|108.71|.42
BRCJM01|BRALGAR|TELECOM|81756680|Shipped|||NONE|00000-000||BR|DSV||1|3|3|3|3|Y|08-07-2026 10:33:28|08-07-2026 10:33:28|||08-07-2026 10:36:48|08-07-2026 10:39:15|08-07-2026 12:06:30|08-07-2026 12:06:30|08-07-2026 12:21:26||08-11-2026 22:50:43|08-11-2026 22:50:43|08-11-2026 23:15:48|108.29|108.71|.42
BRCJM01|BRALGAR|TELECOM|81756686|Shipped|||NONE|00000-000||BR|DSV||3|105|105|105|105|Y|08-07-2026 10:33:28|08-07-2026 10:33:28|||08-07-2026 10:36:48|08-07-2026 10:39:16|08-07-2026 12:08:06|08-07-2026 12:09:31|08-07-2026 12:16:59||08-11-2026 22:51:07|08-11-2026 22:51:07|08-11-2026 23:15:48|108.29|108.71|.41
BRCJM01|BRALGAR|TELECOM|81756690|Shipped|||NONE|00000-000||BR|DSV||1|200|200|200|200|Y|08-07-2026 10:33:28|08-07-2026 10:33:28|||08-07-2026 10:36:48|08-07-2026 10:39:16|08-07-2026 12:06:04|08-07-2026 12:06:04|08-07-2026 12:09:25||08-10-2026 13:00:53|08-11-2026 23:29:40|08-11-2026 23:29:50|74.46|108.94|34.48
BRCJM01|BRALGAR|TELECOM|81756692|Shipped|||NONE|00000-000||BR|DSV||3|1020|1020|1020|1020|Y|08-07-2026 10:33:28|08-07-2026 10:33:28|||08-11-2026 08:14:59|08-11-2026 08:16:13|08-11-2026 10:14:57|08-11-2026 11:12:38|08-11-2026 14:02:01||08-24-2026 12:25:59|08-24-2026 12:25:59|08-24-2026 12:34:49|409.88|410.02|.15
BRCJM01|BRALGAR|TELECOM|81756702|Shipped|||NONE|00000-000||BR|DSV||1|3|3|3|3|Y|08-07-2026 10:33:28|08-07-2026 10:33:28|||08-07-2026 10:36:48|08-07-2026 10:39:16|08-07-2026 12:04:09|08-07-2026 12:04:09|08-07-2026 12:06:25||08-14-2026 15:42:29|08-14-2026 15:42:29|08-17-2026 09:56:19|173.15|239.38|66.23
BRCJM01|BRALGAR|TELECOM|81756710|Shipped|||NONE|00000-000||BR|DSV||1|1|1|1|1|Y|08-07-2026 10:33:28|08-07-2026 10:33:28|||08-07-2026 10:36:47|08-07-2026 10:39:16|08-07-2026 11:58:05|08-07-2026 11:58:05|08-07-2026 12:04:12||08-14-2026 15:42:25|08-14-2026 15:42:25|08-17-2026 09:56:19|173.15|239.38|66.23
BRCJM01|BRALGAR|TELECOM|81756716|Shipped|||NONE|00000-000||BR|DSV||1|1|1|1|1|Y|08-07-2026 10:34:29|08-07-2026 10:34:29|||08-07-2026 10:36:47|08-07-2026 10:39:16|08-07-2026 11:59:43|08-07-2026 11:59:43|08-07-2026 12:44:25||08-14-2026 15:42:16|08-14-2026 15:42:16|08-17-2026 09:56:19|173.13|239.36|66.23
BRCJM01|BRALGAR|TELECOM|81756802|Shipped|||NONE|00000-000||BR|DSV||1|30|30|30|30|Y|08-07-2026 10:34:29|08-07-2026 10:34:29|||08-07-2026 10:36:47|08-07-2026 10:39:16|08-07-2026 15:51:45|08-10-2026 07:42:52|08-10-2026 08:50:37||08-11-2026 22:51:43|08-11-2026 22:51:43|08-11-2026 23:15:48|108.29|108.69|.4
BRCJM01|BRALGAR|TELECOM|81756866|Shipped|||NONE|00000-000||BR|DSV||1|8|8|8|8|Y|08-07-2026 10:34:29|08-07-2026 10:34:29|||08-07-2026 10:36:47|08-07-2026 10:39:16|08-07-2026 14:58:23|08-07-2026 14:58:23|08-07-2026 15:49:43||08-11-2026 22:51:55|08-11-2026 22:51:55|08-11-2026 23:15:48|108.29|108.69|.4
BRCJM01|BRALGAR|TELECOM|81756867|Shipped|||NONE|00000-000||BR|DSV||1|5|5|5|5|Y|08-07-2026 10:34:29|08-07-2026 10:34:29|||08-07-2026 15:12:09|08-07-2026 15:16:38|08-07-2026 15:49:27|08-07-2026 15:49:27|08-07-2026 15:54:32||08-11-2026 22:52:09|08-11-2026 22:52:09|08-11-2026 23:15:48|108.29|108.69|.39
BRCJM01|BRALGAR|TELECOM|81756868|Shipped|||NONE|00000-000||BR|DSV||1|11|11|11|11|Y|08-07-2026 10:34:29|08-07-2026 10:34:29|||08-07-2026 15:12:09|08-07-2026 15:16:38|08-07-2026 15:51:40|08-07-2026 15:51:50|08-07-2026 15:55:45||08-11-2026 22:52:22|08-11-2026 22:52:22|08-11-2026 23:15:48|108.3|108.69|.39
BRCJM01|BRALGAR|TELECOM|81756899|Shipped|||NONE|00000-000||BR|DSV||2|2|2|2|2|Y|08-07-2026 10:34:29|08-07-2026 10:34:29|||08-07-2026 10:36:47|08-07-2026 10:39:17|08-07-2026 11:50:11|08-07-2026 11:51:58|08-07-2026 11:54:59||08-17-2026 10:00:16|08-17-2026 10:00:16|08-17-2026 10:02:28|239.43|239.47|.04
BRCJM01|BRALGAR|TELECOM|81756902|Shipped|||NONE|00000-000||BR|DSV||1|2|2|2|2|Y|08-07-2026 10:34:29|08-07-2026 10:34:29|||08-07-2026 10:36:47|08-07-2026 10:39:17|08-07-2026 11:46:16|08-07-2026 11:46:16|08-07-2026 11:50:32||08-17-2026 10:00:25|08-17-2026 10:00:25|08-17-2026 10:02:29|239.43|239.47|.03
BRCJM01|BRALGAR|TELECOM|81756903|Shipped|||NONE|00000-000||BR|DSV||1|100|100|100|100|Y|08-07-2026 10:34:29|08-07-2026 10:34:29|||08-07-2026 10:36:47|08-07-2026 10:39:17|08-07-2026 11:39:49|08-07-2026 11:39:49|08-07-2026 12:24:40||08-11-2026 22:52:48|08-11-2026 22:52:48|08-11-2026 23:15:49|108.31|108.69|.38
BRCJM01|BRALGAR|TELECOM|81757256|Shipped|||NONE|00000-000||BR|DSV||1|20|20|20|20|Y|08-07-2026 10:34:29|08-07-2026 10:34:29|||08-07-2026 10:36:47|08-07-2026 10:39:17|08-07-2026 14:20:52|08-07-2026 17:27:29|08-07-2026 17:27:48||08-10-2026 13:00:27|08-11-2026 23:29:41|08-11-2026 23:29:50|74.43|108.92|34.49
BRCJM01|BRALGAR|TELECOM|81757259|Shipped|||NONE|00000-000||BR|DSV||1|2441|2441|2441|2441|Y|08-07-2026 11:54:15|08-07-2026 11:54:15|||08-07-2026 12:49:01|08-07-2026 12:50:20|08-07-2026 13:06:18|08-07-2026 13:06:18|08-07-2026 13:07:20||08-07-2026 13:13:49|08-11-2026 23:29:40|08-11-2026 23:29:50|1.33|107.59|106.27
BRCJM01|BRALGAR|TELECOM|81757260|Shipped|||NONE|00000-000||BR|DSV||1|2000|2000|2000|2000|Y|08-07-2026 11:48:12|08-07-2026 11:48:12|||08-07-2026 12:23:31|08-07-2026 12:24:10|08-07-2026 12:36:30|08-07-2026 12:50:49|08-07-2026 12:54:47||08-07-2026 13:16:14|08-11-2026 23:29:40|08-11-2026 23:29:50|1.47|107.69|106.23
BRCJM01|BRALGAR|TELECOM|81757444|Shipped|||NONE|00000-000||BR|DSV||1|1000|1000|1000|1000|Y|08-07-2026 10:34:29|08-07-2026 10:34:29|||08-07-2026 11:03:29|08-07-2026 11:06:40|08-07-2026 14:36:08|08-07-2026 14:36:08|08-07-2026 15:07:08||08-10-2026 13:01:26|08-11-2026 23:29:41|08-11-2026 23:29:50|74.45|108.92|34.47
BRCJM01|BRALGAR|TELECOM|81757740|Shipped|||NONE|00000-000||BR|DSV||1|1|1|1|1|Y|08-10-2026 07:30:35|08-10-2026 07:30:35|||08-10-2026 07:31:40|08-10-2026 08:21:03|08-10-2026 10:07:11|08-10-2026 10:07:11|08-10-2026 11:44:11||08-24-2026 12:26:19|08-24-2026 12:26:19|08-24-2026 12:34:49|340.93|341.07|.14
BRCJM01|BRALGAR|TELECOM|81757742|Shipped|||NONE|00000-000||BR|DSV||1|1|1|1|1|Y|08-10-2026 07:30:35|08-10-2026 07:30:35|||08-10-2026 07:31:40|08-10-2026 08:21:03|08-10-2026 10:17:35|08-10-2026 10:17:35|08-10-2026 11:48:32||08-14-2026 15:42:07|08-14-2026 15:42:07|08-17-2026 09:56:18|104.19|170.43|66.24
BRCJM01|BRALGAR|TELECOM|81757756|Shipped|||NONE|00000-000||BR|DSV||1|1|1|1|1|Y|08-10-2026 07:30:35|08-10-2026 07:30:35|||08-10-2026 07:31:40|08-10-2026 08:21:03|08-10-2026 10:18:26|08-10-2026 10:18:26|08-10-2026 11:51:45||08-14-2026 15:42:05|08-14-2026 15:42:05|08-24-2026 12:34:49|104.19|341.07|236.88
BRCJM01|BRALGAR|TELECOM|81757760|Shipped|||NONE|00000-000||BR|DSV||1|3|3|3|3|Y|08-10-2026 07:30:36|08-10-2026 07:30:36|||08-10-2026 07:31:40|08-10-2026 08:21:03|08-10-2026 10:22:00|08-10-2026 10:22:00|08-10-2026 10:56:02||08-24-2026 12:26:27|08-24-2026 12:26:27|08-24-2026 12:34:50|340.93|341.07|.14
BRCJM01|BRALGAR|TELECOM|81757761|Shipped|||NONE|00000-000||BR|DSV||1|1|1|1|1|Y|08-10-2026 07:30:36|08-10-2026 07:30:36|||08-10-2026 07:31:40|08-10-2026 08:21:03|08-10-2026 10:19:37|08-10-2026 10:19:37|08-10-2026 11:54:17||08-14-2026 15:42:01|08-14-2026 15:42:01|08-17-2026 09:56:18|104.19|170.43|66.24
BRCJM01|BRALGAR|TELECOM|81758476|Shipped|||NONE|00000-000||BR|DSV||3|6.3|6.003|9|9|Y|08-10-2026 07:30:36|08-10-2026 07:30:36|||08-10-2026 07:31:40|08-10-2026 08:21:03|08-10-2026 10:26:17|08-10-2026 10:27:38|08-10-2026 12:13:02||08-24-2026 12:26:34|08-24-2026 12:26:34|08-24-2026 12:34:50|340.93|341.07|.14
BRCJM01|BRALGAR|TELECOM|81758478|Shipped|||NONE|00000-000||BR|DSV||3|6.3|6.003|9|9|Y|08-10-2026 07:30:36|08-10-2026 07:30:36|||08-10-2026 07:31:40|08-10-2026 08:21:03|08-10-2026 10:32:49|08-10-2026 10:34:05|08-10-2026 11:01:19||08-17-2026 10:00:40|08-17-2026 10:00:40|08-17-2026 10:02:29|170.5|170.53|.03
BRCJM01|BRALGAR|TELECOM|81759400|Shipped|||NONE|00000-000||BR|DSV||1|100|100|100|100|Y|08-11-2026 09:40:17|08-11-2026 09:40:17|||08-11-2026 09:43:24|08-11-2026 15:43:23|08-11-2026 16:44:22|08-11-2026 16:54:08|08-12-2026 08:25:27||08-24-2026 12:26:48|08-24-2026 12:26:48|08-24-2026 12:34:50|314.78|314.91|.13
BRCJM01|BRALGAR|TELECOM|81759401|Shipped|||NONE|00000-000||BR|DSV||1|2|2|2|2|Y|08-11-2026 09:40:16|08-11-2026 09:40:16|||08-11-2026 09:43:24|08-11-2026 15:43:23|08-11-2026 16:40:54|08-11-2026 16:40:54|08-12-2026 07:28:01||08-17-2026 10:01:02|08-17-2026 10:01:02|08-17-2026 10:02:29|144.35|144.37|.02
BRCJM01|BRALGAR|TELECOM|81759402|Shipped|||NONE|00000-000||BR|DSV||1|10|10|10|10|Y|08-11-2026 09:40:17|08-11-2026 09:40:17|||08-11-2026 09:43:24|08-11-2026 15:43:23|08-11-2026 16:55:25|08-11-2026 16:58:12|08-12-2026 07:17:17||08-17-2026 10:01:09|08-17-2026 10:01:09|08-17-2026 10:02:29|144.35|144.37|.02
BRCJM01|BRALGAR|TELECOM|81759404|Shipped|||NONE|00000-000||BR|DSV||1|5|5|5|5|Y|08-11-2026 09:40:17|08-11-2026 09:40:17|||08-11-2026 09:43:24|08-11-2026 15:43:23|08-11-2026 17:01:15|08-11-2026 17:01:15|08-12-2026 07:20:09||08-17-2026 10:01:16|08-17-2026 10:01:16|08-17-2026 10:02:29|144.35|144.37|.02
BRCJM01|BRALGAR|TELECOM|81759407|Shipped|||NONE|00000-000||BR|DSV||1|10|10|10|10|Y|08-11-2026 09:40:17|08-11-2026 09:40:17|||08-11-2026 09:43:24|08-11-2026 15:43:23|08-12-2026 07:22:18|08-12-2026 07:22:18|08-12-2026 08:54:38||08-24-2026 12:28:13|08-24-2026 12:28:13|08-24-2026 12:34:50|314.8|314.91|.11
BRCJM01|BRALGAR|TELECOM|81759789|Shipped|||NONE|00000-000||BR|DSV||1|100|100|100|100|Y|08-11-2026 09:40:18|08-11-2026 09:40:18|||08-11-2026 09:43:25|08-11-2026 15:43:25|08-12-2026 07:45:08|08-12-2026 07:56:25|08-12-2026 08:45:45||08-24-2026 12:29:35|08-24-2026 12:29:35|08-24-2026 12:34:50|314.82|314.91|.09
BRCJM01|BRALGAR|TELECOM|81760667|Shipped|||NONE|00000-000||BR|DSV||1|3|3|3|3|Y|08-13-2026 14:00:39|08-13-2026 14:00:39|||08-13-2026 14:01:24|08-13-2026 14:04:19|08-14-2026 10:28:23|08-14-2026 10:28:23|08-14-2026 10:38:35||08-24-2026 12:30:06|08-24-2026 12:30:07|08-24-2026 12:34:50|262.49|262.57|.08
BRCJM01|BRALGAR|TELECOM|81760896|Shipped|||NONE|00000-000||BR|DSV||2|403|403|403|403|Y|08-14-2026 10:06:03|08-14-2026 10:06:03|||08-14-2026 10:07:12|08-14-2026 10:08:37|08-14-2026 13:39:25|08-14-2026 13:43:21|08-14-2026 17:53:09||08-20-2026 13:41:25|08-20-2026 13:41:25|09-14-2026 09:53:35|147.59|743.79|596.2
BRCJM01|BRALGAR|TELECOM|81761998|Shipped|||NONE|00000-000||BR|DSV||1|200|200|200|200|Y|08-14-2026 10:06:04|08-14-2026 10:06:04|||08-14-2026 10:07:13|08-14-2026 10:08:38|08-14-2026 12:51:24|08-14-2026 12:51:24|08-14-2026 16:51:57||08-26-2026 10:14:03|08-26-2026 10:14:03|09-14-2026 09:53:35|288.13|743.79|455.66
BRCJM01|BRALGAR|TELECOM|81763115|Shipped|||NONE|00000-000||BR|DSV||8|15.3|15.003|18|18|Y|08-14-2026 10:07:06|08-14-2026 10:07:06|||08-14-2026 10:07:12|08-14-2026 10:08:40|08-17-2026 08:14:18|08-17-2026 11:16:16|08-17-2026 12:40:59||08-20-2026 13:43:41|08-20-2026 13:43:41|09-14-2026 09:53:36|147.61|743.78|596.17
BRCJM01|BRALGAR|TELECOM|81765873|Shipped|||NONE|00000-000||BR|DSV||2|1.3|1.003|4|4|Y|08-18-2026 14:35:17|08-18-2026 14:35:17|||08-18-2026 14:36:04|08-18-2026 14:37:26|08-18-2026 15:35:05|08-18-2026 15:40:42|08-18-2026 17:30:44||08-20-2026 13:32:55|08-20-2026 13:32:55|09-14-2026 09:53:37|46.96|643.31|596.35
BRCJM01|BRALGAR|TELECOM|81765874|Shipped|||NONE|00000-000||BR|DSV||1|50|50|50|50|Y|08-18-2026 14:35:17|08-18-2026 14:35:17|||08-19-2026 07:00:24|08-19-2026 07:06:02|08-19-2026 07:09:40|08-19-2026 07:09:40|08-19-2026 08:40:07||08-20-2026 13:40:32|08-20-2026 13:40:32|09-14-2026 09:53:37|47.09|643.31|596.22
BRCJM01|BRALGAR|TELECOM|81765875|Shipped|||NONE|00000-000||BR|DSV||5|42|42|42|42|Y|08-18-2026 14:35:17|08-18-2026 14:35:17|||08-18-2026 14:36:04|08-18-2026 14:37:26|08-18-2026 16:11:12|08-18-2026 16:18:39|08-19-2026 07:05:12||08-20-2026 13:32:50|08-20-2026 13:32:50|09-14-2026 09:53:37|46.96|643.31|596.35
BRCJM01|BRALGAR|TELECOM|81765876|Shipped|||NONE|00000-000||BR|DSV||1|12|12|12|12|Y|08-18-2026 14:35:17|08-18-2026 14:35:17|||08-18-2026 14:36:03|08-18-2026 14:37:26|08-18-2026 17:48:10|08-18-2026 17:48:10|08-19-2026 07:51:40||08-20-2026 13:29:27|08-20-2026 13:29:27|09-14-2026 09:53:37|46.9|643.31|596.4
BRCJM01|BRALGAR|TELECOM|81765879|Shipped|||NONE|00000-000||BR|DSV||1|2|2|2|2|Y|08-18-2026 14:35:17|08-18-2026 14:35:17|||08-18-2026 14:36:03|08-18-2026 14:37:27|08-18-2026 15:45:15|08-18-2026 15:45:15|08-18-2026 17:45:44||08-20-2026 13:29:28|08-20-2026 13:29:28|09-14-2026 09:53:37|46.9|643.31|596.4
BRCJM01|BRALGAR|TELECOM|81765892|Shipped|||NONE|00000-000||BR|DSV||3|9|9|9|9|Y|08-18-2026 14:35:17|08-18-2026 14:35:17|||08-18-2026 14:36:03|08-18-2026 14:37:27|08-18-2026 15:41:54|08-18-2026 15:50:02|08-18-2026 17:09:40||08-20-2026 13:32:45|08-20-2026 13:32:45|09-14-2026 09:53:37|46.96|643.31|596.35
BRCJM01|BRALGAR|TELECOM|81765894|Shipped|||NONE|00000-000||BR|DSV||1|30|30|30|30|Y|08-18-2026 14:35:17|08-18-2026 14:35:17|||08-18-2026 14:36:03|08-18-2026 14:37:27|08-18-2026 15:41:33|08-18-2026 15:41:33|08-18-2026 17:19:01||08-20-2026 13:33:09|08-20-2026 13:33:10|09-14-2026 09:53:38|46.96|643.31|596.34
BRCJM01|BRALGAR|TELECOM|81765963|Shipped|||NONE|00000-000||BR|DSV||1|1|1|1|1|Y|08-18-2026 14:35:18|08-18-2026 14:35:18|||08-18-2026 14:36:03|08-18-2026 14:37:27|08-18-2026 15:27:43|08-18-2026 15:27:43|08-18-2026 17:42:27||08-26-2026 10:15:14|08-26-2026 10:15:14|09-14-2026 09:53:38|187.67|643.31|455.64
BRCJM01|BRALGAR|TELECOM|81766508|Shipped|||NONE|00000-000||BR|DSV||1|300|300|300|300|Y|08-18-2026 14:35:18|08-18-2026 14:35:18|||08-18-2026 14:36:03|08-18-2026 14:37:27|08-18-2026 16:14:11|08-18-2026 16:14:11|08-19-2026 06:33:57||08-26-2026 10:16:56|08-26-2026 10:16:56|09-14-2026 09:53:38|187.69|643.31|455.61
BRCJM01|BRALGAR|TELECOM|81766708|Shipped|||NONE|00000-000||BR|DSV||1|15|15|15|15|Y|08-19-2026 08:02:13|08-19-2026 08:02:13|||08-19-2026 08:03:59|08-19-2026 08:05:22|08-19-2026 09:40:13|08-19-2026 09:40:13|08-19-2026 09:51:10||08-20-2026 13:24:40|08-20-2026 13:24:40|09-14-2026 09:53:39|29.37|625.86|596.48
BRCJM01|BRALGAR|TELECOM|81766771|Shipped|||NONE|00000-000||BR|DSV||1|2000|2000|2000|2000|Y|08-19-2026 08:02:14|08-19-2026 08:02:14|||08-19-2026 08:03:59|08-19-2026 08:05:22|08-19-2026 12:06:02|08-19-2026 12:06:02|08-20-2026 08:46:24||08-21-2026 15:48:33|08-21-2026 15:48:33|09-14-2026 09:53:39|55.77|625.86|570.09
BRCJM01|BRALGAR|TELECOM|81766772|Shipped|||NONE|00000-000||BR|DSV||1|5000|5000|5000|5000|Y|08-19-2026 08:02:14|08-19-2026 08:02:14|||08-19-2026 08:03:59|08-19-2026 08:05:22|08-19-2026 12:07:53|08-19-2026 12:07:53|08-19-2026 14:34:48||08-21-2026 11:35:43|08-21-2026 11:35:43|09-14-2026 09:53:39|51.56|625.86|574.3
BRCJM01|BRALGAR|TELECOM|81766773|Shipped|||NONE|00000-000||BR|DSV||1|1|1|1|1|Y|08-19-2026 08:02:14|08-19-2026 08:02:14|||08-19-2026 08:03:59|08-19-2026 08:05:22|08-19-2026 10:23:16|08-19-2026 10:23:16|08-19-2026 11:49:26||08-20-2026 13:32:06|08-20-2026 13:32:06|09-14-2026 09:53:39|29.5|625.86|596.36
BRCJM01|BRALGAR|TELECOM|81767127|Shipped|||NONE|00000-000||BR|DSV||1|5|5|5|5|Y|08-19-2026 08:02:14|08-19-2026 08:02:14|||08-19-2026 08:03:59|08-19-2026 08:05:22|08-19-2026 15:36:21|08-19-2026 15:36:21|08-20-2026 18:09:26||08-25-2026 12:15:37|08-25-2026 12:15:37|09-14-2026 09:53:39|148.22|625.86|477.63
BRCJM01|BRALGAR|VOGEL|81700867|Shipped|||NONE|00000-000||BR|DSV||1|400|4|4000|4000|Y|06-03-2026 08:49:50|06-03-2026 08:49:50|||||||||||07-04-2026 08:53:15||744.06|
BRCJM01|BRALGAR|VOGEL|81707047|Shipped|||NONE|00000-000||BR|DSV||2|0|.060006|600|600|Y|06-11-2026 13:28:16|06-11-2026 13:28:16|||||||||||07-04-2026 08:53:15||547.42|
BRCJM01|BRALGAR|VOGEL|81707076|Shipped|||NONE|00000-000||BR|DSV||1|.2|.002|2|2|Y|06-11-2026 13:28:17|06-11-2026 13:28:17|||||||||||06-17-2026 16:13:43||146.76|
BRCJM01|BRALGAR|VOGEL|81707077|Shipped|||NONE|00000-000||BR|DSV||2|20.1|.201|201|201|Y|06-11-2026 13:28:17|06-11-2026 13:28:17|||||||||||06-17-2026 16:13:43||146.76|
BRCJM01|BRALGAR|VOGEL|81707080|Shipped|||NONE|00000-000||BR|DSV||1|20|.2|200|200|Y|06-11-2026 13:28:17|06-11-2026 13:28:17|||||||||||07-04-2026 08:53:16||547.42|
BRCJM01|BRALGAR|VOGEL|81707082|Shipped|||NONE|00000-000||BR|DSV||1|.1|.001|1|1|Y|06-11-2026 13:28:17|06-11-2026 13:28:17|||||||||||06-17-2026 16:13:44||146.76|
BRCJM01|BRALGAR|VOGEL|81707133|Shipped|||NONE|00000-000||BR|DSV||4|1.2|.0127|19|19|Y|06-11-2026 13:28:17|06-11-2026 13:28:17|||||||||||07-04-2026 08:53:16||547.42|
BRCJM01|BRALGAR|VOGEL|81707134|Shipped|||NONE|00000-000||BR|DSV||2|.7|.007|7|7|Y|06-11-2026 13:28:17|06-11-2026 13:28:17|||||||||||07-04-2026 08:53:16||547.42|
BRCJM01|BRALGAR|VOGEL|81707135|Shipped|||NONE|00000-000||BR|DSV||1|.1|.001|1|1|Y|06-11-2026 13:28:17|06-11-2026 13:28:17|||||||||||07-04-2026 08:53:16||547.42|
BRCJM01|BRALGAR|VOGEL|81707138|Shipped|||NONE|00000-000||BR|DSV||4|1.2|.0127|19|19|Y|06-11-2026 13:28:18|06-11-2026 13:28:18|||||||||||07-04-2026 08:53:16||547.42|
BRCJM01|BRALGAR|VOGEL|81707347|Shipped|||NONE|00000-000||BR|DSV||1|0|.004|40|40|Y|06-12-2026 08:24:29|06-12-2026 08:24:29|||||||||||07-04-2026 08:53:16||528.48|
BRCJM01|BRALGAR|VOGEL|81707819|Shipped|||NONE|00000-000||BR|DSV||1|.2|.002|2|2|Y|06-12-2026 08:24:29|06-12-2026 08:24:29|||||||||||07-04-2026 08:53:17||528.48|
BRCJM01|BRALGAR|VOGEL|81707991|Shipped|||NONE|00000-000||BR|DSV||1|0|0|1|1|Y|06-15-2026 15:58:44|06-15-2026 15:58:44|||||||||06-16-2026 08:00:11|06-19-2026 12:07:42|06-19-2026 12:14:44|16.02|92.27|76.24
BRCJM01|BRALGAR|VOGEL|81708046|Shipped|||NONE|00000-000||BR|DSV||26|14|.1421|161|161|Y|06-12-2026 15:21:37|06-12-2026 15:21:37|||||06-17-2026 12:24:36|06-19-2026 17:27:17|06-19-2026 17:29:47||06-19-2026 17:30:54|06-19-2026 17:30:55|06-19-2026 17:31:26|170.15|170.16|.01
BRCJM01|BRALGAR|VOGEL|81708132|Shipped|||NONE|00000-000||BR|DSV||1|.2|.002|2|2|Y|06-12-2026 11:30:33|06-12-2026 11:30:33|||||||||||07-04-2026 08:53:17||525.38|
BRCJM01|BRALGAR|VOGEL|81708524|Shipped|||NONE|00000-000||BR|DSV||1|.1|.001|1|1|Y|06-15-2026 10:05:54|06-15-2026 10:05:54|||||||||06-17-2026 14:00:01|06-17-2026 14:00:01|06-17-2026 15:59:17|51.9|53.89|1.99
BRCJM01|BRALGAR|VOGEL|81708772|Shipped|||NONE|00000-000||BR|DSV||1|3|.03|30|30|Y|06-15-2026 10:05:54|06-15-2026 10:05:54|||||||||06-16-2026 08:00:25|06-16-2026 08:00:26|06-23-2026 16:27:31|21.91|198.36|176.45
BRCJM01|BRALGAR|VOGEL|81708933|Shipped|||NONE|00000-000||BR|DSV||2|400.5|4.005|4005|4005|Y|06-15-2026 10:05:54|06-15-2026 10:05:54|||||||||06-16-2026 08:07:11|06-16-2026 08:07:11|06-17-2026 15:59:17|22.02|53.89|31.87
BRCJM01|BRALGAR|VOGEL|81708934|Shipped|||NONE|00000-000||BR|DSV||2|.8|.008|8|8|Y|06-15-2026 10:05:54|06-15-2026 10:05:54||||||06-16-2026 06:45:47|06-16-2026 10:21:03||06-17-2026 13:36:31|06-17-2026 13:36:31|06-17-2026 16:08:41|51.51|54.05|2.54
BRCJM01|BRALGAR|VOGEL|81708937|Shipped|||NONE|00000-000||BR|DSV||1|2|.02|20|20|Y|06-15-2026 10:05:54|06-15-2026 10:05:54|||||||||06-16-2026 08:07:19|06-16-2026 08:07:19|06-17-2026 16:08:41|22.02|54.05|32.02
BRCJM01|BRALGAR|VOGEL|81709481|Shipped|||NONE|00000-000||BR|DSV||1|.1|.001|1|1|Y|06-16-2026 07:02:56|06-16-2026 07:02:56|||06-16-2026 07:03:50|06-16-2026 07:05:03|06-16-2026 17:46:12|06-17-2026 11:42:06|06-17-2026 11:44:49||06-17-2026 13:53:06|06-18-2026 08:41:19|06-19-2026 12:14:45|30.84|77.2|46.36
BRCJM01|BRALGAR|VOGEL|81709483|Shipped|||NONE|00000-000||BR|DSV||1|2|.02|20|20|Y|06-16-2026 07:02:56|06-16-2026 07:02:56|||06-16-2026 07:03:50|06-16-2026 07:05:03|06-16-2026 10:30:42|06-16-2026 10:30:42|06-16-2026 10:31:54||06-17-2026 14:06:57|06-23-2026 15:41:57|06-23-2026 15:42:28|31.07|176.66|145.59
BRCJM01|BRALGAR|VOGEL|81709551|Shipped|||NONE|00000-000||BR|DSV||11|22.1|.245502|466|466|Y|06-16-2026 07:02:56|06-16-2026 07:02:56|||06-17-2026 16:30:55|06-17-2026 16:32:13|06-17-2026 16:37:41|06-17-2026 16:37:41|06-17-2026 18:28:41||06-18-2026 10:54:57|06-18-2026 10:54:57|06-19-2026 12:14:46|51.87|77.2|25.33
BRCJM01|BRALGAR|VOGEL|81709846|Shipped|||NONE|00000-000||BR|DSV||1|.1|.001|1|1|Y|06-16-2026 07:02:56|06-16-2026 07:02:56|06-16-2026 17:30:14||06-17-2026 09:53:35|06-17-2026 09:56:21|06-17-2026 09:57:47|06-17-2026 09:57:47|06-17-2026 09:59:23||06-17-2026 09:59:35|06-18-2026 12:21:55|06-18-2026 12:38:04|26.94|53.59|26.64
BRCJM01|BRALGAR|VOGEL|81710132|Shipped|||NONE|00000-000||BR|DSV||1|0|.40004|4000|4000|Y|06-16-2026 07:02:56|06-16-2026 07:02:56|||06-16-2026 07:03:50|06-16-2026 07:05:04|06-16-2026 17:58:27|06-16-2026 18:00:10|06-17-2026 07:44:18||06-17-2026 13:51:27|06-22-2026 09:32:39|06-24-2026 18:51:12|30.81|203.8|173
BRCJM01|BRALGAR|VOGEL|81710141|Shipped|||NONE|00000-000||BR|DSV||5|53.5|.535|535|535|Y|06-16-2026 07:02:56|06-16-2026 07:02:56|||06-16-2026 07:03:50|06-16-2026 07:05:04|06-16-2026 10:55:14|06-16-2026 11:12:46|06-16-2026 11:27:18||06-17-2026 13:49:07|06-17-2026 15:58:03|06-17-2026 15:59:17|30.77|32.94|2.17
BRCJM01|BRALGAR|VOGEL|81710143|Shipped|||NONE|00000-000||BR|DSV||23|322.8|3.228|3228|3228|Y|06-16-2026 07:02:57|06-16-2026 07:02:57|06-16-2026 17:27:23||06-20-2026 15:39:02|06-20-2026 15:44:30|06-20-2026 15:46:56|06-20-2026 15:49:04|06-20-2026 15:50:31||06-24-2026 08:20:11|06-24-2026 08:20:11|06-24-2026 18:51:12|193.29|203.8|10.52
BRCJM01|BRALGAR|VOGEL|81710150|Shipped|||NONE|00000-000||BR|DSV||3|2.7|.027|27|27|Y|06-16-2026 07:02:57|06-16-2026 07:02:57|||06-16-2026 07:46:09|06-16-2026 14:10:06|06-16-2026 14:55:16|06-16-2026 15:24:01|06-16-2026 15:55:37||06-17-2026 13:56:23|06-18-2026 12:35:01|06-18-2026 12:38:05|30.89|53.59|22.7
BRCJM01|BRALGAR|VOGEL|81710158|Shipped|||NONE|00000-000||BR|DSV||2|.8|.008|8|8|Y|06-16-2026 07:02:57|06-16-2026 07:02:57|||06-16-2026 07:03:50|06-16-2026 07:05:06|06-16-2026 10:38:53|06-16-2026 10:39:17|06-16-2026 10:40:19||06-17-2026 14:12:44|06-29-2026 07:24:33|07-04-2026 08:53:18|31.16|433.84|402.68
BRCJM01|BRALGAR|VOGEL|81710163|Shipped|||NONE|00000-000||BR|DSV||4|2.5|.025|25|25|Y|06-16-2026 07:02:57|06-16-2026 07:02:57|||06-16-2026 07:03:50|06-16-2026 07:05:07|06-16-2026 08:08:21|06-16-2026 11:32:53|06-16-2026 12:02:44||06-17-2026 16:07:12|06-17-2026 16:07:12|06-17-2026 16:08:41|33.07|33.1|.02
BRCJM01|BRALGAR|VOGEL|81710306|Shipped|||NONE|00000-000||BR|DSV||1|.2|.002|2|2|Y|06-17-2026 10:42:34|06-17-2026 10:42:34|||06-17-2026 10:43:28|06-17-2026 10:44:07|06-18-2026 09:20:17|06-18-2026 09:20:17|06-19-2026 14:23:45||06-23-2026 10:48:14|06-23-2026 10:48:14|06-23-2026 16:27:31|144.09|149.75|5.65
BRCJM01|BRALGAR|VOGEL|81710307|Shipped|||NONE|00000-000||BR|DSV||1|.1|.001|1|1|Y|06-17-2026 10:42:34|06-17-2026 10:42:34|||06-17-2026 10:43:28|06-17-2026 10:44:07|06-22-2026 09:33:56|06-22-2026 09:33:56|06-22-2026 12:40:11||06-23-2026 10:54:58|06-23-2026 10:54:58|06-23-2026 16:27:31|144.21|149.75|5.54
BRCJM01|BRALGAR|VOGEL|81710308|Shipped|||NONE|00000-000||BR|DSV||1|.5|.005|5|5|Y|06-17-2026 10:42:34|06-17-2026 10:42:34|||06-17-2026 10:43:28|06-17-2026 10:44:07|06-17-2026 12:39:34|06-17-2026 12:39:34|06-18-2026 11:10:54||06-18-2026 14:28:23|06-18-2026 14:28:23|06-23-2026 16:27:32|27.76|149.75|121.99
BRCJM01|BRALGAR|VOGEL|81710309|Shipped|||NONE|00000-000||BR|DSV||7|3|.0318|48|48|Y|06-17-2026 10:42:34|06-17-2026 10:42:34|||06-17-2026 10:43:28|06-17-2026 10:44:07|06-17-2026 14:32:27|06-17-2026 14:55:34|06-18-2026 10:31:38||06-18-2026 14:01:04|06-18-2026 14:01:04|06-23-2026 16:27:32|27.31|149.75|122.44
BRCJM01|BRALGAR|VOGEL|81710312|Shipped|||NONE|00000-000||BR|DSV||2|2.1|.021|21|21|Y|06-17-2026 10:42:34|06-17-2026 10:42:34|||06-17-2026 10:43:28|06-17-2026 10:44:07|06-18-2026 09:02:27|06-18-2026 09:05:42|06-22-2026 08:08:09||06-23-2026 10:47:56|06-23-2026 10:47:56|06-23-2026 16:27:32|144.09|149.75|5.66
BRCJM01|BRALGAR|VOGEL|81710313|Shipped|||NONE|00000-000||BR|DSV||1|.2|.002|2|2|Y|06-17-2026 10:42:34|06-17-2026 10:42:34|||06-17-2026 10:43:28|06-17-2026 10:44:07|06-17-2026 12:52:34|06-17-2026 12:52:34|06-23-2026 10:29:22||06-23-2026 11:05:41|06-23-2026 11:05:41|06-23-2026 16:27:32|144.39|149.75|5.36
BRCJM01|BRALGAR|VOGEL|81710314|Shipped|||NONE|00000-000||BR|DSV||1|0|.20002|2000|2000|Y|06-17-2026 10:42:35|06-17-2026 10:42:35|||06-17-2026 10:43:28|06-17-2026 10:44:07|06-22-2026 14:12:26|06-22-2026 14:13:23|06-23-2026 06:51:44||06-23-2026 10:50:05|06-23-2026 10:50:05|06-23-2026 16:27:32|144.13|149.75|5.62
BRCJM01|BRALGAR|VOGEL|81710316|Shipped|||NONE|00000-000||BR|DSV||1|0|.015002|150|150|Y|06-17-2026 10:42:35|06-17-2026 10:42:35|||06-17-2026 10:43:28|06-17-2026 10:44:08|06-17-2026 12:27:42|06-23-2026 08:57:34|06-23-2026 09:15:53||06-23-2026 11:05:57|06-23-2026 11:05:57|06-23-2026 16:27:32|144.39|149.75|5.36
BRCJM01|BRALGAR|VOGEL|81710317|Shipped|||NONE|00000-000||BR|DSV||1|.2|.002|2|2|Y|06-17-2026 10:42:35|06-17-2026 10:42:35|||06-17-2026 10:43:28|06-17-2026 10:44:07|06-19-2026 09:18:16|06-19-2026 09:18:16|06-19-2026 14:39:01||06-22-2026 10:25:08|06-22-2026 10:25:08|06-23-2026 16:27:33|119.71|149.75|30.04
BRCJM01|BRALGAR|VOGEL|81710318|Shipped|||NONE|00000-000||BR|DSV||3|0|.0011|11|11|Y|06-17-2026 10:42:35|06-17-2026 10:42:35|||06-17-2026 10:43:28|06-17-2026 10:44:08|06-17-2026 12:23:43|06-17-2026 12:26:48|06-23-2026 10:19:14||06-23-2026 15:21:44|06-23-2026 15:21:44|06-23-2026 16:27:33|148.65|149.75|1.1
BRCJM01|BRALGAR|VOGEL|81710322|Shipped|||NONE|00000-000||BR|DSV||2|20.2|.202|202|202|Y|06-17-2026 10:42:35|06-17-2026 10:42:35|||06-17-2026 10:43:28|06-17-2026 10:44:08|06-17-2026 12:23:02|06-18-2026 10:13:36|06-18-2026 10:13:52||06-18-2026 14:26:33|06-18-2026 14:26:33|06-23-2026 16:27:33|27.73|149.75|122.02
BRCJM01|BRALGAR|VOGEL|81710567|Shipped|||NONE|00000-000||BR|DSV||1|.1|.001|1|1|Y|06-16-2026 12:39:20|06-16-2026 12:39:20|||06-16-2026 12:40:27|06-16-2026 12:40:44|06-16-2026 14:48:53|06-16-2026 14:48:53|06-16-2026 15:19:49||06-17-2026 13:57:01|06-19-2026 12:10:20|06-19-2026 12:14:46|25.29|71.59|46.3
BRCJM01|BRALGAR|VOGEL|81710568|Shipped|||NONE|00000-000||BR|DSV||1|.1|.001|1|1|Y|06-17-2026 10:42:35|06-17-2026 10:42:35|||06-17-2026 10:43:28|06-17-2026 10:44:08|06-19-2026 09:10:07|06-19-2026 09:10:08|06-19-2026 14:14:07||06-23-2026 10:51:08|06-23-2026 10:51:08|06-23-2026 15:38:48|144.14|148.94|4.79
BRCJM01|BRALGAR|VOGEL|81710569|Shipped|||NONE|00000-000||BR|DSV||1|.1|.001|1|1|Y|06-17-2026 10:42:35|06-17-2026 10:42:35|||06-17-2026 10:43:28|06-17-2026 10:44:08|06-17-2026 12:22:03|06-17-2026 12:22:03|06-18-2026 11:13:08||06-18-2026 14:26:16|06-18-2026 14:26:16|06-26-2026 21:52:37|27.73|227.17|199.44
BRCJM01|BRALGAR|VOGEL|81710964|Shipped|||NONE|00000-000||BR|DSV||1|.1|.001|1|1|Y|06-17-2026 10:43:35|06-17-2026 10:43:35|||06-17-2026 10:46:06|06-17-2026 11:12:45|06-19-2026 08:28:15|06-22-2026 11:23:08|06-22-2026 11:24:01||06-23-2026 10:51:31|06-23-2026 10:51:31|06-23-2026 16:27:33|144.13|149.73|5.6
BRCJM01|BRALGAR|VOGEL|81710965|Shipped|||NONE|00000-000||BR|DSV||1|0|.010001|100|100|Y|06-17-2026 10:43:35|06-17-2026 10:43:35|||06-17-2026 10:46:06|06-17-2026 11:12:45|06-17-2026 12:32:40|06-17-2026 12:32:40|06-18-2026 11:06:04||06-19-2026 17:31:27|06-18-2026 14:25:57|06-19-2026 17:31:27|54.8|54.8|0
BRCJM01|BRALGAR|VOGEL|81710967|Shipped|||NONE|00000-000||BR|DSV||1|.1|.001|1|1|Y|06-17-2026 10:43:35|06-17-2026 10:43:35|||06-17-2026 10:46:06|06-17-2026 11:12:45|06-17-2026 12:39:37|06-17-2026 12:39:37|06-18-2026 11:12:27||06-18-2026 14:25:40|06-18-2026 14:25:40|06-23-2026 16:27:33|27.7|149.73|122.03
BRCJM01|BRALGAR|VOGEL|81710968|Shipped|||NONE|00000-000||BR|DSV||1|.5|.005|5|5|Y|06-17-2026 10:43:36|06-17-2026 10:43:36|||06-17-2026 10:46:06|06-17-2026 11:12:45|06-19-2026 13:17:00|06-19-2026 13:17:17|06-19-2026 14:45:41||06-23-2026 10:51:12|06-23-2026 10:51:12|06-23-2026 15:38:48|144.13|148.92|4.79
BRCJM01|BRALGAR|VOGEL|81711070|Shipped|||NONE|00000-000||BR|DSV||1|0|.003|30|30|Y|06-17-2026 10:43:36|06-17-2026 10:43:36|||06-17-2026 10:46:06|06-17-2026 11:12:45|06-17-2026 12:33:24|06-17-2026 12:33:24|06-18-2026 11:11:21||06-18-2026 14:25:22|06-18-2026 14:25:22|06-23-2026 16:27:33|27.7|149.73|122.04
BRCJM01|BRALGAR|VOGEL|81711689|Shipped|||NONE|00000-000||BR|DSV||1|1.6|.016|16|16|Y|06-17-2026 10:43:36|06-17-2026 10:43:36|||06-17-2026 10:46:06|06-17-2026 11:12:45|06-19-2026 08:03:24|06-19-2026 08:03:43|06-19-2026 09:30:29||06-19-2026 10:49:52|06-19-2026 10:49:52|06-19-2026 16:21:17|48.1|53.63|5.52
BRCJM01|BRALGAR|VOGEL|81712283|Shipped|||NONE|00000-000||BR|DSV||2|20.6|.206|206|206|Y|06-18-2026 09:32:10|06-18-2026 09:32:10|||06-18-2026 14:59:57|06-18-2026 15:04:20|06-19-2026 08:04:59|06-22-2026 14:00:37|06-22-2026 14:07:01||06-23-2026 15:22:51|06-23-2026 15:22:51|06-23-2026 15:44:15|125.84|126.2|.36
BRCJM01|BRALGAR|VOGEL|81712364|Shipped|||NONE|00000-000||BR|DSV||1|.4|.004|4|4|Y|06-18-2026 09:32:10|06-18-2026 09:32:10|||06-18-2026 09:32:32|06-18-2026 09:33:01|06-18-2026 10:24:02|06-18-2026 10:24:02|06-19-2026 15:27:34||06-22-2026 13:17:38|06-22-2026 13:17:38|06-22-2026 13:18:03|99.76|99.76|.01
BRCJM01|BRALGAR|VOGEL|81712365|Shipped|||NONE|00000-000||BR|DSV||1|.1|.001|1|1|Y|06-18-2026 09:32:10|06-18-2026 09:32:10|||06-18-2026 09:32:32|06-18-2026 09:33:01|06-18-2026 10:26:28|06-18-2026 10:26:28|06-19-2026 14:23:13||06-23-2026 12:13:28|06-23-2026 12:13:28|06-23-2026 15:44:17|122.69|126.2|3.51
BRCJM01|BRALGAR|VOGEL|81712367|Shipped|||NONE|00000-000||BR|DSV||3|.3|.0032|5|5|Y|06-18-2026 09:32:10|06-18-2026 09:32:10|||06-18-2026 09:32:32|06-18-2026 09:33:01|06-18-2026 12:48:38|06-18-2026 12:49:11|06-18-2026 15:10:08||06-22-2026 13:18:03|06-19-2026 08:57:22|06-22-2026 13:18:03|99.76|99.76|0
BRCJM01|BRALGAR|VOGEL|81712368|Shipped|||NONE|00000-000||BR|DSV||2|.4|.004|4|4|Y|06-18-2026 09:32:10|06-18-2026 09:32:10|||06-18-2026 09:32:32|06-18-2026 09:33:01|06-18-2026 12:44:19|06-18-2026 12:44:36|06-18-2026 15:20:43||06-19-2026 08:36:26|06-19-2026 08:36:26|06-19-2026 12:14:47|23.07|26.71|3.64
BRCJM01|BRALGAR|VOGEL|81712511|Shipped|||NONE|00000-000||BR|DSV||1|0|.0002|2|2|Y|06-18-2026 09:32:10|06-18-2026 09:32:10|||06-18-2026 09:32:32|06-18-2026 09:33:02|06-18-2026 12:47:01|06-18-2026 12:47:01|06-18-2026 15:16:22||06-19-2026 08:36:57|06-19-2026 08:36:57|06-19-2026 12:14:47|23.08|26.71|3.63
BRCJM01|BRALGAR|VOGEL|81713020|Shipped|||NONE|00000-000||BR|DSV||2|50.1|.501|501|501|Y|06-19-2026 11:51:52|06-19-2026 11:51:52|||06-19-2026 11:53:52|06-19-2026 11:55:06|06-20-2026 12:04:13|06-20-2026 12:17:15|06-20-2026 15:37:52||06-22-2026 13:08:29|06-22-2026 13:08:29|06-23-2026 15:41:08|73.28|99.82|26.54
BRCJM01|BRALGAR|VOGEL|81713024|Shipped|||NONE|00000-000||BR|DSV||1|0|.015002|150|150|Y|06-19-2026 11:51:52|06-19-2026 11:51:52|||06-19-2026 11:53:52|06-19-2026 11:55:06|06-19-2026 14:44:08|06-19-2026 14:44:08|06-19-2026 16:00:39||06-22-2026 10:47:13|06-22-2026 10:47:13|06-24-2026 18:55:00|70.92|127.05|56.13
BRCJM01|BRALGAR|VOGEL|81713025|Shipped|||NONE|00000-000||BR|DSV||1|.2|.002|2|2|Y|06-19-2026 11:51:52|06-19-2026 11:51:52|||06-19-2026 11:53:52|06-19-2026 11:55:06|06-19-2026 14:28:52|06-22-2026 11:20:37|06-22-2026 11:21:24||06-23-2026 17:02:48|06-23-2026 17:02:48|06-29-2026 20:12:19|101.18|248.34|147.16
BRCJM01|BRALGAR|VOGEL|81713055|Shipped|||NONE|00000-000||BR|DSV||1|0|.007001|70|70|Y|06-19-2026 11:51:53|06-19-2026 11:51:53|||06-19-2026 11:53:52|06-19-2026 11:55:06|06-19-2026 14:40:01|06-19-2026 14:40:01|06-19-2026 16:08:54||06-22-2026 09:36:24|06-22-2026 09:36:24|06-24-2026 18:55:01|69.74|127.05|57.31
BRCJM01|BRALGAR|VOGEL|81713057|Shipped|||NONE|00000-000||BR|DSV||1|0|.0005|5|5|Y|06-19-2026 11:51:53|06-19-2026 11:51:53|||06-19-2026 11:53:52|06-19-2026 11:55:06|06-20-2026 09:47:05|06-20-2026 09:47:05|06-20-2026 15:24:42||06-22-2026 11:03:23|06-22-2026 11:03:23|06-23-2026 16:27:34|71.19|100.59|29.4
BRCJM01|BRALGAR|VOGEL|81713059|Shipped|||NONE|00000-000||BR|DSV||1|0|.0008|8|8|Y|06-19-2026 11:51:53|06-19-2026 11:51:53|||06-19-2026 11:53:52|06-19-2026 11:55:06|06-20-2026 09:41:45|06-22-2026 12:30:14|06-22-2026 12:33:02||06-23-2026 10:58:53|06-23-2026 10:58:53|06-23-2026 16:27:34|95.12|100.59|5.48
BRCJM01|BRALGAR|VOGEL|81713064|Shipped|||NONE|00000-000||BR|DSV||1|0|.003|30|30|Y|06-19-2026 11:51:53|06-19-2026 11:51:53|||06-19-2026 11:53:52|06-19-2026 11:55:06|06-19-2026 14:42:17|06-19-2026 14:42:17|06-19-2026 16:22:38||06-22-2026 14:48:41|06-22-2026 14:48:41|06-23-2026 16:27:35|74.95|100.6|25.65
BRCJM01|BRALGAR|VOGEL|81713065|Shipped|||NONE|00000-000||BR|DSV||2|1|.020001|110|110|Y|06-19-2026 11:51:53|06-19-2026 11:51:53|||06-19-2026 11:53:52|06-19-2026 11:55:06|06-20-2026 11:54:15|06-22-2026 07:19:17|06-22-2026 08:11:28||06-22-2026 09:28:02|06-22-2026 09:28:02|06-23-2026 16:27:35|69.6|100.6|30.99
BRCJM01|BRALGAR|VOGEL|81713068|Shipped|||NONE|00000-000||BR|DSV||5|.6|.0068|14|14|Y|06-19-2026 11:51:53|06-19-2026 11:51:53|||06-19-2026 11:53:52|06-19-2026 11:55:06|06-20-2026 11:46:42|06-22-2026 07:34:59|06-22-2026 07:49:32||06-22-2026 11:07:13|06-22-2026 11:07:13|06-23-2026 16:27:35|71.26|100.6|29.34
BRCJM01|BRALGAR|VOGEL|81713070|Shipped|||NONE|00000-000||BR|DSV||1|.1|.001|1|1|Y|06-19-2026 11:51:53|06-19-2026 11:51:53|||06-19-2026 11:53:52|06-19-2026 11:55:07|06-20-2026 10:33:52|06-20-2026 10:33:52|06-20-2026 15:09:44||06-22-2026 11:08:29|06-22-2026 11:08:29|06-23-2026 16:27:35|71.28|100.6|29.32
BRCJM01|BRALGAR|VOGEL|81713071|Shipped|||NONE|00000-000||BR|DSV||1|.1|.001|1|1|Y|06-19-2026 11:51:53|06-19-2026 11:51:53|||06-19-2026 11:53:52|06-19-2026 11:55:07|06-19-2026 14:56:42|06-19-2026 14:56:42|06-19-2026 17:27:04||06-22-2026 11:09:02|06-22-2026 11:09:02|06-23-2026 16:27:35|71.29|100.6|29.31
BRCJM01|BRALGAR|VOGEL|81713072|Shipped|||NONE|00000-000||BR|DSV||1|0|.010001|100|100|Y|06-19-2026 11:51:53|06-19-2026 11:51:53|||06-19-2026 11:53:52|06-19-2026 11:55:07|06-19-2026 14:31:01|06-19-2026 14:31:01|06-19-2026 16:06:01||06-22-2026 09:37:03|06-22-2026 09:37:03|07-01-2026 10:36:39|69.75|286.75|216.99
BRCJM01|BRALGAR|VOGEL|81713220|Shipped|||NONE|00000-000||BR|DSV||3|.7|.007|7|7|Y|06-19-2026 11:51:53|06-19-2026 11:51:53|||06-19-2026 11:53:53|06-19-2026 11:55:07|06-20-2026 11:50:03|06-20-2026 12:10:44|06-22-2026 08:29:01||06-22-2026 09:34:28|06-22-2026 09:34:28|06-24-2026 18:55:01|69.71|127.05|57.34
BRCJM01|BRALGAR|VOGEL|81713283|Shipped|||NONE|00000-000||BR|DSV||5|.4|.005|14|14|Y|06-19-2026 11:51:54|06-19-2026 11:51:54|||06-19-2026 11:53:53|06-19-2026 11:55:07|06-20-2026 11:44:45|06-20-2026 11:59:13|06-20-2026 15:35:38||06-22-2026 11:12:58|06-22-2026 11:12:58|07-01-2026 10:36:39|71.35|286.75|215.39
BRCJM01|BRALGAR|VOGEL|81713377|Shipped|||NONE|00000-000||BR|DSV||2|.2|.002|2|2|Y|06-19-2026 11:51:54|06-19-2026 11:51:54|||06-19-2026 11:53:53|06-19-2026 11:55:07|06-20-2026 11:56:36|06-20-2026 11:59:52|06-22-2026 07:05:53||06-22-2026 09:32:02|06-22-2026 09:32:02|06-23-2026 16:27:35|69.67|100.59|30.93
BRCJM01|BRALGAR|VOGEL|81713427|Shipped|||NONE|00000-000||BR|DSV||1|10.7|.107|107|107|Y|06-19-2026 11:51:54|06-19-2026 11:51:54|||06-19-2026 11:53:53|06-19-2026 11:55:07|06-20-2026 12:18:35|06-20-2026 12:19:45|06-20-2026 17:14:19||06-22-2026 12:44:42|06-22-2026 12:44:42|06-24-2026 18:55:01|72.88|127.05|54.17
BRCJM01|BRALGAR|VOGEL|81713837|Shipped|||NONE|00000-000||BR|DSV||1|0|.015002|150|150|Y|06-19-2026 11:51:54|06-19-2026 11:51:54|||06-19-2026 11:53:53|06-19-2026 11:55:07|06-19-2026 14:25:44|06-19-2026 14:25:44|06-19-2026 16:47:05||06-24-2026 08:20:46|06-24-2026 08:20:46|06-24-2026 18:51:13|116.48|126.99|10.51
BRCJM01|BRALGAR|VOGEL|81713884|Shipped|||NONE|00000-000||BR|DSV||1|0|.010001|100|100|Y|06-19-2026 11:51:54|06-19-2026 11:51:54|||06-19-2026 11:53:53|06-19-2026 11:55:07|06-19-2026 14:50:45|06-19-2026 14:50:45|06-19-2026 16:51:39||06-22-2026 14:48:24|06-22-2026 14:48:24|06-23-2026 16:27:36|74.94|100.6|25.65
BRCJM01|BRALGAR|VOGEL|81713887|Shipped|||NONE|00000-000||BR|DSV||1|.4|.004|4|4|Y|06-19-2026 11:51:54|06-19-2026 11:51:54|||06-19-2026 11:53:53|06-19-2026 11:55:07|06-19-2026 14:43:09|06-19-2026 14:43:09|06-20-2026 10:15:24||06-22-2026 12:54:16|06-22-2026 12:54:16|06-23-2026 16:27:36|73.04|100.6|27.56
BRCJM01|BRALGAR|VOGEL|81714145|Shipped|||NONE|00000-000||BR|DSV||1|400|4|4000|4000|Y|06-19-2026 11:51:54|06-19-2026 11:51:54|||06-19-2026 11:53:53|06-19-2026 11:55:08|06-20-2026 15:02:07|06-20-2026 15:02:41|06-22-2026 10:57:46||06-24-2026 08:27:43|06-24-2026 08:27:43|06-24-2026 18:55:01|116.6|127.05|10.46
BRCJM01|BRALGAR|VOGEL|81714166|Shipped|||NONE|00000-000||BR|DSV||1|.2|.002|2|2|Y|06-19-2026 11:51:54|06-19-2026 11:51:54|||06-19-2026 11:53:53|06-19-2026 11:55:08|06-19-2026 14:43:45|06-19-2026 14:43:45|06-20-2026 10:35:12||06-22-2026 12:53:51|06-22-2026 12:53:51|06-23-2026 16:27:36|73.03|100.6|27.56
BRCJM01|BRALGAR|VOGEL|81714170|Shipped|||NONE|00000-000||BR|DSV||1|.4|.004|4|4|Y|06-19-2026 11:51:54|06-19-2026 11:51:54|||06-19-2026 11:53:53|06-19-2026 11:55:08|06-22-2026 08:57:24|06-22-2026 08:57:24|06-23-2026 12:13:12||06-24-2026 08:34:33|06-24-2026 08:34:33|06-26-2026 21:52:37|116.71|178.01|61.3
BRCJM01|BRALGAR|VOGEL|81714173|Shipped|||NONE|00000-000||BR|DSV||1|.1|.001|1|1|Y|06-19-2026 11:51:54|06-19-2026 11:51:54|||06-19-2026 11:53:53|06-19-2026 11:55:08|06-20-2026 09:35:31|06-22-2026 12:26:32|06-22-2026 12:29:09||06-24-2026 08:28:03|06-24-2026 08:28:03|06-24-2026 18:55:02|116.6|127.05|10.45
BRCJM01|BRALGAR|VOGEL|81714176|Shipped|||NONE|00000-000||BR|DSV||1|.1|.001|1|1|Y|06-19-2026 11:51:54|06-19-2026 11:51:54|||06-19-2026 11:53:53|06-19-2026 11:55:08|06-19-2026 14:44:25|06-19-2026 14:44:25|06-19-2026 17:22:56||06-22-2026 13:06:24|06-22-2026 13:06:24|06-24-2026 18:51:13|73.24|126.99|53.75
BRCJM01|BRALGAR|VOGEL|81714187|Shipped|||NONE|00000-000||BR|DSV||1|30|.3|300|300|Y|06-19-2026 11:51:54|06-19-2026 11:51:54|||06-19-2026 11:53:53|06-19-2026 11:55:08|06-20-2026 15:49:15|06-20-2026 15:49:15|06-22-2026 11:05:59||06-22-2026 12:56:13|06-22-2026 12:56:13|06-24-2026 18:51:13|73.07|126.99|53.92
BRCJM01|BRALGAR|VOGEL|81714190|Shipped|||NONE|00000-000||BR|DSV||1|.2|.002|2|2|Y|06-19-2026 11:51:55|06-19-2026 11:51:55|||06-19-2026 11:53:53|06-19-2026 11:55:08|06-19-2026 14:52:25|06-19-2026 14:52:25|06-20-2026 10:00:18||06-22-2026 11:19:53|06-22-2026 11:19:53|06-26-2026 21:52:37|71.47|178.01|106.55
BRCJM01|BRALGAR|VOGEL|81714201|Shipped|||NONE|00000-000||BR|DSV||1|40|.4|400|400|Y|06-19-2026 11:51:55|06-19-2026 11:51:55|||06-19-2026 11:53:53|06-19-2026 11:55:08|06-19-2026 14:55:31|06-19-2026 14:55:31|06-20-2026 09:46:38||06-22-2026 13:07:02|06-22-2026 13:07:02|06-24-2026 18:51:13|73.25|126.99|53.74
BRCJM01|BRALGAR|VOGEL|81714208|Shipped|||NONE|00000-000||BR|DSV||1|.3|.003|3|3|Y|06-19-2026 11:51:55|06-19-2026 11:51:55|||06-19-2026 11:53:53|06-19-2026 11:55:08|06-19-2026 15:02:03|06-19-2026 15:02:03|06-20-2026 10:42:48||06-24-2026 08:29:33|06-24-2026 08:29:33|06-26-2026 21:52:38|116.63|178.01|61.38
BRCJM01|BRALGAR|VOGEL|81714209|Shipped|||NONE|00000-000||BR|DSV||2|20.2|.202|202|202|Y|06-19-2026 11:51:55|06-19-2026 11:51:55|||06-19-2026 11:53:53|06-19-2026 11:55:08|06-20-2026 12:03:26|06-20-2026 12:08:03|06-20-2026 15:54:02||06-22-2026 13:08:58|06-22-2026 13:08:58|06-24-2026 18:51:13|73.28|126.99|53.7
BRCJM01|BRALGAR|VOGEL|81714212|Shipped|||NONE|00000-000||BR|DSV||1|30|.3|300|300|Y|06-19-2026 11:51:55|06-19-2026 11:51:55|||06-19-2026 11:53:53|06-19-2026 11:55:08|06-22-2026 09:31:38|06-22-2026 09:31:38|06-22-2026 11:01:28||06-24-2026 08:29:41|06-24-2026 08:29:41|06-24-2026 18:51:13|116.63|126.99|10.36
BRCJM01|BRALGAR|VOGEL|81714657|Shipped|||NONE|00000-000||BR|DSV||3|802|8.02|8020|8020|Y|06-23-2026 17:43:04|06-23-2026 17:43:04|||06-25-2026 10:13:36|06-25-2026 10:32:13|06-25-2026 13:31:31|06-25-2026 14:49:37|06-25-2026 14:53:28||06-27-2026 08:51:35|06-27-2026 08:51:35|07-02-2026 20:01:46|87.14|218.31|131.17
BRCJM01|BRALGAR|VOGEL|81714790|Shipped|||NONE|00000-000||BR|DSV||2|9|.095001|140|140|Y|06-23-2026 17:43:04|06-23-2026 17:43:04|||06-23-2026 17:43:29|06-23-2026 17:44:28|06-24-2026 14:30:17|06-25-2026 10:31:31|06-25-2026 10:50:12||06-26-2026 11:26:59|06-26-2026 11:26:59|06-26-2026 11:29:24|65.73|65.77|.04
BRCJM01|BRALGAR|VOGEL|81714796|Shipped|||NONE|00000-000||BR|DSV||3|4.5|.0465|60|60|Y|06-23-2026 17:43:04|06-23-2026 17:43:04|||06-23-2026 17:43:29|06-23-2026 17:44:28|06-24-2026 09:43:09|06-25-2026 08:25:46|06-25-2026 11:29:12||06-27-2026 08:52:04|06-27-2026 08:52:04|06-29-2026 20:12:19|87.15|146.49|59.34
BRCJM01|BRALGAR|VOGEL|81714799|Shipped|||NONE|00000-000||BR|DSV||1|3|.03|30|30|Y|06-23-2026 17:43:04|06-23-2026 17:43:04|||06-23-2026 17:43:29|06-23-2026 17:44:28|06-24-2026 09:22:34|06-24-2026 09:22:34|06-24-2026 11:30:54||06-26-2026 11:39:02|06-26-2026 11:39:02|06-26-2026 11:46:24|65.93|66.06|.12
BRCJM01|BRALGAR|VOGEL|81714843|Shipped|||NONE|00000-000||BR|DSV||1|.1|.001|1|1|Y|06-23-2026 13:29:31|06-23-2026 13:29:31|||06-23-2026 13:30:15|06-23-2026 13:30:35|06-23-2026 14:03:43|06-23-2026 14:03:44|06-23-2026 14:14:25||06-24-2026 08:30:10|06-24-2026 08:30:10|06-26-2026 21:52:38|19.01|80.39|61.37
BRCJM01|BRALGAR|VOGEL|81714844|Shipped|||NONE|00000-000||BR|DSV||1|.5|.005|5|5|Y|06-23-2026 13:29:31|06-23-2026 13:29:31|||06-23-2026 13:30:15|06-23-2026 13:30:36|06-23-2026 14:32:22|06-23-2026 14:37:50|06-23-2026 14:46:32||06-24-2026 08:30:28|06-24-2026 08:30:28|06-24-2026 17:37:49|19.02|28.14|9.12
BRCJM01|BRALGAR|VOGEL|81714845|Shipped|||NONE|00000-000||BR|DSV||1|.5|.005|5|5|Y|06-23-2026 13:29:30|06-23-2026 13:29:30|||06-23-2026 13:30:15|06-23-2026 13:30:35|06-23-2026 14:32:48|06-23-2026 14:32:48|06-23-2026 14:51:23||06-24-2026 08:30:40|06-24-2026 08:30:40|06-24-2026 17:37:50|19.02|28.14|9.12
BRCJM01|BRALGAR|VOGEL|81714846|Shipped|||NONE|00000-000||BR|DSV||2|2|.030001|120|120|Y|06-23-2026 13:09:24|06-23-2026 13:09:24|||06-23-2026 13:09:45|06-23-2026 13:10:06|06-23-2026 13:19:04|06-23-2026 14:21:39|06-23-2026 14:28:52||06-24-2026 08:31:00|06-24-2026 08:31:00|06-24-2026 17:37:50|19.36|28.47|9.11
BRCJM01|BRALGAR|VOGEL|81714847|Shipped|||NONE|00000-000||BR|DSV||1|0|.003|30|30|Y|06-23-2026 13:29:31|06-23-2026 13:29:31|||06-23-2026 13:30:15|06-23-2026 13:30:35|06-23-2026 14:33:59|06-23-2026 14:33:59|06-23-2026 14:34:35||06-24-2026 08:31:08|06-24-2026 08:31:08|06-24-2026 17:37:50|19.03|28.14|9.11
BRCJM01|BRALGAR|VOGEL|81715123|Shipped|||NONE|00000-000||BR|DSV||2|2|.190017|1720|1720|Y|06-23-2026 17:43:04|06-23-2026 17:43:04|||06-25-2026 10:07:04|06-25-2026 10:11:17|06-25-2026 10:38:39|06-25-2026 15:50:02|06-25-2026 16:50:45||07-02-2026 20:01:46|06-27-2026 08:52:29|07-02-2026 20:01:46|218.31|218.31|0
BRCJM01|BRALGAR|VOGEL|81715131|Shipped|||NONE|00000-000||BR|DSV||1|2|.02|20|20|Y|06-23-2026 17:43:04|06-23-2026 17:43:04|||06-23-2026 17:43:29|06-23-2026 17:44:29|06-24-2026 09:00:43|06-24-2026 09:00:44|06-24-2026 15:25:33||06-26-2026 21:46:52|06-26-2026 21:46:52|06-26-2026 21:52:38|76.06|76.16|.1
BRCJM01|BRALGAR|VOGEL|81715132|Shipped|||NONE|00000-000||BR|DSV||12|10.5|.125101|306|306|Y|06-23-2026 17:43:04|06-23-2026 17:43:04|||06-23-2026 17:43:29|06-23-2026 17:44:29|06-24-2026 13:47:48|07-01-2026 14:33:11|07-02-2026 13:11:25||07-03-2026 17:10:43|07-05-2026 19:00:38|07-05-2026 19:00:43|239.46|289.29|49.83
BRCJM01|BRALGAR|VOGEL|81715633|Shipped|||NONE|00000-000||BR|DSV||1|.2|.002|2|2|Y|06-23-2026 17:43:05|06-23-2026 17:43:05|||06-23-2026 17:43:29|06-23-2026 17:44:29|06-24-2026 09:09:31|06-24-2026 09:09:31|06-24-2026 14:13:30||06-26-2026 21:46:56|06-26-2026 21:46:56|06-26-2026 21:52:38|76.06|76.16|.1
BRCJM01|BRALGAR|VOGEL|81715697|Shipped|||NONE|00000-000||BR|DSV||1|.1|.001|1|1|Y|06-23-2026 17:43:05|06-23-2026 17:43:05|||06-23-2026 17:43:29|06-23-2026 17:44:29|06-24-2026 09:14:48|06-24-2026 09:14:48|06-24-2026 13:59:09||06-26-2026 11:54:44|06-26-2026 11:54:44|07-01-2026 10:36:40|66.19|184.89|118.7
BRCJM01|BRALGAR|VOGEL|81715698|Shipped|||NONE|00000-000||BR|DSV||1|40|.4|400|400|Y|06-23-2026 17:43:05|06-23-2026 17:43:05|||06-23-2026 17:43:29|06-23-2026 17:44:29|06-24-2026 15:27:14|06-24-2026 15:27:14|06-25-2026 07:35:33||06-26-2026 21:47:03|06-26-2026 21:47:03|06-26-2026 21:52:38|76.07|76.16|.09
BRCJM01|BRALGAR|VOGEL|81715702|Shipped|||NONE|00000-000||BR|DSV||1|.1|.001|1|1|Y|06-23-2026 17:43:05|06-23-2026 17:43:05|||06-23-2026 17:43:53|06-23-2026 17:44:30|06-24-2026 13:09:19|06-24-2026 13:09:19|06-25-2026 08:52:49||06-26-2026 21:47:09|06-26-2026 21:47:09|06-26-2026 21:52:38|76.07|76.16|.09
BRCJM01|BRALGAR|VOGEL|81715705|Shipped|||NONE|00000-000||BR|DSV||1|25|.25|250|250|Y|06-23-2026 17:43:05|06-23-2026 17:43:05|||06-23-2026 17:43:53|06-23-2026 17:44:30|06-24-2026 14:44:15|06-24-2026 14:46:40|06-24-2026 14:49:59||06-26-2026 11:54:51|06-26-2026 11:54:51|07-01-2026 10:36:40|66.2|184.89|118.7
BRCJM01|BRALGAR|VOGEL|81715828|Shipped|||NONE|00000-000||BR|DSV||3|.8|.0094|22|22|Y|06-23-2026 12:11:10|06-23-2026 12:11:10|||06-23-2026 12:15:14|06-23-2026 13:56:26|06-23-2026 14:12:04|06-23-2026 15:21:01|06-23-2026 15:34:17||06-24-2026 08:49:31|06-24-2026 08:49:31|06-26-2026 11:32:37|20.64|71.36|50.72
BRCJM01|BRALGAR|VOGEL|81715871|Shipped|||NONE|00000-000||BR|DSV||1|0|.010001|100|100|Y|06-23-2026 17:43:05|06-23-2026 17:43:05|||06-23-2026 17:43:53|06-23-2026 17:44:30|06-24-2026 08:11:42|06-24-2026 09:45:17|06-24-2026 09:45:35||06-24-2026 11:18:31|06-26-2026 21:47:13|06-26-2026 21:52:38|17.59|76.16|58.57
BRCJM01|BRALGAR|VOGEL|81716734|Shipped|||NONE|00000-000||BR|DSV||1|.1|.001|1|1|Y|06-23-2026 17:43:05|06-23-2026 17:43:05|||06-23-2026 17:43:54|06-23-2026 17:44:30|06-24-2026 09:21:51|06-24-2026 09:21:51|06-24-2026 14:19:38||06-27-2026 08:53:25|06-27-2026 08:53:25|06-29-2026 20:12:19|87.17|146.49|59.32
BRCJM01|BRALGAR|VOGEL|81716739|Shipped|||NONE|00000-000||BR|DSV||1|.1|.001|1|1|Y|06-23-2026 17:43:06|06-23-2026 17:43:06|||06-23-2026 17:43:54|06-23-2026 17:44:30|06-24-2026 08:30:48|06-27-2026 09:09:23|06-27-2026 09:10:11||06-27-2026 09:10:24|06-27-2026 09:10:24|06-29-2026 20:12:20|87.45|146.49|59.03
BRCJM01|BRALGAR|VOGEL|81716740|Shipped|||NONE|00000-000||BR|DSV||1|.1|.001|1|1|Y|06-23-2026 17:43:06|06-23-2026 17:43:06|||06-23-2026 17:43:54|06-23-2026 17:44:30|06-24-2026 08:29:45|06-26-2026 11:28:20|06-26-2026 11:28:45||06-26-2026 11:28:58|06-26-2026 11:28:58|06-26-2026 11:29:24|65.76|65.77|.01
BRCJM01|BRALGAR|VOGEL|81716741|Shipped|||NONE|00000-000||BR|DSV||1|.2|.002|2|2|Y|06-23-2026 17:43:06|06-23-2026 17:43:06|||06-23-2026 17:43:54|06-23-2026 17:44:30|06-24-2026 08:24:56|06-24-2026 08:24:56|06-24-2026 11:22:36||06-26-2026 11:39:17|06-26-2026 11:39:17|06-26-2026 11:46:25|65.94|66.06|.12
BRCJM01|BRALGAR|VOGEL|81716742|Shipped|||NONE|00000-000||BR|DSV||1|.1|.001|1|1|Y|06-23-2026 17:43:06|06-23-2026 17:43:06|||06-23-2026 17:43:54|06-23-2026 17:44:30|06-24-2026 08:11:24|06-24-2026 08:11:24|06-24-2026 08:21:02||06-24-2026 08:49:39|06-26-2026 11:51:26|06-26-2026 11:52:22|15.11|66.15|51.05
BRCJM01|BRALGAR|VOGEL|81716743|Shipped|||NONE|00000-000||BR|DSV||1|.1|.001|1|1|Y|06-23-2026 17:43:06|06-23-2026 17:43:06|||06-23-2026 17:43:54|06-23-2026 17:44:30|06-24-2026 08:09:25|06-24-2026 08:09:25|06-24-2026 08:23:12||06-24-2026 11:16:04|06-26-2026 11:51:26|06-26-2026 11:52:22|17.55|66.15|48.6
BRCJM01|BRALGAR|VOGEL|81716744|Shipped|||NONE|00000-000||BR|DSV||1|.1|.001|1|1|Y|06-23-2026 17:43:06|06-23-2026 17:43:06|||06-23-2026 17:43:54|06-23-2026 17:44:30|06-24-2026 08:07:01|06-24-2026 08:07:01|06-24-2026 08:19:05||06-24-2026 08:50:12|06-26-2026 11:51:26|06-26-2026 11:52:22|15.12|66.15|51.04
BRCJM01|BRALGAR|VOGEL|81716841|Shipped|||NONE|00000-000||BR|DSV||2|.1|.0011|2|2|Y|06-23-2026 17:43:06|06-23-2026 17:43:06|||06-23-2026 17:43:54|06-23-2026 17:44:30|06-24-2026 13:03:25|06-24-2026 13:03:35|06-24-2026 13:06:04||06-26-2026 21:47:19|06-26-2026 21:47:19|06-26-2026 21:52:38|76.07|76.16|.09
BRCJM01|BRALGAR|VOGEL|81717017|Shipped|||NONE|00000-000||BR|DSV||1|0|.003|30|30|Y|06-23-2026 17:43:06|06-23-2026 17:43:06|||06-23-2026 17:43:54|06-23-2026 17:44:30|06-24-2026 08:09:41|06-24-2026 08:09:41|06-24-2026 10:15:20||06-24-2026 11:19:27|06-27-2026 08:53:41|06-29-2026 20:12:20|17.61|146.49|128.88
BRCJM01|BRALGAR|VOGEL|81717019|Shipped|||NONE|00000-000||BR|DSV||1|.2|.002|2|2|Y|06-23-2026 17:43:07|06-23-2026 17:43:07|||06-23-2026 17:43:54|06-23-2026 17:44:30|06-24-2026 08:24:44|06-24-2026 08:24:44|06-24-2026 11:33:56||06-26-2026 11:55:50|06-26-2026 11:55:50|07-01-2026 10:36:41|66.21|184.89|118.68
BRCJM01|BRALGAR|VOGEL|81717021|Shipped|||NONE|00000-000||BR|DSV||1|40|.4|400|400|Y|06-23-2026 17:43:07|06-23-2026 17:43:07|||06-23-2026 17:43:54|06-23-2026 17:44:30|06-24-2026 15:26:01|06-24-2026 15:26:01|06-25-2026 07:37:11||06-26-2026 21:47:26|06-26-2026 21:47:26|06-26-2026 21:52:38|76.07|76.16|.09
BRCJM01|BRALGAR|VOGEL|81717022|Shipped|||NONE|00000-000||BR|DSV||1|0|.005001|50|50|Y|06-23-2026 17:43:07|06-23-2026 17:43:07|||06-23-2026 17:43:54|06-23-2026 17:44:30|06-24-2026 09:52:24|06-24-2026 09:52:24|06-24-2026 09:53:43||06-24-2026 11:20:35|06-26-2026 11:53:40|07-01-2026 10:36:41|17.62|184.89|167.27
BRCJM01|BRALGAR|VOGEL|81717033|Shipped|||NONE|00000-000||BR|DSV||1|80|.8|800|800|Y|06-23-2026 17:43:07|06-23-2026 17:43:07|||06-23-2026 17:43:54|06-23-2026 17:44:30|06-24-2026 09:25:50|06-24-2026 09:25:50|06-24-2026 11:27:06||06-26-2026 11:57:02|06-26-2026 11:57:02|07-01-2026 10:36:41|66.23|184.89|118.66
BRCJM01|BRALGAR|VOGEL|81717035|Shipped|||NONE|00000-000||BR|DSV||1|0|.005001|50|50|Y|06-23-2026 17:43:07|06-23-2026 17:43:07|||06-23-2026 17:43:54|06-23-2026 17:44:31|06-24-2026 08:08:07|06-24-2026 08:08:07|06-24-2026 09:59:05||06-24-2026 11:19:51|06-27-2026 08:54:48|06-29-2026 20:12:20|17.61|146.49|128.87
BRCJM01|BRALGAR|VOGEL|81717173|Shipped|||NONE|00000-000||BR|DSV||3|.4|.004|4|4|Y|06-23-2026 17:43:07|06-23-2026 17:43:07|||06-23-2026 17:43:54|06-23-2026 17:44:31|06-24-2026 09:09:29|06-24-2026 15:35:58|06-25-2026 06:46:06||06-26-2026 21:47:32|06-26-2026 21:47:32|06-26-2026 21:52:38|76.07|76.16|.09
BRCJM01|BRALGAR|VOGEL|81717316|Shipped|||NONE|00000-000||BR|DSV||1|.9|.009|9|9|Y|06-23-2026 12:16:11|06-23-2026 12:16:11|||06-23-2026 12:16:48|06-23-2026 12:17:10|06-23-2026 13:31:45|06-23-2026 13:44:12|06-23-2026 14:17:10||06-24-2026 11:25:20|06-24-2026 11:25:20|06-26-2026 11:35:02|23.15|71.31|48.16
BRCJM01|BRALGAR|VOGEL|81717643|Shipped|||NONE|00000-000||BR|DSV||1|.1|.001|1|1|Y|06-23-2026 17:43:07|06-23-2026 17:43:07|||06-23-2026 17:43:54|06-23-2026 17:44:31|06-24-2026 08:00:36|06-24-2026 08:00:36|06-24-2026 11:08:24||06-24-2026 11:25:28|06-27-2026 08:54:56|06-29-2026 20:12:20|17.71|146.49|128.78
BRCJM01|BRALGAR|VOGEL|81717644|Shipped|||NONE|00000-000||BR|DSV||1|.1|.001|1|1|Y|06-23-2026 17:43:07|06-23-2026 17:43:07|||06-23-2026 17:43:54|06-23-2026 17:44:31|06-24-2026 07:58:11|06-24-2026 07:58:11|06-25-2026 07:25:37||06-26-2026 11:57:17|06-26-2026 11:57:17|07-01-2026 10:36:42|66.24|184.89|118.66
BRCJM01|BRALGAR|VOGEL|81717770|Shipped|||NONE|00000-000||BR|DSV||1|0|.0007|7|7|Y|06-23-2026 17:43:08|06-23-2026 17:43:08|||06-23-2026 17:43:54|06-23-2026 17:44:31|06-24-2026 09:30:46|06-24-2026 09:30:46|06-24-2026 10:22:59||06-24-2026 11:25:38|06-26-2026 21:47:34|06-26-2026 21:52:38|17.71|76.16|58.45
BRCJM01|BRALGAR|VOGEL|81717771|Shipped|||NONE|00000-000||BR|DSV||1|0|.010001|100|100|Y|06-23-2026 17:43:08|06-23-2026 17:43:08|||06-23-2026 17:43:54|06-23-2026 17:44:31|06-24-2026 08:15:39|06-24-2026 08:15:39|06-24-2026 09:56:05||06-24-2026 11:20:14|06-27-2026 08:55:15|06-29-2026 20:12:20|17.62|146.49|128.87
BRCJM01|BRALGAR|VOGEL|81717772|Shipped|||NONE|00000-000||BR|DSV||1|0|.010001|100|100|Y|06-23-2026 17:43:08|06-23-2026 17:43:08|||06-23-2026 17:43:54|06-23-2026 17:44:31|06-24-2026 08:13:07|06-24-2026 08:13:07|06-24-2026 09:32:30||06-24-2026 11:25:50|06-29-2026 07:02:37|07-02-2026 20:01:47|17.71|218.31|200.6
BRCJM01|BRALGAR|VOGEL|81717881|Shipped|||NONE|00000-000||BR|DSV||1|30|.3|300|300|Y|06-23-2026 17:44:08|06-23-2026 17:44:08|||06-23-2026 17:46:09|06-23-2026 17:51:20|06-24-2026 08:14:03|06-24-2026 08:14:03|06-24-2026 15:15:40||06-26-2026 21:48:21|06-26-2026 21:48:21|06-26-2026 21:52:39|76.07|76.14|.07
BRCJM01|BRALGAR|VOGEL|81717886|Shipped|||NONE|00000-000||BR|DSV||1|.2|.002|2|2|Y|06-23-2026 17:44:09|06-23-2026 17:44:09|||06-23-2026 17:46:09|06-23-2026 17:51:20|06-24-2026 10:01:17|06-24-2026 10:01:17|06-24-2026 12:57:40||06-26-2026 21:48:25|06-26-2026 21:48:25|06-26-2026 21:52:39|76.07|76.14|.07
BRCJM01|BRALGAR|VOGEL|81717887|Shipped|||NONE|00000-000||BR|DSV||2|.2|.002|2|2|Y|06-23-2026 17:44:09|06-23-2026 17:44:09|||06-23-2026 17:46:09|06-23-2026 17:51:20|06-24-2026 10:55:51|06-24-2026 13:21:44|06-25-2026 07:07:28||06-26-2026 21:48:34|06-26-2026 21:48:34|06-26-2026 21:52:39|76.07|76.14|.07
BRCJM01|BRALGAR|VOGEL|81717888|Shipped|||NONE|00000-000||BR|DSV||1|10|.1|100|100|Y|06-23-2026 17:44:09|06-23-2026 17:44:09|||06-23-2026 17:46:09|06-23-2026 17:51:20|06-24-2026 08:00:54|06-24-2026 08:00:54|06-24-2026 15:22:30||06-26-2026 21:48:40|06-26-2026 21:48:40|06-26-2026 21:52:39|76.08|76.14|.07
BRCJM01|BRALGAR|VOGEL|81717893|Shipped|||NONE|00000-000||BR|DSV||2|30|.330003|600|600|Y|06-23-2026 17:44:09|06-23-2026 17:44:09|||06-23-2026 17:46:09|06-23-2026 17:51:20|06-24-2026 15:12:16|06-24-2026 16:06:04|06-25-2026 11:36:39||06-27-2026 08:57:03|06-27-2026 08:57:03|07-02-2026 20:01:48|87.21|218.29|131.08
BRCJM01|BRALGAR|VOGEL|81717894|Shipped|||NONE|00000-000||BR|DSV||1|30|.3|300|300|Y|06-23-2026 17:44:09|06-23-2026 17:44:09|||06-23-2026 17:46:09|06-23-2026 17:51:20|06-24-2026 08:11:16|06-24-2026 08:11:16|06-24-2026 15:19:32||06-26-2026 21:48:50|06-26-2026 21:48:50|06-26-2026 21:52:39|76.08|76.14|.06
BRCJM01|BRALGAR|VOGEL|81717896|Shipped|||NONE|00000-000||BR|DSV||1|30|.3|300|300|Y|06-23-2026 17:44:09|06-23-2026 17:44:09|||06-23-2026 17:46:09|06-23-2026 17:51:20|06-24-2026 14:47:52|06-24-2026 14:48:28|06-25-2026 08:01:16||06-26-2026 21:49:38|06-26-2026 21:49:38|06-26-2026 21:52:39|76.09|76.14|.05
BRCJM01|BRALGAR|VOGEL|81717899|Shipped|||NONE|00000-000||BR|DSV||1|30|.3|300|300|Y|06-23-2026 17:44:09|06-23-2026 17:44:09|||06-23-2026 17:46:09|06-23-2026 17:51:20|06-24-2026 14:47:22|06-24-2026 14:47:22|06-24-2026 14:52:20||06-26-2026 21:49:49|06-26-2026 21:49:49|06-26-2026 21:52:39|76.09|76.14|.05
BRCJM01|BRALGAR|VOGEL|81717908|Shipped|||NONE|00000-000||BR|DSV||1|.1|.001|1|1|Y|06-23-2026 17:44:10|06-23-2026 17:44:10|||06-23-2026 17:46:09|06-23-2026 17:51:20|06-24-2026 08:37:59|06-24-2026 08:37:59|06-24-2026 14:55:11||06-26-2026 21:50:20|06-26-2026 21:50:20|06-26-2026 21:52:40|76.1|76.14|.04
BRCJM01|BRALGAR|VOGEL|81717911|Shipped|||NONE|00000-000||BR|DSV||1|.1|.001|1|1|Y|06-23-2026 17:44:09|06-23-2026 17:44:09|||06-23-2026 17:46:09|06-23-2026 17:51:20|06-24-2026 08:40:06|06-24-2026 08:40:06|06-24-2026 14:45:14||06-26-2026 21:50:37|06-26-2026 21:50:37|06-26-2026 21:52:40|76.11|76.14|.03
BRCJM01|BRALGAR|VOGEL|81717969|Shipped|||NONE|00000-000||BR|DSV||1|.2|.002|2|2|Y|06-23-2026 17:44:10|06-23-2026 17:44:10|||06-23-2026 17:46:10|06-23-2026 17:51:21|06-24-2026 08:25:36|06-24-2026 08:25:36|06-25-2026 08:40:16||06-26-2026 21:50:49|06-26-2026 21:50:49|06-26-2026 21:52:40|76.11|76.14|.03
BRCJM01|BRALGAR|VOGEL|81718063|Shipped|||NONE|00000-000||BR|DSV||1|0|.069607|701|701|Y|06-25-2026 07:58:43|06-25-2026 07:58:43|||06-25-2026 10:07:37|06-25-2026 10:11:22|06-26-2026 06:51:02|06-26-2026 08:56:04|06-26-2026 12:27:57||06-27-2026 08:57:31|06-29-2026 07:41:21|06-29-2026 20:12:21|48.98|108.23|59.25
BRCJM01|BRALGAR|VOGEL|81718123|Shipped|||NONE|00000-000||BR|DSV||2|0|0|105|105|Y|06-25-2026 07:58:43|06-25-2026 07:58:43|||06-25-2026 10:07:38|06-25-2026 10:11:22|06-25-2026 13:39:57|06-26-2026 07:49:14|06-26-2026 11:54:10||06-29-2026 07:28:24|06-29-2026 07:28:24|06-29-2026 20:12:21|95.49|108.23|12.73
BRCJM01|BRALGAR|VOGEL|81718236|Shipped|||NONE|00000-000||BR|DSV||2|0|0|4|4|Y|06-24-2026 15:41:56|06-24-2026 15:41:56|||06-25-2026 10:07:16|06-25-2026 10:11:18|06-25-2026 13:43:07|06-26-2026 10:13:17|06-26-2026 10:14:11||06-30-2026 08:55:44|06-30-2026 08:55:44|07-02-2026 20:09:33|137.23|196.46|59.23
BRCJM01|BRALGAR|VOGEL|81718238|Shipped|||NONE|00000-000||BR|DSV||1|0|0|50|50|Y|06-24-2026 15:46:02|06-24-2026 15:46:02|||06-25-2026 10:07:36|06-25-2026 10:11:21|06-25-2026 11:52:51|06-25-2026 11:52:51|06-25-2026 12:24:15||06-26-2026 21:50:55|06-26-2026 21:50:56|06-26-2026 21:52:40|54.08|54.11|.03
BRCJM01|BRALGAR|VOGEL|81718240|Shipped|||NONE|00000-000||BR|DSV||2|0|.001|10|10|Y|06-24-2026 15:41:56|06-24-2026 15:41:56|||06-25-2026 10:07:15|06-25-2026 10:11:18|06-25-2026 11:06:32|06-25-2026 11:10:48|06-25-2026 12:38:29||06-26-2026 21:51:02|06-26-2026 21:51:02|06-26-2026 21:52:40|54.15|54.18|.03
BRCJM01|BRALGAR|VOGEL|81718241|Shipped|||NONE|00000-000||BR|DSV||1|0|.0004|4|4|Y|06-24-2026 15:41:56|06-24-2026 15:41:56|||06-25-2026 10:07:19|06-25-2026 10:11:19|06-25-2026 11:05:22|06-25-2026 11:05:22|06-25-2026 12:05:57||06-26-2026 21:51:10|06-26-2026 21:51:10|06-26-2026 21:52:40|54.15|54.18|.03
BRCJM01|BRALGAR|VOGEL|81718244|Shipped|||NONE|00000-000||BR|DSV||1|.3|.003|3|3|Y|06-24-2026 15:41:56|06-24-2026 15:41:56|||06-25-2026 16:30:05|06-25-2026 16:31:13|06-26-2026 10:08:42|06-26-2026 10:08:42|06-26-2026 10:32:21||06-27-2026 08:57:41|06-27-2026 08:57:41|07-02-2026 20:09:33|65.26|196.46|131.2
BRCJM01|BRALGAR|VOGEL|81718245|Shipped|||NONE|00000-000||BR|DSV||1|.4|.004|4|4|Y|06-24-2026 15:41:56|06-24-2026 15:41:56|||06-25-2026 16:26:33|06-25-2026 16:26:59|06-26-2026 09:59:42|06-26-2026 09:59:42|06-26-2026 12:21:16||06-27-2026 08:57:48|06-27-2026 08:57:48|07-01-2026 10:36:42|65.26|162.91|97.65
BRCJM01|BRALGAR|VOGEL|81718246|Shipped|||NONE|00000-000||BR|DSV||1|.3|.003|3|3|Y|06-24-2026 15:41:56|06-24-2026 15:41:56|||06-25-2026 17:23:07|06-25-2026 17:23:26|06-26-2026 09:20:09|06-26-2026 09:20:09|06-26-2026 10:05:02||06-27-2026 09:55:35|06-27-2026 09:55:35|07-02-2026 20:09:33|66.23|196.46|130.23
BRCJM01|BRALGAR|VOGEL|81718250|Shipped|||NONE|00000-000||BR|DSV||1|4|.04|40|40|Y|06-24-2026 15:41:56|06-24-2026 15:41:56|||06-25-2026 10:07:08|06-25-2026 10:11:19|06-25-2026 12:51:31|06-25-2026 12:51:31|06-25-2026 13:21:32||06-26-2026 21:51:17|06-26-2026 21:51:17|06-26-2026 21:52:40|54.16|54.18|.02
BRCJM01|BRALGAR|VOGEL|81718251|Shipped|||NONE|00000-000||BR|DSV||5|.8|.0086|14|14|Y|06-24-2026 15:41:57|06-24-2026 15:41:57|||06-25-2026 10:07:11|06-25-2026 10:11:19|06-25-2026 13:52:53|06-26-2026 10:11:56|06-26-2026 13:37:25||06-27-2026 09:55:06|06-27-2026 09:55:06|07-02-2026 20:09:33|66.22|196.46|130.24
BRCJM01|BRALGAR|VOGEL|81718252|Shipped|||NONE|00000-000||BR|DSV||1|1|.01|10|10|Y|06-24-2026 15:41:57|06-24-2026 15:41:57|||06-25-2026 17:24:37|06-25-2026 17:27:25|06-26-2026 08:21:44|06-26-2026 08:27:33|06-26-2026 09:51:29||06-29-2026 07:14:37|06-29-2026 07:14:37|07-02-2026 20:09:33|111.54|196.46|84.92
BRCJM01|BRALGAR|VOGEL|81718253|Shipped|||NONE|00000-000||BR|DSV||1|.2|.002|2|2|Y|06-24-2026 15:41:57|06-24-2026 15:41:57|||06-25-2026 10:07:11|06-25-2026 10:11:19|06-25-2026 11:04:12|06-25-2026 11:04:12|06-25-2026 14:28:10||06-27-2026 08:58:00|06-27-2026 08:58:00|07-02-2026 20:09:34|65.27|196.46|131.19
BRCJM01|BRALGAR|VOGEL|81718254|Shipped|||NONE|00000-000||BR|DSV||1|0|.006001|60|60|Y|06-24-2026 15:41:57|06-24-2026 15:41:57|||06-25-2026 10:07:12|06-25-2026 10:11:19|06-25-2026 11:11:52|06-25-2026 11:11:52|06-25-2026 12:18:00||06-26-2026 21:51:21|06-26-2026 21:51:21|06-26-2026 21:52:40|54.16|54.18|.02
BRCJM01|BRALGAR|VOGEL|81718257|Shipped|||NONE|00000-000||BR|DSV||2|.3|.003|3|3|Y|06-24-2026 15:41:57|06-24-2026 15:41:57|||06-24-2026 15:42:16|06-24-2026 15:42:47|06-25-2026 09:48:43|06-25-2026 10:35:04|06-25-2026 10:39:50||06-26-2026 21:51:29|06-26-2026 21:51:29|06-26-2026 21:52:40|54.16|54.18|.02
BRCJM01|BRALGAR|VOGEL|81718270|Shipped|||NONE|00000-000||BR|DSV||1|.5|.005|5|5|Y|06-24-2026 15:42:58|06-24-2026 15:42:58|||06-25-2026 10:07:13|06-25-2026 10:11:19|06-26-2026 09:19:28|06-26-2026 09:19:28|06-26-2026 09:59:47||06-27-2026 09:56:08|06-27-2026 09:56:08|07-02-2026 20:09:34|66.22|196.44|130.22
BRCJM01|BRALGAR|VOGEL|81718272|Shipped|||NONE|00000-000||BR|DSV||2|.3|.004|13|13|Y|06-24-2026 15:42:59|06-24-2026 15:42:59|||06-25-2026 10:07:34|06-25-2026 10:11:19|06-25-2026 10:51:10|06-26-2026 07:37:35|06-26-2026 10:27:51||06-27-2026 09:08:47|06-27-2026 09:08:47|07-01-2026 10:36:42|65.43|162.9|97.47
BRCJM01|BRALGAR|VOGEL|81718366|Shipped|||NONE|00000-000||BR|DSV||1|.2|.002|2|2|Y|06-24-2026 15:42:59|06-24-2026 15:42:59|||06-25-2026 10:07:34|06-25-2026 10:11:20|06-26-2026 10:38:27|06-26-2026 10:38:27|06-26-2026 11:46:38||06-27-2026 08:59:07|06-27-2026 08:59:08|07-02-2026 20:09:34|65.27|196.44|131.17
BRCJM01|BRALGAR|VOGEL|81718367|Shipped|||NONE|00000-000||BR|DSV||1|10|.1|100|100|Y|06-24-2026 15:42:59|06-24-2026 15:42:59|||06-25-2026 10:07:35|06-25-2026 10:11:20|06-25-2026 12:21:56|06-25-2026 12:21:56|06-25-2026 12:54:08||06-26-2026 21:51:39|06-26-2026 21:51:39|06-26-2026 21:52:40|54.14|54.16|.02
BRCJM01|BRALGAR|VOGEL|81718371|Shipped|||NONE|00000-000||BR|DSV||2|.4|.005|14|14|Y|06-24-2026 15:42:59|06-24-2026 15:42:59|||06-25-2026 13:09:42|06-25-2026 13:16:54|06-27-2026 11:52:53|06-30-2026 06:56:29|06-30-2026 06:56:30||07-01-2026 09:49:03|07-01-2026 09:49:03|07-02-2026 20:09:34|162.1|196.44|34.34
BRCJM01|BRALGAR|VOGEL|81718373|Shipped|||NONE|00000-000||BR|DSV||5|1.3|.0139|22|22|Y|06-24-2026 15:42:59|06-24-2026 15:42:59|||06-25-2026 10:07:08|06-25-2026 10:11:20|06-26-2026 06:31:57|06-26-2026 07:28:37|06-26-2026 09:35:37||06-27-2026 09:00:04|06-27-2026 09:00:04|07-01-2026 10:36:43|65.28|162.9|97.61
BRCJM01|BRALGAR|VOGEL|81718376|Shipped|||NONE|00000-000||BR|DSV||1|1|.01|10|10|Y|06-24-2026 15:43:00|06-24-2026 15:43:00|||06-25-2026 10:07:32|06-25-2026 10:11:20|06-26-2026 08:08:40|06-26-2026 08:08:40|06-26-2026 11:40:49||06-29-2026 07:05:35|06-29-2026 07:05:35|07-02-2026 20:09:34|111.38|196.44|85.07
BRCJM01|BRALGAR|VOGEL|81718427|Shipped|||NONE|00000-000||BR|DSV||1|0|.010001|100|100|Y|06-24-2026 15:43:00|06-24-2026 15:43:00|||06-24-2026 15:44:25|06-24-2026 15:45:37|06-25-2026 09:39:59|06-25-2026 09:39:59|06-25-2026 11:13:42||06-27-2026 09:04:59|06-27-2026 09:04:59|07-02-2026 20:01:48|65.37|196.31|130.95
BRCJM01|BRALGAR|VOGEL|81718436|Shipped|||NONE|00000-000||BR|DSV||1|.1|.001|1|1|Y|06-24-2026 15:43:00|06-24-2026 15:43:00|||06-25-2026 09:47:49|06-25-2026 10:11:20|06-25-2026 12:28:29|06-25-2026 12:28:29|06-25-2026 14:59:25||06-26-2026 21:52:00|06-26-2026 21:52:00|06-26-2026 21:52:40|54.15|54.16|.01
BRCJM01|BRALGAR|VOGEL|81718437|Shipped|||NONE|00000-000||BR|DSV||1|0|.005001|50|50|Y|06-24-2026 15:43:00|06-24-2026 15:43:00|||06-25-2026 10:07:32|06-25-2026 10:11:20|06-25-2026 11:18:24|06-25-2026 11:18:24|06-25-2026 12:20:21||06-26-2026 21:52:07|06-26-2026 21:52:07|06-26-2026 21:52:40|54.15|54.16|.01
BRCJM01|BRALGAR|VOGEL|81718440|Shipped|||NONE|00000-000||BR|DSV||2|.5|.0055|10|10|Y|06-24-2026 15:43:00|06-24-2026 15:43:00|||06-25-2026 10:07:22|06-25-2026 10:11:20|06-25-2026 12:58:02|06-25-2026 13:06:33|06-25-2026 13:30:18||06-27-2026 09:05:05|06-27-2026 09:05:05|07-02-2026 20:01:48|65.37|196.31|130.95
BRCJM01|BRALGAR|VOGEL|81718541|Shipped|||NONE|00000-000||BR|DSV||1|.1|.001|1|1|Y|06-24-2026 15:43:01|06-24-2026 15:43:01|||06-25-2026 10:07:23|06-25-2026 10:11:21|06-26-2026 08:15:59|06-26-2026 08:15:59|06-26-2026 12:06:31||07-04-2026 08:39:05|07-04-2026 08:39:05|07-04-2026 08:53:22|232.93|233.17|.24
BRCJM01|BRALGAR|VOGEL|81718543|Shipped|||NONE|00000-000||BR|DSV||9|80.2|.802|802|802|Y|06-24-2026 15:43:01|06-24-2026 15:43:01|||07-05-2026 16:48:40|07-05-2026 16:58:59|07-05-2026 17:01:20|07-05-2026 17:02:18|07-05-2026 17:03:46||07-05-2026 17:04:05|07-05-2026 17:06:07|07-05-2026 17:06:28|265.35|265.39|.04
BRCJM01|BRALGAR|VOGEL|81718616|Shipped|||NONE|00000-000||BR|DSV||3|.3|.0034|7|7|Y|06-25-2026 07:58:43|06-25-2026 07:58:43|||06-25-2026 10:07:41|06-25-2026 10:11:22|06-25-2026 10:47:13|07-07-2026 11:33:26|07-07-2026 11:33:49||07-07-2026 11:34:17|07-07-2026 11:34:17|07-07-2026 11:35:56|291.59|291.62|.03
BRCJM01|BRALGAR|VOGEL|81718823|Shipped|||NONE|00000-000||BR|DSV||2|80|.8|800|800|Y|06-25-2026 07:58:43|06-25-2026 07:58:43|||06-25-2026 10:07:42|06-25-2026 10:11:22|06-25-2026 15:12:43|06-25-2026 15:13:19|06-25-2026 16:14:21||07-02-2026 20:08:41|07-02-2026 20:08:41|07-02-2026 20:09:34|180.17|180.18|.01
BRCJM01|BRALGAR|VOGEL|81719302|Shipped|||NONE|00000-000||BR|DSV||1|0|0|100|100|Y|06-25-2026 17:14:41|06-25-2026 17:14:41|||06-25-2026 17:15:20|06-25-2026 17:15:50|06-26-2026 13:30:23|06-26-2026 13:30:23|06-26-2026 13:47:18||06-27-2026 09:05:49|06-29-2026 07:03:26|07-02-2026 20:01:48|39.85|170.79|130.93
BRCJM01|BRALGAR|VOGEL|81719304|Shipped|||NONE|00000-000||BR|DSV||1|0|0|2|2|Y|06-25-2026 17:14:41|06-25-2026 17:14:41|||06-25-2026 17:15:20|06-25-2026 17:15:50|06-26-2026 13:35:43|06-26-2026 13:35:43|06-26-2026 14:06:34||06-27-2026 09:05:55|06-29-2026 07:04:07|07-02-2026 20:01:48|39.85|170.79|130.93
BRCJM01|BRALGAR|VOGEL|81719306|Shipped|||NONE|00000-000||BR|DSV||1|0|0|150|150|Y|06-25-2026 17:14:40|06-25-2026 17:14:40|||06-25-2026 17:15:20|06-25-2026 17:15:49|06-26-2026 13:44:16|06-26-2026 13:44:16|06-26-2026 13:56:18||06-27-2026 09:05:59|06-29-2026 07:03:16|07-02-2026 20:01:48|39.86|170.79|130.93
BRCJM01|BRALGAR|VOGEL|81719575|Shipped|||NONE|00000-000||BR|DSV||1|37|.37|370|370|Y|06-25-2026 10:49:40|06-25-2026 10:49:40|||06-25-2026 10:49:43|06-25-2026 11:01:27|06-26-2026 06:55:19|06-26-2026 06:55:19|06-26-2026 13:05:30||06-27-2026 09:06:03|07-01-2026 09:49:14|07-02-2026 20:01:48|46.27|177.2|130.93
BRCJM01|BRALGAR|VOGEL|81719608|Shipped|||NONE|00000-000||BR|DSV||1|0|0|1|1|Y|06-25-2026 17:14:41|06-25-2026 17:14:41|||06-25-2026 17:15:20|06-25-2026 17:15:50|06-26-2026 13:31:37|06-26-2026 13:31:37|06-26-2026 13:42:58||06-27-2026 09:06:08|06-29-2026 07:26:41|07-02-2026 20:09:34|39.86|170.91|131.06
BRCJM01|BRALGAR|VOGEL|81719610|Shipped|||NONE|00000-000||BR|DSV||1|0|0|300|300|Y|06-25-2026 17:14:41|06-25-2026 17:14:41|||06-25-2026 17:15:20|06-25-2026 17:15:50|06-26-2026 14:33:01|06-26-2026 14:33:02|06-26-2026 14:36:58||06-27-2026 09:06:14|06-29-2026 07:07:37|07-02-2026 20:09:34|39.86|170.91|131.06
BRCJM01|BRALGAR|VOGEL|81719613|Shipped|||NONE|00000-000||BR|DSV||1|0|0|200|200|Y|06-25-2026 17:14:41|06-25-2026 17:14:41|||06-25-2026 17:15:20|06-25-2026 17:15:50|06-26-2026 14:55:30|06-26-2026 14:55:30|06-26-2026 15:00:13||06-27-2026 09:06:20|06-29-2026 07:35:27|07-02-2026 20:09:35|39.86|170.92|131.05
BRCJM01|BRALGAR|VOGEL|81719614|Shipped|||NONE|00000-000||BR|DSV||8|3.4|.0357|51|51|Y|06-25-2026 17:14:41|06-25-2026 17:14:41|06-27-2026 14:24:52||07-05-2026 17:07:40|07-05-2026 17:28:44|07-05-2026 17:31:42|07-05-2026 17:32:16|07-05-2026 17:34:18||07-05-2026 17:34:45|07-05-2026 17:34:45|07-05-2026 17:35:07|240.33|240.34|.01
BRCJM01|BRALGAR|VOGEL|81719615|Shipped|||NONE|00000-000||BR|DSV||1|0|0|1|1|Y|06-25-2026 17:14:41|06-25-2026 17:14:41|||06-25-2026 17:15:21|06-25-2026 17:15:51|06-26-2026 13:40:51|06-26-2026 13:40:51|06-26-2026 14:03:50||06-27-2026 09:06:27|06-29-2026 07:30:25|07-02-2026 20:09:35|39.86|170.92|131.05
BRCJM01|BRALGAR|VOGEL|81719616|Shipped|||NONE|00000-000||BR|DSV||1|200|2|2000|2000|Y|06-25-2026 17:14:42|06-25-2026 17:14:42|||06-26-2026 14:01:59|06-26-2026 14:02:28|06-26-2026 14:09:43|06-26-2026 14:09:43|06-26-2026 14:20:55||06-27-2026 09:06:34|06-29-2026 07:28:00|07-02-2026 20:09:35|39.86|170.91|131.05
BRCJM01|BRALGAR|VOGEL|81719617|Shipped|||NONE|00000-000||BR|DSV||1|16|.16|300|300|Y|06-25-2026 17:14:41|06-25-2026 17:14:41|||06-25-2026 17:15:21|06-25-2026 17:15:51|06-26-2026 13:52:55|06-26-2026 13:54:15|06-26-2026 14:09:21||06-27-2026 09:06:39|06-29-2026 07:33:14|07-02-2026 20:09:35|39.87|170.92|131.05
BRCJM01|BRALGAR|VOGEL|81719620|Shipped|||NONE|00000-000||BR|DSV||6|12.1|.1225|136|136|Y|06-25-2026 17:15:42|06-25-2026 17:15:42|06-27-2026 14:32:08||06-27-2026 14:36:08|06-27-2026 14:37:28|06-29-2026 11:07:59|06-30-2026 12:50:12|06-30-2026 13:10:36||07-01-2026 09:49:37|07-01-2026 10:18:01|07-02-2026 20:09:35|136.57|170.9|34.33
BRCJM01|BRALGAR|VOGEL|81719625|Shipped|||NONE|00000-000||BR|DSV||6|814.5|8.145|8145|145|N|06-25-2026 17:15:42|06-25-2026 17:15:42|||06-25-2026 17:16:33|06-25-2026 17:16:55|06-27-2026 11:49:29|06-27-2026 15:26:43|06-28-2026 12:04:10||07-07-2026 11:31:13|07-07-2026 11:31:13|07-07-2026 11:32:36|282.26|282.28|.02
BRCJM01|BRALGAR|VOGEL|81719688|Shipped|||NONE|00000-000||BR|DSV||4|.8|.0088|16|16|Y|06-25-2026 17:15:43|06-25-2026 17:15:43|06-26-2026 09:05:58||07-04-2026 11:32:02|07-05-2026 18:11:19|07-05-2026 18:12:46|07-05-2026 18:13:42|07-05-2026 18:14:20||07-05-2026 18:14:28|07-05-2026 18:14:28|07-05-2026 18:14:58|240.98|240.99|.01
BRCJM01|BRALGAR|VOGEL|81719691|Shipped|||NONE|00000-000||BR|DSV||1|0|0|600|600|Y|06-25-2026 17:15:43|06-25-2026 17:15:43|||06-25-2026 17:16:33|06-25-2026 17:16:55|06-26-2026 14:41:43|06-26-2026 14:41:43|06-26-2026 15:07:31||06-27-2026 09:07:02|06-29-2026 07:16:02|07-02-2026 20:09:36|39.86|170.9|131.04
BRCJM01|BRALGAR|VOGEL|81719990|Shipped|||NONE|00000-000||BR|DSV||1|0|0|1|1|Y|06-25-2026 17:15:43|06-25-2026 17:15:43|||06-25-2026 17:16:33|06-25-2026 17:16:55|06-26-2026 13:46:13|06-26-2026 13:46:13|06-26-2026 14:16:07||06-27-2026 09:07:08|06-29-2026 07:36:47|07-04-2026 08:53:22|39.86|207.63|167.77
BRCJM01|BRALGAR|VOGEL|81719991|Shipped|||NONE|00000-000||BR|DSV||1|0|0|1|1|Y|06-25-2026 17:15:43|06-25-2026 17:15:43|||06-25-2026 17:16:33|06-25-2026 17:16:55|06-26-2026 14:48:16|06-26-2026 14:48:16|06-26-2026 15:01:53||06-27-2026 10:18:02|06-27-2026 10:18:02|07-04-2026 08:53:22|41.04|207.63|166.59
BRCJM01|BRALGAR|VOGEL|81719992|Shipped|||NONE|00000-000||BR|DSV||1|0|0|1|1|Y|06-25-2026 17:15:43|06-25-2026 17:15:43|||06-25-2026 17:16:33|06-25-2026 17:16:56|06-26-2026 14:45:17|06-26-2026 14:45:17|06-26-2026 15:04:39||06-27-2026 09:07:13|06-29-2026 07:37:25|07-04-2026 08:53:22|39.86|207.63|167.77
BRCJM01|BRALGAR|VOGEL|81719993|Shipped|||NONE|00000-000||BR|DSV||1|0|.0001|1|1|Y|06-25-2026 17:15:43|06-25-2026 17:15:43|06-26-2026 17:22:26||07-02-2026 10:43:10|07-02-2026 11:11:43|07-02-2026 11:14:35|07-02-2026 11:14:35|07-02-2026 11:19:22||07-06-2026 12:42:16|07-06-2026 12:42:16|07-06-2026 12:42:41|259.44|259.45|.01
BRCJM01|BRALGAR|VOGEL|81720168|Shipped|||NONE|00000-000||BR|DSV||5|2|.031|130|130|Y|06-26-2026 09:54:46|06-26-2026 09:54:46|||06-26-2026 10:52:18|06-26-2026 11:29:40|06-27-2026 08:53:20|06-27-2026 10:09:58|07-01-2026 09:39:05||07-03-2026 15:30:22|07-03-2026 15:30:22|07-04-2026 08:53:23|173.59|190.98|17.38
BRCJM01|BRALGAR|VOGEL|81720210.1|Shipped|||NONE|00000-000||BR|DSV||5|305|3.05|3050|3050|Y|06-30-2026 15:24:32|06-30-2026 15:24:32|||07-01-2026 08:49:43|07-01-2026 08:53:59|07-01-2026 09:33:54|07-01-2026 09:37:33|07-01-2026 09:46:06||07-07-2026 11:39:28|07-07-2026 11:39:28|07-07-2026 11:41:44|164.25|164.29|.04
BRCJM01|BRALGAR|VOGEL|81720218|Shipped|||NONE|00000-000||BR|DSV||1|.1|.001|1|1|Y|06-25-2026 17:15:44|06-25-2026 17:15:44|||06-25-2026 17:16:37|06-25-2026 17:37:12|06-26-2026 09:34:18|06-26-2026 09:34:18|06-26-2026 09:38:53||06-27-2026 09:07:32|06-27-2026 09:53:28|06-29-2026 20:12:22|39.86|98.94|59.08
BRCJM01|BRALGAR|VOGEL|81720332|Shipped|||NONE|00000-000||BR|DSV||8|1|.01|10|10|Y|06-26-2026 09:54:45|06-26-2026 09:54:45|06-26-2026 11:11:08||07-04-2026 11:32:02|07-05-2026 17:38:47|07-05-2026 17:47:39|07-05-2026 17:48:35|07-05-2026 17:49:33||07-05-2026 17:49:50|07-05-2026 17:49:50|07-05-2026 17:50:09|223.92|223.92|.01
BRCJM01|BRALGAR|VOGEL|81720333|Shipped|||NONE|00000-000||BR|DSV||10|1.9|.019|19|15|N|06-26-2026 09:54:46|06-26-2026 09:54:46|||06-26-2026 10:39:27|06-26-2026 11:21:58|06-28-2026 09:58:01|06-29-2026 10:52:52|06-29-2026 11:09:35||07-03-2026 13:10:41|07-03-2026 13:10:41|07-04-2026 08:53:23|171.27|190.98|19.71
BRCJM01|BRALGAR|VOGEL|81720546|Shipped|||NONE|00000-000||BR|DSV||1|0|.003|30|30|Y|06-27-2026 10:08:58|06-27-2026 10:08:58|||06-27-2026 13:17:56|06-27-2026 13:18:49|06-29-2026 08:19:04|06-29-2026 08:19:04|06-29-2026 08:30:51||06-30-2026 07:40:45|06-30-2026 07:40:45|07-02-2026 20:09:36|69.53|130.01|60.48
BRCJM01|BRALGAR|VOGEL|81720614|Shipped|||NONE|00000-000||BR|DSV||4|3.6|.036|36|34|N|06-27-2026 10:08:58|06-27-2026 16:09:16|||06-29-2026 09:32:01|06-29-2026 09:52:04|06-29-2026 10:19:20|06-29-2026 10:30:17|06-29-2026 11:46:36||07-01-2026 09:52:01|07-01-2026 09:52:01|07-02-2026 20:01:49|95.72|129.88|34.16
BRCJM01|BRALGAR|VOGEL|81720678|Shipped|||NONE|00000-000||BR|DSV||6|37.3|.3732|375|375|Y|06-27-2026 10:08:58|06-27-2026 10:08:58|||06-27-2026 10:09:49|06-27-2026 10:10:47|06-29-2026 06:46:17|06-29-2026 07:26:29|06-29-2026 08:21:56||06-30-2026 08:44:29|06-30-2026 08:44:29|07-04-2026 08:53:24|70.59|166.74|96.15
BRCJM01|BRALGAR|VOGEL|81720882|Shipped|||NONE|00000-000||BR|DSV||1|1|.01|10|10|Y|06-27-2026 10:08:58|06-27-2026 10:08:58|||06-27-2026 11:33:28|06-27-2026 11:33:47|06-27-2026 11:43:51|06-27-2026 11:43:51|06-27-2026 11:48:19||06-30-2026 08:30:04|07-02-2026 20:10:38|07-02-2026 20:11:01|70.35|130.03|59.68
BRCJM01|BRALGAR|VOGEL|81720889|Shipped|||NONE|00000-000||BR|DSV||1|.4|.004|4|4|Y|06-27-2026 10:08:58|06-27-2026 10:08:58|||06-27-2026 10:09:49|06-27-2026 10:10:48|06-27-2026 14:31:36|06-27-2026 14:31:36|06-27-2026 14:36:34||07-01-2026 09:52:31|07-01-2026 09:52:31|07-02-2026 20:01:49|95.73|129.88|34.16
BRCJM01|BRALGAR|VOGEL|81720890|Shipped|||NONE|00000-000||BR|DSV||2|.3|.003|3|3|Y|06-27-2026 10:08:58|06-27-2026 10:08:58|||06-27-2026 12:09:20|06-27-2026 12:09:59|06-28-2026 07:47:11|06-28-2026 07:49:12|06-28-2026 08:30:50||07-02-2026 20:08:45|07-02-2026 20:08:45|07-02-2026 20:09:37|130|130.01|.01
BRCJM01|BRALGAR|VOGEL|81721046|Shipped|||NONE|00000-000||BR|DSV||4|.3|.0036|9|7|N|06-27-2026 10:08:58|06-27-2026 16:10:18|||06-27-2026 13:05:58|06-27-2026 16:12:35|06-29-2026 11:24:22|06-30-2026 06:58:27|06-30-2026 08:35:29||07-07-2026 11:31:18|07-07-2026 11:31:18|07-07-2026 11:32:36|241.37|241.39|.02
BRCJM01|BRALGAR|VOGEL|81721047|Shipped|||NONE|00000-000||BR|DSV||5|.8|.0084|12|10|N|06-27-2026 10:08:59|06-27-2026 16:10:17|||06-27-2026 13:04:49|06-27-2026 16:12:35|06-29-2026 11:20:24|06-30-2026 07:00:41|06-30-2026 07:08:41||07-06-2026 12:42:21|07-06-2026 12:42:21|07-06-2026 12:42:42|218.56|218.56|.01
BRCJM01|BRALGAR|VOGEL|81721127|Shipped|||NONE|00000-000||BR|DSV||1|0|.001|10|10|Y|06-27-2026 10:08:59|06-27-2026 10:08:59|||06-27-2026 12:51:40|06-27-2026 12:52:04|06-29-2026 08:12:17|06-29-2026 08:12:25|06-29-2026 08:24:03||06-30-2026 08:37:36|06-30-2026 08:37:36|07-02-2026 20:01:49|70.48|129.88|59.4
BRCJM01|BRALGAR|VOGEL|81721128|Shipped|||NONE|00000-000||BR|DSV||1|10|.1|100|100|Y|06-27-2026 10:08:59|06-27-2026 10:08:59|||06-27-2026 12:03:03|06-27-2026 12:03:30|06-27-2026 13:59:29|06-27-2026 14:04:29|06-28-2026 11:29:51||07-04-2026 08:49:31|07-04-2026 08:49:31|07-04-2026 08:53:24|166.68|166.74|.06
BRCJM01|BRALGAR|VOGEL|81721129|Shipped|||NONE|00000-000||BR|DSV||1|1|.01|10|10|Y|06-27-2026 10:08:59|06-27-2026 10:08:59|||06-29-2026 07:12:41|06-29-2026 07:26:55|06-29-2026 08:19:19|07-01-2026 11:02:14|07-01-2026 11:16:34||07-04-2026 08:49:01|07-04-2026 08:49:01|07-04-2026 08:53:24|166.67|166.74|.07
BRCJM01|BRALGAR|VOGEL|81721130|Shipped|||NONE|00000-000||BR|DSV||4|21|.212|230|230|Y|06-27-2026 10:08:59|06-27-2026 16:10:18|||06-27-2026 13:04:00|06-27-2026 16:12:35|06-29-2026 09:04:16|06-29-2026 09:20:51|06-29-2026 10:29:14||06-30-2026 08:45:01|06-30-2026 08:45:01|07-01-2026 10:36:44|70.6|96.46|25.86
BRCJM01|BRALGAR|VOGEL|81721150|Shipped|||NONE|00000-000||BR|DSV||1|6|.06|60|60|Y|06-27-2026 10:08:59|06-27-2026 10:08:59|||06-27-2026 10:57:17|06-27-2026 11:05:23|06-27-2026 11:12:29|06-27-2026 11:12:35|06-27-2026 11:31:19||06-30-2026 08:33:34|07-02-2026 20:10:40|07-02-2026 20:11:01|70.41|130.03|59.62
BRCJM01|BRALGAR|VOGEL|81721157|Shipped|||NONE|00000-000||BR|DSV||1|.2|.002|2|2|Y|06-27-2026 10:08:59|06-27-2026 10:08:59|||06-27-2026 12:13:04|06-27-2026 12:13:36|06-29-2026 08:09:21|06-29-2026 08:09:27|06-29-2026 08:45:04||06-30-2026 08:32:52|06-30-2026 08:32:52|07-02-2026 20:09:37|70.4|130.01|59.61
BRCJM01|BRALGAR|VOGEL|81721166|Shipped|||NONE|00000-000||BR|DSV||1|2.5|.025|25|25|Y|06-27-2026 10:08:59|06-27-2026 10:08:59|||06-27-2026 10:53:19|06-27-2026 11:04:33|06-27-2026 11:07:46|06-27-2026 11:07:46|06-27-2026 11:25:11||06-30-2026 08:20:53|07-02-2026 20:10:42|07-02-2026 20:11:01|70.2|130.03|59.84
BRCJM01|BRALGAR|VOGEL|81721170|Shipped|||NONE|00000-000||BR|DSV||1|0|.004|40|40|Y|06-27-2026 10:08:59|06-27-2026 10:08:59|||06-27-2026 11:07:01|06-27-2026 11:08:32|06-27-2026 11:18:28|06-27-2026 11:18:28|06-27-2026 11:44:44||06-30-2026 08:38:18|07-02-2026 20:03:40|07-02-2026 20:03:43|70.49|129.91|59.42
BRCJM01|BRALGAR|VOGEL|81721175|Shipped|||NONE|00000-000||BR|DSV||2|23|.23|230|230|Y|06-27-2026 10:09:00|06-27-2026 10:09:00|||06-27-2026 11:39:11|06-27-2026 11:39:51|06-29-2026 08:45:12|06-29-2026 09:06:08|06-29-2026 12:07:44||07-01-2026 09:53:09|07-01-2026 09:53:09|07-02-2026 20:09:37|95.74|130.01|34.27
BRCJM01|BRALGAR|VOGEL|81721252|Shipped|||NONE|00000-000||BR|DSV||1|0|.0001|1|1|Y|06-27-2026 10:08:59|06-27-2026 10:08:59|||06-27-2026 11:34:27|06-27-2026 13:03:20|06-29-2026 09:11:10|06-29-2026 09:11:10|06-30-2026 09:14:45||07-01-2026 09:53:20|07-01-2026 09:53:20|07-02-2026 20:01:50|95.74|129.88|34.14
BRCJM01|BRALGAR|VOGEL|81721267|Shipped|||NONE|00000-000||BR|DSV||1|3.5|.035|35|35|Y|06-27-2026 10:09:00|06-27-2026 10:09:00|||06-27-2026 11:09:53|06-27-2026 11:10:20|06-27-2026 11:20:36|06-27-2026 11:20:36|06-27-2026 11:58:00||06-28-2026 12:45:27|06-29-2026 20:15:40|06-29-2026 20:15:58|26.61|58.12|31.51
BRCJM01|BRALGAR|VOGEL|81721315|Shipped|||NONE|00000-000||BR|DSV||1|.1|.001|1|1|Y|06-27-2026 10:09:00|06-27-2026 10:09:00|06-27-2026 13:01:24||07-02-2026 10:43:11|07-02-2026 10:54:45|07-02-2026 10:56:48|07-02-2026 11:13:03|07-02-2026 11:13:59||07-03-2026 13:08:52|07-05-2026 18:57:26|07-05-2026 18:59:51|147|200.85|53.85
BRCJM01|BRALGAR|VOGEL|81721329|Shipped|||NONE|00000-000||BR|DSV||1|.2|.002|2|2|Y|06-27-2026 10:09:00|06-27-2026 10:09:00|||06-27-2026 11:21:52|06-27-2026 12:05:54|06-29-2026 08:23:56|06-29-2026 08:23:56|06-29-2026 08:32:23||07-07-2026 11:31:23|07-07-2026 11:31:23|07-07-2026 11:32:36|241.37|241.39|.02
BRCJM01|BRALGAR|VOGEL|81721331|Shipped|||NONE|00000-000||BR|DSV||2|.8|.008|8|8|Y|06-27-2026 10:09:00|06-27-2026 16:10:19|||06-27-2026 13:21:44|06-27-2026 16:12:36|06-29-2026 08:37:31|06-29-2026 09:09:45|06-29-2026 11:27:45||07-02-2026 20:09:12|07-02-2026 20:09:12|07-02-2026 20:09:37|130|130.01|.01
BRCJM01|BRALGAR|VOGEL|81721342|Shipped|||NONE|00000-000||BR|DSV||1|.1|.001|1|1|Y|06-27-2026 10:09:00|06-27-2026 10:09:00|||06-27-2026 10:09:48|06-27-2026 10:10:52|06-27-2026 10:49:40|06-27-2026 10:49:40|06-27-2026 11:09:28||06-28-2026 12:42:20|07-06-2026 12:42:23|07-06-2026 12:42:42|26.56|218.56|192.01
BRCJM01|BRALGAR|VOGEL|81721343|Shipped|||NONE|00000-000||BR|DSV||1|.2|.002|2|2|Y|06-27-2026 10:09:00|06-27-2026 10:09:00|||06-27-2026 10:09:48|06-27-2026 10:10:52|06-27-2026 11:24:22|06-27-2026 11:24:22|06-27-2026 12:08:45||06-30-2026 08:43:37|06-30-2026 08:43:37|07-01-2026 10:36:44|70.58|96.46|25.89
BRCJM01|BRALGAR|VOGEL|81721637|Shipped|||NONE|00000-000||BR|DSV||2|400|4.20002|6000|6000|Y|06-27-2026 10:09:00|06-27-2026 10:09:00|||06-27-2026 12:49:12|06-27-2026 12:50:06|06-29-2026 11:06:37|06-30-2026 08:35:01|06-30-2026 08:35:54||07-01-2026 09:53:55|07-01-2026 09:53:55|07-02-2026 20:09:38|95.75|130.01|34.26
BRCJM01|BRALGAR|VOGEL|81721722|Shipped|||NONE|00000-000||BR|DSV||1|.6|.006|6|6|Y|06-27-2026 10:09:00|06-27-2026 10:09:00|||06-27-2026 10:09:48|06-27-2026 10:10:52|06-27-2026 12:01:35|06-27-2026 12:01:52|06-27-2026 12:13:34||07-03-2026 13:08:38|07-03-2026 13:08:38|07-04-2026 08:53:24|146.99|166.74|19.75
BRCJM01|BRALGAR|VOGEL|81721725|Shipped|||NONE|00000-000||BR|DSV||1|0|.010001|100|100|Y|06-27-2026 10:09:00|06-27-2026 10:09:00|||06-27-2026 11:12:56|06-27-2026 11:13:16|06-27-2026 11:19:08|06-27-2026 11:19:08|06-27-2026 11:51:59||06-28-2026 12:41:48|07-01-2026 09:54:16|07-02-2026 20:01:50|26.55|129.88|103.33
BRCJM01|BRALGAR|VOGEL|81740545|Shipped|||NONE|00000-000||BR|DSV||1|200|200|200|200|Y|08-04-2026 07:22:31|08-04-2026 07:22:31|||08-04-2026 07:24:47|08-04-2026 07:27:14|08-04-2026 08:35:44|08-04-2026 08:43:13|08-04-2026 14:55:39||08-07-2026 15:37:18|08-11-2026 23:29:38|08-11-2026 23:29:48|80.25|184.12|103.88
BRCJM01|BRALGAR|VOGEL|81740756|Shipped|||NONE|00000-000||BR|DSV||2|2|2|2|2|Y|08-04-2026 07:22:29|08-04-2026 07:22:29|||08-04-2026 07:24:47|08-04-2026 07:27:13|08-04-2026 08:27:00|08-04-2026 08:30:03|08-04-2026 10:58:32||08-07-2026 15:12:10|08-11-2026 23:29:33|08-11-2026 23:29:48|79.83|184.12|104.29
BRCJM01|BRALGAR|VOGEL|81740758|Shipped|||NONE|00000-000||BR|DSV||1|1|1|1|1|Y|08-04-2026 07:22:31|08-04-2026 07:22:31|||08-11-2026 10:28:24|08-11-2026 14:56:27|08-11-2026 16:06:02|08-11-2026 16:06:02|08-11-2026 16:16:24||08-28-2026 14:40:21|08-28-2026 14:40:21|09-14-2026 09:53:34|583.3|986.52|403.22
BRCJM01|BRALGAR|VOGEL|81740935|Shipped|||NONE|00000-000||BR|DSV||1|55|55|55|55|Y|08-04-2026 07:22:31|08-04-2026 07:22:31|||08-05-2026 15:13:31|08-05-2026 15:15:30|08-05-2026 15:24:13|08-05-2026 15:24:13|08-05-2026 15:28:26||08-14-2026 15:41:45|08-14-2026 15:41:45|08-17-2026 09:56:22|248.32|314.56|66.24
BRCJM01|BRALGAR|VOGEL|81741119|Shipped|||NONE|00000-000||BR|DSV||1|25|25|25|25|Y|08-04-2026 07:22:31|08-04-2026 07:22:31|||08-04-2026 07:24:48|08-04-2026 07:27:15|08-04-2026 08:52:42|08-04-2026 08:52:42|08-04-2026 15:17:51||08-07-2026 15:39:10|08-11-2026 23:29:38|08-11-2026 23:29:49|80.28|184.12|103.84
BRCJM01|BRALGAR|VOGEL|81741124|Shipped|||NONE|00000-000||BR|DSV||2|320|320|320|320|Y|08-04-2026 07:22:32|08-04-2026 07:22:32|||08-04-2026 07:24:48|08-04-2026 07:27:15|08-07-2026 07:44:30|08-07-2026 07:50:21|08-07-2026 08:51:37||08-14-2026 15:41:40|08-14-2026 15:41:40|08-17-2026 09:56:22|248.32|314.56|66.24
BRCJM01|BRALGAR|VOGEL|81741139|Shipped|||NONE|00000-000||BR|DSV||1|1|1|1|1|Y|08-04-2026 07:22:32|08-04-2026 07:22:32|||08-04-2026 07:24:48|08-04-2026 07:27:16|08-04-2026 09:00:16|08-04-2026 09:00:16|08-04-2026 11:14:15||08-07-2026 15:27:59|08-11-2026 23:29:34|08-11-2026 23:29:49|80.09|184.12|104.03
BRCJM01|BRALGAR|VOGEL|81741147|Shipped|||NONE|00000-000||BR|DSV||2|2|2|2|2|Y|08-04-2026 07:22:32|08-04-2026 07:22:32|||08-05-2026 08:09:59|08-05-2026 08:20:33|08-05-2026 10:10:53|08-05-2026 10:23:41|08-05-2026 10:33:21||08-14-2026 15:41:27|08-14-2026 15:41:27|08-17-2026 09:56:22|248.32|314.56|66.25
BRCJM01|BRALGAR|VOGEL|81742169|Shipped|||NONE|00000-000||BR|DSV||1|1|1|1|1|Y|08-04-2026 07:22:32|08-04-2026 07:22:32|||08-04-2026 07:24:48|08-04-2026 07:27:16|08-04-2026 09:00:09|08-04-2026 09:00:09|08-04-2026 10:55:44||08-07-2026 15:11:01|08-11-2026 23:29:33|08-11-2026 23:29:49|79.81|184.12|104.31
BRCJM01|BRALGAR|VOGEL|81742184|Shipped|||NONE|00000-000||BR|DSV||1|87|87|87|87|Y|08-04-2026 07:22:32|08-04-2026 07:22:32|||08-04-2026 07:24:48|08-04-2026 07:27:16|08-04-2026 12:45:47|08-04-2026 12:45:47|08-04-2026 12:46:48||08-07-2026 15:34:56|08-11-2026 23:29:37|08-11-2026 23:29:49|80.21|184.12|103.91
BRCJM01|BRALGAR|VOGEL|81742616|Shipped|||NONE|00000-000||BR|DSV||1|2|2|2|2|Y|08-04-2026 07:22:32|08-04-2026 07:22:32|||08-04-2026 07:24:48|08-04-2026 07:27:16|08-04-2026 09:05:04|08-04-2026 09:05:04|08-05-2026 11:55:52||08-14-2026 15:41:23|08-14-2026 15:41:23|08-17-2026 09:56:22|248.31|314.56|66.25
BRCJM01|BRALGAR|VOGEL|81745581|Shipped|||NONE|00000-000||BR|DSV||1|1|1|1|1|Y|08-04-2026 07:22:33|08-04-2026 07:22:33|||08-04-2026 07:24:48|08-04-2026 07:27:16|08-07-2026 16:25:01|08-07-2026 16:25:01|08-07-2026 16:25:40||08-14-2026 15:41:02|08-14-2026 15:41:03|08-17-2026 09:56:22|248.31|314.56|66.26
BRCJM01|BRALGAR|VOGEL|81745588|Shipped|||NONE|00000-000||BR|DSV||1|1|1|1|1|Y|08-04-2026 07:22:33|08-04-2026 07:22:33|||08-04-2026 07:24:48|08-04-2026 07:27:17|08-07-2026 16:11:57|08-07-2026 16:11:57|08-07-2026 16:20:42||08-14-2026 15:40:58|08-14-2026 15:40:58|08-17-2026 09:56:22|248.31|314.56|66.26
BRCJM01|BRALGAR|VOGEL|81745640|Shipped|||NONE|00000-000||BR|DSV||1|2|2|2|2|Y|08-04-2026 07:22:33|08-04-2026 07:22:33|||08-04-2026 07:24:48|08-04-2026 07:27:17|08-04-2026 09:36:48|08-04-2026 09:36:48|08-05-2026 09:05:06||08-14-2026 15:40:54|08-14-2026 15:40:54|08-17-2026 09:56:22|248.31|314.56|66.26
BRCJM01|BRALGAR|VOGEL|81745649|Shipped|||NONE|00000-000||BR|DSV||2|520|520|520|520|Y|08-04-2026 07:23:33|08-04-2026 07:23:33|||08-04-2026 07:24:48|08-04-2026 07:27:17|08-07-2026 07:38:22|08-07-2026 07:42:14|08-07-2026 08:44:28||08-14-2026 15:40:38|08-14-2026 15:40:38|08-17-2026 09:56:22|248.28|314.55|66.26
BRCJM01|BRALGAR|VOGEL|81745657|Shipped|||NONE|00000-000||BR|DSV||1|1|1|1|1|Y|08-04-2026 07:23:34|08-04-2026 07:23:34|||08-04-2026 07:24:48|08-04-2026 07:27:17|08-04-2026 09:23:03|08-04-2026 09:23:03|08-04-2026 10:48:21||08-07-2026 15:07:23|08-11-2026 23:29:33|08-11-2026 23:29:49|79.73|184.1|104.37
BRCJM01|BRALGAR|VOGEL|81745660|Shipped|||NONE|00000-000||BR|DSV||1|1|1|1|1|Y|08-04-2026 07:23:34|08-04-2026 07:23:34|||08-04-2026 07:24:48|08-04-2026 07:27:17|08-04-2026 09:36:01|08-04-2026 09:36:01|08-04-2026 11:41:51||08-07-2026 15:22:55|08-11-2026 23:29:35|08-11-2026 23:29:49|79.99|184.1|104.12
BRCJM01|BRALGAR|VOGEL|81745664|Shipped|||NONE|00000-000||BR|DSV||1|300|300|300|300|Y|08-04-2026 07:23:34|08-04-2026 07:23:34|||08-04-2026 07:24:48|08-04-2026 07:27:17|08-05-2026 10:56:22|08-05-2026 10:56:22|08-05-2026 15:11:21||08-14-2026 15:40:32|08-14-2026 15:40:32|08-17-2026 09:56:21|248.28|314.55|66.26
BRCJM01|BRALGAR|VOGEL|81745668|Shipped|||NONE|00000-000||BR|DSV||2|410|410|410|410|Y|08-04-2026 07:23:34|08-04-2026 07:23:34|||08-04-2026 07:24:48|08-04-2026 07:27:17|08-07-2026 08:33:28|08-07-2026 09:17:28|08-07-2026 10:06:03||08-14-2026 15:45:18|08-14-2026 15:45:18|08-17-2026 09:56:21|248.36|314.55|66.18
BRCJM01|BRALGAR|VOGEL|81745669|Shipped|||NONE|00000-000||BR|DSV||2|2|2|2|2|Y|08-04-2026 07:23:34|08-04-2026 07:23:34|||08-04-2026 07:24:48|08-04-2026 07:27:17|08-04-2026 09:32:11|08-04-2026 09:36:57|08-04-2026 11:08:28||08-07-2026 15:30:52|08-11-2026 23:29:34|08-11-2026 23:29:49|80.12|184.1|103.98
BRCJM01|BRALGAR|VOGEL|81746842|Shipped|||NONE|00000-000||BR|DSV||2|101|101|101|101|Y|08-04-2026 08:41:52|08-04-2026 08:41:52|||08-06-2026 14:25:47|08-06-2026 14:30:20|08-06-2026 16:05:49|08-06-2026 16:08:00|08-06-2026 16:10:13||08-10-2026 13:01:07|08-11-2026 23:29:39|08-11-2026 23:29:49|148.32|182.8|34.48
BRCJM01|BRALGAR|VOGEL|81747655|Shipped|||NONE|00000-000||BR|DSV||1|1000|1000|1000|1000|Y|08-04-2026 08:41:52|08-04-2026 08:41:52|||08-04-2026 08:45:42|08-04-2026 08:48:45|08-05-2026 11:05:40|08-05-2026 11:05:40|08-06-2026 15:43:40||08-14-2026 15:45:07|08-14-2026 15:45:07|08-17-2026 09:56:21|247.05|313.24|66.19
BRCJM01|BRALGAR|VOGEL|81749473|Shipped|||NONE|00000-000||BR|DSV||2|3|3|3|3|Y|08-04-2026 08:41:52|08-04-2026 08:41:52|||08-04-2026 13:55:19|08-04-2026 13:56:24|08-05-2026 12:06:57|08-10-2026 15:09:34|08-10-2026 16:01:08||08-28-2026 14:40:30|08-28-2026 14:40:30|09-14-2026 09:53:34|581.98|985.2|403.22
BRCJM01|BRALGAR|VOGEL|81749474|Shipped|||NONE|00000-000||BR|DSV||1|1|1|1|1|Y|08-04-2026 08:41:52|08-04-2026 08:41:52|||08-05-2026 09:49:36|08-05-2026 09:53:49|08-05-2026 10:29:37|08-05-2026 10:29:37|08-05-2026 10:57:39||08-14-2026 15:45:03|08-14-2026 15:45:03|08-17-2026 09:56:21|247.05|313.24|66.19
BRCJM01|BRALGAR|VOGEL|81750403|Shipped|||NONE|00000-000||BR|DSV||1|1|1|1|1|Y|08-04-2026 08:41:53|08-04-2026 08:41:53|||08-04-2026 13:55:19|08-04-2026 13:56:25|08-04-2026 14:49:09|08-04-2026 14:49:09|08-04-2026 14:51:44||08-05-2026 10:15:06|08-11-2026 23:29:38|08-11-2026 23:29:49|25.55|182.8|157.25
BRCJM01|BRALGAR|VOGEL|81750405|Shipped|||NONE|00000-000||BR|DSV||1|400|400|400|400|Y|08-04-2026 08:41:53|08-04-2026 08:41:53|||08-04-2026 13:55:19|08-04-2026 13:56:25|08-05-2026 11:19:47|08-06-2026 14:45:22|08-06-2026 14:46:27||08-14-2026 15:44:59|08-14-2026 15:44:59|08-24-2026 12:34:47|247.05|483.88|236.83
BRCJM01|BRALGAR|VOGEL|81750406|Shipped|||NONE|00000-000||BR|DSV||2|700|700|700|700|Y|08-04-2026 08:41:53|08-04-2026 08:41:53|||08-11-2026 14:53:34|08-11-2026 15:00:42|08-11-2026 15:50:52|08-11-2026 15:51:34|08-11-2026 15:57:18||08-11-2026 16:00:41|08-11-2026 23:29:41|08-11-2026 23:29:49|175.31|182.8|7.49
BRCJM01|BRALGAR|VOGEL|81750409|Shipped|||NONE|00000-000||BR|DSV||1|1|1|1|1|Y|08-04-2026 08:41:53|08-04-2026 08:41:53|||08-04-2026 13:55:20|08-04-2026 13:56:25|08-04-2026 15:26:28|08-04-2026 15:26:28|08-04-2026 16:04:36||08-05-2026 10:15:00|08-11-2026 23:29:39|08-11-2026 23:29:49|25.55|182.8|157.25
BRCJM01|BRALGAR|VOGEL|81750429|Shipped|||NONE|00000-000||BR|DSV||1|1|1|1|1|Y|08-04-2026 08:41:53|08-04-2026 08:41:53|||08-04-2026 13:55:20|08-04-2026 13:56:26|08-05-2026 09:10:05|08-05-2026 09:31:44|08-05-2026 09:52:39||08-05-2026 09:52:39|08-13-2026 17:27:01|08-17-2026 10:06:57|25.18|313.42|288.24
BRCJM01|BRALGAR|VOGEL|81750445|Shipped|||NONE|00000-000||BR|DSV||1|1|1|1|1|Y|08-04-2026 08:41:53|08-04-2026 08:41:53|||08-04-2026 08:45:43|08-04-2026 08:48:46|08-04-2026 10:17:57|08-04-2026 10:17:57|08-04-2026 12:54:11||08-07-2026 15:33:00|08-11-2026 23:29:37|08-11-2026 23:29:49|78.85|182.8|103.95
BRCJM01|BRALGAR|VOGEL|81750446|Shipped|||NONE|00000-000||BR|DSV||1|400|400|400|400|Y|08-04-2026 08:41:53|08-04-2026 08:41:53|||08-06-2026 11:07:57|08-06-2026 11:09:45|08-07-2026 10:18:40|08-07-2026 10:18:40|08-07-2026 10:20:05||08-14-2026 15:44:54|08-14-2026 15:44:54|08-17-2026 09:56:21|247.05|313.24|66.19
BRCJM01|BRALGAR|VOGEL|81750451|Shipped|||NONE|00000-000||BR|DSV||2|600|600|600|600|Y|08-04-2026 08:41:54|08-04-2026 08:41:54|||08-04-2026 13:55:19|08-04-2026 13:56:26|08-06-2026 17:30:08|08-06-2026 20:15:55|08-07-2026 07:30:51||08-14-2026 15:44:46|08-14-2026 15:44:46|08-17-2026 09:56:21|247.05|313.24|66.19
BRCJM01|BRALGAR|VOGEL|81751405|Shipped|||NONE|00000-000||BR|DSV||1|3|3|3|3|Y|08-04-2026 08:41:54|08-04-2026 08:41:54|||08-04-2026 13:55:19|08-04-2026 13:56:26|08-10-2026 09:53:22|08-10-2026 09:53:22|08-10-2026 09:59:42||08-14-2026 15:44:32|08-14-2026 15:44:32|08-17-2026 09:56:21|247.04|313.24|66.2
BRCJM01|BRALGAR|VOGEL|81751696|Shipped|||NONE|00000-000||BR|DSV||1|2|2|2|2|Y|08-04-2026 08:41:54|08-04-2026 08:41:54|||08-04-2026 13:55:19|08-04-2026 13:56:26|08-04-2026 15:33:13|08-04-2026 15:33:13|08-04-2026 16:00:03||08-07-2026 15:40:08|08-11-2026 23:29:39|08-11-2026 23:29:49|78.97|182.8|103.83
BRCJM01|BRALGAR|VOGEL|81751843|Shipped|||NONE|00000-000||BR|DSV||1|100|100|100|100|Y|08-04-2026 08:41:54|08-04-2026 08:41:54|||08-04-2026 13:55:19|08-04-2026 13:56:27|08-04-2026 15:56:33|08-04-2026 15:56:33|08-04-2026 16:13:19||08-11-2026 22:48:37|08-11-2026 22:48:37|08-11-2026 23:15:48|182.11|182.57|.45
BRCJM01|BRALGAR|VOGEL|81751864|Shipped|||NONE|00000-000||BR|DSV||4|22|22|22|22|Y|08-04-2026 08:41:54|08-04-2026 08:41:54|||08-04-2026 08:45:42|08-04-2026 08:48:46|08-05-2026 12:16:45|08-11-2026 15:25:49|08-11-2026 15:27:15||08-14-2026 15:43:36|08-14-2026 15:43:36|08-17-2026 09:56:20|247.03|313.24|66.21
BRCJM01|BRALGAR|VOGEL|81753233|Shipped|||NONE|00000-000||BR|DSV||1|4|4|4|4|Y|08-04-2026 08:41:54|08-04-2026 08:41:54|||08-04-2026 08:45:43|08-04-2026 08:48:46|08-04-2026 09:55:29|08-04-2026 09:55:29|08-04-2026 11:31:30||08-05-2026 10:15:14|08-11-2026 23:29:35|08-11-2026 23:29:50|25.56|182.8|157.24
BRCJM01|BRALGAR|VOGEL|81753242|Shipped|||NONE|00000-000||BR|DSV||1|40|40|40|40|Y|08-04-2026 08:41:55|08-04-2026 08:41:55|||08-04-2026 08:45:43|08-04-2026 08:48:47|08-05-2026 10:13:09|08-05-2026 10:13:09|08-05-2026 10:41:55||08-14-2026 15:43:23|08-14-2026 15:43:23|08-17-2026 09:56:20|247.02|313.24|66.22
BRCJM01|BRALGAR|VOGEL|81754493|Shipped|||NONE|00000-000||BR|DSV||1|1|1|1|1|Y|08-05-2026 14:15:10|08-05-2026 14:15:10|||08-05-2026 14:17:23|08-05-2026 14:18:44|08-05-2026 16:16:26|08-05-2026 16:16:26|08-05-2026 16:30:42||08-14-2026 15:43:00|08-14-2026 15:43:00|08-17-2026 09:56:20|217.46|283.69|66.22
BRCJM01|BRALGAR|VOGEL|81755924|Shipped|||NONE|00000-000||BR|DSV||2|102|102|102|102|Y|08-05-2026 14:15:10|08-05-2026 14:15:10|||08-05-2026 14:17:23|08-05-2026 14:18:44|08-05-2026 18:56:55|08-05-2026 19:12:59|08-06-2026 07:48:21||08-14-2026 15:42:42|08-14-2026 15:42:42|08-17-2026 09:56:19|217.46|283.69|66.23
BRCJM01|BRALGAR|VOGEL|81756640|Shipped|||NONE|00000-000||BR|DSV||2|600|600|600|600|Y|08-07-2026 10:34:30|08-07-2026 10:34:30|||08-07-2026 10:36:47|08-07-2026 10:39:17|08-07-2026 17:29:32|08-07-2026 18:01:11|08-10-2026 08:37:31||08-11-2026 22:49:16|08-11-2026 22:49:16|08-11-2026 23:15:48|108.25|108.69|.44
BRCJM01|BRALGAR|VOGEL|81756645|Shipped|||NONE|00000-000||BR|DSV||1|1|1|1|1|Y|08-07-2026 10:34:30|08-07-2026 10:34:30|||08-07-2026 10:36:47|08-07-2026 10:39:18|08-07-2026 11:25:58|08-07-2026 11:25:58|08-07-2026 11:42:39||08-17-2026 10:00:04|08-17-2026 10:00:04|08-17-2026 10:02:28|239.43|239.47|.04
BRCJM01|BRALGAR|VOGEL|81756670|Shipped|||NONE|00000-000||BR|DSV||1|60|60|60|60|Y|08-07-2026 10:34:30|08-07-2026 10:34:30|||08-07-2026 10:36:47|08-07-2026 10:39:18|08-07-2026 11:21:01|08-07-2026 11:21:01|08-07-2026 11:32:15||08-17-2026 10:00:10|08-17-2026 10:00:10|08-17-2026 10:02:28|239.43|239.47|.04
BRCJM01|BRALGAR|VOGEL|81756679|Shipped|||NONE|00000-000||BR|DSV||2|3|3|3|3|Y|08-07-2026 10:34:30|08-07-2026 10:34:30|||08-07-2026 10:36:48|08-07-2026 10:39:18|08-07-2026 11:31:15|08-07-2026 11:33:03|08-07-2026 11:58:55||08-24-2026 12:25:27|08-24-2026 12:25:27|08-24-2026 12:34:49|409.85|410.01|.16
BRCJM01|BRALGAR|VOGEL|81756681|Shipped|||NONE|00000-000||BR|DSV||1|20|20|20|20|Y|08-07-2026 10:34:30|08-07-2026 10:34:30|||08-07-2026 10:36:47|08-07-2026 10:39:18|08-07-2026 11:18:21|08-07-2026 11:18:21|08-07-2026 12:34:21||08-11-2026 22:50:53|08-11-2026 22:50:53|08-11-2026 23:15:48|108.27|108.69|.42
BRCJM01|BRALGAR|VOGEL|81756685|Shipped|||NONE|00000-000||BR|DSV||1|50|50|50|50|Y|08-07-2026 10:34:30|08-07-2026 10:34:30|||08-07-2026 10:36:47|08-07-2026 10:39:18|08-07-2026 11:29:31|08-07-2026 11:29:31|08-07-2026 11:38:49||08-24-2026 12:25:34|08-24-2026 12:25:34|08-24-2026 12:34:49|409.85|410.01|.15
BRCJM01|BRALGAR|VOGEL|81756709|Shipped|||NONE|00000-000||BR|DSV||1|1|1|1|1|Y|08-07-2026 10:34:30|08-07-2026 10:34:30|||08-07-2026 10:36:47|08-07-2026 10:39:18|08-07-2026 13:45:27|08-07-2026 13:45:27|08-10-2026 10:06:50||08-24-2026 12:26:06|08-24-2026 12:26:06|08-24-2026 12:34:49|409.86|410.01|.15
BRCJM01|BRALGAR|VOGEL|81756898|Shipped|||NONE|00000-000||BR|DSV||1|40|40|40|40|Y|08-07-2026 10:34:30|08-07-2026 10:34:30|||08-07-2026 10:36:47|08-07-2026 10:39:18|08-07-2026 11:25:59|08-07-2026 11:25:59|08-07-2026 12:11:47||08-11-2026 22:52:36|08-11-2026 22:52:36|08-11-2026 23:15:48|108.3|108.69|.39
BRCJM01|BRALGAR|VOGEL|81756900|Shipped|||NONE|00000-000||BR|DSV||1|1|1|1|1|Y|08-07-2026 10:34:30|08-07-2026 10:34:30|||08-07-2026 10:36:47|08-07-2026 10:39:18|08-07-2026 11:21:13|08-07-2026 11:21:13|08-07-2026 12:01:52||08-24-2026 12:26:12|08-24-2026 12:26:12|08-24-2026 12:34:49|409.86|410.01|.14
BRCJM01|BRALGAR|VOGEL|81757738|Shipped|||NONE|00000-000||BR|DSV||1|1|1|1|1|Y|08-10-2026 07:30:36|08-10-2026 07:30:36|||08-10-2026 07:31:40|08-10-2026 08:21:05|08-10-2026 10:40:14|08-10-2026 10:40:14|08-10-2026 11:21:08||08-14-2026 15:42:11|08-14-2026 15:42:11|08-24-2026 12:34:49|104.19|341.07|236.88
BRCJM01|BRALGAR|VOGEL|81758477|Shipped|||NONE|00000-000||BR|DSV||4|103|103|103|103|Y|08-10-2026 07:30:37|08-10-2026 07:30:37|||08-10-2026 07:31:40|08-10-2026 08:21:05|08-10-2026 11:33:43|08-10-2026 11:52:49|08-10-2026 12:17:13||08-17-2026 10:00:31|08-17-2026 10:00:31|08-17-2026 10:02:29|170.5|170.53|.03
BRCJM01|BRALGAR|VOGEL|81758618|Shipped|||NONE|00000-000||BR|DSV||2|7|7|7|7|Y|08-10-2026 07:30:37|08-10-2026 07:30:37|||08-10-2026 07:31:40|08-10-2026 08:21:06|08-10-2026 10:57:38|08-10-2026 10:59:50|08-10-2026 11:07:18||08-17-2026 10:00:56|08-17-2026 10:00:56|08-17-2026 10:02:29|170.51|170.53|.03
BRCJM01|BRALGAR|VOGEL|81758619|Shipped|||NONE|00000-000||BR|DSV||2|4|4|4|4|Y|08-10-2026 07:30:37|08-10-2026 07:30:37|||08-10-2026 07:31:40|08-10-2026 08:21:06|08-10-2026 11:01:43|08-10-2026 11:01:56|08-10-2026 11:11:50||08-14-2026 15:41:56|08-14-2026 15:41:56|08-17-2026 09:56:18|104.19|170.43|66.24
BRCJM01|BRALGAR|VOGEL|81758640|Shipped|||NONE|00000-000||BR|DSV||1|4000|4000|4000|4000|Y|08-10-2026 07:30:37|08-10-2026 07:30:37|||08-11-2026 09:52:36|08-11-2026 08:24:42||08-11-2026 10:03:49|08-11-2026 10:10:17||08-24-2026 12:26:41|08-24-2026 12:26:41|08-24-2026 12:34:50|340.93|341.07|.14
BRCJM01|BRALGAR|VOGEL|81759406|Shipped|||NONE|00000-000||BR|DSV||1|4|4|4|4|Y|08-11-2026 09:40:17|08-11-2026 09:40:17|||08-12-2026 09:22:59|08-12-2026 09:23:29|08-12-2026 10:50:32|08-12-2026 10:50:32|08-12-2026 14:11:34||08-24-2026 12:26:56|08-24-2026 12:26:56|08-24-2026 12:34:50|314.78|314.91|.13
BRCJM01|BRALGAR|VOGEL|81759607|Shipped|||NONE|00000-000||BR|DSV||7|47|47|47|47|Y|08-11-2026 09:40:18|08-11-2026 09:40:18|||08-11-2026 09:43:24|08-11-2026 15:43:24|08-12-2026 16:42:37|08-18-2026 11:28:07|08-18-2026 11:32:57||08-20-2026 13:44:00|08-20-2026 13:44:00|09-14-2026 09:53:35|220.06|816.22|596.16
BRCJM01|BRALGAR|VOGEL|81759632|Shipped|||NONE|00000-000||BR|DSV||3|22|22|22|22|Y|08-11-2026 09:40:18|08-11-2026 09:40:18|||08-11-2026 09:43:24|08-11-2026 15:43:24|08-11-2026 17:05:10|08-11-2026 17:08:34|08-12-2026 07:34:04||08-17-2026 10:01:23|08-17-2026 10:01:23|08-17-2026 10:02:29|144.35|144.37|.02
BRCJM01|BRALGAR|VOGEL|81759635|Shipped|||NONE|00000-000||BR|DSV||1|1|1|1|1|Y|08-11-2026 09:40:18|08-11-2026 09:40:18|||08-11-2026 09:43:24|08-11-2026 15:43:24|08-11-2026 17:11:01|08-11-2026 17:11:01|08-12-2026 07:23:42||08-17-2026 10:01:32|08-17-2026 10:01:32|08-17-2026 10:02:29|144.35|144.37|.02
BRCJM01|BRALGAR|VOGEL|81759640|Shipped|||NONE|00000-000||BR|DSV||2|6|6|6|6|Y|08-11-2026 09:40:18|08-11-2026 09:40:18|||08-11-2026 09:43:24|08-11-2026 15:43:24|08-12-2026 09:05:54|08-12-2026 09:25:25|08-12-2026 14:37:06||08-24-2026 12:29:26|08-24-2026 12:29:26|08-24-2026 12:34:50|314.82|314.91|.09
BRCJM01|BRALGAR|VOGEL|81759790|Shipped|||NONE|00000-000||BR|DSV||1|20|20|20|20|Y|08-11-2026 09:41:19|08-11-2026 09:41:19|||08-11-2026 09:43:24|08-11-2026 15:43:25|08-11-2026 17:29:53|08-11-2026 17:29:53|08-12-2026 08:31:59||08-17-2026 10:01:56|08-17-2026 10:01:56|08-17-2026 10:02:29|144.34|144.35|.01
BRCJM01|BRALGAR|VOGEL|81759793|Shipped|||NONE|00000-000||BR|DSV||1|100|100|100|100|Y|08-11-2026 09:41:19|08-11-2026 09:41:19|||08-11-2026 09:43:24|08-11-2026 15:43:25|08-12-2026 10:25:34|08-12-2026 10:25:34|08-12-2026 14:20:33||08-17-2026 10:02:01|08-17-2026 10:02:01|08-17-2026 10:02:29|144.35|144.35|.01
BRCJM01|BRALGAR|VOGEL|81759802|Shipped|||NONE|00000-000||BR|DSV||1|10|10|10|10|Y|08-11-2026 09:41:19|08-11-2026 09:41:19|||08-11-2026 09:43:24|08-11-2026 15:43:25|08-11-2026 17:33:16|08-11-2026 17:33:16|08-12-2026 07:08:06||08-14-2026 23:15:13|08-14-2026 23:15:13|08-17-2026 09:56:18|85.56|144.25|58.68
BRCJM01|BRALGAR|VOGEL|81763109|Shipped|||NONE|00000-000||BR|DSV||3|6|6|6|6|Y|08-14-2026 08:17:10|08-14-2026 08:17:10|||08-14-2026 08:18:10|08-14-2026 08:22:55|08-14-2026 10:22:10|08-19-2026 10:43:14|08-19-2026 10:44:15||08-24-2026 11:13:05|08-24-2026 11:13:05|09-14-2026 09:53:35|242.93|745.61|502.68
BRCJM01|BRALGAR|VOGEL|81764789|Shipped|||NONE|00000-000||BR|DSV||1|1|1|1|1|Y|08-17-2026 10:53:07|08-17-2026 10:53:07|||08-17-2026 10:54:43|08-17-2026 10:55:17|08-21-2026 09:13:34|08-21-2026 09:13:34|08-21-2026 13:51:48||08-26-2026 10:11:31|08-26-2026 10:11:31|09-14-2026 09:53:36|215.31|671.01|455.7
BRCJM01|BRALGAR|VOGEL|81765625|Shipped|||NONE|00000-000||BR|DSV||1|8|8|8|8|Y|08-18-2026 07:58:51|08-18-2026 07:58:51|||08-18-2026 08:00:28|08-18-2026 08:00:57|08-18-2026 11:27:46|08-18-2026 11:27:46|08-18-2026 12:02:56||08-21-2026 15:44:08|08-21-2026 15:44:08|09-14-2026 09:53:36|79.75|649.91|570.16
BRCJM01|BRALGAR|VOGEL|81765628|Shipped|||NONE|00000-000||BR|DSV||1|4000|4000|4000|4000|Y|08-18-2026 07:58:51|08-18-2026 07:58:51|||08-18-2026 09:25:07|08-18-2026 09:29:33|08-18-2026 19:03:19|08-18-2026 19:03:19|08-19-2026 08:22:28||08-21-2026 11:32:47|08-21-2026 11:32:47|09-14-2026 09:53:36|75.57|649.91|574.35
BRCJM01|BRALGAR|VOGEL|81765633|Shipped|||NONE|00000-000||BR|DSV||1|2000|2000|2000|2000|Y|08-18-2026 07:58:51|08-18-2026 07:58:51|||08-18-2026 08:00:28|08-18-2026 08:00:58|08-18-2026 18:48:57|08-18-2026 18:48:57|08-19-2026 07:52:14||08-21-2026 11:35:25|08-21-2026 11:35:25|09-14-2026 09:53:36|75.61|649.91|574.3
BRCJM01|BRALGAR|VOGEL|81765872|Shipped|||NONE|00000-000||BR|DSV||2|8|8|8|8|Y|08-18-2026 14:35:18|08-18-2026 14:35:18|||08-18-2026 14:36:03|08-18-2026 14:37:27|08-18-2026 15:52:39|08-26-2026 08:51:44|08-26-2026 08:52:02||08-27-2026 11:22:53|08-27-2026 11:22:53|09-14-2026 09:53:36|212.79|643.31|430.51
BRCJM01|BRALGAR|VOGEL|81766581|Shipped|||NONE|00000-000||BR|DSV||2|6|6|6|6|Y|08-19-2026 08:02:14|08-19-2026 08:02:14|||08-19-2026 08:03:59|08-19-2026 08:05:23|08-20-2026 10:28:00|08-20-2026 10:29:30|08-20-2026 10:32:30||08-20-2026 13:38:48|08-20-2026 13:38:48|09-14-2026 09:53:38|29.61|625.86|596.25
BRCJM01|BRALGAR|VOGEL|81766657|Shipped|||NONE|00000-000||BR|DSV||3|80|80|80|80|Y|08-19-2026 08:02:15|08-19-2026 08:02:15|||08-19-2026 08:03:59|08-19-2026 08:05:23|08-19-2026 13:50:15|08-20-2026 20:58:50|08-21-2026 12:57:54||08-25-2026 12:19:27|08-25-2026 12:19:27|09-14-2026 09:53:38|148.29|625.86|477.57
BRCJM01|BRALGAR|VOGEL|81766699|Shipped|||NONE|00000-000||BR|DSV||1|6|6|6|6|Y|08-19-2026 08:02:15|08-19-2026 08:02:15|||08-19-2026 08:03:59|08-19-2026 08:05:23|08-19-2026 09:37:45|08-19-2026 15:29:54|08-19-2026 15:30:09||09-10-2026 09:43:32|09-10-2026 09:43:32|09-14-2026 09:53:38|529.69|625.86|96.17
BRCJM01|BRALGAR|VOGEL|81766701|Shipped|||NONE|00000-000||BR|DSV||1|2|2|2|2|Y|08-19-2026 08:02:15|08-19-2026 08:02:15|||08-19-2026 08:03:59|08-19-2026 08:05:23|08-20-2026 08:38:09|08-20-2026 08:38:09|08-20-2026 09:24:54||08-25-2026 12:25:03|08-25-2026 12:25:03|09-14-2026 09:53:38|148.38|625.86|477.48
BRCJM01|BRALGAR|VOGEL|81766782|Shipped|||NONE|00000-000||BR|DSV||1|4|4|4|4|Y|08-19-2026 08:02:15|08-19-2026 08:02:15|||08-19-2026 08:03:59|08-19-2026 08:05:24|08-19-2026 09:41:33|08-19-2026 09:41:33|08-19-2026 16:59:31||08-25-2026 12:27:55|08-25-2026 12:27:55|09-14-2026 09:53:39|148.43|625.86|477.43
BRCJM01|BRALGAR|VOGEL|81766783|Shipped|||NONE|00000-000||BR|DSV||1|3|3|3|3|Y|08-19-2026 08:03:15|08-19-2026 08:03:15|||08-19-2026 08:04:05|08-19-2026 08:05:24|08-19-2026 09:43:10|08-19-2026 09:43:10|08-20-2026 08:01:39||08-25-2026 12:28:30|08-25-2026 12:28:30|09-14-2026 09:53:39|148.42|625.84|477.42
BRCJM01|BRALGAR|VOGEL|81767126|Shipped|||NONE|00000-000||BR|DSV||2|9|9|9|9|Y|08-19-2026 08:03:16|08-19-2026 08:03:16|||08-19-2026 08:04:05|08-19-2026 08:05:24|08-19-2026 09:51:29|08-19-2026 09:56:53|08-20-2026 14:28:54||08-25-2026 12:18:56|08-25-2026 12:18:56|09-14-2026 09:53:39|148.26|625.84|477.58
BRCJM01|BRALGAR|VOGEL|81767129|Shipped|||NONE|00000-000||BR|DSV||1|4|4|4|4|Y|08-19-2026 08:03:16|08-19-2026 08:03:16|||08-19-2026 08:04:05|08-19-2026 08:05:25|08-19-2026 09:58:55|08-19-2026 09:58:55|08-19-2026 14:51:16||08-25-2026 12:30:57|08-25-2026 12:30:57|09-14-2026 09:53:40|148.46|625.84|477.38
BRCJM01|BRALGAR|VOGEL|81767347|Shipped|||NONE|00000-000||BR|DSV||1|2|2|2|2|Y|08-19-2026 08:03:17|08-19-2026 08:03:17|||08-19-2026 08:04:05|08-19-2026 08:05:25|08-19-2026 15:47:44|08-19-2026 16:00:47|08-19-2026 16:42:40||08-19-2026 16:43:30|08-19-2026 16:43:30|09-14-2026 09:53:40|8.67|625.84|617.17
BRCJM01|BRALGAR|VOGEL|81767349|Shipped|||NONE|00000-000||BR|DSV||1|4|4|4|4|Y|08-19-2026 08:03:17|08-19-2026 08:03:17|||08-19-2026 08:04:05|08-19-2026 08:05:25|08-19-2026 09:49:09|08-19-2026 09:49:09|08-19-2026 10:11:23||08-20-2026 13:31:53|08-20-2026 13:31:53|09-14-2026 09:53:40|29.48|625.84|596.36
