Site|Client|Owner|Order Id|Status|Order Type|Retailer Id|Address id|To Postal code|To County|To Country|Carrier Id|Dispatch Method|Lines|Total weight|Total volume|Qty ordered|Qty shipped|Shipped in full|Creation Date|Order Date|Ship By Date|Deliver By Date|Released|Allocated|In Progress|Picked|Packed|Awaiting|Ready To Load|Complete|Shipped|Creation to Ready to Load|Creation to Shipped|Ready to Load to Shipped
BRCJM01|BRBAT|BRBAT|77641.12|Shipped|||C8721|07250-130|SP|BR|T11493||5|0|12000|12000|12000|Y|06-15-2026 10:57:08|06-15-2026 10:55:06||||||06-16-2026 05:29:48|06-16-2026 05:33:04||06-16-2026 05:33:53|06-16-2026 05:34:41|06-16-2026 05:34:43|18.61|18.63|.01
BRCJM01|BRBAT|BRBAT|77643.12|Shipped|||C8721|07250-130|SP|BR|T11493||2|0|0|51744|51744|Y|06-15-2026 11:00:10|06-15-2026 10:55:14|||||||06-16-2026 05:18:50||06-16-2026 05:20:58|06-16-2026 05:28:10|06-16-2026 05:28:12|18.35|18.47|.12
BRCJM01|BRBAT|BRBAT|77645.12|Shipped|||C8715|13054-709|SP|BR|T11493||1|0|0|500|500|Y|06-15-2026 11:00:10|06-15-2026 10:55:14|||||||06-16-2026 05:18:57||06-16-2026 05:21:04|06-16-2026 05:28:59|06-16-2026 05:29:02|18.35|18.48|.13
BRCJM01|BRBAT|BRBAT|77646.12|Shipped|||C8715|13054-709|SP|BR|T11493||2|0|0|51744|51744|Y|06-15-2026 11:00:10|06-15-2026 10:55:24|||||||06-16-2026 05:19:03||06-16-2026 05:21:08|06-16-2026 05:28:33|06-16-2026 05:28:34|18.35|18.47|.12
BRCJM01|BRBAT|BRBAT|77647.12|Shipped|||C8721|07250-130|SP|BR|T11493||2|0|12000|12000|12000|Y|06-15-2026 11:00:10|06-15-2026 10:55:25||||||06-16-2026 00:48:48|06-16-2026 05:19:09||06-16-2026 05:21:36|06-16-2026 05:27:48|06-16-2026 05:27:48|18.36|18.46|.1
BRCJM01|BRBAT|BRBAT|77648.12|Shipped|||C8721|07250-130|SP|BR|T11493||33|0|10690.2|10690.2|10690.2|Y|06-15-2026 11:00:11|06-15-2026 10:55:40|||||||06-16-2026 05:19:21||06-16-2026 05:21:22|06-16-2026 05:27:21|06-16-2026 05:27:22|18.35|18.45|.1
BRCJM01|BRBAT|BRBAT|77649.12|Shipped|||C8715|13054-709|SP|BR|T11493||44|0|10687.95|10907.4|10907.4|Y|06-15-2026 11:03:12|06-15-2026 10:55:52|||||||06-16-2026 05:19:37||06-16-2026 05:21:33|06-16-2026 05:29:29|06-16-2026 05:29:30|18.31|18.44|.13
BRCJM01|BRBAT|BRBAT|77681.12|Shipped|||C13738|25056-075|RIO DE JANEIRO|BR|T8989||2|0|12000|12000|12000|Y|06-16-2026 07:54:08|06-16-2026 07:50:05|||06-16-2026 08:04:10|06-16-2026 08:04:59|06-16-2026 08:16:33|06-16-2026 09:17:59|06-16-2026 18:49:24||06-16-2026 18:50:16|06-16-2026 18:53:07|06-16-2026 18:53:08|10.94|10.98|.05
BRCJM01|BRBAT|BRBAT|77682.12|Shipped|||C13738|25056-075|RIO DE JANEIRO|BR|T8989||2|0|12000|12000|12000|Y|06-16-2026 07:54:09|06-16-2026 07:50:14|||06-16-2026 08:05:01|06-16-2026 08:07:10|06-16-2026 08:23:20|06-16-2026 09:25:00|06-16-2026 18:49:45||06-16-2026 18:50:24|06-16-2026 18:53:22|06-16-2026 18:53:30|10.94|10.99|.05
BRCJM01|BRBAT|BRBAT|77683.12|Shipped|||C13738|25056-075|RIO DE JANEIRO|BR|T8989||8|0|11800|11800|11800|Y|06-16-2026 07:54:07|06-16-2026 07:50:28|||06-16-2026 08:19:46|06-16-2026 08:46:10|06-16-2026 08:51:42|06-16-2026 10:36:18|06-16-2026 18:51:11||06-16-2026 18:52:10|06-16-2026 18:54:10|06-16-2026 18:54:11|10.97|11|.03
BRCJM01|BRBAT|BRBAT|77684.12|Shipped|||C13738|25056-075|RIO DE JANEIRO|BR|T8989||37|0|10560|10560|10560|Y|06-16-2026 07:54:08|06-16-2026 07:50:52|||06-16-2026 08:20:00|06-16-2026 08:58:26|06-16-2026 09:21:02|06-16-2026 18:35:45|06-16-2026 18:51:42||06-16-2026 18:52:31|06-16-2026 18:54:30|06-16-2026 18:54:31|10.97|11.01|.03
BRCJM01|BRBAT|BRBAT|77685.12|Shipped|||C13738|25056-075|RIO DE JANEIRO|BR|T8989||1|0|100.8|100.8|100.8|Y|06-16-2026 07:54:08|06-16-2026 07:51:15|||06-16-2026 08:20:11|06-16-2026 09:08:24|06-16-2026 09:44:57|06-16-2026 09:51:55|06-16-2026 09:52:08||06-16-2026 09:52:19|06-16-2026 18:54:43|06-16-2026 18:54:44|1.97|11.01|9.04
BRCJM01|BRBAT|BRBAT|77686.12|Shipped|||C13738|25056-075|RIO DE JANEIRO|BR|T8989||1|0|19500|19500|19500|Y|06-16-2026 07:55:09|06-16-2026 07:50:20|||06-16-2026 08:20:24|06-16-2026 09:09:25|06-16-2026 10:01:41|06-16-2026 10:09:55|06-16-2026 10:10:08||06-16-2026 10:10:18|06-16-2026 18:54:53|06-16-2026 18:54:55|2.25|11|8.74
BRCJM01|BRBAT|BRBAT|78061.12|Shipped|||C8721|07250-130|SP|BR|T11493||4|0|12000|12000|12000|Y|06-16-2026 10:06:38|06-16-2026 10:03:18|||06-16-2026 10:27:29|06-16-2026 10:29:59|06-16-2026 21:47:24|06-16-2026 23:01:48|06-16-2026 23:20:46||06-16-2026 23:20:54|06-16-2026 23:23:57|06-16-2026 23:23:58|13.24|13.29|.05
BRCJM01|BRBAT|BRBAT|78062.12|Shipped|||C8721|07250-130|SP|BR|T11493||3|0|12000|12000|12000|Y|06-16-2026 10:06:38|06-16-2026 10:00:12|||06-16-2026 10:27:46|06-16-2026 10:29:58|06-16-2026 23:08:33|06-17-2026 01:18:30|06-17-2026 02:13:26||06-17-2026 02:14:15|06-17-2026 02:15:05|06-17-2026 02:15:06|16.13|16.14|.01
BRCJM01|BRBAT|BRBAT|78063.12|Shipped|||C8721|07250-130|SP|BR|T11493||2|0|0|51744|51744|Y|06-16-2026 10:06:38|06-16-2026 10:03:16|||06-16-2026 10:27:57|06-16-2026 10:29:59|06-16-2026 19:11:28|06-16-2026 19:14:23|06-16-2026 23:21:19||06-16-2026 23:21:45|06-16-2026 23:24:18|06-16-2026 23:24:20|13.25|13.3|.04
BRCJM01|BRBAT|BRBAT|78064.12|Shipped|||C8720|17022-531|SP|BR|T11493||48|0|10491|10890|10890|Y|06-16-2026 10:09:40|06-16-2026 10:04:08|||06-16-2026 10:28:07|06-16-2026 10:30:00|06-16-2026 15:23:15|06-16-2026 20:35:15|06-16-2026 23:21:37||06-16-2026 23:21:58|06-16-2026 23:24:43|06-16-2026 23:24:44|13.21|13.25|.05
BRCJM01|BRBAT|BRBAT|78065.12|Shipped|||C8720|17022-531|SP|BR|T11493||1|0|12.6|12.6|12.6|Y|06-16-2026 10:06:38|06-16-2026 10:03:38|||06-16-2026 10:28:17|06-16-2026 10:30:00|06-16-2026 19:22:48|06-16-2026 19:22:48|06-16-2026 23:22:07||06-16-2026 23:23:07|06-16-2026 23:24:57|06-16-2026 23:24:59|13.27|13.31|.03
BRCJM01|BRBAT|BRBAT|78066.12|Shipped|||C8720|17022-531|SP|BR|T11493||2|0|0|51744|51744|Y|06-16-2026 10:06:39|06-16-2026 10:03:47|||06-16-2026 10:28:28|06-16-2026 10:30:00|06-16-2026 19:16:20|06-16-2026 19:17:30|06-16-2026 23:22:14||06-16-2026 23:23:10|06-16-2026 23:25:42|06-16-2026 23:25:44|13.28|13.32|.04
BRCJM01|BRBAT|BRBAT|78082.12|Shipped|||C8721|07250-130|SP|BR|T11493||30|0|10740|10740|10740|Y|06-16-2026 10:09:41|06-16-2026 10:04:16|||06-16-2026 10:30:07|06-16-2026 10:33:29|06-16-2026 17:33:40|06-16-2026 21:29:00|06-16-2026 23:22:45||06-16-2026 23:23:20|06-16-2026 23:26:03|06-16-2026 23:26:04|13.23|13.27|.05
BRCJM01|BRBAT|BRBAT|78083.12|Shipped|||C13735|83326-010|PR|BR|T8989||28|0|10860|10860|10860|Y|06-16-2026 10:01:35|06-16-2026 09:50:23|||06-16-2026 10:05:31|06-16-2026 10:06:53|06-16-2026 11:25:22|06-16-2026 18:57:04|06-16-2026 18:57:09||06-16-2026 18:57:27|06-16-2026 19:22:32|06-16-2026 19:22:33|8.93|9.35|.42
BRCJM01|BRBAT|BRBAT|78084.12|Shipped|||C13735|83326-010|PR|BR|T8989||1|0|4.2|4.2|4.2|Y|06-16-2026 10:01:35|06-16-2026 09:50:54|||06-16-2026 10:05:51|06-16-2026 10:06:57|06-16-2026 10:16:37|06-16-2026 10:16:37|06-16-2026 10:16:50||06-16-2026 10:17:10|06-16-2026 19:23:16|06-16-2026 19:23:18|.26|9.36|9.1
BRCJM01|BRBAT|BRBAT|78085.12|Shipped|||C13735|83326-010|PR|BR|T8989||2|0|0|51744|51744|Y|06-16-2026 10:01:35|06-16-2026 09:51:00|||06-16-2026 10:06:04|06-16-2026 10:06:57|06-16-2026 10:21:37|06-16-2026 18:56:12|06-16-2026 18:56:18||06-16-2026 18:56:18|06-16-2026 19:23:32|06-16-2026 19:23:33|8.91|9.37|.45
BRCJM01|BRBAT|BRBAT|78097.12|Shipped|||C13738|25056-075|RIO DE JANEIRO|BR|T8989||1|0|12000|12000|12000|Y|06-16-2026 11:06:58|06-16-2026 11:03:16|||06-16-2026 11:13:07|06-16-2026 11:27:03|06-17-2026 07:45:05|06-17-2026 08:04:23|06-17-2026 15:38:43||06-17-2026 15:38:54|06-17-2026 15:40:05|06-17-2026 15:40:09|28.53|28.55|.02
BRCJM01|BRBAT|BRBAT|78098.12|Shipped|||C13738|25056-075|RIO DE JANEIRO|BR|T8989||1|0|12000|12000|12000|Y|06-16-2026 11:06:57|06-16-2026 11:03:16|||06-16-2026 11:27:04|06-16-2026 11:36:03|06-17-2026 07:38:42|06-17-2026 08:01:09|06-17-2026 15:41:55||06-17-2026 15:42:09|06-17-2026 15:42:48|06-17-2026 15:42:52|28.59|28.6|.01
BRCJM01|BRBAT|BRBAT|78099.12|Shipped|||C13738|25056-075|RIO DE JANEIRO|BR|T8989||4|0|12000|12000|12000|Y|06-16-2026 11:06:58|06-16-2026 11:03:29|||06-16-2026 11:16:17|06-16-2026 11:27:04|06-17-2026 07:58:59|06-17-2026 10:22:04|06-17-2026 15:43:52||06-17-2026 15:44:15|06-17-2026 15:44:55|06-17-2026 15:44:58|28.62|28.63|.01
BRCJM01|BRBAT|BRBAT|78100.12|Shipped|||C13738|25056-075|RIO DE JANEIRO|BR|T8989||33|0|11687|11687|11687|Y|06-16-2026 11:06:58|06-16-2026 11:03:47|||06-16-2026 11:25:56|06-16-2026 11:27:05|06-17-2026 09:29:09|06-17-2026 14:47:41|06-17-2026 15:35:14||06-17-2026 15:35:41|06-17-2026 15:37:37|06-17-2026 15:37:40|28.48|28.51|.03
BRCJM01|BRBAT|BRBAT|78454.12|Shipped|||C8721|07250-130|SP|BR|T11493||1|0|12000|12000|12000|Y|06-17-2026 09:27:02|06-17-2026 09:23:15|||06-17-2026 09:39:44|06-17-2026 09:42:31|06-17-2026 15:21:31|06-17-2026 21:35:44|06-17-2026 22:45:51||06-17-2026 22:46:02|06-17-2026 22:55:06|06-17-2026 22:55:07|13.32|13.47|.15
BRCJM01|BRBAT|BRBAT|78455.12|Shipped|||C8721|07250-130|SP|BR|T11493||4|0|8000|8000|8000|Y|06-17-2026 09:27:03|06-17-2026 09:23:17|||06-17-2026 09:41:06|06-17-2026 09:42:32|06-17-2026 15:22:45|06-17-2026 20:13:11|06-17-2026 23:17:23||06-17-2026 23:17:33|06-17-2026 23:19:18|06-17-2026 23:19:19|13.84|13.87|.03
BRCJM01|BRBAT|BRBAT|78456.12|Shipped|||C8721|07250-130|SP|BR|T11493||4|0|12000|12000|12000|Y|06-17-2026 09:27:04|06-17-2026 09:23:26|||06-17-2026 09:41:20|06-17-2026 09:42:33|06-17-2026 20:25:57|06-17-2026 22:32:21|06-17-2026 22:48:06||06-17-2026 22:48:21|06-17-2026 22:55:24|06-17-2026 22:55:24|13.35|13.47|.12
BRCJM01|BRBAT|BRBAT|78457.12|Shipped|||C8721|07250-130|SP|BR|T11493||32|0|10420|10420|10420|Y|06-17-2026 10:03:17|06-17-2026 09:59:33|||06-17-2026 10:11:43|06-17-2026 10:15:15|06-17-2026 15:23:23|06-17-2026 19:13:10|06-17-2026 22:48:43||06-17-2026 22:48:55|06-17-2026 22:55:41|06-17-2026 22:55:43|12.76|12.87|.11
BRCJM01|BRBAT|BRBAT|78458.12|Shipped|||C8721|07250-130|SP|BR|T11493||2|0|0|51744|51744|Y|06-17-2026 09:27:03|06-17-2026 09:23:31|||06-17-2026 09:41:32|06-17-2026 09:42:34|06-17-2026 23:23:39|06-17-2026 23:26:10|06-17-2026 23:26:13||06-17-2026 23:26:22|06-17-2026 23:26:44|06-17-2026 23:26:46|13.99|14|.01
BRCJM01|BRBAT|BRBAT|78459.12|Shipped|||C13737|86046-230|PR|BR|T8989||33|0|10283.425|11650|11650|Y|06-17-2026 09:31:05|06-17-2026 09:23:51|||06-17-2026 09:33:54|06-17-2026 09:36:08|06-17-2026 09:47:01|06-17-2026 13:27:35|06-17-2026 15:45:59||06-17-2026 15:46:21|06-17-2026 15:47:01|06-17-2026 15:47:03|6.25|6.27|.01
BRCJM01|BRBAT|BRBAT|78460.12|Shipped|||C13738|25056-075|RIO DE JANEIRO|BR|T8989||2|0|12000|12000|12000|Y|06-17-2026 10:33:28|06-17-2026 10:30:06|||06-17-2026 10:42:12|06-17-2026 11:15:32|06-18-2026 07:04:47|06-18-2026 09:10:46|06-18-2026 17:37:46||06-18-2026 17:38:43|06-18-2026 17:39:53|06-18-2026 17:39:54|31.09|31.11|.02
BRCJM01|BRBAT|BRBAT|78461.12|Shipped|||C13738|25056-075|RIO DE JANEIRO|BR|T8989||2|0|12000|12000|12000|Y|06-17-2026 10:35:28|06-17-2026 10:30:19|||06-17-2026 10:45:11|06-17-2026 11:15:33|06-18-2026 07:01:16|06-18-2026 07:55:09|06-18-2026 17:37:52||06-18-2026 17:38:47|06-18-2026 17:40:06|06-18-2026 17:40:08|31.06|31.08|.02
BRCJM01|BRBAT|BRBAT|78462.12|Shipped|||C13738|25056-075|RIO DE JANEIRO|BR|T8989||5|0|11880|11880|11880|Y|06-17-2026 10:35:28|06-17-2026 10:30:31|||06-17-2026 10:54:47|06-17-2026 11:15:33|06-18-2026 08:04:24|06-18-2026 09:22:18|06-18-2026 17:37:57||06-18-2026 17:38:52|06-18-2026 17:40:20|06-18-2026 17:40:21|31.06|31.08|.02
BRCJM01|BRBAT|BRBAT|78463.12|Shipped|||C13738|25056-075|RIO DE JANEIRO|BR|T8989||39|0|11630|11630|11630|Y|06-17-2026 10:36:29|06-17-2026 10:30:59|||06-17-2026 11:06:38|06-17-2026 11:15:36|06-18-2026 08:32:36|06-18-2026 15:26:43|06-18-2026 17:38:20||06-18-2026 17:39:02|06-18-2026 17:40:40|06-18-2026 17:40:42|31.04|31.07|.03
BRCJM01|BRBAT|BRBAT|78828.12|Shipped|||C8721|07250-130|SP|BR|T11493||1|0|400|400|400|Y|06-18-2026 08:05:48|06-18-2026 08:03:14|||06-18-2026 08:19:12|06-18-2026 08:21:13|06-18-2026 09:22:24|06-18-2026 09:22:24|06-18-2026 09:23:02||06-18-2026 09:23:12|06-18-2026 09:24:38|06-18-2026 09:24:45|1.29|1.32|.03
BRCJM01|BRBAT|BRBAT|78829.12|Shipped|||C8721|07250-130|SP|BR|T11493||2|0|12000|12000|12000|Y|06-18-2026 08:05:49|06-18-2026 08:03:14|||06-18-2026 08:19:22|06-18-2026 08:21:14|06-18-2026 08:55:47|06-18-2026 16:35:09|06-19-2026 00:56:32||06-19-2026 00:58:14|06-19-2026 01:02:40|06-19-2026 01:02:41|16.87|16.95|.07
BRCJM01|BRBAT|BRBAT|78830.12|Shipped|||C8721|07250-130|SP|BR|T11493||5|0|12000|12000|12000|Y|06-18-2026 08:05:49|06-18-2026 08:03:26|||06-18-2026 08:19:30|06-18-2026 08:21:14|06-18-2026 22:09:50|06-19-2026 00:09:58|06-19-2026 00:56:21||06-19-2026 00:58:23|06-19-2026 01:01:25|06-19-2026 01:01:26|16.88|16.93|.05
BRCJM01|BRBAT|BRBAT|78831.12|Shipped|||C8715|13054-709|SP|BR|T11493||2|0|432|37392|37392|Y|06-18-2026 08:05:49|06-18-2026 08:03:27|||06-18-2026 08:19:38|06-18-2026 08:21:16|06-18-2026 15:49:03|06-18-2026 16:05:08|06-19-2026 00:56:11||06-19-2026 00:58:30|06-19-2026 01:03:29|06-19-2026 01:03:30|16.88|16.96|.08
BRCJM01|BRBAT|BRBAT|78832.12|Shipped|||C8721|07250-130|SP|BR|T11493||2|0|0|51744|51744|Y|06-18-2026 08:05:50|06-18-2026 08:03:35|||06-18-2026 08:19:49|06-18-2026 08:21:16|06-18-2026 15:33:47|06-18-2026 15:43:40|06-19-2026 00:56:00||06-19-2026 00:58:44|06-19-2026 01:02:17|06-19-2026 01:02:17|16.88|16.94|.06
BRCJM01|BRBAT|BRBAT|78833.12|Shipped|||C8721|07250-130|SP|BR|T11493||2|0|0|51744|51744|Y|06-18-2026 08:05:50|06-18-2026 08:03:37|||06-18-2026 08:19:59|06-18-2026 08:21:16|06-18-2026 16:23:04|06-18-2026 16:26:01|06-19-2026 00:55:49||06-19-2026 00:59:04|06-19-2026 01:01:56|06-19-2026 01:01:58|16.89|16.94|.05
BRCJM01|BRBAT|BRBAT|78834.12|Shipped|||C13735|83326-010|PR|BR|T8989||1|0|0|36960|36960|Y|06-18-2026 08:50:57|06-18-2026 08:45:05|||06-18-2026 08:58:07|06-18-2026 08:59:17|06-18-2026 11:31:06|06-18-2026 11:33:15|06-18-2026 11:35:07||06-18-2026 11:35:16|06-18-2026 18:44:51|06-18-2026 18:44:51|2.74|9.9|7.16
BRCJM01|BRBAT|BRBAT|78835.12|Shipped|||C13735|83326-010|PR|BR|T8989||43|0|10970|10970|10970|Y|06-18-2026 08:50:57|06-18-2026 08:45:36|||06-18-2026 08:58:17|06-18-2026 08:59:17|06-18-2026 09:31:03|06-18-2026 18:41:25|06-18-2026 18:44:01||06-18-2026 18:44:22|06-18-2026 18:45:12|06-18-2026 18:45:13|9.89|9.9|.01
BRCJM01|BRBAT|BRBAT|78836.12|Shipped|||C8715|13054-709|SP|BR|T11493||24|0|5713|10900|10900|Y|06-18-2026 15:33:03|06-18-2026 15:30:23|||06-18-2026 15:34:59|06-18-2026 15:37:23|06-18-2026 16:35:43|06-18-2026 20:33:47|06-19-2026 00:55:38||06-19-2026 00:59:15|06-19-2026 01:03:06|06-19-2026 01:03:10|9.44|9.5|.07
BRCJM01|BRBAT|BRBAT|78837.12|Shipped|||C8721|07250-130|SP|BR|T11493||34|0|9760|9760|9760|Y|06-18-2026 15:34:04|06-18-2026 15:31:18|||06-18-2026 15:37:29|06-18-2026 15:42:33|06-18-2026 16:07:34|06-18-2026 21:35:21|06-19-2026 00:55:06||06-19-2026 00:59:25|06-19-2026 01:00:35|06-19-2026 01:00:37|9.42|9.44|.02
BRCJM01|BRBAT|BRBAT|78838.12|Shipped|||C13738|25056-075|RIO DE JANEIRO|BR|T8989||1|0|12000|12000|12000|Y|06-18-2026 10:27:21|06-18-2026 10:23:16|||06-18-2026 10:48:05|06-18-2026 10:51:31|06-19-2026 07:13:56|06-19-2026 07:39:01|06-19-2026 13:50:26||06-19-2026 13:52:15|06-19-2026 13:54:30|06-19-2026 13:54:38|27.42|27.45|.04
BRCJM01|BRBAT|BRBAT|78839.12|Shipped|||C13738|25056-075|RIO DE JANEIRO|BR|T8989||4|0|11980|11980|11980|Y|06-18-2026 10:27:21|06-18-2026 10:23:20|||06-18-2026 10:47:52|06-18-2026 10:51:32|06-19-2026 07:27:38|06-19-2026 09:27:19|06-19-2026 13:50:10||06-19-2026 13:52:22|06-19-2026 13:55:01|06-19-2026 13:55:04|27.42|27.46|.05
BRCJM01|BRBAT|BRBAT|78840.12|Shipped|||C13738|25056-075|RIO DE JANEIRO|BR|T8989||35|0|11640|11640|11640|Y|06-18-2026 10:30:23|06-18-2026 10:23:48|||06-18-2026 10:51:39|06-18-2026 11:09:43|06-19-2026 07:00:51|06-19-2026 12:43:36|06-19-2026 13:51:28||06-19-2026 13:52:02|06-19-2026 13:55:39|06-19-2026 13:55:40|27.36|27.42|.06
BRCJM01|BRBAT|BRBAT|78843.12|Shipped|||C13737|86046-230|PR|BR|T8989||1|0|0|1056|1056|Y|06-18-2026 13:39:28|06-18-2026 13:35:04|||06-18-2026 13:40:40|06-18-2026 13:48:48|06-18-2026 14:09:25|06-18-2026 14:09:25|06-18-2026 14:10:24||06-18-2026 14:10:49|06-18-2026 14:11:57|06-18-2026 14:12:03|.52|.54|.02
BRCJM01|BRBAT|BRBAT|78844.12|Shipped|||C13737|86046-230|PR|BR|T8989||6|0|370.025|380|380|Y|06-18-2026 13:39:28|06-18-2026 13:35:18|||06-18-2026 13:41:00|06-18-2026 13:48:48|06-18-2026 14:03:26|06-18-2026 14:06:30|06-18-2026 14:10:15||06-18-2026 14:10:41|06-18-2026 14:12:32|06-18-2026 14:12:36|.52|.55|.03
BRCJM01|BRBAT|BRBAT|78846.12|Shipped|||C8721|07250-130|SP|BR|T11493||1|0|1010|1010|1010|Y|06-18-2026 13:45:30|06-18-2026 13:43:14|||06-18-2026 14:18:00|06-18-2026 14:18:57|06-19-2026 00:03:00|06-19-2026 00:04:59|06-19-2026 00:54:46||06-19-2026 00:59:29|06-19-2026 01:00:58|06-19-2026 01:01:01|11.23|11.26|.03
BRCJM01|BRBAT|BRBAT|79204.12|Shipped|||C8721|07250-130|SP|BR|T11493||2|0|0|51744|51744|Y|06-19-2026 13:06:16|06-19-2026 13:00:07|||06-19-2026 13:34:15|06-19-2026 13:37:59|06-19-2026 14:04:47|06-19-2026 14:07:58|06-20-2026 01:20:56||06-20-2026 01:22:29|06-20-2026 01:26:09|06-20-2026 01:26:10|12.27|12.33|.06
BRCJM01|BRBAT|BRBAT|79205.12|Shipped|||C8721|07250-130|SP|BR|T11493||1|0|12000|12000|12000|Y|06-19-2026 13:06:17|06-19-2026 13:00:19|||06-19-2026 13:34:25|06-19-2026 13:38:00|06-19-2026 17:56:36|06-19-2026 18:41:37|06-20-2026 01:21:29||06-20-2026 01:22:52|06-20-2026 01:26:29|06-20-2026 01:26:30|12.28|12.34|.06
BRCJM01|BRBAT|BRBAT|79206.12|Shipped|||C8721|07250-130|SP|BR|T11493||6|0|12000|12000|12000|Y|06-19-2026 13:07:17|06-19-2026 13:00:31|||06-19-2026 13:38:02|06-19-2026 13:42:12|06-19-2026 16:58:07|06-19-2026 17:49:41|06-20-2026 01:22:03||06-20-2026 01:22:48|06-20-2026 01:26:52|06-20-2026 01:26:53|12.26|12.33|.07
BRCJM01|BRBAT|BRBAT|79207.12|Shipped|||C8721|07250-130|SP|BR|T11493||2|0|12000|12000|12000|Y|06-19-2026 13:39:24|06-19-2026 13:35:06|||06-19-2026 13:44:59|06-19-2026 13:46:12|06-19-2026 16:09:07|06-19-2026 16:54:28|06-20-2026 01:21:57||06-20-2026 01:22:46|06-20-2026 01:27:29|06-20-2026 01:27:29|11.72|11.8|.08
BRCJM01|BRBAT|BRBAT|79238.12|Shipped|||C13738|25056-075|RIO DE JANEIRO|BR|T8989||2|0|0|2624|2624|Y|06-19-2026 11:06:28|06-19-2026 11:03:13|||06-19-2026 11:10:12|06-19-2026 14:05:24|06-20-2026 10:57:47|06-20-2026 10:59:48|06-20-2026 11:00:11||06-20-2026 11:00:29|06-20-2026 15:37:52|06-20-2026 15:37:57|23.9|28.52|4.62
BRCJM01|BRBAT|BRBAT|79239.12|Shipped|||C13738|25056-075|RIO DE JANEIRO|BR|T8989||1|0|12000|12000|12000|Y|06-19-2026 11:06:30|06-19-2026 11:03:13|||06-19-2026 11:11:26|06-19-2026 14:05:25|06-20-2026 10:46:03|06-20-2026 11:56:15|06-20-2026 15:33:06||06-20-2026 15:33:35|06-20-2026 15:38:27|06-20-2026 15:38:30|28.45|28.53|.08
BRCJM01|BRBAT|BRBAT|79240.12|Shipped|||C13738|25056-075|RIO DE JANEIRO|BR|T8989||2|0|9369.6|9369.6|9369.6|Y|06-19-2026 11:06:30|06-19-2026 11:03:27|||06-19-2026 11:12:00|06-19-2026 14:05:26|06-20-2026 10:01:42|06-20-2026 12:48:34|06-20-2026 15:34:44||06-20-2026 15:35:00|06-20-2026 15:39:01|06-20-2026 15:39:04|28.47|28.54|.07
BRCJM01|BRBAT|BRBAT|79241.12|Shipped|||C13738|25056-075|RIO DE JANEIRO|BR|T8989||7|0|11860|11860|11860|Y|06-19-2026 11:06:30|06-19-2026 11:03:31|||06-19-2026 11:13:20|06-19-2026 14:05:27|06-20-2026 12:27:07|06-20-2026 15:47:32|06-20-2026 16:08:41||06-20-2026 16:09:30|06-20-2026 16:10:17|06-20-2026 16:10:32|29.05|29.07|.02
BRCJM01|BRBAT|BRBAT|79242.12|Shipped|||C13738|25056-075|RIO DE JANEIRO|BR|T8989||43|0|10672.36|11450.8|11450.8|Y|06-19-2026 11:09:31|06-19-2026 11:03:55|||06-19-2026 14:05:35|06-19-2026 14:13:13|06-22-2026 08:10:49|06-22-2026 15:26:48|06-22-2026 16:12:29||06-22-2026 16:13:31|06-22-2026 16:13:31|06-23-2026 16:29:11|77.07|101.33|24.26
BRCJM01|BRBAT|BRBAT|79262.12|Shipped|||C13735|83326-010|PR|BR|T8989||43|0|11633.7|11753.4|11753.4|Y|06-19-2026 11:51:49|06-19-2026 11:45:32|||06-19-2026 11:53:22|06-19-2026 11:56:03|06-19-2026 12:05:41|06-19-2026 15:49:06|06-19-2026 16:30:43||06-19-2026 16:31:05|06-19-2026 16:31:42|06-19-2026 16:31:44|4.65|4.67|.01
BRCJM01|BRBAT|BRBAT|79263.12|Shipped|||C8721|07250-130|SP|BR|T11493||36|0|10808.5|10808.5|10808.5|Y|06-19-2026 11:51:50|06-19-2026 11:46:23|||06-19-2026 12:02:50|06-19-2026 12:34:19|06-19-2026 12:57:02|06-19-2026 15:53:03|06-20-2026 01:23:55||06-20-2026 01:24:35|06-20-2026 01:25:48|06-20-2026 01:25:50|13.55|13.57|.02
BRCJM01|BRBAT|BRBAT|79522.12|Shipped|||C13738|25056-075|RIO DE JANEIRO|BR|T8989||1|0|12000|12000|12000|Y|06-22-2026 10:49:17|06-22-2026 10:35:05|||06-22-2026 10:53:03|06-22-2026 13:24:05|06-23-2026 07:15:55|06-23-2026 07:58:22|06-23-2026 15:27:03||06-23-2026 15:27:53|06-23-2026 15:29:43|06-23-2026 15:29:43|28.64|28.67|.03
BRCJM01|BRBAT|BRBAT|79523.12|Shipped|||C13738|25056-075|RIO DE JANEIRO|BR|T8989||1|0|12000|12000|12000|Y|06-22-2026 10:50:19|06-22-2026 10:35:13|||06-22-2026 10:53:47|06-22-2026 13:24:05|06-22-2026 13:37:03|06-22-2026 13:55:34|06-23-2026 15:27:14||06-23-2026 15:28:02|06-23-2026 15:29:57|06-23-2026 15:29:58|28.63|28.66|.03
BRCJM01|BRBAT|BRBAT|79524.12|Shipped|||C13738|25056-075|RIO DE JANEIRO|BR|T8989||2|0|6012|12000|12000|Y|06-22-2026 10:50:19|06-22-2026 10:35:20|||06-22-2026 10:56:36|06-22-2026 13:24:06|06-23-2026 08:19:09|06-23-2026 09:49:51|06-23-2026 15:27:23||06-23-2026 15:28:05|06-23-2026 15:30:21|06-23-2026 15:30:22|28.63|28.67|.04
BRCJM01|BRBAT|BRBAT|79525.12|Shipped|||C13738|25056-075|RIO DE JANEIRO|BR|T8989||38|0|10292.92|11750|11750|Y|06-22-2026 11:22:27|06-22-2026 10:35:43|||06-22-2026 11:27:10|06-22-2026 13:24:06|06-23-2026 07:11:28|06-23-2026 14:11:19|06-23-2026 15:27:40||06-23-2026 15:28:13|06-23-2026 15:30:43|06-23-2026 15:30:45|28.1|28.14|.04
BRCJM01|BRBAT|BRBAT|79526.12|Shipped|||C8721|07250-130|SP|BR|T11493||1|0|0|2400|2400|Y|06-22-2026 14:27:21|06-22-2026 14:21:27|||06-22-2026 14:44:08|06-22-2026 14:53:37|06-22-2026 15:40:45|06-22-2026 15:40:45|06-22-2026 20:23:13||06-22-2026 20:23:20|06-22-2026 22:43:17|06-22-2026 22:43:18|5.93|8.27|2.33
BRCJM01|BRBAT|BRBAT|79527.12|Shipped|||C8721|07250-130|SP|BR|T11493||1|0|12000|12000|12000|Y|06-22-2026 14:27:21|06-22-2026 14:21:35|||06-22-2026 14:44:21|06-22-2026 14:51:20|06-23-2026 08:24:55|06-23-2026 20:56:31|06-23-2026 20:56:35||06-23-2026 20:56:44|06-23-2026 20:58:15|06-23-2026 20:58:16|30.49|30.52|.03
BRCJM01|BRBAT|BRBAT|79528.12|Shipped|||C8721|07250-130|SP|BR|T11493||1|0|12000|12000|12000|Y|06-22-2026 14:27:22|06-22-2026 14:21:43|||06-22-2026 14:44:32|06-22-2026 14:51:21|06-22-2026 22:11:31|06-22-2026 23:45:01|06-23-2026 00:07:00||06-23-2026 00:07:16|06-23-2026 00:07:52|06-23-2026 00:07:53|9.67|9.68|.01
BRCJM01|BRBAT|BRBAT|79529.12|Shipped|||C8721|07250-130|SP|BR|T11493||3|0|11880|11880|11880|Y|06-22-2026 14:28:22|06-22-2026 14:21:54|||06-22-2026 14:44:42|06-22-2026 14:51:21|06-22-2026 20:45:01|06-22-2026 21:52:12|06-22-2026 22:41:09||06-22-2026 22:41:23|06-22-2026 22:43:04|06-22-2026 22:43:05|8.22|8.25|.03
BRCJM01|BRBAT|BRBAT|79530.12|Shipped|||C8721|07250-130|SP|BR|T11493||33|0|11510|11510|11510|Y|06-22-2026 14:28:22|06-22-2026 14:22:22|||06-22-2026 14:43:53|06-22-2026 14:51:22|06-22-2026 15:27:44|06-22-2026 21:51:03|06-22-2026 22:41:46||06-22-2026 22:42:02|06-22-2026 22:43:35|06-22-2026 22:43:36|8.23|8.25|.03
BRCJM01|BRBAT|BRBAT|79531.12|Shipped|||C8720|17022-531|SP|BR|T11493||1|0|0|36960|36960|Y|06-22-2026 14:38:25|06-22-2026 14:35:05|||06-22-2026 14:45:52|06-22-2026 14:51:27|06-22-2026 15:46:53|06-22-2026 15:55:49|06-22-2026 20:04:04||06-22-2026 20:04:35|06-22-2026 20:05:21|06-22-2026 20:05:22|5.44|5.45|.01
BRCJM01|BRBAT|BRBAT|79532.12|Shipped|||C8720|17022-531|SP|BR|T11493||46|0|9051.9|11007|11007|Y|06-22-2026 14:39:25|06-22-2026 14:35:35|||06-22-2026 14:46:07|06-22-2026 14:51:27|06-22-2026 15:32:15|06-22-2026 19:48:25|06-22-2026 20:04:28||06-22-2026 20:04:48|06-22-2026 20:05:38|06-22-2026 20:05:39|5.42|5.44|.01
BRCJM01|BRBAT|BRBAT|79537.12|Shipped|||C13737|86046-230|PR|BR|T8989||41|0|8719.3|11671.9|11671.9|Y|06-22-2026 14:28:22|06-22-2026 14:23:24|||06-22-2026 14:33:00|06-22-2026 14:35:17|06-22-2026 15:14:59|06-22-2026 18:07:28|06-22-2026 19:08:32||06-22-2026 19:08:44|06-22-2026 19:09:28|06-22-2026 19:09:30|4.67|4.69|.01
BRCJM01|BRBAT|BRBAT|79931.12|Shipped|||C8715|13054-709|SP|BR|T11493||38|0|7540.775|11840|11840|Y|06-23-2026 10:26:27|06-23-2026 10:23:41|||06-23-2026 10:30:28|06-23-2026 10:33:13|06-23-2026 15:59:58|06-23-2026 18:16:32|06-23-2026 18:22:27||06-23-2026 18:22:37|06-23-2026 18:24:50|06-23-2026 18:24:51|7.94|7.97|.04
BRCJM01|BRBAT|BRBAT|79932.12|Shipped|||C8721|07250-130|SP|BR|T11493||5|0|12000|12000|12000|Y|06-23-2026 09:18:06|06-23-2026 09:15:07|||06-23-2026 10:09:27|06-23-2026 10:19:21|06-23-2026 16:03:45|06-23-2026 19:11:10|06-23-2026 20:54:48||06-23-2026 20:55:43|06-23-2026 20:57:44|06-23-2026 20:57:45|11.63|11.66|.03
BRCJM01|BRBAT|BRBAT|79933.12|Shipped|||C8721|07250-130|SP|BR|T11493||36|0|5840.025|5850|5850|Y|06-23-2026 10:06:21|06-23-2026 10:03:37|||06-23-2026 10:09:38|06-23-2026 10:19:21|06-23-2026 10:41:18|06-23-2026 20:36:10|06-23-2026 20:55:13||06-23-2026 20:55:33|06-23-2026 20:57:22|06-23-2026 20:57:23|10.82|10.85|.03
BRCJM01|BRBAT|BRBAT|79934.12|Shipped|||C13737|86046-230|PR|BR|T8989||47|0|9522.15|11577|11577|Y|06-23-2026 10:09:23|06-23-2026 10:03:45|||06-23-2026 10:10:12|06-23-2026 10:11:10|06-23-2026 10:23:04|06-23-2026 14:46:25|06-23-2026 15:56:08||06-23-2026 15:56:22|06-23-2026 16:01:33|06-23-2026 16:01:35|5.78|5.87|.09
BRCJM01|BRBAT|BRBAT|79935.12|Shipped|||C13738|25056-075|RIO DE JANEIRO|BR|T8989||1|0|12000|12000|12000|Y|06-23-2026 10:26:27|06-23-2026 10:23:16|||06-23-2026 10:40:22|06-23-2026 10:51:46|06-24-2026 06:26:56|06-24-2026 06:53:58|06-24-2026 15:23:57||06-24-2026 15:24:46|06-24-2026 15:25:56|06-24-2026 15:25:57|28.97|28.99|.02
BRCJM01|BRBAT|BRBAT|79936.12|Shipped|||C13738|25056-075|RIO DE JANEIRO|BR|T8989||2|0|11860|11860|11860|Y|06-23-2026 10:27:27|06-23-2026 10:23:26|||06-23-2026 10:40:30|06-23-2026 10:51:46|06-24-2026 07:02:32|06-24-2026 07:41:02|06-24-2026 15:24:06||06-24-2026 15:24:49|06-24-2026 15:26:45|06-24-2026 15:26:47|28.96|28.99|.03
BRCJM01|BRBAT|BRBAT|79937.12|Shipped|||C13738|25056-075|RIO DE JANEIRO|BR|T8989||4|0|7750|10744|10744|Y|06-23-2026 10:27:27|06-23-2026 10:23:37|||06-23-2026 11:11:58|06-23-2026 11:17:50|06-24-2026 08:48:48|06-24-2026 10:28:52|06-24-2026 15:24:11||06-24-2026 15:24:53|06-24-2026 15:26:12|06-24-2026 15:26:12|28.96|28.98|.02
BRCJM01|BRBAT|BRBAT|79938.12|Shipped|||C13738|25056-075|RIO DE JANEIRO|BR|T8989||28|0|10090.1|11088.1|11088.1|Y|06-23-2026 10:30:28|06-23-2026 10:24:05|||06-23-2026 11:01:49|06-23-2026 11:03:38|06-24-2026 06:36:10|06-24-2026 11:56:03|06-24-2026 15:24:36||06-24-2026 15:25:04|06-24-2026 15:26:32|06-24-2026 15:26:34|28.91|28.94|.03
BRCJM01|BRBAT|BRBAT|80305.12|Shipped|||C8721|07250-130|SP|BR|T11493||5|0|0|27168|27168|Y|06-24-2026 10:19:08|06-24-2026 10:15:08|||06-24-2026 10:23:57|06-24-2026 10:27:41|06-24-2026 14:18:49|06-24-2026 14:43:46|06-24-2026 15:55:24||06-24-2026 15:55:45|06-24-2026 15:56:09|06-24-2026 15:56:10|5.61|5.62|.01
BRCJM01|BRBAT|BRBAT|80306.12|Shipped|||C8721|07250-130|SP|BR|T11493||1|0|0|17856|17856|Y|06-24-2026 10:57:25|06-24-2026 10:55:05|||06-24-2026 10:59:44|06-24-2026 11:03:59|06-24-2026 13:51:44|06-24-2026 13:54:20|06-24-2026 15:55:31||06-24-2026 15:55:47|06-24-2026 15:56:21|06-24-2026 15:56:22|4.97|4.98|.01
BRCJM01|BRBAT|BRBAT|80307.12|Shipped|||C8721|07250-130|SP|BR|T11493||2|0|10005|12000|12000|Y|06-24-2026 10:19:10|06-24-2026 10:15:18|||06-24-2026 10:24:23|06-24-2026 10:27:42|06-24-2026 21:48:33|06-24-2026 22:42:02|06-24-2026 22:42:23||06-24-2026 22:42:35|06-24-2026 22:43:15|06-24-2026 22:43:16|12.39|12.4|.01
BRCJM01|BRBAT|BRBAT|80308.12|Shipped|||C8721|07250-130|SP|BR|T11493||3|0|11960|11960|11960|Y|06-24-2026 10:19:10|06-24-2026 10:15:18|||06-24-2026 10:24:44|06-24-2026 10:27:43|06-24-2026 13:35:13|06-24-2026 18:30:46|06-24-2026 21:40:28||06-24-2026 21:40:43|06-24-2026 21:41:54|06-24-2026 21:41:55|11.36|11.38|.02
BRCJM01|BRBAT|BRBAT|80309.12|Shipped|||C8721|07250-130|SP|BR|T11493||38|0|9969.4|10009.3|10009.3|Y|06-24-2026 11:00:26|06-24-2026 10:55:37|||06-24-2026 11:04:05|06-24-2026 11:06:09|06-24-2026 13:36:59|06-24-2026 17:16:15|06-24-2026 21:39:35||06-24-2026 21:40:02|06-24-2026 21:42:22|06-24-2026 21:42:23|10.66|10.7|.04
BRCJM01|BRBAT|BRBAT|80310.12|Shipped|||C13735|83326-010|PR|BR|T8989||6|0|0|12720|12720|Y|06-24-2026 08:51:42|06-24-2026 08:45:10|||06-24-2026 08:53:29|06-24-2026 08:54:15|06-24-2026 09:19:10|06-24-2026 09:33:37|06-24-2026 09:34:06||06-24-2026 09:34:27|06-24-2026 15:53:25|06-24-2026 15:53:26|.71|7.03|6.32
BRCJM01|BRBAT|BRBAT|80311.12|Shipped|||C13735|83326-010|PR|BR|T8989||41|0|9828.1|11623.6|11623.6|Y|06-24-2026 08:51:43|06-24-2026 08:45:43|||06-24-2026 08:54:20|06-24-2026 08:56:58|06-24-2026 10:00:53|06-24-2026 15:28:28|06-24-2026 15:52:37||06-24-2026 15:53:03|06-24-2026 15:53:43|06-24-2026 15:53:44|7.02|7.03|.01
BRCJM01|BRBAT|BRBAT|80312.12|Shipped|||C13738|25056-075|RIO DE JANEIRO|BR|T8989||6|0|0|13200|13200|Y|06-24-2026 10:30:19|06-24-2026 10:25:09|||06-24-2026 11:16:06|06-24-2026 11:43:48|06-25-2026 07:24:02|06-25-2026 07:36:46|06-25-2026 07:39:18||06-25-2026 07:39:33|06-25-2026 13:40:55|06-25-2026 13:40:58|21.15|27.18|6.02
BRCJM01|BRBAT|BRBAT|80313.12|Shipped|||C13738|25056-075|RIO DE JANEIRO|BR|T8989||1|0|24|12000|12000|Y|06-24-2026 10:30:19|06-24-2026 10:25:21|||06-24-2026 11:17:39|06-24-2026 11:43:49|06-25-2026 06:36:58|06-25-2026 06:52:49|06-25-2026 07:43:13||06-25-2026 07:43:24|06-25-2026 13:41:38|06-25-2026 13:41:39|21.22|27.19|5.97
BRCJM01|BRBAT|BRBAT|80314.12|Shipped|||C13738|25056-075|RIO DE JANEIRO|BR|T8989||9|0|10962|11960|11960|Y|06-24-2026 10:31:19|06-24-2026 10:25:32|||06-24-2026 11:18:09|06-24-2026 11:43:50|06-25-2026 08:06:47|06-25-2026 14:11:27|06-25-2026 14:14:25||06-25-2026 14:14:46|06-25-2026 14:16:40|06-25-2026 14:16:41|27.72|27.76|.03
BRCJM01|BRBAT|BRBAT|80315.12|Shipped|||C13738|25056-075|RIO DE JANEIRO|BR|T8989||2|0|12000|12000|12000|Y|06-24-2026 10:31:20|06-24-2026 10:25:46|||06-24-2026 11:20:20|06-24-2026 11:43:54|06-25-2026 06:34:31|06-25-2026 08:26:08|06-25-2026 14:15:28||06-25-2026 14:15:45|06-25-2026 14:17:06|06-25-2026 14:17:09|27.74|27.76|.02
BRCJM01|BRBAT|BRBAT|80316.12|Shipped|||C13738|25056-075|RIO DE JANEIRO|BR|T8989||40|0|10601.7|11450|11450|Y|06-24-2026 10:31:19|06-24-2026 10:26:11|||06-24-2026 11:48:15|06-24-2026 11:49:51|06-25-2026 08:04:06|06-25-2026 15:38:32|06-25-2026 16:22:34||06-25-2026 16:23:49|06-25-2026 16:24:38|06-25-2026 16:24:40|29.88|29.89|.01
BRCJM01|BRBAT|BRBAT|80317.12|Shipped|||C8721|07250-130|SP|BR|T11493||4|0|11202|12000|12000|Y|06-24-2026 10:45:23|06-24-2026 10:43:19|||06-24-2026 11:00:05|06-24-2026 11:03:58|06-24-2026 13:52:39|06-24-2026 22:20:26|06-24-2026 22:22:07||06-24-2026 22:22:31|06-24-2026 22:26:44|06-24-2026 22:26:45|11.62|11.69|.07
BRCJM01|BRBAT|BRBAT|80320.12|Shipped|||C13738|25056-075|RIO DE JANEIRO|BR|T8989||2|0|20|20|20|Y|06-24-2026 13:30:06|06-24-2026 13:25:06|||06-24-2026 13:34:27|06-24-2026 13:36:02|06-24-2026 14:44:55|06-24-2026 14:45:46|06-24-2026 14:49:08||06-24-2026 14:49:19|06-24-2026 14:50:45|06-24-2026 14:50:49|1.32|1.35|.03
BRCJM01|BRBAT|BRBAT|80668.12|Shipped|||C8715|13054-709|SP|BR|T11493||3|0|0|5376|5376|Y|06-25-2026 08:03:44|06-25-2026 07:59:16|||06-25-2026 08:12:02|06-25-2026 08:19:06|06-25-2026 23:20:15|06-25-2026 23:24:41|06-25-2026 23:38:53||06-25-2026 23:39:17|06-25-2026 23:57:02|06-25-2026 23:57:04|15.59|15.89|.3
BRCJM01|BRBAT|BRBAT|80669.12|Shipped|||C8715|13054-709|SP|BR|T11493||6|0|0|13872|13872|Y|06-25-2026 08:03:46|06-25-2026 07:59:18|||06-25-2026 08:12:11|06-25-2026 08:19:06|06-25-2026 23:27:49|06-25-2026 23:37:40|06-25-2026 23:38:48||06-25-2026 23:39:19|06-25-2026 23:57:17|06-25-2026 23:57:18|15.59|15.89|.3
BRCJM01|BRBAT|BRBAT|80670.12|Shipped|||C8715|13054-709|SP|BR|T11493||3|0|0|15024|15024|Y|06-25-2026 08:03:46|06-25-2026 07:59:28|||06-25-2026 08:12:19|06-25-2026 08:19:07|06-25-2026 23:08:43|06-25-2026 23:15:39|06-25-2026 23:39:08||06-25-2026 23:39:23|06-25-2026 23:57:29|06-25-2026 23:57:30|15.59|15.9|.3
BRCJM01|BRBAT|BRBAT|80671.12|Shipped|||C8715|13054-709|SP|BR|T11493||22|0|3429.175|11080|11080|Y|06-25-2026 08:03:46|06-25-2026 07:59:43|||06-25-2026 08:12:26|06-25-2026 08:19:07|06-25-2026 15:12:06|06-25-2026 22:41:33|06-25-2026 23:53:34||06-25-2026 23:53:46|06-25-2026 23:57:50|06-25-2026 23:57:51|15.83|15.9|.07
BRCJM01|BRBAT|BRBAT|80672.12|Shipped|||C8720|17022-531|SP|BR|T11493||1|0|0|768|768|Y|06-25-2026 08:03:47|06-25-2026 07:59:35|||06-25-2026 08:12:32|06-25-2026 08:19:07|06-25-2026 18:13:23|06-25-2026 18:13:24|06-25-2026 19:34:33||06-25-2026 19:35:17|06-25-2026 19:35:58|06-25-2026 19:35:58|11.53|11.54|.01
BRCJM01|BRBAT|BRBAT|80673.12|Shipped|||C8720|17022-531|SP|BR|T11493||1|0|0|2400|2400|Y|06-25-2026 08:03:47|06-25-2026 07:59:40|||06-25-2026 08:12:44|06-25-2026 08:19:07|06-25-2026 18:05:47|06-25-2026 18:05:47|06-25-2026 19:34:41||06-25-2026 19:35:21|06-25-2026 19:36:10|06-25-2026 19:36:12|11.53|11.54|.01
BRCJM01|BRBAT|BRBAT|80674.12|Shipped|||C8720|17022-531|SP|BR|T11493||24|0|6582.45|11550|11550|Y|06-25-2026 08:05:47|06-25-2026 07:59:55|||06-25-2026 08:12:51|06-25-2026 08:19:09|06-25-2026 15:19:44|06-25-2026 20:58:38|06-25-2026 23:52:57||06-25-2026 23:53:13|06-25-2026 23:56:41|06-25-2026 23:56:42|15.79|15.85|.06
BRCJM01|BRBAT|BRBAT|80675.12|Shipped|||C8721|07250-130|SP|BR|T11493||6|0|0|26928|26928|Y|06-25-2026 08:06:48|06-25-2026 08:03:18|||06-25-2026 08:13:01|06-25-2026 08:19:12|06-25-2026 17:23:50|06-25-2026 17:48:11|06-25-2026 19:35:06||06-25-2026 19:35:32|06-25-2026 19:36:35|06-25-2026 19:36:36|11.48|11.5|.02
BRCJM01|BRBAT|BRBAT|80676.12|Shipped|||C8721|07250-130|SP|BR|T11493||1|0|0|1120|1120|Y|06-25-2026 08:06:48|06-25-2026 08:03:15|||06-25-2026 08:13:12|06-25-2026 08:23:16|06-25-2026 17:08:17|06-25-2026 17:08:17|06-25-2026 19:34:52||06-25-2026 19:35:27|06-25-2026 19:36:45|06-25-2026 19:36:47|11.48|11.5|.02
BRCJM01|BRBAT|BRBAT|80677.12|Shipped|||C8721|07250-130|SP|BR|T11493||4|0|5217|12000|12000|Y|06-25-2026 08:06:48|06-25-2026 08:03:26|||06-25-2026 08:13:19|06-25-2026 08:19:12|06-25-2026 22:44:55|06-26-2026 00:55:11|06-26-2026 00:59:31||06-26-2026 00:59:46|06-26-2026 01:00:29|06-26-2026 01:00:30|16.88|16.9|.01
BRCJM01|BRBAT|BRBAT|80678.12|Shipped|||C8721|07250-130|SP|BR|T11493||36|0|11182.45|11322.1|11322.1|Y|06-25-2026 08:06:48|06-25-2026 08:03:47|||06-25-2026 08:19:17|06-25-2026 08:24:25|06-25-2026 15:23:19|06-25-2026 23:53:44|06-25-2026 23:59:36||06-25-2026 23:59:43|06-26-2026 00:00:12|06-26-2026 00:00:14|15.88|15.89|.01
BRCJM01|BRBAT|BRBAT|80679.12|Shipped|||C13735|83326-010|PR|BR|T8989||41|0|10952.1|11790|11790|Y|06-25-2026 08:48:57|06-25-2026 08:43:33|||06-25-2026 08:53:33|06-25-2026 08:57:19|06-25-2026 09:35:09|06-25-2026 19:20:04|06-25-2026 19:20:09||06-25-2026 19:20:22|06-25-2026 19:21:04|06-25-2026 19:21:06|10.52|10.54|.01
BRCJM01|BRBAT|BRBAT|80680.12|Shipped|||C13738|25056-075|RIO DE JANEIRO|BR|T8989||2|0|1521|12000|12000|Y|06-25-2026 09:33:16|06-25-2026 09:25:06|||06-25-2026 09:34:46|06-25-2026 09:49:35|06-26-2026 06:50:07|06-26-2026 07:04:14|06-26-2026 16:41:26||06-26-2026 16:42:07|06-26-2026 16:44:38|06-26-2026 16:44:39|31.15|31.19|.04
BRCJM01|BRBAT|BRBAT|80681.12|Shipped|||C13738|25056-075|RIO DE JANEIRO|BR|T8989||3|0|12000|12000|12000|Y|06-25-2026 09:33:16|06-25-2026 09:25:15|||06-25-2026 09:35:30|06-25-2026 09:49:35|06-26-2026 08:25:21|06-26-2026 09:16:02|06-26-2026 16:41:32||06-26-2026 16:42:09|06-26-2026 16:44:52|06-26-2026 16:44:53|31.15|31.19|.05
BRCJM01|BRBAT|BRBAT|80682.12|Shipped|||C13738|25056-075|RIO DE JANEIRO|BR|T8989||37|0|9384.92|11840|11840|Y|06-25-2026 09:33:16|06-25-2026 09:25:36|||06-25-2026 10:05:00|06-25-2026 10:08:34|06-26-2026 09:45:40|06-26-2026 16:42:53|06-26-2026 16:42:57||06-26-2026 16:43:19|06-26-2026 16:43:19|06-27-2026 09:39:33|31.17|48.1|16.94
BRCJM01|BRBAT|BRBAT|81103.12|Shipped|||C8721|07250-130|SP|BR|T11493||1|0|0|14400|14400|Y|06-26-2026 11:11:10|06-26-2026 11:05:07|||06-26-2026 11:14:46|06-26-2026 11:23:02|06-26-2026 14:07:01|06-26-2026 14:17:16|06-26-2026 18:49:33||06-26-2026 18:49:58|06-26-2026 18:51:39|06-26-2026 18:51:40|7.65|7.68|.03
BRCJM01|BRBAT|BRBAT|81104.12|Shipped|||C8721|07250-130|SP|BR|T11493||1|0|8000|8000|8000|Y|06-26-2026 11:11:12|06-26-2026 11:05:15|||06-26-2026 11:14:55|06-26-2026 11:20:01|06-26-2026 13:52:28|06-26-2026 15:47:45|06-26-2026 18:50:24||06-26-2026 18:50:41|06-26-2026 18:51:53|06-26-2026 18:51:54|7.66|7.68|.02
BRCJM01|BRBAT|BRBAT|81105.12|Shipped|||C8721|07250-130|SP|BR|T11493||3|0|6414|12000|12000|Y|06-26-2026 11:14:12|06-26-2026 11:05:21|||06-26-2026 11:15:11|06-26-2026 11:20:02|06-26-2026 12:09:21|06-26-2026 18:01:28|06-26-2026 18:51:08||06-26-2026 18:51:19|06-26-2026 18:52:08|06-26-2026 18:52:09|7.62|7.63|.01
BRCJM01|BRBAT|BRBAT|81106.12|Shipped|||C8721|07250-130|SP|BR|T11493||9|0|12000|12000|12000|Y|06-26-2026 11:14:13|06-26-2026 11:05:33|||06-26-2026 11:16:00|06-26-2026 11:20:03|06-26-2026 18:04:24|06-26-2026 19:32:03|06-26-2026 20:30:48||06-26-2026 20:31:00|06-26-2026 20:31:29|06-26-2026 20:31:30|9.28|9.29|.01
BRCJM01|BRBAT|BRBAT|81107.12|Shipped|||C8721|07250-130|SP|BR|T11493||32|0|6904.85|10635.5|10635.5|Y|06-26-2026 11:14:12|06-26-2026 11:05:59|||06-26-2026 11:16:12|06-26-2026 11:20:05|06-26-2026 20:18:15|06-26-2026 23:09:15|06-26-2026 23:12:14||06-26-2026 23:12:35|06-26-2026 23:16:17|06-26-2026 23:16:18|11.97|12.04|.06
BRCJM01|BRBAT|BRBAT|81121.12|Shipped|||C13738|25056-075|RIO DE JANEIRO|BR|T8989||2|0|1521|12000|12000|Y|06-26-2026 11:15:13|06-26-2026 11:06:42|||06-26-2026 11:49:41|06-26-2026 12:02:00|06-27-2026 07:38:31|06-27-2026 08:10:36|06-27-2026 13:40:00||06-27-2026 13:40:15|06-27-2026 13:41:00|06-27-2026 13:41:02|26.42|26.43|.01
BRCJM01|BRBAT|BRBAT|81122.12|Shipped|||C13738|25056-075|RIO DE JANEIRO|BR|T8989||3|0|12000|12000|12000|Y|06-26-2026 11:15:13|06-26-2026 11:06:50|||06-26-2026 11:51:11|06-26-2026 12:02:01|06-27-2026 11:35:11|06-27-2026 12:30:36|06-27-2026 13:40:07||06-27-2026 13:40:20|06-27-2026 13:41:18|06-27-2026 13:41:19|26.42|26.43|.02
BRCJM01|BRBAT|BRBAT|81123.12|Shipped|||C13738|25056-075|RIO DE JANEIRO|BR|T8989||38|0|10512.76|11890|11890|Y|06-26-2026 11:15:14|06-26-2026 11:07:27|||06-26-2026 12:02:07|06-26-2026 12:11:16|06-27-2026 11:24:36|06-27-2026 18:03:50|06-27-2026 18:06:36||06-27-2026 18:06:58|06-27-2026 18:07:58|06-27-2026 18:07:59|30.86|30.88|.02
BRCJM01|BRBAT|BRBAT|81500.12|Shipped|||C8721|07250-130|SP|BR|T11493||1|0|0|23040|23040|Y|06-29-2026 10:23:31|06-29-2026 10:15:15|||06-29-2026 10:28:58|06-29-2026 10:32:03|06-29-2026 10:43:45|06-29-2026 10:43:45|06-29-2026 22:49:38||06-29-2026 22:50:18|06-29-2026 22:51:24|06-29-2026 22:51:27|12.45|12.47|.02
BRCJM01|BRBAT|BRBAT|81501.12|Shipped|||C8721|07250-130|SP|BR|T11493||1|0|8000|8000|8000|Y|06-29-2026 10:23:33|06-29-2026 10:15:23|||06-29-2026 10:29:06|06-29-2026 10:32:04|06-29-2026 11:27:50|06-29-2026 22:21:59|06-29-2026 22:50:00||06-29-2026 22:50:14|06-29-2026 22:51:50|06-29-2026 22:51:50|12.44|12.47|.03
BRCJM01|BRBAT|BRBAT|81502.12|Shipped|||C8721|07250-130|SP|BR|T11493||2|0|12000|12000|12000|Y|06-29-2026 10:23:34|06-29-2026 10:15:30|||06-29-2026 10:29:16|06-29-2026 10:32:04|06-29-2026 10:56:01|06-29-2026 21:33:22|06-29-2026 22:50:33||06-29-2026 22:50:46|06-29-2026 22:52:09|06-29-2026 22:52:10|12.45|12.48|.02
BRCJM01|BRBAT|BRBAT|81503.12|Shipped|||C8721|07250-130|SP|BR|T11493||5|0|10005|12000|12000|Y|06-29-2026 10:23:34|06-29-2026 10:15:41|||06-29-2026 10:36:03|06-29-2026 10:37:08|06-29-2026 11:23:48|06-30-2026 00:13:01|06-30-2026 00:33:13||06-30-2026 00:33:33|06-30-2026 00:36:16|06-30-2026 00:36:17|14.17|14.21|.05
BRCJM01|BRBAT|BRBAT|81504.12|Shipped|||C8721|07250-130|SP|BR|T11493||23|0|4614.675|10669.5|10669.5|Y|06-29-2026 10:24:34|06-29-2026 10:16:07|||06-29-2026 10:29:26|06-29-2026 10:32:05|06-29-2026 13:17:41|06-30-2026 00:28:18|06-30-2026 00:34:14||06-30-2026 00:34:33|06-30-2026 00:35:55|06-30-2026 00:35:56|14.17|14.19|.02
BRCJM01|BRBAT|BRBAT|81505.12|Shipped|||C13735|83326-010|PR|BR|T8989||1|0|0|8624|8624|Y|06-29-2026 10:23:34|06-29-2026 10:16:41|||06-29-2026 10:24:15|06-29-2026 10:25:09|06-29-2026 10:37:58|06-29-2026 10:42:01|06-29-2026 10:43:54||06-29-2026 10:44:03|06-29-2026 21:47:03|06-29-2026 21:47:05|.34|11.39|11.05
BRCJM01|BRBAT|BRBAT|81506.12|Shipped|||C13735|83326-010|PR|BR|T8989||43|0|10187.2|11025.1|11025.1|Y|06-29-2026 10:24:35|06-29-2026 10:17:15|||06-29-2026 10:26:48|06-29-2026 10:27:31|06-29-2026 10:33:17|06-29-2026 19:51:28|06-29-2026 21:46:24||06-29-2026 21:46:40|06-29-2026 21:47:28|06-29-2026 21:47:29|11.37|11.38|.01
BRCJM01|BRBAT|BRBAT|81507.12|Shipped|||C13738|25056-075|RIO DE JANEIRO|BR|T8989||1|0|0|4144|4144|Y|06-29-2026 10:30:37|06-29-2026 10:25:05|||06-29-2026 10:50:00|06-29-2026 11:01:47|06-30-2026 11:57:52|06-30-2026 12:03:49|06-30-2026 15:21:49||06-30-2026 15:22:14|06-30-2026 15:31:16|06-30-2026 15:31:20|28.86|29.01|.15
BRCJM01|BRBAT|BRBAT|81508.12|Shipped|||C13738|25056-075|RIO DE JANEIRO|BR|T8989||2|0|10503|12000|12000|Y|06-29-2026 10:30:37|06-29-2026 10:25:13|||06-29-2026 10:50:22|06-29-2026 11:01:47|06-30-2026 08:11:07|06-30-2026 09:22:37|06-30-2026 15:23:00||06-30-2026 15:23:15|06-30-2026 15:31:48|06-30-2026 15:31:51|28.88|29.02|.14
BRCJM01|BRBAT|BRBAT|81509.12|Shipped|||C13738|25056-075|RIO DE JANEIRO|BR|T8989||3|0|4016|12000|12000|Y|06-29-2026 10:30:37|06-29-2026 10:25:21|||06-29-2026 10:51:15|06-29-2026 11:01:48|06-30-2026 06:53:37|06-30-2026 07:17:00|06-30-2026 15:23:57||06-30-2026 15:24:13|06-30-2026 15:32:21|06-30-2026 15:32:24|28.89|29.03|.14
BRCJM01|BRBAT|BRBAT|81510.12|Shipped|||C13738|25056-075|RIO DE JANEIRO|BR|T8989||34|0|9733.34|11400|11400|Y|06-29-2026 10:30:37|06-29-2026 10:25:43|||06-29-2026 10:52:11|06-29-2026 11:01:49|06-30-2026 07:01:38|06-30-2026 13:14:36|06-30-2026 15:26:44||06-30-2026 15:27:14|06-30-2026 15:33:10|06-30-2026 15:33:11|28.94|29.04|.1
BRCJM01|BRBAT|BRBAT|81697.12|Shipped|||C8715|13054-709|SP|BR|T11493||1|0|0|14400|14400|Y|06-30-2026 07:17:49|06-30-2026 07:15:05|||06-30-2026 07:46:55|06-30-2026 10:07:53|06-30-2026 15:45:34|06-30-2026 15:51:36|06-30-2026 23:30:58||06-30-2026 23:31:46|06-30-2026 23:35:03|06-30-2026 23:35:05|16.23|16.29|.06
BRCJM01|BRBAT|BRBAT|81698.12|Shipped|||C8715|13054-709|SP|BR|T11493||1|0|0|3472|3472|Y|06-30-2026 07:18:53|06-30-2026 07:15:15|||06-30-2026 07:47:02|06-30-2026 10:07:53|06-30-2026 15:34:58|06-30-2026 15:41:54|06-30-2026 23:31:11||06-30-2026 23:31:50|06-30-2026 23:35:16|06-30-2026 23:35:17|16.22|16.27|.06
BRCJM01|BRBAT|BRBAT|81699.12|Shipped|||C8715|13054-709|SP|BR|T11493||35|0|10450.625|10700|10700|Y|06-30-2026 07:18:53|06-30-2026 07:15:38|||06-30-2026 07:47:13|06-30-2026 10:07:53|06-30-2026 15:32:33|06-30-2026 21:44:54|06-30-2026 23:31:38||06-30-2026 23:32:06|06-30-2026 23:35:34|06-30-2026 23:35:36|16.22|16.28|.06
BRCJM01|BRBAT|BRBAT|81700.12|Shipped|||C8720|17022-531|SP|BR|T11493||1|0|0|11536|11536|Y|06-30-2026 07:18:53|06-30-2026 07:15:17|||06-30-2026 07:47:25|06-30-2026 09:57:51|06-30-2026 15:55:48|06-30-2026 15:59:57|06-30-2026 23:32:33||06-30-2026 23:33:37|06-30-2026 23:36:43|06-30-2026 23:36:44|16.25|16.3|.05
BRCJM01|BRBAT|BRBAT|81701.12|Shipped|||C8720|17022-531|SP|BR|T11493||30|0|7558.475|10940|10940|Y|06-30-2026 07:18:54|06-30-2026 07:15:45|||06-30-2026 09:28:44|06-30-2026 09:57:50|06-30-2026 18:31:12|06-30-2026 22:51:40|06-30-2026 23:33:57||06-30-2026 23:34:10|06-30-2026 23:36:25|06-30-2026 23:36:26|16.25|16.29|.04
BRCJM01|BRBAT|BRBAT|81702.12|Shipped|||C8721|07250-130|SP|BR|T11493||1|0|0|18592|18592|Y|06-30-2026 07:26:55|06-30-2026 07:23:15|||06-30-2026 09:28:52|06-30-2026 10:24:39|06-30-2026 16:03:54|06-30-2026 16:09:37|06-30-2026 23:34:25||06-30-2026 23:34:37|06-30-2026 23:35:49|06-30-2026 23:35:50|16.13|16.15|.02
BRCJM01|BRBAT|BRBAT|81703.12|Shipped|||C8721|07250-130|SP|BR|T11493||2|0|12000|12000|12000|Y|06-30-2026 07:18:53|06-30-2026 07:15:31|||06-30-2026 09:29:00|06-30-2026 10:24:37|06-30-2026 15:11:31|06-30-2026 23:41:33|07-01-2026 00:00:14||07-01-2026 00:00:29|07-01-2026 00:01:02|07-01-2026 00:01:03|16.69|16.7|.01
BRCJM01|BRBAT|BRBAT|81704.12|Shipped|||C8721|07250-130|SP|BR|T11493||7|0|7230|7230|7230|Y|06-30-2026 07:18:53|06-30-2026 07:15:42|||06-30-2026 09:29:08|06-30-2026 10:24:38|06-30-2026 18:37:29|07-01-2026 00:47:37|07-01-2026 00:51:42||07-01-2026 00:52:08|07-01-2026 00:52:54|07-01-2026 00:52:55|17.55|17.57|.01
BRCJM01|BRBAT|BRBAT|81799.12|Shipped|||C13737|86046-230|PR|BR|T8989||1|0|10200|10200|10200|Y|06-30-2026 07:26:55|06-30-2026 07:23:15|||06-30-2026 07:28:24|06-30-2026 07:37:07|06-30-2026 16:21:42|06-30-2026 16:26:01|06-30-2026 18:29:11||06-30-2026 18:29:40|06-30-2026 18:32:57|06-30-2026 18:32:59|11.05|11.1|.06
BRCJM01|BRBAT|BRBAT|81800.12|Shipped|||C13737|86046-230|PR|BR|T8989||36|0|9473.55|10890|10890|Y|06-30-2026 07:26:55|06-30-2026 07:23:39|||06-30-2026 07:37:12|06-30-2026 07:40:42|06-30-2026 09:37:55|06-30-2026 17:25:23|06-30-2026 18:57:44||06-30-2026 18:57:52|06-30-2026 18:58:24|06-30-2026 18:58:26|11.52|11.53|.01
BRCJM01|BRBAT|BRBAT|81807.12|Shipped|||C13738|25056-075|RIO DE JANEIRO|BR|T8989||2|0|12000|12000|12000|Y|06-30-2026 11:54:19|06-30-2026 11:50:07|||06-30-2026 11:57:48|06-30-2026 12:07:35|07-01-2026 07:22:54|07-01-2026 08:10:45|07-01-2026 10:25:42||07-01-2026 10:26:06|07-01-2026 10:29:51|07-01-2026 10:29:54|22.53|22.59|.06
BRCJM01|BRBAT|BRBAT|81808.12|Shipped|||C13738|25056-075|RIO DE JANEIRO|BR|T8989||4|0|12000|12000|12000|Y|06-30-2026 11:54:19|06-30-2026 11:50:18|||06-30-2026 11:58:36|06-30-2026 12:07:35|07-01-2026 08:21:24|07-01-2026 10:21:47|07-01-2026 10:46:24||07-01-2026 10:46:48|07-01-2026 10:47:25|07-01-2026 10:47:28|22.87|22.89|.01
BRCJM01|BRBAT|BRBAT|81809.12|Shipped|||C13738|25056-075|RIO DE JANEIRO|BR|T8989||27|0|11760|11760|11760|Y|06-30-2026 11:54:20|06-30-2026 11:50:41|||06-30-2026 11:59:47|06-30-2026 12:07:37|07-01-2026 07:28:32|07-01-2026 11:11:03|07-01-2026 11:42:26||07-01-2026 11:42:47|07-01-2026 11:43:27|07-01-2026 11:43:29|23.81|23.82|.01
BRCJM01|BRBAT|BRBAT|81810.12|Shipped|||C13737|86046-230|PR|BR|T8989||1|0|0|5152|5152|Y|06-30-2026 16:57:54|06-30-2026 16:55:15|||06-30-2026 17:10:49|06-30-2026 17:13:22|06-30-2026 18:47:36|06-30-2026 18:51:41|06-30-2026 18:53:58||06-30-2026 18:54:16|06-30-2026 18:54:54|06-30-2026 18:54:57|1.94|1.95|.01
BRCJM01|BRBAT|BRBAT|81811.12|Shipped|||C13738|25056-075|RIO DE JANEIRO|BR|T8989||1|0|1000|1000|1000|Y|06-30-2026 11:27:12|06-30-2026 11:23:16|||06-30-2026 11:30:00|06-30-2026 11:33:13|06-30-2026 11:40:32|06-30-2026 11:47:58|06-30-2026 15:28:13||06-30-2026 15:28:28|06-30-2026 15:33:33|06-30-2026 15:33:38|4.02|4.11|.09
BRCJM01|BRBAT|BRBAT|81812.12|Shipped|||C13738|25056-075|RIO DE JANEIRO|BR|T8989||1|0|500|500|500|Y|06-30-2026 11:27:12|06-30-2026 11:23:25|||06-30-2026 11:30:39|06-30-2026 11:33:14|06-30-2026 12:17:25|06-30-2026 12:21:05|06-30-2026 15:29:00||06-30-2026 15:29:14|06-30-2026 15:33:59|06-30-2026 15:34:01|4.03|4.11|.08
BRCJM01|BRBAT|BRBAT|82215.12|Shipped|||C8721|07250-130|SP|BR|T11493||1|0|0|17280|17280|Y|07-01-2026 09:52:33|07-01-2026 09:45:05|||07-01-2026 09:53:37|07-01-2026 09:58:36|07-01-2026 15:15:03|07-01-2026 15:20:28|07-01-2026 21:49:28||07-01-2026 21:50:54|07-01-2026 21:51:50|07-01-2026 21:51:52|11.97|11.99|.02
BRCJM01|BRBAT|BRBAT|82216.12|Shipped|||C8721|07250-130|SP|BR|T11493||3|0|9606|12000|12000|Y|07-01-2026 09:52:34|07-01-2026 09:45:19|||07-01-2026 09:53:51|07-01-2026 09:58:37|07-02-2026 07:01:44|07-03-2026 00:48:03|07-03-2026 00:48:06||07-03-2026 00:48:27|07-03-2026 00:49:00|07-03-2026 00:49:00|38.93|38.94|.01
BRCJM01|BRBAT|BRBAT|82217.12|Shipped|||C8721|07250-130|SP|BR|T11493||4|0|5217|12000|12000|Y|07-01-2026 09:52:34|07-01-2026 09:45:29|||07-01-2026 09:54:03|07-01-2026 09:58:38|07-01-2026 10:48:46|07-01-2026 21:38:35|07-01-2026 21:49:51||07-01-2026 21:51:25|07-01-2026 21:52:07|07-01-2026 21:52:08|11.98|11.99|.01
BRCJM01|BRBAT|BRBAT|82218.12|Shipped|||C8721|07250-130|SP|BR|T11493||4|0|12000|12000|12000|Y|07-01-2026 09:52:34|07-01-2026 09:45:39|||07-01-2026 09:54:16|07-01-2026 09:58:40|07-01-2026 15:20:03|07-01-2026 21:01:37|07-01-2026 21:50:10||07-01-2026 21:51:21|07-01-2026 21:52:24|07-01-2026 21:52:25|11.98|12|.02
BRCJM01|BRBAT|BRBAT|82219.12|Shipped|||C8721|07250-130|SP|BR|T11493||28|0|10720.35|10860|10860|Y|07-01-2026 09:54:35|07-01-2026 09:50:21|||07-01-2026 09:54:57|07-01-2026 09:58:41|07-01-2026 15:20:02|07-01-2026 22:49:23|07-01-2026 22:49:27||07-01-2026 22:49:41|07-01-2026 22:50:06|07-01-2026 22:50:08|12.92|12.93|.01
BRCJM01|BRBAT|BRBAT|82221.12|Shipped|||C8721|07250-130|SP|BR|T11493||6|0|12000|12000|12000|Y|07-01-2026 10:30:44|07-01-2026 10:25:09|||07-01-2026 10:31:44|07-01-2026 10:32:51|07-01-2026 15:18:49|07-01-2026 19:40:00|07-01-2026 21:50:41||07-01-2026 21:51:15|07-01-2026 21:52:53|07-01-2026 21:52:54|11.34|11.37|.03
BRCJM01|BRBAT|BRBAT|82222.12|Shipped|||C13735|83326-010|PR|BR|T8989||41|0|10662.975|11850|11850|Y|07-01-2026 10:56:50|07-01-2026 10:50:24|||07-01-2026 10:58:14|07-01-2026 11:03:53|07-01-2026 11:13:22|07-01-2026 18:54:54|07-01-2026 21:16:53||07-01-2026 21:17:08|07-01-2026 21:17:42|07-01-2026 21:17:44|10.34|10.35|.01
BRCJM01|BRBAT|BRBAT|82513.12|Shipped|||C8721|07250-130|SP|BR|T11493||2|0|0|51744|51744|Y|07-02-2026 08:18:35|07-02-2026 08:15:05|||07-02-2026 08:47:55|07-02-2026 08:59:01|07-02-2026 11:17:00|07-02-2026 11:40:21|07-02-2026 11:40:35||07-02-2026 11:40:45|07-02-2026 13:54:50|07-02-2026 13:54:52|3.37|5.6|2.24
BRCJM01|BRBAT|BRBAT|82514.12|Shipped|||C8721|07250-130|SP|BR|T11493||6|0|12000|12000|12000|Y|07-02-2026 08:18:36|07-02-2026 08:15:18|||07-02-2026 08:48:06|07-02-2026 08:59:02|07-02-2026 10:41:36|07-02-2026 21:20:02|07-02-2026 23:23:31||07-02-2026 23:23:42|07-02-2026 23:24:32|07-02-2026 23:24:34|15.09|15.1|.01
BRCJM01|BRBAT|BRBAT|82515.12|Shipped|||C8721|07250-130|SP|BR|T11493||3|0|6813|12000|12000|Y|07-02-2026 08:18:36|07-02-2026 08:15:16|||07-02-2026 08:48:16|07-02-2026 08:59:02|07-02-2026 13:56:38|07-03-2026 00:42:40|07-03-2026 00:49:38||07-03-2026 00:49:53|07-03-2026 00:50:28|07-03-2026 00:50:29|16.52|16.53|.01
BRCJM01|BRBAT|BRBAT|82516.12|Shipped|||C8715|13054-709|SP|BR|T11493||1|0|0|36960|36960|Y|07-02-2026 09:29:58|07-02-2026 09:25:05|||07-02-2026 09:33:04|07-02-2026 09:34:59|07-02-2026 13:36:13|07-02-2026 13:43:12|07-02-2026 13:43:28||07-02-2026 13:43:45|07-02-2026 14:14:50|07-02-2026 14:14:54|4.23|4.75|.52
BRCJM01|BRBAT|BRBAT|82517.12|Shipped|||C8715|13054-709|SP|BR|T11493||40|0|10281.8|11000|11000|Y|07-02-2026 09:29:58|07-02-2026 09:25:30|||07-02-2026 09:33:11|07-02-2026 09:34:59|07-02-2026 13:19:13|07-02-2026 20:31:30|07-02-2026 23:22:35||07-02-2026 23:23:01|07-02-2026 23:25:02|07-02-2026 23:25:03|13.88|13.92|.03
BRCJM01|BRBAT|BRBAT|82518.12|Shipped|||C8721|07250-130|SP|BR|T8989||11|0|9606|12000|12000|Y|07-02-2026 08:18:37|07-02-2026 08:15:24|||07-02-2026 08:24:32|07-02-2026 08:27:35|07-02-2026 09:19:44|07-02-2026 18:43:29|07-02-2026 18:44:24||07-02-2026 18:44:46|07-02-2026 18:45:14|07-02-2026 18:45:15|10.44|10.44|.01
BRCJM01|BRBAT|BRBAT|82519.12|Shipped|||C8721|07250-130|SP|BR|T8989||28|0|10510.25|10610|10610|Y|07-02-2026 09:29:59|07-02-2026 09:26:25|||07-02-2026 09:33:18|07-02-2026 09:35:03|07-02-2026 13:16:31|07-02-2026 16:24:49|07-02-2026 18:22:24||07-02-2026 18:22:35|07-02-2026 18:24:09|07-02-2026 18:24:10|8.88|8.9|.03
BRCJM01|BRBAT|BRBAT|82520.12|Shipped|||C8721|07250-130|SP|BR|T8989||2|0|12000|12000|12000|Y|07-02-2026 08:18:37|07-02-2026 08:15:31|||07-02-2026 08:24:45|07-02-2026 08:27:37|07-02-2026 08:57:10|07-02-2026 17:20:24|07-02-2026 18:23:07||07-02-2026 18:23:22|07-02-2026 18:23:51|07-02-2026 18:23:52|10.08|10.09|.01
BRCJM01|BRBAT|BRBAT|82521.12|Shipped|||C13735|83326-010|PR|BR|T8989||35|0|11870|11870|11870|Y|07-02-2026 08:29:41|07-02-2026 08:25:19|||07-02-2026 08:30:59|07-02-2026 08:33:59|07-02-2026 08:57:34|07-02-2026 15:13:26|07-02-2026 17:23:17||07-02-2026 17:35:58|07-02-2026 17:35:58|07-02-2026 17:36:27|9.1|9.11|.01
BRCJM01|BRBAT|BRBAT|82522.12|Shipped|||C13738|25056-075|RIO DE JANEIRO|BR|T8989||1|0|12000|12000|12000|Y|07-02-2026 11:18:29|07-02-2026 11:15:05|||07-02-2026 11:19:11|07-02-2026 11:26:17|07-03-2026 06:34:06|07-03-2026 10:00:39|07-03-2026 14:45:02||07-03-2026 14:45:49|07-03-2026 14:51:52|07-03-2026 14:51:56|27.46|27.56|.1
BRCJM01|BRBAT|BRBAT|82523.12|Shipped|||C13738|25056-075|RIO DE JANEIRO|BR|T8989||2|0|12000|12000|12000|Y|07-02-2026 11:18:29|07-02-2026 11:15:15|||07-02-2026 11:20:48|07-02-2026 11:26:17|07-03-2026 09:13:33|07-03-2026 11:26:01|07-03-2026 14:47:09||07-03-2026 14:47:46|07-03-2026 14:52:40|07-03-2026 14:52:42|27.49|27.57|.08
BRCJM01|BRBAT|BRBAT|82524.12|Shipped|||C13738|25056-075|RIO DE JANEIRO|BR|T8989||13|0|11910|11910|11910|Y|07-02-2026 11:18:29|07-02-2026 11:15:23|||07-02-2026 11:21:40|07-02-2026 11:26:18|07-03-2026 07:22:00|07-03-2026 11:08:23|07-03-2026 14:50:17||07-03-2026 14:50:59|07-03-2026 14:53:09|07-03-2026 14:53:10|27.54|27.58|.04
BRCJM01|BRBAT|BRBAT|82873.12|Shipped|||C8721|07250-130|SP|BR|T11493||2|0|0|23328|23328|Y|07-03-2026 07:50:56|07-03-2026 07:45:04|||07-03-2026 07:59:28|07-03-2026 08:10:14|07-03-2026 15:16:22|07-03-2026 15:25:32|07-03-2026 22:53:36||07-03-2026 22:54:07|07-03-2026 22:59:47|07-03-2026 22:59:48|15.05|15.15|.09
BRCJM01|BRBAT|BRBAT|82874.12|Shipped|||C8721|07250-130|SP|BR|T11493||3|0|0|32208|32208|Y|07-03-2026 07:50:57|07-03-2026 07:45:18|||07-03-2026 07:59:39|07-03-2026 08:10:14|07-03-2026 15:36:36|07-03-2026 15:49:10|07-03-2026 22:53:45||07-03-2026 22:54:11|07-03-2026 23:00:08|07-03-2026 23:00:10|15.05|15.15|.1
BRCJM01|BRBAT|BRBAT|82875.12|Shipped|||C8721|07250-130|SP|BR|T11493||3|0|12000|12000|12000|Y|07-03-2026 07:50:58|07-03-2026 07:45:27|||07-03-2026 07:59:46|07-03-2026 08:10:15|07-03-2026 19:38:40|07-03-2026 22:54:32|07-03-2026 22:54:01||07-03-2026 22:54:40|07-03-2026 23:00:31|07-03-2026 23:00:32|15.06|15.16|.1
BRCJM01|BRBAT|BRBAT|82876.12|Shipped|||C8721|07250-130|SP|BR|T11493||7|0|4419|12000|12000|Y|07-03-2026 07:50:58|07-03-2026 07:45:40|||07-03-2026 07:59:52|07-03-2026 08:10:16|07-03-2026 13:35:52|07-03-2026 22:00:38|07-03-2026 22:55:37||07-03-2026 22:55:52|07-03-2026 23:00:51|07-03-2026 23:00:52|15.08|15.17|.08
BRCJM01|BRBAT|BRBAT|82877.12|Shipped|||C8721|07250-130|SP|BR|T11493||29|0|9571|9970|9970|Y|07-03-2026 07:50:58|07-03-2026 07:46:04|||07-03-2026 07:59:59|07-03-2026 08:10:18|07-03-2026 13:16:43|07-03-2026 19:33:36|07-03-2026 22:56:21||07-03-2026 22:56:51|07-03-2026 23:01:19|07-03-2026 23:01:19|15.1|15.17|.07
BRCJM01|BRBAT|BRBAT|82878.12|Shipped|||C8715|13054-709|SP|BR|T11493||1|0|0|36960|36960|Y|07-03-2026 07:50:59|07-03-2026 07:46:39|||07-03-2026 08:00:06|07-03-2026 08:10:21|07-03-2026 14:45:52|07-03-2026 14:57:46|07-03-2026 22:57:35||07-03-2026 22:58:09|07-03-2026 22:58:58|07-03-2026 22:59:00|15.12|15.13|.01
BRCJM01|BRBAT|BRBAT|82879.12|Shipped|||C8715|13054-709|SP|BR|T11493||34|0|7499|11090|11090|Y|07-03-2026 07:50:58|07-03-2026 07:47:01|||07-03-2026 09:10:04|07-03-2026 12:07:18|07-03-2026 15:31:12|07-03-2026 18:52:57|07-03-2026 22:58:00||07-03-2026 22:58:19|07-03-2026 22:59:19|07-03-2026 22:59:20|15.12|15.14|.02
BRCJM01|BRBAT|BRBAT|82880.12|Shipped|||C13737|86046-230|PR|BR|T8989||1|0|4.2|4.2|4.2|Y|07-03-2026 08:52:10|07-03-2026 08:45:05|||07-03-2026 08:53:33|07-03-2026 08:55:10|07-03-2026 15:56:16|07-03-2026 15:56:16|07-03-2026 17:36:34||07-03-2026 17:36:44|07-03-2026 17:40:46|07-03-2026 17:40:46|8.74|8.81|.07
BRCJM01|BRBAT|BRBAT|82881.12|Shipped|||C13737|86046-230|PR|BR|T8989||31|0|11490.475|11680|11680|Y|07-03-2026 08:52:10|07-03-2026 08:45:33|||07-03-2026 08:58:32|07-03-2026 09:03:48|07-03-2026 09:39:52|07-03-2026 17:39:45|07-03-2026 17:39:51||07-03-2026 17:40:17|07-03-2026 17:41:07|07-03-2026 17:41:08|8.8|8.82|.01
BRCJM01|BRBAT|BRBAT|82882.12|Shipped|||C13738|25056-075|RIO DE JANEIRO|BR|T8989||1|0|12000|12000|12000|Y|07-03-2026 10:33:36|07-03-2026 10:30:06|||07-03-2026 10:37:29|07-03-2026 11:12:20|07-04-2026 09:44:29|07-04-2026 09:57:40|07-06-2026 08:26:47||07-06-2026 08:27:35|07-06-2026 08:33:08|07-06-2026 08:33:13|69.9|69.99|.09
BRCJM01|BRBAT|BRBAT|82883.12|Shipped|||C13738|25056-075|RIO DE JANEIRO|BR|T8989||2|0|11760|11760|11760|Y|07-03-2026 10:33:36|07-03-2026 10:30:18|||07-03-2026 10:37:40|07-03-2026 11:12:21|07-04-2026 09:45:09|07-04-2026 10:00:08|07-06-2026 08:28:09||07-06-2026 08:28:27|07-06-2026 08:33:39|07-06-2026 08:33:42|69.91|70|.09
BRCJM01|BRBAT|BRBAT|82884.12|Shipped|||C13738|25056-075|RIO DE JANEIRO|BR|T8989||16|0|6311|11800|11800|Y|07-03-2026 10:36:36|07-03-2026 10:30:35|||07-03-2026 10:37:48|07-03-2026 11:12:22|07-04-2026 10:13:29|07-04-2026 15:31:41|07-06-2026 08:29:23||07-06-2026 08:29:42|07-06-2026 08:34:09|07-06-2026 08:34:10|69.89|69.96|.07
BRCJM01|BRBAT|BRBAT|83152.12|Shipped|||C8715|13054-709|SP|BR|T11493||2|0|0|20992|20992|Y|07-06-2026 06:53:45|07-06-2026 06:50:06|||07-06-2026 07:19:16|07-06-2026 07:23:37|07-06-2026 09:18:28|07-06-2026 09:23:41|07-06-2026 09:29:02||07-06-2026 09:29:13|07-06-2026 22:06:52|07-06-2026 22:06:55|2.59|15.22|12.63
BRCJM01|BRBAT|BRBAT|83153.12|Shipped|||C8715|13054-709|SP|BR|T11493||36|0|9854.4|11610|11610|Y|07-06-2026 06:53:43|07-06-2026 06:50:32|||07-06-2026 07:19:26|07-06-2026 07:23:38|07-06-2026 10:57:55|07-06-2026 19:33:12|07-06-2026 22:03:59||07-06-2026 22:04:18|07-06-2026 22:07:37|07-06-2026 22:07:39|15.18|15.23|.06
BRCJM01|BRBAT|BRBAT|83154.12|Shipped|||C8721|07250-130|SP|BR|T11493||1|0|0|17280|17280|Y|07-06-2026 06:53:45|07-06-2026 06:51:05|||07-06-2026 07:19:35|07-06-2026 07:23:42|07-06-2026 09:04:44|07-06-2026 09:04:44|07-06-2026 09:04:59||07-06-2026 09:05:08|07-06-2026 22:06:04|07-06-2026 22:06:06|2.19|15.21|13.02
BRCJM01|BRBAT|BRBAT|83155.12|Shipped|||C8721|07250-130|SP|BR|T11493||31|0|11090|11090|11090|Y|07-06-2026 07:14:48|07-06-2026 07:10:19|||07-06-2026 07:19:42|07-06-2026 07:23:42|07-06-2026 09:26:17|07-06-2026 16:19:44|07-06-2026 22:04:47||07-06-2026 22:05:02|07-06-2026 22:06:27|07-06-2026 22:06:28|14.84|14.86|.02
BRCJM01|BRBAT|BRBAT|83156.12|Shipped|||C8720|17022-531|SP|BR|T11493||36|0|9964.625|11810|11810|Y|07-06-2026 07:14:49|07-06-2026 07:11:06|||07-06-2026 07:23:47|07-06-2026 07:31:19|07-06-2026 10:19:29|07-06-2026 17:29:44|07-06-2026 22:05:13||07-06-2026 22:05:27|07-06-2026 22:08:02|07-06-2026 22:08:04|14.84|14.89|.04
BRCJM01|BRBAT|BRBAT|83157.12|Shipped|||C13735|83326-010|PR|BR|T8989||47|0|11244.575|11713.4|11713.4|Y|07-06-2026 08:15:00|07-06-2026 08:10:26|||07-06-2026 08:16:28|07-06-2026 08:17:33|07-06-2026 09:08:52|07-06-2026 15:37:16|07-06-2026 15:39:25||07-06-2026 15:39:50|07-06-2026 15:40:55|07-06-2026 15:40:57|7.41|7.43|.02
BRCJM01|BRBAT|BRBAT|83162.12|Shipped|||C13738|25056-075|RIO DE JANEIRO|BR|T8989||1|0|84|84|84|Y|07-06-2026 10:27:52|07-06-2026 10:23:16|||07-06-2026 10:30:10|07-06-2026 10:42:25|07-07-2026 08:32:00|07-07-2026 08:37:54|07-07-2026 15:36:15||07-07-2026 15:36:30|07-07-2026 15:41:31|07-07-2026 15:41:35|29.14|29.23|.08
BRCJM01|BRBAT|BRBAT|83163.12|Shipped|||C13738|25056-075|RIO DE JANEIRO|BR|T8989||2|0|0|20992|20992|Y|07-06-2026 10:27:52|07-06-2026 10:23:17|||07-06-2026 10:30:38|07-06-2026 10:42:26|07-07-2026 08:32:15|07-07-2026 08:34:54|07-07-2026 15:35:24||07-07-2026 15:35:37|07-07-2026 15:39:06|07-07-2026 15:39:16|29.13|29.19|.06
BRCJM01|BRBAT|BRBAT|83164.12|Shipped|||C13738|25056-075|RIO DE JANEIRO|BR|T8989||1|0|24|12000|12000|Y|07-06-2026 10:27:52|07-06-2026 10:23:27|||07-06-2026 10:31:09|07-06-2026 10:42:26|07-06-2026 20:28:45|07-06-2026 20:54:22|07-06-2026 22:10:04||07-06-2026 22:10:20|07-06-2026 22:27:13|07-06-2026 22:27:14|11.71|11.99|.28
BRCJM01|BRBAT|BRBAT|83165.12|Shipped|||C13738|25056-075|RIO DE JANEIRO|BR|T8989||2|0|2020|12000|12000|Y|07-06-2026 10:27:52|07-06-2026 10:23:28|||07-06-2026 10:31:50|07-06-2026 10:42:26|07-06-2026 18:12:50|07-06-2026 19:38:33|07-06-2026 22:10:13||07-06-2026 22:10:23|07-06-2026 22:27:26|07-06-2026 22:27:28|11.71|11.99|.28
BRCJM01|BRBAT|BRBAT|83166.12|Shipped|||C13738|25056-075|RIO DE JANEIRO|BR|T8989||32|0|11210.04|11230|11230|Y|07-06-2026 10:27:52|07-06-2026 10:23:47|||07-06-2026 10:38:34|07-06-2026 10:42:27|07-07-2026 07:14:14|07-07-2026 15:46:13|07-07-2026 15:46:32||07-07-2026 16:09:09|07-07-2026 16:11:40|07-07-2026 16:11:41|29.69|29.73|.04
BRCJM01|BRBAT|BRBAT|83360.12|Shipped|||C8721|07250-130|SP|BR|T11493||1|0|0|7200|7200|Y|07-07-2026 08:42:12|07-07-2026 08:39:15|||07-07-2026 08:47:59|07-07-2026 09:31:19|07-07-2026 10:08:23|07-07-2026 10:08:23|07-07-2026 10:09:13||07-07-2026 10:09:22|07-07-2026 21:39:32|07-07-2026 21:39:34|1.45|12.96|11.5
BRCJM01|BRBAT|BRBAT|83361.12|Shipped|||C8721|07250-130|SP|BR|T11493||2|0|0|20992|20992|Y|07-07-2026 08:42:14|07-07-2026 08:39:16|||07-07-2026 08:48:08|07-07-2026 09:31:19|07-07-2026 10:25:49|07-07-2026 10:32:27|07-07-2026 10:36:51||07-07-2026 10:37:00|07-07-2026 21:39:45|07-07-2026 21:39:46|1.91|12.96|11.05
BRCJM01|BRBAT|BRBAT|83362.12|Shipped|||C8721|07250-130|SP|BR|T11493||3|0|6015|12000|12000|Y|07-07-2026 08:42:14|07-07-2026 08:39:32|||07-07-2026 09:23:53|07-07-2026 09:26:20|07-07-2026 11:53:24|07-07-2026 20:35:33|07-07-2026 21:38:23||07-07-2026 21:39:03|07-07-2026 21:40:01|07-07-2026 21:40:03|12.95|12.96|.02
BRCJM01|BRBAT|BRBAT|83363.12|Shipped|||C8721|07250-130|SP|BR|T11493||4|0|12000|12000|12000|Y|07-07-2026 08:42:14|07-07-2026 08:39:33|||07-07-2026 08:48:22|07-07-2026 10:10:26|07-07-2026 10:45:29|07-07-2026 21:29:06|07-07-2026 21:38:44||07-07-2026 21:39:00|07-07-2026 21:40:16|07-07-2026 21:40:16|12.95|12.97|.02
BRCJM01|BRBAT|BRBAT|83364.12|Shipped|||C8721|07250-130|SP|BR|T11493||34|0|11126.8|11126.8|11126.8|Y|07-07-2026 08:46:15|07-07-2026 08:40:03|||07-07-2026 09:54:42|07-07-2026 10:11:53|07-07-2026 10:29:26|07-07-2026 19:31:43|07-07-2026 20:06:29||07-07-2026 20:06:45|07-07-2026 21:40:34|07-07-2026 21:40:35|11.34|12.91|1.56
BRCJM01|BRBAT|BRBAT|83538.12|Shipped|||C13738|25056-075|RIO DE JANEIRO|BR|T8989||3|0|11281|11780|11780|Y|07-07-2026 10:39:46|07-07-2026 10:35:07|||07-07-2026 10:45:08|07-07-2026 11:17:30|07-07-2026 19:57:40|07-07-2026 20:28:44|07-08-2026 13:47:45||07-08-2026 13:54:26|07-08-2026 13:57:59|07-08-2026 13:58:04|27.24|27.3|.06
BRCJM01|BRBAT|BRBAT|83539.12|Shipped|||C13738|25056-075|RIO DE JANEIRO|BR|T8989||5|0|7968|11960|11960|Y|07-07-2026 10:39:48|07-07-2026 10:35:18|||07-07-2026 10:46:19|07-07-2026 11:17:32|07-07-2026 21:57:38|07-07-2026 23:44:18|07-08-2026 13:55:06||07-08-2026 13:55:20|07-08-2026 13:58:25|07-08-2026 13:58:28|27.26|27.31|.05
BRCJM01|BRBAT|BRBAT|83540.12|Shipped|||C13738|25056-075|RIO DE JANEIRO|BR|T8989||33|0|11450.48|11690|11690|Y|07-07-2026 10:39:47|07-07-2026 10:35:40|||07-07-2026 11:17:39|07-07-2026 11:20:16|07-08-2026 07:05:11|07-08-2026 12:04:28|07-08-2026 13:56:22||07-08-2026 13:56:57|07-08-2026 13:59:06|07-08-2026 13:59:07|27.29|27.32|.04
BRCJM01|BRBAT|BRBAT|83541.12|Shipped|||C13737|86046-230|PR|BR|T8989||2|0|0|10496|10496|Y|07-07-2026 11:02:59|07-07-2026 10:59:15|||07-07-2026 11:10:20|07-07-2026 11:11:39|07-07-2026 11:21:04|07-07-2026 11:22:12|07-07-2026 11:24:10||07-07-2026 11:24:22|07-07-2026 16:50:11|07-07-2026 16:50:15|.36|5.79|5.43
BRCJM01|BRBAT|BRBAT|83630.12|Shipped|||C13737|86046-230|PR|BR|T8989||46|0|11470.175|11540|11540|Y|07-07-2026 12:24:24|07-07-2026 12:19:36|||07-07-2026 12:27:13|07-07-2026 12:29:19|07-07-2026 13:30:29|07-07-2026 18:33:11|07-07-2026 20:02:59||07-07-2026 20:03:19|07-07-2026 20:04:58|07-07-2026 20:05:00|7.65|7.68|.03
BRCJM01|BRBAT|BRBAT|83913.12|Shipped|||C13738|25056-075|RIO DE JANEIRO|BR|T8989||2|0|12000|12000|12000|Y|07-08-2026 08:37:57|07-08-2026 08:30:07|||07-08-2026 08:42:37|07-08-2026 08:59:01|07-08-2026 11:29:32|07-08-2026 15:42:32|07-09-2026 10:46:31||07-09-2026 10:46:48|07-09-2026 10:48:28|07-09-2026 10:48:37|26.15|26.18|.03
BRCJM01|BRBAT|BRBAT|83914.12|Shipped|||C13738|25056-075|RIO DE JANEIRO|BR|T8989||4|0|11860|11860|11860|Y|07-08-2026 08:37:58|07-08-2026 08:30:20|||07-08-2026 08:43:28|07-08-2026 08:59:03|07-08-2026 19:21:47|07-08-2026 20:53:15|07-09-2026 10:47:19||07-09-2026 10:47:34|07-09-2026 10:49:56|07-09-2026 10:50:01|26.16|26.2|.04
BRCJM01|BRBAT|BRBAT|83915.12|Shipped|||C13738|25056-075|RIO DE JANEIRO|BR|T8989||33|0|11620.02|11630|11630|Y|07-08-2026 08:44:59|07-08-2026 08:30:42|||07-08-2026 08:59:09|07-08-2026 09:15:23|07-09-2026 07:12:13|07-09-2026 13:09:11|07-09-2026 14:01:34||07-09-2026 14:01:50|07-09-2026 14:02:37|07-09-2026 14:02:38|29.28|29.29|.01
BRCJM01|BRBAT|BRBAT|83917.12|Shipped|||C8721|07250-130|SP|BR|T11493||1|0|0|27648|27648|Y|07-08-2026 10:18:44|07-08-2026 10:15:05|||07-08-2026 10:22:36|07-08-2026 10:28:28|07-08-2026 21:33:50|07-08-2026 21:39:18|07-08-2026 23:29:06||07-08-2026 23:29:40|07-08-2026 23:31:02|07-08-2026 23:31:04|13.18|13.21|.02
BRCJM01|BRBAT|BRBAT|83918.12|Shipped|||C8721|07250-130|SP|BR|T11493||2|0|5606|8000|8000|Y|07-08-2026 10:18:46|07-08-2026 10:15:16|||07-08-2026 10:22:43|07-08-2026 10:28:29|07-08-2026 19:10:50|07-08-2026 20:23:59|07-08-2026 21:45:38||07-08-2026 21:45:49|07-08-2026 22:04:27|07-08-2026 22:04:28|11.45|11.76|.31
BRCJM01|BRBAT|BRBAT|83919.12|Shipped|||C8721|07250-130|SP|BR|T11493||32|0|6700.4|6700.4|6700.4|Y|07-08-2026 10:18:46|07-08-2026 10:15:38|||07-08-2026 10:22:51|07-08-2026 10:28:29|07-08-2026 15:37:51|07-08-2026 20:19:31|07-08-2026 21:47:26||07-08-2026 21:47:42|07-08-2026 22:04:44|07-08-2026 22:04:45|11.48|11.77|.28
BRCJM01|BRBAT|BRBAT|83920.12|Shipped|||C13735|83326-010|PR|BR|T8989||2|0|0|10496|10496|Y|07-08-2026 10:53:59|07-08-2026 10:50:06|||07-08-2026 10:55:20|07-08-2026 10:57:19|07-08-2026 16:07:33|07-08-2026 16:09:00|07-08-2026 17:09:39||07-08-2026 17:09:51|07-08-2026 17:10:51|07-08-2026 17:10:56|6.26|6.28|.02
BRCJM01|BRBAT|BRBAT|83921.12|Shipped|||C13735|83326-010|PR|BR|T8989||40|0|11810|11810|11810|Y|07-08-2026 10:54:01|07-08-2026 10:50:39|||07-08-2026 10:55:32|07-08-2026 10:57:20|07-08-2026 11:19:43|07-08-2026 19:05:55|07-08-2026 19:05:59||07-08-2026 19:06:06|07-08-2026 19:07:02|07-08-2026 19:07:03|8.2|8.22|.02
BRCJM01|BRBAT|BRBAT|84020.12|Shipped|||C8721|07250-130|SP|BR|T11493||2|0|0|51744|51744|Y|07-08-2026 14:43:11|07-08-2026 14:39:14|||07-08-2026 14:48:43|07-08-2026 15:04:43|07-09-2026 09:18:58|07-09-2026 09:45:51|07-09-2026 19:05:32||07-09-2026 19:05:41|07-09-2026 19:09:23|07-09-2026 19:09:25|28.38|28.44|.06
BRCJM01|BRBAT|BRBAT|84021.12|Shipped|||C8721|07250-130|SP|BR|T11493||3|0|12000|12000|12000|Y|07-08-2026 14:43:13|07-08-2026 14:39:15|||07-08-2026 14:48:54|07-08-2026 15:04:43|07-09-2026 20:20:06|07-09-2026 21:58:52|07-09-2026 22:28:22||07-09-2026 22:28:31|07-09-2026 22:29:02|07-09-2026 22:29:04|31.76|31.76|.01
BRCJM01|BRBAT|BRBAT|84023.12|Shipped|||C8720|17022-531|SP|BR|T11493||2|0|8.4|9368.4|9368.4|Y|07-08-2026 14:43:14|07-08-2026 14:39:29|||07-08-2026 14:49:12|07-08-2026 15:04:44|07-09-2026 08:58:43|07-09-2026 09:07:53|07-09-2026 19:06:21||07-09-2026 19:06:30|07-09-2026 19:10:16|07-09-2026 19:10:16|28.39|28.45|.06
BRCJM01|BRBAT|BRBAT|84024.12|Shipped|||C8720|17022-531|SP|BR|T11493||34|0|10392.375|11340|11340|Y|07-08-2026 14:45:14|07-08-2026 14:39:57|||07-08-2026 15:18:47|07-08-2026 15:20:42|07-09-2026 11:19:02|07-09-2026 16:47:45|07-09-2026 19:06:46||07-09-2026 19:06:58|07-09-2026 19:10:34|07-09-2026 19:10:35|28.36|28.42|.06
BRCJM01|BRBAT|BRBAT|84025.12|Shipped|||C8715|13054-709|SP|BR|T11493||38|0|9266|11660|11660|Y|07-08-2026 14:45:15|07-08-2026 14:40:33|||07-08-2026 14:49:38|07-08-2026 15:04:52|07-09-2026 11:29:21|07-09-2026 18:37:19|07-09-2026 19:07:35||07-09-2026 19:07:45|07-09-2026 19:09:48|07-09-2026 19:09:49|28.38|28.41|.03
BRCJM01|BRBAT|BRBAT|84253.12|Shipped|||C13735|83326-010|PR|BR|T8989||43|0|11801.7|11801.7|11801.7|Y|07-09-2026 09:32:42|07-09-2026 09:30:30|||07-09-2026 09:34:20|07-09-2026 09:37:20|07-09-2026 10:09:38|07-09-2026 14:36:23|07-09-2026 15:33:48||07-09-2026 15:34:11|07-09-2026 15:34:37|07-09-2026 15:34:39|6.02|6.03|.01
BRCJM01|BRBAT|BRBAT|84254.12|Shipped|||C8721|07250-130|SP|BR|T11493||30|0|10178.975|11046.8|11046.8|Y|07-09-2026 10:17:57|07-09-2026 10:15:25|||07-09-2026 10:19:43|07-09-2026 10:21:23|07-09-2026 18:43:15|07-09-2026 21:16:09|07-09-2026 21:16:12||07-09-2026 21:16:22|07-09-2026 21:17:02|07-09-2026 21:17:03|10.97|10.99|.01
BRCJM01|BRBAT|BRBAT|84266.12|Shipped|||C13738|25056-075|RIO DE JANEIRO|BR|T8989||2|0|12000|12000|12000|Y|07-09-2026 14:54:27|07-09-2026 14:50:05|||07-09-2026 14:55:23|07-09-2026 15:16:56|07-10-2026 07:12:56|07-10-2026 07:17:12|07-10-2026 15:23:42||07-10-2026 15:23:54|07-10-2026 15:27:20|07-10-2026 15:27:24|24.49|24.55|.06
BRCJM01|BRBAT|BRBAT|84267.12|Shipped|||C13738|25056-075|RIO DE JANEIRO|BR|T8989||3|0|12000|12000|12000|Y|07-09-2026 14:54:29|07-09-2026 14:50:16|||07-09-2026 14:57:07|07-09-2026 15:20:24|07-10-2026 07:32:28|07-10-2026 07:56:52|07-10-2026 15:24:21||07-10-2026 15:24:34|07-10-2026 15:27:49|07-10-2026 15:27:52|24.5|24.56|.06
BRCJM01|BRBAT|BRBAT|84268.12|Shipped|||C13738|25056-075|RIO DE JANEIRO|BR|T8989||29|0|11820.02|11830|11830|Y|07-09-2026 14:54:29|07-09-2026 14:50:43|||07-09-2026 15:21:01|07-09-2026 15:25:34|07-10-2026 07:01:19|07-10-2026 14:54:45|07-10-2026 15:25:35||07-10-2026 15:26:12|07-10-2026 15:28:22|07-10-2026 15:28:24|24.53|24.57|.04
BRCJM01|BRBAT|BRBAT|84271.12|Shipped|||C13738|25056-075|RIO DE JANEIRO|BR|T8989||3|0|12000|12000|12000|Y|07-09-2026 16:17:58|07-09-2026 16:15:07|||07-10-2026 10:10:29|07-10-2026 10:14:37|07-13-2026 09:10:49|07-13-2026 09:49:40|07-13-2026 14:57:37||07-13-2026 15:01:28|07-13-2026 15:01:28|07-13-2026 15:05:37|94.73|94.79|.07
BRCJM01|BRBAT|BRBAT|84272.12|Shipped|||C13738|25056-075|RIO DE JANEIRO|BR|T8989||5|0|11780|11780|11780|Y|07-09-2026 16:17:59|07-09-2026 16:15:17|||07-10-2026 10:01:55|07-10-2026 10:10:29|07-13-2026 07:27:42|07-13-2026 08:07:42|07-13-2026 14:58:28||07-13-2026 15:03:14|07-13-2026 15:03:14|07-13-2026 15:06:06|94.75|94.8|.05
BRCJM01|BRBAT|BRBAT|84273.12|Shipped|||C13738|25056-075|RIO DE JANEIRO|BR|T8989||35|0|11770|11770|11770|Y|07-09-2026 16:17:59|07-09-2026 16:15:38|||07-10-2026 10:28:05|07-10-2026 11:25:34|07-13-2026 07:37:14|07-13-2026 14:43:53|07-13-2026 14:59:45||07-13-2026 15:04:42|07-13-2026 15:04:42|07-13-2026 15:07:23|94.78|94.82|.04
BRCJM01|BRBAT|BRBAT|84418.12|Shipped|||C8721|07250-130|SP|BR|T11493||2|0|0|51744|51744|Y|07-10-2026 08:29:48|07-10-2026 08:26:08|||07-10-2026 08:45:57|07-10-2026 09:19:42|07-10-2026 11:45:43|07-10-2026 23:34:33|07-10-2026 23:34:36||07-10-2026 23:34:43|07-10-2026 23:34:43|07-10-2026 23:35:48|15.08|15.1|.02
BRCJM01|BRBAT|BRBAT|84419.12|Shipped|||C8721|07250-130|SP|BR|T11493||5|0|12000|12000|12000|Y|07-10-2026 08:29:50|07-10-2026 08:26:16|||07-10-2026 08:46:04|07-10-2026 09:28:40|07-10-2026 18:39:49|07-10-2026 23:28:04|07-10-2026 23:28:08||07-10-2026 23:28:48|07-10-2026 23:28:48|07-10-2026 23:31:04|14.98|15.02|.04
BRCJM01|BRBAT|BRBAT|84420.12|Shipped|||C8721|07250-130|SP|BR|T11493||31|0|10433.2|10951.9|10951.9|Y|07-10-2026 08:29:50|07-10-2026 08:26:37|||07-10-2026 10:24:03|07-10-2026 10:26:22|07-10-2026 17:50:05|07-10-2026 23:26:35|07-10-2026 23:27:15||07-10-2026 23:27:35|07-10-2026 23:27:35|07-10-2026 23:30:37|14.96|15.01|.05
BRCJM01|BRBAT|BRBAT|84421.12|Shipped|||C8715|13054-709|SP|BR|T11493||5|0|4.2|18532.2|18532.2|Y|07-10-2026 08:30:51|07-10-2026 08:27:15|||07-10-2026 08:46:19|07-10-2026 09:19:46|07-10-2026 14:16:22|07-10-2026 23:17:47|07-10-2026 23:17:50||07-10-2026 23:17:59|07-10-2026 23:17:59|07-10-2026 23:18:21|14.79|14.79|.01
BRCJM01|BRBAT|BRBAT|84422.12|Shipped|||C8715|13054-709|SP|BR|T11493||35|0|11110|11110|11110|Y|07-10-2026 08:30:51|07-10-2026 08:27:38|||07-10-2026 09:11:11|07-10-2026 09:17:05|07-10-2026 16:57:50|07-10-2026 23:21:38|07-10-2026 23:21:42||07-10-2026 23:29:27|07-10-2026 23:29:27|07-10-2026 23:30:44|14.98|15|.02
BRCJM01|BRBAT|BRBAT|84423.12|Shipped|||C8720|17022-531|SP|BR|T11493||3|0|0|25200|25200|Y|07-10-2026 08:30:52|07-10-2026 08:27:17|||07-10-2026 08:46:33|07-10-2026 09:19:47|07-10-2026 11:54:59|07-10-2026 14:51:41|07-10-2026 15:00:51||07-10-2026 15:01:17|07-10-2026 23:35:32|07-10-2026 23:35:59|6.51|15.09|8.58
BRCJM01|BRBAT|BRBAT|84424.12|Shipped|||C8720|17022-531|SP|BR|T11493||36|0|10830.3|10950|10950|Y|07-10-2026 08:32:55|07-10-2026 08:27:52|||07-10-2026 08:46:40|07-10-2026 09:10:18|07-10-2026 15:58:11|07-10-2026 23:23:10|07-10-2026 23:23:16||07-10-2026 23:29:59|07-10-2026 23:29:59|07-10-2026 23:30:56|14.95|14.97|.02
BRCJM01|BRBAT|BRBAT|84482.12|Shipped|||C8721|07250-130|SP|BR|T11493||2|0|8000|8000|8000|Y|07-10-2026 08:30:52|07-10-2026 08:25:04|||07-10-2026 08:46:47|07-10-2026 09:02:03|07-10-2026 19:53:10|07-10-2026 22:31:23|07-10-2026 23:23:55||07-10-2026 23:30:21|07-10-2026 23:30:21|07-10-2026 23:31:15|14.99|15.01|.02
BRCJM01|BRBAT|BRBAT|84592.12|Shipped|||C13735|83326-010|PR|BR|T8989||44|0|11546.9|11586.8|11586.8|Y|07-10-2026 08:30:54|07-10-2026 08:25:31|||07-10-2026 08:33:32|07-10-2026 08:35:26|07-10-2026 08:55:00|07-10-2026 15:18:58|07-10-2026 16:18:27||07-10-2026 16:19:17|07-10-2026 16:20:06|07-10-2026 16:20:09|7.81|7.82|.01
BRCJM01|BRBAT|BRBAT|84673.12|Shipped|||C13738|25056-075|RIO DE JANEIRO|BR|T8989||3|0|11800|11800|11800|Y|07-10-2026 11:42:42|07-10-2026 11:39:13|||07-10-2026 11:44:45|07-10-2026 12:05:51|07-13-2026 11:03:50|07-13-2026 11:32:44|07-14-2026 15:32:03||07-14-2026 15:36:20|07-14-2026 15:36:20|07-14-2026 15:38:42|99.89|99.93|.04
BRCJM01|BRBAT|BRBAT|84674.12|Shipped|||C13738|25056-075|RIO DE JANEIRO|BR|T8989||6|0|11920|11920|11920|Y|07-10-2026 11:42:42|07-10-2026 11:39:17|||07-10-2026 11:50:05|07-10-2026 12:05:52|07-14-2026 07:55:42|07-14-2026 11:53:24|07-14-2026 15:32:56||07-14-2026 15:37:02|07-14-2026 15:37:02|07-14-2026 15:39:02|99.91|99.94|.03
BRCJM01|BRBAT|BRBAT|84675.12|Shipped|||C13738|25056-075|RIO DE JANEIRO|BR|T8989||37|0|11630.26|11760|11760|Y|07-10-2026 11:45:43|07-10-2026 11:39:52|||07-10-2026 11:57:38|07-10-2026 12:05:54|07-14-2026 09:22:46|07-14-2026 16:40:01|07-14-2026 16:41:58||07-14-2026 16:47:38|07-14-2026 16:47:38|07-14-2026 16:48:07|101.03|101.04|.01
BRCJM01|BRBAT|BRBAT|84676.12|Shipped|||C8720|17022-531|SP|BR|T11493||2|0|0|15744|15744|Y|07-10-2026 14:27:24|07-10-2026 14:23:13|||07-10-2026 14:28:15|07-10-2026 14:29:20|07-10-2026 23:25:20|07-10-2026 23:25:35|07-10-2026 23:25:46||07-10-2026 23:25:52|07-10-2026 23:32:19|07-10-2026 23:32:21|8.97|9.08|.11
BRCJM01|BRBAT|BRBAT|84947.12|Shipped|||C8721|07250-130|SP|BR|T11493||2|0|0|51744|51744|Y|07-13-2026 09:15:32|07-13-2026 09:10:06|||07-13-2026 09:44:38|07-13-2026 10:11:21|07-13-2026 10:51:15|07-13-2026 10:54:55|07-13-2026 10:55:14||07-13-2026 10:55:23|07-14-2026 02:02:56|07-14-2026 02:02:56|1.66|16.79|15.13
BRCJM01|BRBAT|BRBAT|84948.12|Shipped|||C8721|07250-130|SP|BR|T11493||1|0|8000|8000|8000|Y|07-13-2026 09:15:33|07-13-2026 09:10:15|||07-13-2026 09:44:45|07-13-2026 10:16:18|07-13-2026 21:06:23|07-13-2026 21:54:02|07-14-2026 01:51:09||07-14-2026 01:51:22|07-14-2026 02:03:12|07-14-2026 02:03:14|16.6|16.79|.2
BRCJM01|BRBAT|BRBAT|84949.12|Shipped|||C8721|07250-130|SP|BR|T11493||1|0|400|400|400|Y|07-13-2026 09:15:29|07-13-2026 09:10:20|||07-13-2026 13:52:38|07-13-2026 13:55:40|07-13-2026 23:42:05|07-13-2026 23:42:05|07-14-2026 01:52:14||07-14-2026 01:52:44|07-14-2026 02:03:27|07-14-2026 02:03:27|16.62|16.8|.18
BRCJM01|BRBAT|BRBAT|84950.12|Shipped|||C8721|07250-130|SP|BR|T11493||3|0|11600|11600|11600|Y|07-13-2026 09:15:31|07-13-2026 09:10:26|||07-13-2026 10:16:20|07-13-2026 10:21:05|07-13-2026 11:47:58|07-14-2026 02:00:45|07-14-2026 02:01:11||07-14-2026 02:01:22|07-14-2026 02:03:45|07-14-2026 02:03:45|16.76|16.8|.04
BRCJM01|BRBAT|BRBAT|84951.12|Shipped|||C8721|07250-130|SP|BR|T11493||6|0|12000|12000|12000|Y|07-13-2026 09:15:31|07-13-2026 09:10:36|||07-13-2026 09:45:04|07-13-2026 10:11:22|07-13-2026 11:25:31|07-14-2026 01:57:17|07-14-2026 01:57:20||07-14-2026 01:57:20|07-14-2026 02:04:02|07-14-2026 02:04:03|16.7|16.81|.11
BRCJM01|BRBAT|BRBAT|84952.12|Shipped|||C8721|07250-130|SP|BR|T11493||34|0|10276.475|10745.3|10745.3|Y|07-13-2026 09:15:31|07-13-2026 09:11:04|||07-13-2026 11:44:17|07-13-2026 11:45:45|07-13-2026 17:58:39|07-13-2026 21:46:01|07-14-2026 01:59:09||07-14-2026 01:59:23|07-14-2026 02:04:23|07-14-2026 02:04:24|16.73|16.81|.08
BRCJM01|BRBAT|BRBAT|84953.12|Shipped|||C8715|13054-709|SP|BR|T11493||1|0|0|8928|8928|Y|07-13-2026 09:15:32|07-13-2026 09:11:16|||07-13-2026 09:45:20|07-13-2026 10:11:28|07-13-2026 10:46:58|07-13-2026 10:48:03|07-13-2026 10:48:15||07-13-2026 10:48:23|07-14-2026 02:02:05|07-14-2026 02:02:06|1.55|16.78|15.23
BRCJM01|BRBAT|BRBAT|84954.12|Shipped|||C8715|13054-709|SP|BR|T11493||36|0|11390|11390|11390|Y|07-13-2026 09:15:32|07-13-2026 09:11:44|||07-13-2026 09:45:26|07-13-2026 10:11:28|07-13-2026 13:31:10|07-13-2026 19:08:49|07-14-2026 01:59:59||07-14-2026 02:00:25|07-14-2026 02:02:29|07-14-2026 02:02:31|16.75|16.78|.04
BRCJM01|BRBAT|BRBAT|84956.12|Shipped|||C13737|86046-230|PR|BR|T8989||40|0|11663.425|11673.4|11673.4|Y|07-13-2026 09:57:42|07-13-2026 09:43:35|||07-13-2026 09:58:45|07-13-2026 10:00:02|07-13-2026 10:18:19|07-13-2026 16:46:56|07-13-2026 16:52:08||07-13-2026 16:52:29|07-13-2026 16:53:07|07-13-2026 16:53:09|6.91|6.92|.01
BRCJM01|BRBAT|BRBAT|84957.12|Shipped|||C13738|25056-075|RIO DE JANEIRO|BR|T8989||1|0|12000|12000|12000|Y|07-13-2026 11:07:19|07-13-2026 11:00:27|||07-13-2026 11:17:24|07-13-2026 11:26:26|07-14-2026 08:19:42|07-14-2026 08:22:34|07-14-2026 15:34:17||07-14-2026 15:34:38|07-14-2026 15:42:12|07-14-2026 15:42:13|28.46|28.58|.13
BRCJM01|BRBAT|BRBAT|85313.12|Shipped|||C8721|07250-130|SP|BR|T11493||2|0|0|51744|51744|Y|07-14-2026 08:44:02|07-14-2026 08:39:14|||07-14-2026 09:03:34|07-14-2026 09:19:05|07-14-2026 14:13:01|07-14-2026 14:18:29|07-14-2026 14:18:41||07-14-2026 14:18:51|07-15-2026 01:27:19|07-15-2026 01:27:20|5.58|16.72|11.14
BRCJM01|BRBAT|BRBAT|85314.12|Shipped|||C8721|07250-130|SP|BR|T11493||2|0|0|36048|36048|Y|07-14-2026 08:44:03|07-14-2026 08:39:15|||07-14-2026 09:03:40|07-14-2026 09:19:06|07-14-2026 13:59:13|07-14-2026 14:04:59|07-14-2026 14:05:11||07-14-2026 14:05:20|07-15-2026 01:27:33|07-15-2026 01:27:34|5.35|16.73|11.37
BRCJM01|BRBAT|BRBAT|85315.12|Shipped|||C8721|07250-130|SP|BR|T11493||2|0|8000|8000|8000|Y|07-14-2026 08:44:03|07-14-2026 08:39:28|||07-14-2026 09:03:46|07-14-2026 09:39:16|07-15-2026 00:15:10|07-15-2026 01:33:15|07-15-2026 01:33:18||07-15-2026 01:33:26|07-15-2026 01:33:51|07-15-2026 01:33:52|16.82|16.83|.01
BRCJM01|BRBAT|BRBAT|85316.12|Shipped|||C8721|07250-130|SP|BR|T11493||3|0|12000|12000|12000|Y|07-14-2026 08:44:04|07-14-2026 08:39:30|||07-14-2026 09:43:33|07-14-2026 10:19:38|07-14-2026 22:50:45|07-15-2026 00:09:57|07-15-2026 01:15:01||07-15-2026 01:15:11|07-15-2026 01:27:50|07-15-2026 01:27:50|16.52|16.73|.21
BRCJM01|BRBAT|BRBAT|85317.12|Shipped|||C8721|07250-130|SP|BR|T11493||36|0|10256.8|10256.8|10256.8|Y|07-14-2026 08:45:04|07-14-2026 08:39:58|||07-14-2026 09:19:11|07-14-2026 09:25:57|07-14-2026 15:36:34|07-15-2026 00:10:19|07-15-2026 01:15:42||07-15-2026 01:16:05|07-15-2026 01:28:08|07-15-2026 01:28:10|16.52|16.72|.2
BRCJM01|BRBAT|BRBAT|85318.12|Shipped|||C8720|17022-531|SP|BR|T11493||44|0|11833.4|11833.4|11833.4|Y|07-14-2026 08:49:06|07-14-2026 08:40:08|||07-14-2026 09:04:06|07-14-2026 09:19:11|07-14-2026 15:17:50|07-15-2026 00:49:29|07-15-2026 01:16:30||07-15-2026 01:16:51|07-15-2026 01:25:58|07-15-2026 01:26:00|16.46|16.62|.15
BRCJM01|BRBAT|BRBAT|85319.12|Shipped|||C8715|13054-709|SP|BR|T11493||39|0|11848.7|11848.7|11848.7|Y|07-14-2026 08:45:04|07-14-2026 08:40:33|||07-14-2026 09:04:14|07-14-2026 09:19:14|07-14-2026 15:27:15|07-14-2026 22:35:48|07-15-2026 01:17:11||07-15-2026 01:17:24|07-15-2026 01:26:30|07-15-2026 01:26:31|16.54|16.69|.15
BRCJM01|BRBAT|BRBAT|85320.12|Shipped|||C13737|86046-230|PR|BR|T8989||43|0|11700.4|11700.4|11700.4|Y|07-14-2026 09:27:14|07-14-2026 09:23:39|||07-14-2026 10:37:42|07-14-2026 10:39:49|07-14-2026 11:25:06|07-14-2026 21:25:07|07-14-2026 22:42:40||07-14-2026 22:43:24|07-14-2026 22:44:00|07-14-2026 22:44:01|13.27|13.28|.01
BRCJM01|BRBAT|BRBAT|85344.12|Shipped|||C13738|25056-075|RIO DE JANEIRO|BR|T8989||1|0|12000|12000|12000|Y|07-14-2026 10:39:46|07-14-2026 10:35:05|||07-14-2026 10:49:54|07-14-2026 10:54:22|07-14-2026 14:43:34|07-14-2026 15:20:12|07-15-2026 15:47:43||07-15-2026 15:51:55|07-15-2026 15:57:59|07-15-2026 15:58:01|29.2|29.3|.1
BRCJM01|BRBAT|BRBAT|85345.12|Shipped|||C13738|25056-075|RIO DE JANEIRO|BR|T8989||3|0|12000|12000|12000|Y|07-14-2026 10:39:46|07-14-2026 10:35:18|||07-14-2026 10:50:29|07-14-2026 10:55:58|07-15-2026 07:45:35|07-15-2026 08:02:16|07-15-2026 15:55:35||07-15-2026 15:55:51|07-15-2026 15:58:38|07-15-2026 15:58:41|29.27|29.32|.05
BRCJM01|BRBAT|BRBAT|85346.12|Shipped|||C13738|25056-075|RIO DE JANEIRO|BR|T8989||4|0|12000|12000|12000|Y|07-14-2026 10:39:46|07-14-2026 10:35:20|||07-14-2026 10:51:22|07-14-2026 10:57:06|07-15-2026 08:11:24|07-15-2026 08:31:58|07-15-2026 15:56:36||07-15-2026 15:56:49|07-15-2026 15:59:16|07-15-2026 15:59:19|29.28|29.33|.04
BRCJM01|BRBAT|BRBAT|85359.12|Shipped|||C13738|25056-075|RIO DE JANEIRO|BR|T8989||36|0|11260.96|11740|11740|Y|07-14-2026 12:31:21|07-14-2026 12:25:22|||07-14-2026 12:42:07|07-14-2026 12:47:59|07-15-2026 16:07:04|07-15-2026 16:42:57|07-15-2026 16:43:28||07-15-2026 16:43:41|07-15-2026 16:45:20|07-15-2026 16:45:22|28.21|28.23|.03
BRCJM01|BRBAT|BRBAT|85402.12|Shipped|||C13738|25056-075|RIO DE JANEIRO|BR|T8989||2|0|0|50880|50880|Y|07-14-2026 15:07:13|07-14-2026 15:00:08|||07-14-2026 15:07:50|07-14-2026 15:09:27|07-14-2026 15:23:44|07-14-2026 15:34:25|07-14-2026 15:38:07||07-14-2026 15:38:18|07-14-2026 15:43:41|07-14-2026 15:43:44|.52|.61|.09
BRCJM01|BRBAT|BRBAT|85425.12|Shipped|||C13737|86046-230|PR|BR|T8989||5|0|0|6720|6720|Y|07-14-2026 15:07:13|07-14-2026 15:03:18|||07-14-2026 15:08:01|07-14-2026 15:09:27|07-14-2026 19:49:52|07-14-2026 19:55:36|07-14-2026 22:43:04||07-14-2026 22:43:10|07-14-2026 22:44:14|07-14-2026 22:44:15|7.6|7.62|.02
BRCJM01|BRBAT|BRBAT|85426.12|Shipped|||C13735|83326-010|PR|BR|T8989||3|0|0|26496|26496|Y|07-15-2026 10:25:08|07-15-2026 10:20:01|||07-15-2026 10:27:56|07-15-2026 10:41:09|07-15-2026 14:48:45|07-15-2026 14:56:00|07-15-2026 14:56:12||07-15-2026 14:56:23|07-15-2026 17:18:50|07-15-2026 17:18:52|4.52|6.9|2.38
BRCJM01|BRBAT|BRBAT|85720.12|Shipped|||C13735|83326-010|PR|BR|T8989||3|0|0|5136|5136|Y|07-15-2026 09:05:32|07-15-2026 09:03:15|||07-15-2026 09:13:11|07-15-2026 09:15:32|07-15-2026 14:39:25|07-15-2026 14:45:30|07-15-2026 14:45:34||07-15-2026 14:45:43|07-15-2026 17:19:11|07-15-2026 17:19:13|5.67|8.23|2.56
BRCJM01|BRBAT|BRBAT|85721.12|Shipped|||C13735|83326-010|PR|BR|T8989||3|0|0|16704|16704|Y|07-15-2026 09:05:33|07-15-2026 09:03:16|||07-15-2026 09:13:25|07-15-2026 09:15:32|07-15-2026 14:59:23|07-15-2026 15:02:49|07-15-2026 15:03:02||07-15-2026 15:03:11|07-15-2026 17:19:29|07-15-2026 17:19:33|5.96|8.23|2.27
BRCJM01|BRBAT|BRBAT|85722.12|Shipped|||C13735|83326-010|PR|BR|T8989||46|0|11310.2|11310.2|11310.2|Y|07-15-2026 09:09:35|07-15-2026 09:03:53|||07-15-2026 09:13:48|07-15-2026 09:15:33|07-15-2026 12:08:31|07-15-2026 18:29:04|07-15-2026 19:20:12||07-15-2026 19:20:29|07-15-2026 19:21:03|07-15-2026 19:21:04|10.18|10.19|.01
BRCJM01|BRBAT|BRBAT|85723.12|Shipped|||C8715|13054-709|SP|BR|T11493||3|0|0|7392|7392|Y|07-15-2026 09:05:33|07-15-2026 09:03:32|||07-15-2026 09:23:30|07-15-2026 09:30:53|07-15-2026 16:00:44|07-15-2026 16:01:10|07-15-2026 16:04:00||07-15-2026 16:04:50|07-16-2026 01:54:45|07-16-2026 01:54:46|6.99|16.82|9.83
BRCJM01|BRBAT|BRBAT|85724.12|Shipped|||C8715|13054-709|SP|BR|T11493||1|0|0|33264|33264|Y|07-15-2026 09:06:34|07-15-2026 09:03:40|||07-15-2026 09:23:36|07-15-2026 09:30:54|07-15-2026 15:54:54|07-15-2026 15:54:54|07-15-2026 16:04:23||07-15-2026 16:04:30|07-16-2026 01:55:01|07-16-2026 01:55:03|6.97|16.81|9.84
BRCJM01|BRBAT|BRBAT|85725.12|Shipped|||C8715|13054-709|SP|BR|T11493||44|0|10249.7|11327|11327|Y|07-15-2026 09:09:35|07-15-2026 09:04:12|||07-15-2026 10:34:27|07-15-2026 10:39:27|07-15-2026 15:53:30|07-15-2026 20:40:17|07-16-2026 01:48:28||07-16-2026 01:48:48|07-16-2026 01:55:24|07-16-2026 01:55:26|16.65|16.76|.11
BRCJM01|BRBAT|BRBAT|85726.12|Shipped|||C8721|07250-130|SP|BR|T11493||1|0|0|66528|66528|Y|07-15-2026 09:12:36|07-15-2026 09:04:47|||07-15-2026 09:23:51|07-15-2026 09:31:01|07-15-2026 15:56:33|07-15-2026 15:56:43|07-15-2026 16:04:05||07-15-2026 16:04:46|07-16-2026 01:55:53|07-16-2026 01:55:55|6.87|16.72|9.85
BRCJM01|BRBAT|BRBAT|85727.12|Shipped|||C8721|07250-130|SP|BR|T11493||1|0|8000|8000|8000|Y|07-15-2026 09:12:36|07-15-2026 09:04:56|||07-15-2026 09:23:58|07-15-2026 09:31:01|07-16-2026 00:20:49|07-16-2026 01:34:02|07-16-2026 01:49:18||07-16-2026 01:49:25|07-16-2026 01:56:09|07-16-2026 01:56:10|16.61|16.73|.11
BRCJM01|BRBAT|BRBAT|85728.12|Shipped|||C8721|07250-130|SP|BR|T11493||3|0|12000|12000|12000|Y|07-15-2026 09:12:37|07-15-2026 09:05:07|||07-15-2026 09:24:05|07-15-2026 09:31:02|07-15-2026 16:32:49|07-15-2026 22:16:11|07-16-2026 01:52:12||07-16-2026 01:52:22|07-16-2026 01:56:26|07-16-2026 01:56:27|16.66|16.73|.07
BRCJM01|BRBAT|BRBAT|85730.12|Shipped|||C8721|07250-130|SP|BR|T11493||31|0|9449.525|10457|10457|Y|07-15-2026 09:12:37|07-15-2026 09:05:35|||07-15-2026 09:24:34|07-15-2026 09:31:05|07-15-2026 15:09:22|07-15-2026 21:24:34|07-16-2026 01:52:52||07-16-2026 01:53:05|07-16-2026 01:57:07|07-16-2026 01:57:08|16.67|16.74|.07
BRCJM01|BRBAT|BRBAT|85731.12|Shipped|||C13738|25056-075|RIO DE JANEIRO|BR|T8989||3|0|0|4656|4656|Y|07-15-2026 10:24:05|07-15-2026 10:19:15|||07-15-2026 10:45:29|07-15-2026 11:26:47|07-16-2026 11:09:32|07-16-2026 11:10:46|07-16-2026 11:11:16||07-16-2026 11:11:24|07-16-2026 17:02:39|07-16-2026 17:02:41|24.79|30.64|5.85
BRCJM01|BRBAT|BRBAT|85732.12|Shipped|||C13738|25056-075|RIO DE JANEIRO|BR|T8989||1|0|29.4|29.4|29.4|Y|07-15-2026 10:24:07|07-15-2026 10:19:14|||07-15-2026 10:45:56|07-15-2026 11:26:47|07-16-2026 10:39:05|07-16-2026 10:39:05|07-16-2026 10:39:19||07-16-2026 10:39:27|07-16-2026 17:46:48|07-16-2026 17:46:51|24.26|31.38|7.12
BRCJM01|BRBAT|BRBAT|85733.12|Shipped|||C13738|25056-075|RIO DE JANEIRO|BR|T8989||1|0|0|15600|15600|Y|07-15-2026 10:24:07|07-15-2026 10:19:27|||07-15-2026 10:46:15|07-15-2026 11:26:47|07-16-2026 10:46:01|07-16-2026 10:53:56|07-16-2026 10:54:10||07-16-2026 10:54:25|07-16-2026 17:47:13|07-16-2026 17:47:18|24.51|31.39|6.88
BRCJM01|BRBAT|BRBAT|85734.12|Shipped|||C13738|25056-075|RIO DE JANEIRO|BR|T8989||1|0|0|8640|8640|Y|07-15-2026 10:24:07|07-15-2026 10:19:28|||07-15-2026 10:46:32|07-15-2026 11:26:47|07-16-2026 11:03:11|07-16-2026 11:03:11|07-16-2026 11:03:26||07-16-2026 11:03:59|07-16-2026 17:47:44|07-16-2026 17:47:46|24.66|31.39|6.73
BRCJM01|BRBAT|BRBAT|85735.12|Shipped|||C13738|25056-075|RIO DE JANEIRO|BR|T8989||2|0|0|62880|62880|Y|07-15-2026 10:24:07|07-15-2026 10:19:35|||07-15-2026 10:47:02|07-15-2026 11:26:47|07-15-2026 15:09:31|07-15-2026 15:16:31|07-15-2026 15:16:48||07-15-2026 15:17:00|07-15-2026 15:59:47|07-15-2026 15:59:51|4.88|5.6|.71
BRCJM01|BRBAT|BRBAT|85736.12|Shipped|||C13738|25056-075|RIO DE JANEIRO|BR|T8989||2|0|11660|11660|11660|Y|07-15-2026 10:25:08|07-15-2026 10:19:36|||07-15-2026 10:47:26|07-15-2026 11:26:48|07-15-2026 17:00:57|07-15-2026 17:09:01|07-16-2026 16:07:12||07-16-2026 16:07:25|07-16-2026 17:48:07|07-16-2026 17:48:10|29.7|31.38|1.68
BRCJM01|BRBAT|BRBAT|85737.12|Shipped|||C13738|25056-075|RIO DE JANEIRO|BR|T8989||3|0|12000|12000|12000|Y|07-15-2026 10:25:08|07-15-2026 10:19:44|||07-15-2026 10:48:09|07-15-2026 11:26:48|07-16-2026 08:04:06|07-16-2026 16:58:18|07-16-2026 16:58:56||07-16-2026 16:59:11|07-16-2026 17:48:32|07-16-2026 17:48:33|30.57|31.39|.82
BRCJM01|BRBAT|BRBAT|85738.12|Shipped|||C13738|25056-075|RIO DE JANEIRO|BR|T8989||5|0|11940|11940|11940|Y|07-15-2026 10:25:08|07-15-2026 10:19:47|||07-15-2026 12:08:30|07-15-2026 12:11:41|07-16-2026 08:36:36|07-16-2026 16:02:00|07-16-2026 17:01:51||07-16-2026 17:02:03|07-16-2026 17:50:09|07-16-2026 17:50:12|30.62|31.42|.8
BRCJM01|BRBAT|BRBAT|85739.12|Shipped|||C13738|25056-075|RIO DE JANEIRO|BR|T8989||38|0|8581.46|9310|9310|Y|07-15-2026 10:27:09|07-15-2026 10:20:16|||07-15-2026 12:06:13|07-15-2026 12:07:49|07-16-2026 09:41:31|07-16-2026 17:33:45|07-16-2026 17:45:47||07-16-2026 17:46:12|07-16-2026 17:50:43|07-16-2026 17:50:44|31.32|31.39|.08
BRCJM01|BRBAT|BRBAT|85742.12|Shipped|||C8721|07250-130|SP|BR|T11493||10|0|12000|12000|12000|Y|07-15-2026 14:15:18|07-15-2026 14:10:11|||07-15-2026 14:19:02|07-15-2026 14:20:13|07-15-2026 16:02:30|07-16-2026 00:14:30|07-16-2026 01:53:34||07-16-2026 01:53:49|07-16-2026 01:57:35|07-16-2026 01:57:36|11.64|11.71|.06
BRCJM01|BRBAT|BRBAT|85807.12|Shipped|||C8721|07250-130|SP|BR|T11493||2|0|302.4|302.4|302.4|Y|07-15-2026 15:21:37|07-15-2026 15:19:16|||07-15-2026 15:24:24|07-15-2026 15:25:47|07-15-2026 15:55:39|07-15-2026 15:55:57|07-15-2026 16:04:16||07-15-2026 16:04:35|07-16-2026 01:57:56|07-16-2026 01:57:56|.72|10.61|9.89
BRCJM01|BRBAT|BRBAT|86042.12|Shipped|||C13735|83326-010|PR|BR|T8989||1|0|0|18480|18480|Y|07-16-2026 11:03:48|07-16-2026 10:59:15|||07-16-2026 11:08:49|07-16-2026 11:10:41|07-16-2026 12:03:19|07-16-2026 12:03:57|07-16-2026 12:04:07||07-16-2026 12:04:16|07-16-2026 17:54:04|07-16-2026 17:54:07|1.01|6.84|5.83
BRCJM01|BRBAT|BRBAT|86043.12|Shipped|||C13735|83326-010|PR|BR|T8989||43|0|11431.7|11431.7|11431.7|Y|07-16-2026 11:03:48|07-16-2026 10:59:42|||07-16-2026 11:10:17|07-16-2026 11:10:42|07-16-2026 11:48:21|07-16-2026 17:10:03|07-16-2026 17:52:47||07-16-2026 17:53:23|07-16-2026 17:54:37|07-16-2026 17:54:38|6.83|6.85|.02
BRCJM01|BRBAT|BRBAT|86044.12|Shipped|||C8715|13054-709|SP|BR|T11493||1|0|0|36960|36960|Y|07-16-2026 14:06:04|07-16-2026 14:03:15|||07-16-2026 14:08:20|07-16-2026 14:14:57|07-16-2026 16:26:13|07-16-2026 16:31:06|07-17-2026 01:01:44||07-17-2026 01:04:08|07-17-2026 01:14:05|07-17-2026 01:14:06|10.97|11.13|.17
BRCJM01|BRBAT|BRBAT|86045.12|Shipped|||C8715|13054-709|SP|BR|T11493||23|0|11000|11000|11000|Y|07-16-2026 14:07:04|07-16-2026 14:03:36|||07-16-2026 14:08:31|07-16-2026 14:14:57|07-16-2026 15:39:20|07-16-2026 22:31:18|07-17-2026 01:02:06||07-17-2026 01:04:23|07-17-2026 01:15:19|07-17-2026 01:15:20|10.96|11.14|.18
BRCJM01|BRBAT|BRBAT|86046.12|Shipped|||C8720|17022-531|SP|BR|T11493||6|0|3000|49992|49992|Y|07-16-2026 14:07:05|07-16-2026 14:03:33|||07-16-2026 14:08:44|07-16-2026 14:14:57|07-16-2026 15:25:26|07-16-2026 15:54:51|07-17-2026 01:00:28||07-17-2026 01:00:37|07-17-2026 01:12:57|07-17-2026 01:12:59|10.89|11.1|.21
BRCJM01|BRBAT|BRBAT|86047.12|Shipped|||C8720|17022-531|SP|BR|T11493||41|0|10431.7|10431.7|10431.7|Y|07-16-2026 14:10:05|07-16-2026 14:04:19|||07-16-2026 14:13:28|07-16-2026 14:15:00|07-16-2026 15:29:54|07-16-2026 22:28:06|07-17-2026 01:01:05||07-17-2026 01:01:18|07-17-2026 01:13:25|07-17-2026 01:13:26|10.85|11.06|.2
BRCJM01|BRBAT|BRBAT|86048.12|Shipped|||C8721|07250-130|SP|BR|T11493||1|0|0|36960|36960|Y|07-16-2026 14:10:06|07-16-2026 14:04:17|||07-16-2026 14:13:45|07-16-2026 14:15:00|07-16-2026 16:12:27|07-16-2026 16:12:41|07-17-2026 01:07:02||07-17-2026 01:07:25|07-17-2026 01:15:53|07-17-2026 01:15:54|10.96|11.1|.14
BRCJM01|BRBAT|BRBAT|86049.12|Shipped|||C8721|07250-130|SP|BR|T11493||1|0|8000|8000|8000|Y|07-16-2026 14:10:06|07-16-2026 14:04:24|||07-16-2026 14:13:55|07-16-2026 14:15:03|07-16-2026 21:33:51|07-16-2026 21:54:31|07-17-2026 01:07:13||07-17-2026 01:07:32|07-17-2026 01:16:17|07-17-2026 01:16:18|10.96|11.1|.15
BRCJM01|BRBAT|BRBAT|86050.12|Shipped|||C8721|07250-130|SP|BR|T11493||5|0|12000|12000|12000|Y|07-16-2026 14:12:07|07-16-2026 14:04:33|||07-16-2026 14:14:06|07-16-2026 14:15:04|07-16-2026 23:10:45|07-17-2026 01:09:31|07-17-2026 01:09:35||07-17-2026 01:09:44|07-17-2026 01:16:44|07-17-2026 01:16:45|10.96|11.08|.12
BRCJM01|BRBAT|BRBAT|86051.12|Shipped|||C8721|07250-130|SP|BR|T11493||33|0|10850|10850|10850|Y|07-16-2026 14:12:07|07-16-2026 14:05:11|||07-16-2026 14:15:09|07-16-2026 14:35:04|07-16-2026 17:02:19|07-16-2026 22:21:11|07-17-2026 01:08:50||07-17-2026 01:09:14|07-17-2026 01:17:08|07-17-2026 01:17:10|10.95|11.08|.13
BRCJM01|BRBAT|BRBAT|86052.12|Shipped|||C13738|25056-075|RIO DE JANEIRO|BR|T8989||7|0|11940|11940|11940|Y|07-16-2026 09:33:23|07-16-2026 09:30:11|||07-16-2026 10:01:04|07-16-2026 10:27:27|07-16-2026 13:43:26|07-16-2026 14:32:22|07-17-2026 17:28:49||07-17-2026 17:29:05|07-17-2026 17:30:44|07-17-2026 17:30:46|31.93|31.96|.03
BRCJM01|BRBAT|BRBAT|86053.12|Shipped|||C13738|25056-075|RIO DE JANEIRO|BR|T8989||31|0|11450.66|11780|11780|Y|07-16-2026 09:33:24|07-16-2026 09:30:46|||07-16-2026 10:04:21|07-16-2026 10:27:29|07-17-2026 08:57:21|07-17-2026 20:36:24|07-17-2026 20:36:36||07-17-2026 20:37:11|07-17-2026 20:37:52|07-17-2026 20:37:53|35.06|35.07|.01
BRCJM01|BRBAT|BRBAT|86054.12|Shipped|||C8721|07250-130|SP|BR|T11493||1|0|200|200|200|Y|07-16-2026 13:42:52|07-16-2026 13:39:14|||07-16-2026 14:08:53|07-16-2026 14:14:57|07-16-2026 16:58:56|07-17-2026 01:11:18|07-17-2026 01:11:21||07-17-2026 01:11:29|07-17-2026 01:11:29|07-17-2026 01:12:04|11.48|11.49|.01
BRCJM01|BRBAT|BRBAT|86055.12|Shipped|||C13738|25056-075|RIO DE JANEIRO|BR|T8989||1|0|12000|12000|12000|Y|07-16-2026 13:42:52|07-16-2026 13:39:14|||07-17-2026 09:37:16|07-17-2026 09:48:49|07-17-2026 14:42:49|07-17-2026 15:22:59|07-18-2026 09:36:44||07-18-2026 09:36:58|07-18-2026 10:31:06|07-18-2026 10:31:09|43.9|44.8|.9
BRCJM01|BRBAT|BRBAT|86056.12|Shipped|||C13738|25056-075|RIO DE JANEIRO|BR|T8989||2|0|11820|11820|11820|Y|07-16-2026 13:42:53|07-16-2026 13:39:26|||07-17-2026 09:37:52|07-17-2026 09:48:50|07-17-2026 13:51:54|07-17-2026 13:57:46|07-18-2026 09:37:24||07-18-2026 09:37:37|07-18-2026 10:31:39|07-18-2026 10:31:42|43.91|44.81|.9
BRCJM01|BRBAT|BRBAT|86057.12|Shipped|||C13738|25056-075|RIO DE JANEIRO|BR|T8989||4|0|11860|11860|11860|Y|07-16-2026 13:42:52|07-16-2026 13:39:28|||07-17-2026 09:38:44|07-17-2026 09:48:50|07-18-2026 07:57:00|07-18-2026 08:25:18|07-18-2026 09:38:22||07-18-2026 09:38:33|07-18-2026 10:32:06|07-18-2026 10:32:09|43.93|44.82|.89
BRCJM01|BRBAT|BRBAT|86058.12|Shipped|||C13738|25056-075|RIO DE JANEIRO|BR|T8989||34|0|11720|11720|11720|Y|07-16-2026 13:44:53|07-16-2026 13:39:55|||07-17-2026 09:45:49|07-17-2026 09:48:52|07-17-2026 17:19:56|07-18-2026 10:38:42|07-18-2026 10:49:17||07-18-2026 10:49:59|07-18-2026 10:50:42|07-18-2026 10:50:43|45.09|45.1|.01
BRCJM01|BRBAT|BRBAT|86159.12|Shipped|||C13738|25056-075|RIO DE JANEIRO|BR|T8989||1|0|480|480|480|Y|07-16-2026 15:27:32|07-16-2026 15:23:16|||07-16-2026 15:28:38|07-16-2026 15:35:25|07-16-2026 16:05:11|07-16-2026 16:05:11|07-16-2026 16:05:31||07-16-2026 16:05:46|07-16-2026 17:51:06|07-16-2026 17:51:09|.64|2.39|1.76
BRCJM01|BRBAT|BRBAT|86189.12|Shipped|||C8721|07250-130|SP|BR|T11493||3|0|12000|12000|12000|Y|07-16-2026 15:27:32|07-16-2026 15:23:19|||07-16-2026 15:30:59|07-16-2026 15:35:26|07-16-2026 19:47:12|07-16-2026 20:33:37|07-17-2026 01:10:41||07-17-2026 01:10:58|07-17-2026 01:18:04|07-17-2026 01:18:06|9.72|9.84|.12
BRCJM01|BRBAT|BRBAT|86197.12|Shipped|||C13738|25056-075|RIO DE JANEIRO|BR|T8989||15|0|11680.54|11950|11950|Y|07-17-2026 08:39:46|07-17-2026 08:35:18|||07-17-2026 08:44:47|07-17-2026 08:48:15|07-17-2026 10:37:30|07-17-2026 17:21:29|07-17-2026 17:30:00||07-17-2026 17:30:13|07-17-2026 17:31:46|07-17-2026 17:31:47|8.84|8.87|.03
BRCJM01|BRBAT|BRBAT|86444.12|Shipped|||C13735|83326-010|PR|BR|T8989||1|0|0|36960|36960|Y|07-17-2026 08:39:48|07-17-2026 08:35:15|||07-17-2026 08:59:51|07-17-2026 09:01:09|07-17-2026 09:45:05|07-17-2026 09:49:45|07-17-2026 09:49:56||07-17-2026 09:50:05|07-17-2026 17:33:35|07-17-2026 17:33:38|1.17|8.9|7.73
BRCJM01|BRBAT|BRBAT|86445.12|Shipped|||C13735|83326-010|PR|BR|T8989||29|0|11020|11020|11020|Y|07-17-2026 08:39:48|07-17-2026 08:35:41|||07-17-2026 08:59:58|07-17-2026 09:01:10|07-17-2026 11:24:24|07-17-2026 17:16:48|07-17-2026 17:16:52||07-17-2026 17:17:19|07-17-2026 17:34:17|07-17-2026 17:34:18|8.63|8.91|.28
BRCJM01|BRBAT|BRBAT|86446.12|Shipped|||C8721|07250-130|SP|BR|T11493||1|0|0|73920|73920|Y|07-17-2026 08:39:48|07-17-2026 08:35:32|||07-17-2026 09:11:31|07-17-2026 09:17:52|07-17-2026 15:21:00|07-17-2026 15:39:33|07-18-2026 10:33:04||07-18-2026 10:33:14|07-18-2026 14:24:10|07-18-2026 14:24:14|25.89|29.74|3.85
BRCJM01|BRBAT|BRBAT|86447.12|Shipped|||C8721|07250-130|SP|BR|T11493||1|0|8000|8000|8000|Y|07-17-2026 08:39:49|07-17-2026 08:35:44|||07-17-2026 09:11:37|07-17-2026 09:17:52|07-17-2026 23:26:28|07-18-2026 17:08:25|07-18-2026 17:33:51||07-18-2026 17:34:12|07-18-2026 17:36:50|07-18-2026 17:36:52|32.91|32.95|.04
BRCJM01|BRBAT|BRBAT|86448.12|Shipped|||C8721|07250-130|SP|BR|T11493||4|0|12000|12000|12000|Y|07-17-2026 08:39:49|07-17-2026 08:35:52|||07-17-2026 09:11:43|07-17-2026 09:17:53|07-18-2026 00:06:50|07-18-2026 09:21:41|07-18-2026 10:34:15||07-18-2026 10:34:58|07-18-2026 14:24:44|07-18-2026 14:24:45|25.92|29.75|3.83
BRCJM01|BRBAT|BRBAT|86450.12|Shipped|||C8721|07250-130|SP|BR|T11493||34|0|9898.5|9898.5|9898.5|Y|07-17-2026 08:41:50|07-17-2026 08:36:29|||07-17-2026 09:11:56|07-17-2026 09:17:55|07-18-2026 11:16:53|07-18-2026 15:08:06|07-18-2026 17:35:16||07-18-2026 17:36:01|07-18-2026 17:37:41|07-18-2026 17:37:43|32.9|32.93|.03
BRCJM01|BRBAT|BRBAT|86452.12|Shipped|||C13738|25056-075|RIO DE JANEIRO|BR|T8989||2|0|11940|11940|11940|Y|07-17-2026 12:07:05|07-17-2026 12:00:12|||07-17-2026 12:16:30|07-17-2026 12:28:44|07-20-2026 08:12:00|07-20-2026 08:33:42|07-20-2026 21:06:01||07-20-2026 21:06:48|07-20-2026 21:08:02|07-20-2026 21:08:03|81|81.02|.02
BRCJM01|BRBAT|BRBAT|86453.12|Shipped|||C13738|25056-075|RIO DE JANEIRO|BR|T8989||5|0|11700|11700|11700|Y|07-17-2026 12:07:05|07-17-2026 12:00:31|||07-17-2026 12:16:42|07-17-2026 12:28:45|07-20-2026 10:11:12|07-20-2026 11:09:17|07-20-2026 21:06:22||07-20-2026 21:06:52|07-20-2026 21:08:25|07-20-2026 21:08:25|81|81.02|.03
BRCJM01|BRBAT|BRBAT|86454.12|Shipped|||C13738|25056-075|RIO DE JANEIRO|BR|T8989||39|0|11790|11790|11790|Y|07-17-2026 12:07:05|07-17-2026 12:03:42|||07-17-2026 12:51:01|07-17-2026 13:19:37|07-20-2026 14:29:21|07-20-2026 20:38:41|07-20-2026 21:06:40||07-20-2026 21:07:01|07-20-2026 21:09:05|07-20-2026 21:09:07|81|81.03|.04
BRCJM01|BRBAT|BRBAT|86455.12|Shipped|||C13738|25056-075|RIO DE JANEIRO|BR|T8989||2|0|12000|12000|12000|Y|07-17-2026 12:07:05|07-17-2026 12:03:15|||07-17-2026 12:41:30|07-17-2026 12:42:50|07-20-2026 08:43:01|07-20-2026 22:53:01|07-20-2026 22:54:34||07-20-2026 22:54:54|07-20-2026 22:55:25|07-20-2026 22:55:26|82.8|82.81|.01
BRCJM01|BRBAT|BRBAT|86457.12|Shipped|||C8721|07250-130|SP|BR|T11493||1|0|12000|12000|12000|Y|07-17-2026 11:06:47|07-17-2026 11:03:13|||07-17-2026 11:10:43|07-17-2026 11:13:08|07-17-2026 17:27:04|07-17-2026 19:21:54|07-17-2026 21:02:51||07-17-2026 21:03:05|07-17-2026 22:27:46|07-17-2026 22:27:47|9.94|11.35|1.41
BRCJM01|BRBAT|BRBAT|86458.12|Shipped|||C8721|07250-130|SP|BR|T11493||1|0|12000|12000|12000|Y|07-17-2026 11:06:47|07-17-2026 11:03:13|||07-17-2026 11:10:53|07-17-2026 11:13:08|07-17-2026 19:25:36|07-17-2026 21:46:13|07-17-2026 22:27:14||07-17-2026 22:27:21|07-17-2026 22:28:01|07-17-2026 22:28:02|11.34|11.35|.01
BRCJM01|BRBAT|BRBAT|86459.12|Shipped|||C8721|07250-130|SP|BR|T11493||3|0|12000|12000|12000|Y|07-17-2026 11:06:47|07-17-2026 11:00:10|||07-17-2026 11:11:02|07-17-2026 11:13:06|07-17-2026 16:26:10|07-17-2026 17:04:58|07-17-2026 21:03:25||07-17-2026 21:03:34|07-17-2026 22:28:15|07-17-2026 22:28:16|9.95|11.36|1.41
BRCJM01|BRBAT|BRBAT|86460.12|Shipped|||C8715|13054-709|SP|BR|T11493||36|0|11748.5|11748.5|11748.5|Y|07-17-2026 10:54:39|07-17-2026 10:50:31|||07-17-2026 11:01:26|07-17-2026 11:04:26|07-17-2026 21:50:57|07-18-2026 17:54:31|07-18-2026 18:42:19||07-18-2026 18:44:32|07-18-2026 18:44:32|07-18-2026 18:47:12|31.83|31.88|.04
BRCJM01|BRBAT|BRBAT|86461.12|Shipped|||C8721|07250-130|SP|BR|T11493||5|0|12000|12000|12000|Y|07-17-2026 10:54:40|07-17-2026 10:51:16|||07-17-2026 11:01:34|07-17-2026 11:04:30|07-18-2026 00:59:51|07-18-2026 18:17:36|07-18-2026 18:45:15||07-18-2026 18:45:35|07-18-2026 18:46:26|07-18-2026 18:46:27|31.85|31.86|.01
BRCJM01|BRBAT|BRBAT|86462.12|Shipped|||C8721|07250-130|SP|BR|T11493||1|0|400|400|400|Y|07-17-2026 13:09:20|07-17-2026 13:05:05|||07-17-2026 14:54:13|07-17-2026 14:57:32|07-17-2026 15:16:49|07-17-2026 15:16:49|07-17-2026 15:19:18||07-17-2026 15:19:46|07-17-2026 15:20:22|07-17-2026 15:20:29|2.17|2.19|.01
BRCJM01|BRBAT|BRBAT|86463.12|Shipped|||C8721|07250-130|SP|BR|T11493||2|0|0|39360|39360|Y|07-17-2026 13:09:20|07-17-2026 13:05:17|||07-17-2026 14:42:40|07-17-2026 14:47:03|07-17-2026 15:48:07|07-17-2026 15:50:30|07-18-2026 10:35:28||07-18-2026 10:35:43|07-18-2026 14:25:09|07-18-2026 14:25:12|21.44|25.26|3.82
BRCJM01|BRBAT|BRBAT|86464.12|Shipped|||C8721|07250-130|SP|BR|T11493||1|0|12000|12000|12000|Y|07-17-2026 13:13:21|07-17-2026 13:05:26|||07-17-2026 14:42:51|07-17-2026 14:47:04|07-17-2026 22:04:42|07-17-2026 23:20:59|07-18-2026 10:37:02||07-18-2026 10:37:38|07-18-2026 14:25:40|07-18-2026 14:25:42|21.4|25.21|3.8
BRCJM01|BRBAT|BRBAT|86487.12|Shipped|||C13738|25056-075|RIO DE JANEIRO|BR|T8989||1|0|12000|12000|12000|Y|07-17-2026 14:41:50|07-17-2026 14:39:12|||07-17-2026 14:52:06|07-17-2026 14:53:16|07-20-2026 07:58:24|07-20-2026 08:05:38|07-20-2026 21:07:16||07-20-2026 21:07:24|07-20-2026 21:09:18|07-20-2026 21:09:19|78.43|78.46|.03
BRCJM01|BRBAT|BRBAT|86769.12|Shipped|||C13737|86046-230|PR|BR|T8989||11|0|12.6|33612.6|33612.6|Y|07-20-2026 09:39:33|07-20-2026 09:35:12|||07-20-2026 09:43:00|07-20-2026 09:45:20|07-20-2026 14:29:18|07-20-2026 15:21:24|07-20-2026 17:12:46||07-20-2026 17:13:16|07-20-2026 17:15:03|07-20-2026 17:15:07|7.56|7.59|.03
BRCJM01|BRBAT|BRBAT|86770.12|Shipped|||C13737|86046-230|PR|BR|T8989||41|0|10983.4|10983.4|10983.4|Y|07-20-2026 09:39:35|07-20-2026 09:35:43|||07-20-2026 09:43:09|07-20-2026 09:45:21|07-20-2026 10:41:12|07-20-2026 16:19:50|07-20-2026 17:13:58||07-20-2026 17:14:25|07-20-2026 17:15:47|07-20-2026 17:15:48|7.58|7.6|.02
BRCJM01|BRBAT|BRBAT|86771.12|Shipped|||C13738|25056-075|RIO DE JANEIRO|BR|T8989||1|0|12000|12000|12000|Y|07-20-2026 12:57:48|07-20-2026 12:55:04|||07-20-2026 13:01:10|07-20-2026 14:40:27|07-21-2026 09:20:03|07-21-2026 09:44:36|07-21-2026 15:53:47||07-21-2026 15:54:01|07-21-2026 16:11:32|07-21-2026 16:11:34|26.94|27.23|.29
BRCJM01|BRBAT|BRBAT|86772.12|Shipped|||C13738|25056-075|RIO DE JANEIRO|BR|T8989||1|0|11520|11520|11520|Y|07-20-2026 13:00:49|07-20-2026 12:55:15|||07-20-2026 14:25:48|07-20-2026 14:40:27|07-21-2026 08:57:44|07-21-2026 15:54:31|07-21-2026 15:54:43||07-21-2026 15:54:57|07-21-2026 16:11:58|07-21-2026 16:12:07|26.9|27.19|.29
BRCJM01|BRBAT|BRBAT|86773.12|Shipped|||C13738|25056-075|RIO DE JANEIRO|BR|T8989||3|0|11900|11900|11900|Y|07-20-2026 13:00:49|07-20-2026 12:55:18|||07-20-2026 14:26:17|07-20-2026 14:40:27|07-21-2026 09:53:57|07-21-2026 10:06:13|07-21-2026 15:55:24||07-21-2026 15:55:35|07-21-2026 16:13:19|07-21-2026 16:13:22|26.91|27.21|.3
BRCJM01|BRBAT|BRBAT|86774.12|Shipped|||C13738|25056-075|RIO DE JANEIRO|BR|T8989||6|0|11740|11740|11740|Y|07-20-2026 13:00:49|07-20-2026 12:55:21|||07-20-2026 14:28:19|07-20-2026 14:40:28|07-21-2026 10:54:56|07-21-2026 15:31:24|07-21-2026 15:55:59||07-21-2026 15:56:22|07-21-2026 16:13:45|07-21-2026 16:13:47|26.93|27.22|.29
BRCJM01|BRBAT|BRBAT|86775.12|Shipped|||C13738|25056-075|RIO DE JANEIRO|BR|T8989||34|0|11750|11750|11750|Y|07-20-2026 13:00:49|07-20-2026 12:55:44|||07-20-2026 14:28:32|07-20-2026 14:40:31|07-21-2026 10:45:09|07-21-2026 17:07:22|07-21-2026 17:11:35||07-21-2026 17:12:06|07-21-2026 17:12:43|07-21-2026 17:12:45|28.19|28.2|.01
BRCJM01|BRBAT|BRBAT|86776.12|Shipped|||C8715|13054-709|SP|BR|T11493||1|0|0|36960|36960|Y|07-20-2026 09:39:36|07-20-2026 09:35:17|||07-20-2026 10:10:35|07-20-2026 10:23:27|07-20-2026 15:48:35|07-20-2026 15:50:33|07-21-2026 02:11:57||07-21-2026 02:13:18|07-21-2026 02:19:06|07-21-2026 02:19:07|16.56|16.66|.1
BRCJM01|BRBAT|BRBAT|86778.12|Shipped|||C8721|07250-130|SP|BR|T11493||4|0|0|103648|103648|Y|07-20-2026 09:48:41|07-20-2026 09:39:17|||07-20-2026 10:23:28|07-20-2026 10:28:04|07-20-2026 15:11:50|07-20-2026 15:43:40|07-21-2026 02:14:13||07-21-2026 02:14:29|07-21-2026 02:20:01|07-21-2026 02:20:02|16.43|16.52|.09
BRCJM01|BRBAT|BRBAT|86779.12|Shipped|||C8721|07250-130|SP|BR|T11493||1|0|8000|8000|8000|Y|07-20-2026 09:48:41|07-20-2026 09:39:30|||07-20-2026 10:10:59|07-20-2026 10:23:29|07-20-2026 20:14:52|07-20-2026 21:10:32|07-21-2026 02:14:21||07-21-2026 02:14:36|07-21-2026 02:20:17|07-21-2026 02:20:18|16.43|16.53|.1
BRCJM01|BRBAT|BRBAT|86780.12|Shipped|||C8721|07250-130|SP|BR|T11493||3|0|12000|12000|12000|Y|07-20-2026 09:48:41|07-20-2026 09:39:39|||07-20-2026 10:11:06|07-20-2026 10:23:29|07-20-2026 18:31:46|07-20-2026 21:57:10|07-21-2026 02:15:05||07-21-2026 02:15:16|07-21-2026 02:20:34|07-21-2026 02:20:35|16.44|16.53|.09
BRCJM01|BRBAT|BRBAT|86781.12|Shipped|||C8721|07250-130|SP|BR|T11493||6|0|12000|12000|12000|Y|07-20-2026 09:48:42|07-20-2026 09:39:49|||07-20-2026 10:11:12|07-20-2026 10:23:34|07-20-2026 13:20:56|07-20-2026 14:47:02|07-21-2026 02:15:53||07-21-2026 02:16:13|07-21-2026 02:20:51|07-21-2026 02:20:53|16.46|16.54|.08
BRCJM01|BRBAT|BRBAT|86782.12|Shipped|||C8721|07250-130|SP|BR|T11493||3|0|10000|10000|10000|Y|07-20-2026 09:59:44|07-20-2026 09:40:05|||07-20-2026 10:11:23|07-20-2026 10:23:35|07-20-2026 15:57:11|07-21-2026 02:17:44|07-21-2026 02:18:10||07-21-2026 02:18:19|07-21-2026 02:21:10|07-21-2026 02:21:11|16.31|16.36|.05
BRCJM01|BRBAT|BRBAT|86788.12|Shipped|||C8715|13054-709|SP|BR|T11493||44|0|10890.2|10890.2|10890.2|Y|07-20-2026 13:05:50|07-20-2026 13:00:35|||07-20-2026 13:07:30|07-20-2026 13:09:13|07-20-2026 17:42:47|07-21-2026 00:15:29|07-21-2026 02:12:37||07-21-2026 02:13:04|07-21-2026 02:19:27|07-21-2026 02:19:29|13.12|13.23|.11
BRCJM01|BRBAT|BRBAT|86921.12|Shipped|||C8721|07250-130|SP|BR|T11493||39|0|11310.8|11310.8|11310.8|Y|07-20-2026 17:24:16|07-20-2026 17:19:38|||07-20-2026 17:34:28|07-20-2026 17:36:11|07-20-2026 22:49:35|07-21-2026 02:54:04|07-21-2026 02:55:12||07-21-2026 02:55:41|07-21-2026 02:56:57|07-21-2026 02:56:59|9.52|9.55|.02
BRCJM01|BRBAT|BRBAT|87123.12|Shipped|||C13738|25056-075|RIO DE JANEIRO|BR|T8989||1|0|12000|12000|12000|Y|07-21-2026 09:51:02|07-21-2026 09:45:05|||07-21-2026 09:53:00|07-21-2026 10:03:32|07-22-2026 09:26:58|07-22-2026 09:41:02|07-22-2026 14:52:34||07-22-2026 14:52:57|07-22-2026 17:33:20|07-22-2026 17:33:21|29.03|31.71|2.67
BRCJM01|BRBAT|BRBAT|87124.12|Shipped|||C13738|25056-075|RIO DE JANEIRO|BR|T8989||2|0|11560|11560|11560|Y|07-21-2026 09:51:04|07-21-2026 09:45:21|||07-21-2026 09:53:42|07-21-2026 10:03:33|07-22-2026 08:24:23|07-22-2026 09:01:14|07-22-2026 14:54:05||07-22-2026 14:54:17|07-22-2026 17:34:13|07-22-2026 17:34:16|29.05|31.72|2.67
BRCJM01|BRBAT|BRBAT|87125.12|Shipped|||C13738|25056-075|RIO DE JANEIRO|BR|T8989||2|0|12000|12000|12000|Y|07-21-2026 09:51:04|07-21-2026 09:45:28|||07-21-2026 10:07:14|07-21-2026 10:11:18|07-22-2026 09:50:32|07-22-2026 10:01:31|07-22-2026 14:54:39||07-22-2026 14:54:50|07-22-2026 17:34:40|07-22-2026 17:34:43|29.06|31.73|2.66
BRCJM01|BRBAT|BRBAT|87126.12|Shipped|||C13738|25056-075|RIO DE JANEIRO|BR|T8989||3|0|11800|11800|11800|Y|07-21-2026 09:51:04|07-21-2026 09:45:36|||07-21-2026 10:03:37|07-21-2026 10:07:14|07-22-2026 10:15:02|07-22-2026 10:38:55|07-22-2026 14:55:22||07-22-2026 14:55:32|07-22-2026 17:35:15|07-22-2026 17:35:17|29.07|31.74|2.66
BRCJM01|BRBAT|BRBAT|87127.12|Shipped|||C13738|25056-075|RIO DE JANEIRO|BR|T8989||33|0|11830|11830|11830|Y|07-21-2026 09:51:04|07-21-2026 09:45:59|||07-21-2026 09:56:49|07-21-2026 10:03:37|07-22-2026 09:21:17|07-22-2026 17:32:15|07-22-2026 17:32:32||07-22-2026 17:32:32|07-22-2026 17:40:18|07-22-2026 17:40:19|31.69|31.82|.13
BRCJM01|BRBAT|BRBAT|87128.12|Shipped|||C8721|07250-130|SP|BR|T11493||3|0|0|4800|4800|Y|07-21-2026 10:40:17|07-21-2026 10:35:07|||07-21-2026 10:44:36|07-21-2026 10:49:01|07-21-2026 11:50:50|07-21-2026 11:53:57|07-21-2026 11:55:06||07-21-2026 11:55:15|07-21-2026 22:15:29|07-21-2026 22:15:31|1.25|11.59|10.34
BRCJM01|BRBAT|BRBAT|87129.12|Shipped|||C8721|07250-130|SP|BR|T11493||1|0|0|36960|36960|Y|07-21-2026 10:40:18|07-21-2026 10:35:17|||07-21-2026 22:44:33|07-21-2026 22:53:41|07-22-2026 01:29:05|07-22-2026 01:29:30|07-22-2026 01:30:03||07-22-2026 01:30:50|07-22-2026 01:35:21|07-22-2026 01:35:30|14.84|14.92|.08
BRCJM01|BRBAT|BRBAT|87130.12|Shipped|||C8721|07250-130|SP|BR|T11493||1|0|0|36960|36960|Y|07-21-2026 10:40:18|07-21-2026 10:35:17|||07-21-2026 10:44:54|07-21-2026 10:49:02|07-21-2026 11:43:32|07-21-2026 11:44:39|07-21-2026 11:48:05||07-21-2026 11:48:13|07-21-2026 22:16:16|07-21-2026 22:16:17|1.13|11.6|10.47
BRCJM01|BRBAT|BRBAT|87131.12|Shipped|||C8721|07250-130|SP|BR|T11493||1|0|8000|8000|8000|Y|07-21-2026 10:40:18|07-21-2026 10:35:23|||07-21-2026 10:45:03|07-21-2026 10:49:02|07-21-2026 11:41:01|07-21-2026 13:24:11|07-21-2026 16:14:39||07-21-2026 16:14:58|07-21-2026 22:16:32|07-21-2026 22:16:33|5.58|11.6|6.03
BRCJM01|BRBAT|BRBAT|87132.12|Shipped|||C8721|07250-130|SP|BR|T11493||3|0|12000|12000|12000|Y|07-21-2026 10:40:18|07-21-2026 10:35:34|||07-21-2026 10:45:13|07-21-2026 10:49:03|07-22-2026 00:29:30|07-22-2026 02:21:27|07-22-2026 02:21:56||07-22-2026 02:22:05|07-22-2026 02:22:40|07-22-2026 02:22:41|15.7|15.71|.01
BRCJM01|BRBAT|BRBAT|87133.12|Shipped|||C8721|07250-130|SP|BR|T11493||9|0|11840|11840|11840|Y|07-21-2026 10:40:18|07-21-2026 10:35:44|||07-21-2026 10:45:23|07-21-2026 10:49:04|07-21-2026 23:39:17|07-22-2026 01:33:42|07-22-2026 01:34:15||07-22-2026 01:34:33|07-22-2026 01:36:07|07-22-2026 01:36:08|14.9|14.93|.03
BRCJM01|BRBAT|BRBAT|87134.12|Shipped|||C8721|07250-130|SP|BR|T11493||23|0|6662.5|6662.5|6662.5|Y|07-21-2026 10:42:19|07-21-2026 10:35:54|||07-21-2026 10:45:52|07-21-2026 10:49:05|07-21-2026 15:09:58|07-21-2026 23:34:41|07-22-2026 01:30:28||07-22-2026 01:30:48|07-22-2026 01:35:50|07-22-2026 01:35:50|14.81|14.89|.08
BRCJM01|BRBAT|BRBAT|87135.12|Shipped|||C8720|17022-531|SP|BR|T11493||2|0|0|10496|10496|Y|07-21-2026 10:40:19|07-21-2026 10:35:42|||07-21-2026 10:46:01|07-21-2026 10:49:04|07-21-2026 11:58:30|07-21-2026 11:59:57|07-21-2026 12:01:50||07-21-2026 12:01:59|07-21-2026 22:17:09|07-21-2026 22:17:11|1.36|11.61|10.25
BRCJM01|BRBAT|BRBAT|87136.12|Shipped|||C8720|17022-531|SP|BR|T11493||38|0|11170.2|11170.2|11170.2|Y|07-21-2026 10:42:19|07-21-2026 10:36:11|||07-21-2026 10:46:09|07-21-2026 10:49:08|07-21-2026 15:20:40|07-21-2026 22:50:29|07-22-2026 01:31:20||07-22-2026 01:31:53|07-22-2026 01:36:33|07-22-2026 01:36:35|14.83|14.9|.08
BRCJM01|BRBAT|BRBAT|87137.12|Shipped|||C8715|13054-709|SP|BR|T11493||34|0|11841.7|11841.7|11841.7|Y|07-21-2026 10:42:20|07-21-2026 10:36:27|||07-21-2026 10:49:16|07-21-2026 10:53:58|07-21-2026 15:43:28|07-21-2026 20:40:57|07-21-2026 22:12:34||07-21-2026 22:12:46|07-21-2026 22:15:00|07-21-2026 22:15:01|11.51|11.54|.04
BRCJM01|BRBAT|BRBAT|87138.12|Shipped|||C8720|17022-531|SP|BR|T11493||2|0|9000|42264|42264|Y|07-21-2026 14:33:37|07-21-2026 14:30:07|||07-21-2026 14:34:12|07-21-2026 14:35:53|07-21-2026 18:16:57|07-21-2026 18:25:59|07-21-2026 22:13:35||07-21-2026 22:13:41|07-21-2026 22:17:36|07-21-2026 22:17:36|7.67|7.73|.07
BRCJM01|BRBAT|BRBAT|87141.12|Shipped|||C13737|86046-230|PR|BR|T8989||44|0|11695.9|11695.9|11695.9|Y|07-21-2026 12:18:49|07-21-2026 12:15:36|||07-21-2026 12:57:49|07-21-2026 13:00:12|07-21-2026 13:43:21|07-21-2026 18:46:09|07-21-2026 18:49:35||07-21-2026 18:50:15|07-21-2026 18:51:19|07-21-2026 18:51:21|6.52|6.54|.02
BRCJM01|BRBAT|BRBAT|87475.12|Shipped|||C8721|07250-130|SP|BR|T11493||1|0|3200|3200|3200|Y|07-22-2026 08:39:05|07-22-2026 08:35:06|||07-22-2026 08:42:23|07-22-2026 08:44:11|07-22-2026 08:54:04|07-22-2026 09:23:03|07-22-2026 09:23:45||07-22-2026 09:24:50|07-22-2026 09:24:50|07-22-2026 09:25:36|.76|.78|.01
BRCJM01|BRBAT|BRBAT|87476.12|Shipped|||C13738|25056-075|RIO DE JANEIRO|BR|T8989||1|0|12000|12000|12000|Y|07-22-2026 09:15:14|07-22-2026 09:10:05|||07-22-2026 09:43:15|07-22-2026 10:03:15|07-23-2026 07:35:23|07-23-2026 15:11:46|07-23-2026 15:12:13||07-23-2026 15:12:13|07-23-2026 16:28:36|07-23-2026 16:28:47|29.95|31.23|1.28
BRCJM01|BRBAT|BRBAT|87477.12|Shipped|||C13738|25056-075|RIO DE JANEIRO|BR|T8989||1|0|12000|12000|12000|Y|07-22-2026 09:15:14|07-22-2026 09:10:15|||07-22-2026 09:57:57|07-22-2026 10:03:15|07-23-2026 07:20:49|07-23-2026 07:30:23|07-23-2026 15:14:25||07-23-2026 15:15:19|07-23-2026 16:29:19|07-23-2026 16:29:22|30|31.24|1.23
BRCJM01|BRBAT|BRBAT|87478.12|Shipped|||C13738|25056-075|RIO DE JANEIRO|BR|T8989||3|0|9505|12000|12000|Y|07-22-2026 09:18:18|07-22-2026 09:15:06|||07-22-2026 09:59:11|07-22-2026 10:03:16|07-23-2026 08:30:10|07-23-2026 10:40:58|07-23-2026 15:17:27||07-23-2026 15:17:47|07-23-2026 16:29:51|07-23-2026 16:29:53|29.99|31.19|1.2
BRCJM01|BRBAT|BRBAT|87479.12|Shipped|||C13738|25056-075|RIO DE JANEIRO|BR|T8989||9|0|11441|11940|11940|Y|07-22-2026 09:19:19|07-22-2026 09:15:21|||07-22-2026 10:03:19|07-22-2026 10:08:49|07-23-2026 11:07:22|07-23-2026 14:10:14|07-23-2026 15:19:24||07-23-2026 15:20:04|07-23-2026 16:30:23|07-23-2026 16:30:25|30.01|31.19|1.17
BRCJM01|BRBAT|BRBAT|87480.12|Shipped|||C13738|25056-075|RIO DE JANEIRO|BR|T8989||37|0|10991.44|11710|11710|Y|07-22-2026 09:19:18|07-22-2026 09:15:42|||07-22-2026 10:15:14|07-22-2026 10:19:16|07-23-2026 09:24:42|07-23-2026 16:25:03|07-23-2026 16:27:27||07-23-2026 16:27:58|07-23-2026 16:30:53|07-23-2026 16:30:54|31.14|31.19|.05
BRCJM01|BRBAT|BRBAT|87481.12|Shipped|||C8715|13054-709|SP|BR|T11493||1|0|8.4|8.4|8.4|Y|07-22-2026 09:49:26|07-22-2026 09:39:14|||07-22-2026 10:22:33|07-22-2026 10:24:24|07-22-2026 20:04:37|07-22-2026 20:04:37|07-23-2026 00:48:28||07-23-2026 00:48:44|07-23-2026 00:58:33|07-23-2026 00:58:34|14.99|15.15|.16
BRCJM01|BRBAT|BRBAT|87482.12|Shipped|||C8715|13054-709|SP|BR|T11493||34|0|11643.4|11643.4|11643.4|Y|07-22-2026 09:50:26|07-22-2026 09:39:37|||07-22-2026 10:22:54|07-22-2026 10:24:26|07-22-2026 13:08:42|07-22-2026 18:40:43|07-23-2026 00:49:07||07-23-2026 00:49:29|07-23-2026 00:58:57|07-23-2026 00:58:59|14.98|15.14|.16
BRCJM01|BRBAT|BRBAT|87483.12|Shipped|||C8721|07250-130|SP|BR|T11493||1|0|8000|8000|8000|Y|07-22-2026 09:50:27|07-22-2026 09:39:26|||07-22-2026 10:23:03|07-22-2026 10:24:25|07-22-2026 16:58:45|07-23-2026 00:50:22|07-23-2026 00:50:25||07-23-2026 00:50:44|07-23-2026 00:59:19|07-23-2026 00:59:20|15|15.15|.14
BRCJM01|BRBAT|BRBAT|87484.12|Shipped|||C8721|07250-130|SP|BR|T11493||2|0|12000|12000|12000|Y|07-22-2026 09:51:27|07-22-2026 09:39:34|||07-22-2026 10:51:48|07-22-2026 11:07:26|07-22-2026 15:58:22|07-22-2026 21:19:33|07-23-2026 00:51:03||07-23-2026 00:51:13|07-23-2026 00:59:35|07-23-2026 00:59:36|15|15.14|.14
BRCJM01|BRBAT|BRBAT|87485.12|Shipped|||C8721|07250-130|SP|BR|T11493||3|0|12000|12000|12000|Y|07-22-2026 09:52:27|07-22-2026 09:39:42|||07-22-2026 10:24:31|07-22-2026 10:33:37|07-22-2026 16:28:16|07-23-2026 00:56:28|07-23-2026 00:56:57||07-23-2026 00:57:21|07-23-2026 00:59:52|07-23-2026 00:59:53|15.08|15.12|.04
BRCJM01|BRBAT|BRBAT|87486.12|Shipped|||C8721|07250-130|SP|BR|T11493||10|0|12000|12000|12000|Y|07-22-2026 09:52:27|07-22-2026 09:39:54|||07-22-2026 11:53:46|07-22-2026 13:49:49|07-22-2026 15:43:00|07-22-2026 21:24:55|07-23-2026 00:51:45||07-23-2026 00:52:02|07-23-2026 01:00:10|07-23-2026 01:00:11|14.99|15.13|.14
BRCJM01|BRBAT|BRBAT|87487.12|Shipped|||C8721|07250-130|SP|BR|T11493||27|0|9630|9630|9630|Y|07-22-2026 09:56:28|07-22-2026 09:40:31|||07-22-2026 10:24:36|07-22-2026 10:33:38|07-22-2026 15:43:08|07-22-2026 20:53:44|07-23-2026 00:52:22||07-23-2026 00:52:37|07-23-2026 01:00:31|07-23-2026 01:00:32|14.94|15.07|.13
BRCJM01|BRBAT|BRBAT|87488.12|Shipped|||C13735|83326-010|PR|BR|T8989||35|0|10840|10840|10840|Y|07-22-2026 11:18:52|07-22-2026 11:15:31|||07-22-2026 11:21:15|07-22-2026 11:25:28|07-22-2026 12:07:49|07-22-2026 15:53:35|07-22-2026 16:08:24||07-22-2026 16:08:47|07-22-2026 16:09:40|07-22-2026 16:09:41|4.83|4.85|.02
BRCJM01|BRBAT|BRBAT|87489.12|Shipped|||C13735|83326-010|PR|BR|T8989||5|0|3000|53096|53096|Y|07-22-2026 10:51:44|07-22-2026 10:45:09|||07-22-2026 10:55:45|07-22-2026 10:56:43|07-22-2026 11:26:36|07-22-2026 12:00:16|07-22-2026 12:01:44||07-22-2026 12:01:53|07-22-2026 16:10:09|07-22-2026 16:10:13|1.17|5.31|4.14
BRCJM01|BRBAT|BRBAT|87490.12|Shipped|||C8721|07250-130|SP|BR|T11493||1|0|0|73920|73920|Y|07-22-2026 10:51:44|07-22-2026 10:45:28|||07-22-2026 11:01:30|07-22-2026 11:02:30|07-22-2026 19:18:54|07-22-2026 19:25:03|07-23-2026 00:52:47||07-23-2026 00:52:58|07-23-2026 01:00:45|07-23-2026 01:00:45|14.02|14.15|.13
BRCJM01|BRBAT|BRBAT|87830.12|Shipped|||C13735|83326-010|PR|BR|T8989||40|0|11826.8|11826.8|11826.8|Y|07-23-2026 10:18:27|07-23-2026 10:15:37|||07-23-2026 10:21:16|07-23-2026 10:21:56|07-23-2026 10:59:28|07-23-2026 17:18:16|07-23-2026 17:20:20||07-23-2026 17:21:23|07-23-2026 17:22:37|07-23-2026 17:22:39|7.05|7.07|.02
BRCJM01|BRBAT|BRBAT|87831.12|Shipped|||C8720|17022-531|SP|BR|T11493||3|0|8.4|39848.4|39848.4|Y|07-23-2026 10:18:28|07-23-2026 10:15:16|||07-23-2026 10:32:10|07-23-2026 10:37:03|07-23-2026 22:50:02|07-23-2026 22:59:04|07-24-2026 00:06:31||07-24-2026 00:07:13|07-24-2026 00:09:48|07-24-2026 00:09:49|13.81|13.86|.04
BRCJM01|BRBAT|BRBAT|87832.12|Shipped|||C8720|17022-531|SP|BR|T11493||40|0|10896.8|10896.8|10896.8|Y|07-23-2026 10:21:28|07-23-2026 10:15:44|||07-23-2026 10:32:17|07-23-2026 10:37:03|07-23-2026 15:16:52|07-23-2026 21:01:31|07-24-2026 00:06:44||07-24-2026 00:07:22|07-24-2026 00:10:08|07-24-2026 00:10:09|13.77|13.81|.05
BRCJM01|BRBAT|BRBAT|87833.12|Shipped|||C8715|13054-709|SP|BR|T11493||43|0|11773.4|11773.4|11773.4|Y|07-23-2026 10:24:29|07-23-2026 10:15:56|||07-23-2026 10:32:25|07-23-2026 10:37:06|07-23-2026 15:19:49|07-23-2026 20:27:27|07-24-2026 00:07:06||07-24-2026 00:07:34|07-24-2026 00:11:41|07-24-2026 00:11:43|13.72|13.79|.07
BRCJM01|BRBAT|BRBAT|87834.12|Shipped|||C8721|07250-130|SP|BR|T11493||1|0|8000|8000|8000|Y|07-23-2026 10:24:30|07-23-2026 10:16:29|||07-23-2026 10:32:32|07-23-2026 10:37:11|07-23-2026 13:54:42|07-24-2026 00:06:10|07-24-2026 00:07:51||07-24-2026 00:08:29|07-24-2026 00:10:33|07-24-2026 00:10:33|13.73|13.77|.03
BRCJM01|BRBAT|BRBAT|87835.12|Shipped|||C8721|07250-130|SP|BR|T11493||1|0|12000|12000|12000|Y|07-23-2026 10:24:30|07-23-2026 10:16:36|||07-23-2026 10:32:38|07-23-2026 10:37:11|07-23-2026 20:40:52|07-23-2026 21:47:52|07-24-2026 00:08:06||07-24-2026 00:08:21|07-24-2026 00:10:47|07-24-2026 00:10:48|13.73|13.77|.04
BRCJM01|BRBAT|BRBAT|87836.12|Shipped|||C8721|07250-130|SP|BR|T11493||7|0|11720.8|11720.8|11720.8|Y|07-23-2026 10:24:30|07-23-2026 10:16:43|||07-23-2026 10:32:45|07-23-2026 10:37:11|07-23-2026 22:01:41|07-23-2026 23:23:21|07-24-2026 00:08:47||07-24-2026 00:09:21|07-24-2026 00:11:02|07-24-2026 00:11:03|13.75|13.78|.03
BRCJM01|BRBAT|BRBAT|87837.12|Shipped|||C8721|07250-130|SP|BR|T11493||31|0|11550|11550|11550|Y|07-23-2026 10:24:30|07-23-2026 10:17:02|||07-23-2026 10:37:17|07-23-2026 10:42:17|07-23-2026 15:23:59|07-23-2026 18:40:26|07-24-2026 00:08:59||07-24-2026 00:09:15|07-24-2026 00:11:19|07-24-2026 00:11:20|13.75|13.78|.03
BRCJM01|BRBAT|BRBAT|87849.12|Shipped|||C8721|07250-130|SP|BR|T11493||1|0|400|400|400|Y|07-23-2026 09:06:07|07-23-2026 09:03:14|||07-23-2026 09:16:43|07-23-2026 09:17:54|07-23-2026 09:27:23|07-23-2026 09:27:23|07-23-2026 09:28:20||07-23-2026 09:28:33|07-23-2026 09:29:01|07-23-2026 09:29:04|.37|.38|.01
BRCJM01|BRBAT|BRBAT|87850.12|Shipped|||C13738|25056-075|RIO DE JANEIRO|BR|T8989||2|0|12000|12000|12000|Y|07-23-2026 10:27:31|07-23-2026 10:23:16|||07-23-2026 11:16:55|07-23-2026 11:22:26|07-24-2026 07:03:53|07-24-2026 07:15:59|07-24-2026 15:38:57||07-24-2026 15:39:46|07-24-2026 16:03:40|07-24-2026 16:03:42|29.2|29.6|.4
BRCJM01|BRBAT|BRBAT|87851.12|Shipped|||C13738|25056-075|RIO DE JANEIRO|BR|T8989||4|0|11980|11980|11980|Y|07-23-2026 10:27:31|07-23-2026 10:23:18|||07-23-2026 11:19:51|07-23-2026 11:22:27|07-24-2026 07:26:10|07-24-2026 08:25:53|07-24-2026 15:40:14||07-24-2026 15:40:25|07-24-2026 16:04:33|07-24-2026 16:04:38|29.22|29.62|.4
BRCJM01|BRBAT|BRBAT|88132.12|Shipped|||C13738|25056-075|RIO DE JANEIRO|BR|T8989||1|0|12000|12000|12000|Y|07-24-2026 11:30:50|07-24-2026 11:25:53|||07-24-2026 11:33:44|07-24-2026 11:48:08|07-24-2026 14:21:03|07-24-2026 14:30:59|07-24-2026 17:05:08||07-24-2026 17:05:28|07-25-2026 06:53:04|07-25-2026 06:53:08|5.58|19.37|13.79
BRCJM01|BRBAT|BRBAT|88133.12|Shipped|||C13738|25056-075|RIO DE JANEIRO|BR|T8989||1|0|12000|12000|12000|Y|07-24-2026 11:30:50|07-24-2026 11:25:58|||07-24-2026 11:34:27|07-24-2026 11:48:09|07-24-2026 13:47:12|07-25-2026 06:55:14|07-25-2026 06:55:21||07-25-2026 06:55:43|07-25-2026 06:55:43|07-25-2026 09:27:16|19.41|21.94|2.53
BRCJM01|BRBAT|BRBAT|88134.12|Shipped|||C13738|25056-075|RIO DE JANEIRO|BR|T8989||2|0|12000|12000|12000|Y|07-24-2026 11:30:51|07-24-2026 11:26:06|||07-24-2026 11:34:57|07-24-2026 11:48:09|07-24-2026 18:53:23|07-24-2026 19:49:59|07-25-2026 07:01:40||07-25-2026 07:01:50|07-25-2026 07:02:22|07-25-2026 07:02:24|19.52|19.53|.01
BRCJM01|BRBAT|BRBAT|88135.12|Shipped|||C13735|83326-010|PR|BR|T8989||44|0|11757|11757|11757|Y|07-24-2026 09:09:55|07-24-2026 09:05:27|||07-24-2026 09:31:39|07-24-2026 09:36:37|07-24-2026 10:40:47|07-24-2026 16:22:46|07-24-2026 16:27:01||07-24-2026 16:28:09|07-24-2026 16:29:02|07-24-2026 16:29:04|7.3|7.32|.02
BRCJM01|BRBAT|BRBAT|88136.12|Shipped|||C8720|17022-531|SP|BR|T11493||41|0|11722.275|11871.9|11871.9|Y|07-24-2026 09:11:57|07-24-2026 09:06:35|||07-24-2026 10:46:11|07-24-2026 10:52:58|07-25-2026 07:28:39|07-25-2026 12:58:46|07-25-2026 12:59:05||07-25-2026 12:59:16|07-25-2026 13:04:20|07-25-2026 13:04:21|27.79|27.87|.08
BRCJM01|BRBAT|BRBAT|88137.12|Shipped|||C8715|13054-709|SP|BR|T11493||39|0|11825.1|11825.1|11825.1|Y|07-24-2026 09:12:58|07-24-2026 09:07:40|||07-24-2026 10:53:10|07-24-2026 11:06:41|07-24-2026 13:18:33|07-25-2026 15:15:50|07-25-2026 17:02:09||07-25-2026 17:02:21|07-25-2026 17:03:30|07-25-2026 17:03:31|31.82|31.84|.02
BRCJM01|BRBAT|BRBAT|88138.12|Shipped|||C8721|07250-130|SP|BR|T11493||2|0|0|23968|23968|Y|07-24-2026 09:12:59|07-24-2026 09:07:13|||07-24-2026 10:46:24|07-24-2026 10:53:02|07-25-2026 10:51:21|07-25-2026 10:57:49|07-25-2026 12:59:53||07-25-2026 13:00:03|07-25-2026 13:04:49|07-25-2026 13:04:52|27.78|27.86|.08
BRCJM01|BRBAT|BRBAT|88139.12|Shipped|||C8721|07250-130|SP|BR|T11493||3|0|8000|8000|8000|Y|07-24-2026 09:12:59|07-24-2026 09:07:21|||07-24-2026 10:46:31|07-24-2026 10:53:03|07-24-2026 13:29:12|07-24-2026 19:24:17|07-25-2026 13:00:58||07-25-2026 13:01:15|07-25-2026 13:05:35|07-25-2026 13:05:37|27.8|27.88|.07
BRCJM01|BRBAT|BRBAT|88140.12|Shipped|||C8721|07250-130|SP|BR|T11493||1|0|12000|12000|12000|Y|07-24-2026 09:12:59|07-24-2026 09:07:25|||07-24-2026 10:46:39|07-24-2026 10:53:04|07-25-2026 05:32:14|07-25-2026 07:36:47|07-25-2026 13:01:54||07-25-2026 13:02:18|07-25-2026 13:06:04|07-25-2026 13:06:05|27.82|27.89|.06
BRCJM01|BRBAT|BRBAT|88141.12|Shipped|||C8721|07250-130|SP|BR|T11493||5|0|12000|12000|12000|Y|07-24-2026 09:12:59|07-24-2026 09:07:35|||07-24-2026 10:47:11|07-24-2026 10:53:04|07-25-2026 06:50:22|07-25-2026 09:14:49|07-25-2026 13:03:13||07-25-2026 13:03:39|07-25-2026 13:06:39|07-25-2026 13:06:40|27.84|27.89|.05
BRCJM01|BRBAT|BRBAT|88142.12|Shipped|||C8721|07250-130|SP|BR|T11493||33|0|10850|10850|10850|Y|07-24-2026 09:14:59|07-24-2026 09:07:55|||07-24-2026 12:17:27|07-24-2026 12:21:10|07-25-2026 10:15:44|07-25-2026 17:28:40|07-25-2026 20:06:47||07-25-2026 20:07:07|07-25-2026 20:07:58|07-25-2026 20:07:59|34.87|34.88|.01
BRCJM01|BRBAT|BRBAT|88143.12|Shipped|||C8721|07250-130|SP|BR|T11493||1|0|100|100|100|Y|07-24-2026 09:37:04|07-24-2026 09:30:05|||07-24-2026 09:42:11|07-24-2026 09:43:13|07-24-2026 10:29:04|07-24-2026 10:29:04|07-24-2026 10:38:45||07-24-2026 10:39:29|07-24-2026 10:40:36|07-24-2026 10:40:39|1.04|1.06|.02
BRCJM01|BRBAT|BRBAT|88144.12|Shipped|||C13738|25056-075|RIO DE JANEIRO|BR|T8989||30|0|11580|11580|11580|Y|07-24-2026 10:06:12|07-24-2026 10:00:28|||07-24-2026 10:15:06|07-24-2026 10:21:36|07-24-2026 11:02:53|07-24-2026 17:21:57|07-24-2026 17:23:51||07-24-2026 17:24:18|07-24-2026 17:25:04|07-24-2026 17:25:05|7.3|7.31|.01
BRCJM01|BRBAT|BRBAT|88145.12|Shipped|||C13738|25056-075|RIO DE JANEIRO|BR|T8989||6|0|11640.8|11640.8|11640.8|Y|07-24-2026 11:30:51|07-24-2026 11:26:17|||07-24-2026 11:48:11|07-24-2026 11:54:48|07-24-2026 20:16:09|07-24-2026 21:17:00|07-25-2026 06:53:46||07-25-2026 06:53:56|07-25-2026 06:54:32|07-25-2026 06:54:34|19.38|19.4|.01
BRCJM01|BRBAT|BRBAT|88146.12|Shipped|||C13738|25056-075|RIO DE JANEIRO|BR|T8989||32|0|11037.9|11037.9|11037.9|Y|07-24-2026 11:30:50|07-24-2026 11:25:20|||07-24-2026 11:56:06|07-24-2026 11:58:24|07-24-2026 17:07:49|07-25-2026 06:41:55|07-25-2026 06:50:49||07-25-2026 06:51:15|07-25-2026 06:52:14|07-25-2026 06:52:19|19.34|19.36|.02
BRCJM01|BRBAT|BRBAT|88374.12|Shipped|||C13738|25056-075|RIO DE JANEIRO|BR|T8989||2|0|0|39360|39360|Y|07-27-2026 08:39:39|07-27-2026 08:35:06|||07-27-2026 08:43:44|07-27-2026 08:58:19|07-27-2026 10:27:31|07-27-2026 10:58:45|07-27-2026 10:59:55||07-27-2026 11:00:04|07-27-2026 16:04:29|07-27-2026 16:04:32|2.34|7.41|5.07
BRCJM01|BRBAT|BRBAT|88375.12|Shipped|||C13738|25056-075|RIO DE JANEIRO|BR|T8989||1|0|42|42|42|Y|07-27-2026 08:39:41|07-27-2026 08:35:17|||07-27-2026 08:44:45|07-27-2026 08:58:20|07-27-2026 10:12:51|07-27-2026 10:17:10|07-27-2026 10:17:22||07-27-2026 10:17:30|07-27-2026 16:06:34|07-27-2026 16:06:35|1.63|7.45|5.82
BRCJM01|BRBAT|BRBAT|88376.12|Shipped|||C13738|25056-075|RIO DE JANEIRO|BR|T8989||1|0|12000|12000|12000|Y|07-27-2026 08:39:41|07-27-2026 08:35:17|||07-27-2026 08:45:07|07-27-2026 08:58:20|07-27-2026 09:36:13|07-27-2026 09:39:03|07-27-2026 16:02:18||07-27-2026 16:02:30|07-27-2026 16:08:30|07-27-2026 16:08:33|7.38|7.48|.1
BRCJM01|BRBAT|BRBAT|88377.12|Shipped|||C13738|25056-075|RIO DE JANEIRO|BR|T8989||1|0|12000|12000|12000|Y|07-27-2026 08:40:42|07-27-2026 08:35:17|||07-27-2026 08:45:38|07-27-2026 08:58:20|07-27-2026 09:21:10|07-27-2026 09:23:12|07-27-2026 16:03:04||07-27-2026 16:03:16|07-27-2026 16:09:04|07-27-2026 16:09:06|7.38|7.47|.1
BRCJM01|BRBAT|BRBAT|88378.12|Shipped|||C13738|25056-075|RIO DE JANEIRO|BR|T8989||4|0|12000|12000|12000|Y|07-27-2026 08:40:41|07-27-2026 08:35:29|||07-27-2026 08:46:15|07-27-2026 08:58:20|07-27-2026 09:51:37|07-27-2026 09:58:58|07-27-2026 16:03:50||07-27-2026 16:04:01|07-27-2026 16:09:28|07-27-2026 16:09:29|7.39|7.48|.09
BRCJM01|BRBAT|BRBAT|88379.12|Shipped|||C13738|25056-075|RIO DE JANEIRO|BR|T8989||34|0|10995.5|10995.5|10995.5|Y|07-27-2026 08:40:41|07-27-2026 08:35:43|||07-27-2026 08:53:21|07-27-2026 08:58:22|07-27-2026 10:19:09|07-27-2026 17:23:34|07-27-2026 17:28:06||07-27-2026 17:28:30|07-27-2026 17:30:52|07-27-2026 17:30:54|8.8|8.84|.04
BRCJM01|BRBAT|BRBAT|88380.12|Shipped|||C8715|13054-709|SP|BR|T8989||2|0|0|31680|31680|Y|07-27-2026 12:42:10|07-27-2026 12:39:16|||07-27-2026 12:57:29|07-27-2026 13:02:49|07-27-2026 15:25:42|07-27-2026 15:38:01|07-27-2026 22:50:53||07-27-2026 22:51:21|07-27-2026 22:55:51|07-27-2026 22:55:53|10.15|10.23|.08
BRCJM01|BRBAT|BRBAT|88381.12|Shipped|||C8715|13054-709|SP|BR|T8989||7|0|12000|12000|12000|Y|07-27-2026 12:48:13|07-27-2026 12:43:19|||07-27-2026 12:57:36|07-27-2026 13:02:50|07-27-2026 17:46:54|07-27-2026 22:00:31|07-27-2026 22:51:13||07-27-2026 22:51:31|07-27-2026 22:56:09|07-27-2026 22:56:10|10.06|10.13|.08
BRCJM01|BRBAT|BRBAT|88382.12|Shipped|||C8715|13054-709|SP|BR|T8989||39|0|10769.5|10769.5|10769.5|Y|07-27-2026 12:48:14|07-27-2026 12:43:40|||07-27-2026 12:57:43|07-27-2026 13:02:52|07-27-2026 15:21:32|07-27-2026 20:38:27|07-27-2026 22:51:49||07-27-2026 22:52:18|07-27-2026 22:56:29|07-27-2026 22:56:31|10.07|10.14|.07
BRCJM01|BRBAT|BRBAT|88383.12|Shipped|||C8721|07250-130|SP|BR|T8989||1|0|8000|8000|8000|Y|07-27-2026 12:54:15|07-27-2026 12:50:05|||07-27-2026 12:57:54|07-27-2026 13:02:57|07-27-2026 18:30:54|07-27-2026 18:56:41|07-27-2026 22:52:37||07-27-2026 22:53:53|07-27-2026 22:56:55|07-27-2026 22:56:57|9.99|10.05|.05
BRCJM01|BRBAT|BRBAT|88384.12|Shipped|||C8721|07250-130|SP|BR|T8989||5|0|8000|8000|8000|Y|07-27-2026 12:54:15|07-27-2026 12:50:16|||07-27-2026 12:58:05|07-27-2026 13:02:58|07-27-2026 17:03:08|07-27-2026 17:42:55|07-27-2026 22:52:48||07-27-2026 22:53:51|07-27-2026 22:57:10|07-27-2026 22:57:11|9.99|10.05|.06
BRCJM01|BRBAT|BRBAT|88385.12|Shipped|||C8721|07250-130|SP|BR|T8989||2|0|12000|12000|12000|Y|07-27-2026 12:54:16|07-27-2026 12:50:27|||07-27-2026 12:58:15|07-27-2026 13:02:59|07-27-2026 22:03:39|07-27-2026 22:51:47|07-27-2026 22:53:03||07-27-2026 22:53:39|07-27-2026 22:57:25|07-27-2026 22:57:26|9.99|10.05|.06
BRCJM01|BRBAT|BRBAT|88386.12|Shipped|||C8721|07250-130|SP|BR|T8989||6|0|11561.6|11561.6|11561.6|Y|07-27-2026 12:55:16|07-27-2026 12:50:35|||07-27-2026 13:03:02|07-27-2026 13:12:27|07-27-2026 17:08:49|07-27-2026 20:30:57|07-27-2026 22:54:14||07-27-2026 22:54:29|07-27-2026 22:57:48|07-27-2026 22:57:48|9.99|10.04|.06
BRCJM01|BRBAT|BRBAT|88387.12|Shipped|||C8721|07250-130|SP|BR|T8989||28|0|10740|10740|10740|Y|07-27-2026 12:55:16|07-27-2026 12:50:58|||07-27-2026 13:16:44|07-27-2026 13:17:54|07-27-2026 15:13:00|07-27-2026 16:55:43|07-27-2026 22:54:54||07-27-2026 22:55:16|07-27-2026 22:58:05|07-27-2026 22:58:06|10|10.05|.05
BRCJM01|BRBAT|BRBAT|88389.12|Shipped|||C13737|86046-230|PR|BR|T8989||2|0|0|10496|10496|Y|07-27-2026 11:41:47|07-27-2026 11:38:17|||07-27-2026 11:44:13|07-27-2026 11:46:18|07-27-2026 15:01:36|07-27-2026 16:10:41|07-27-2026 16:10:56||07-27-2026 16:11:09|07-27-2026 16:11:09|07-27-2026 16:11:39|4.49|4.5|.01
BRCJM01|BRBAT|BRBAT|88390.12|Shipped|||C13737|86046-230|PR|BR|T8989||43|0|11010|11010|11010|Y|07-27-2026 11:41:49|07-27-2026 11:38:45|||07-27-2026 11:44:21|07-27-2026 11:46:19|07-27-2026 12:35:36|07-27-2026 17:48:45|07-27-2026 17:52:07||07-27-2026 17:52:32|07-27-2026 17:53:38|07-27-2026 17:53:40|6.18|6.2|.02
BRCJM01|BRBAT|BRBAT|88391.12|Shipped|||C8721|07250-130|SP|BR|T11493||3|0|280|280|280|Y|07-27-2026 09:33:53|07-27-2026 09:30:06|||07-27-2026 09:36:14|07-27-2026 09:37:13|07-27-2026 09:41:31|07-27-2026 10:08:38|07-27-2026 10:08:47||07-27-2026 10:08:58|07-27-2026 10:08:58|07-27-2026 10:09:23|.58|.59|.01
BRCJM01|BRBAT|BRBAT|88392.12|Shipped|||C13738|25056-075|RIO DE JANEIRO|BR|T8989||1|0|12000|12000|12000|Y|07-27-2026 09:30:50|07-27-2026 09:25:05|||07-27-2026 09:32:10|07-27-2026 09:48:50|07-28-2026 07:38:46|07-28-2026 07:51:14|07-28-2026 16:33:17||07-28-2026 16:33:28|07-28-2026 16:36:02|07-28-2026 16:36:05|31.04|31.09|.04
BRCJM01|BRBAT|BRBAT|88393.12|Shipped|||C13738|25056-075|RIO DE JANEIRO|BR|T8989||1|0|12000|12000|12000|Y|07-27-2026 09:30:52|07-27-2026 09:25:12|||07-27-2026 09:32:50|07-27-2026 09:48:51|07-28-2026 08:00:09|07-28-2026 08:08:29|07-28-2026 16:33:55||07-28-2026 16:34:16|07-28-2026 16:36:31|07-28-2026 16:36:34|31.06|31.1|.04
BRCJM01|BRBAT|BRBAT|88394.12|Shipped|||C13738|25056-075|RIO DE JANEIRO|BR|T8989||2|0|11640|11640|11640|Y|07-27-2026 09:30:52|07-27-2026 09:25:17|||07-27-2026 09:33:25|07-27-2026 09:48:51|07-28-2026 08:37:04|07-28-2026 08:40:33|07-28-2026 16:34:41||07-28-2026 16:34:55|07-28-2026 16:36:57|07-28-2026 16:36:59|31.07|31.1|.03
BRCJM01|BRBAT|BRBAT|88395.12|Shipped|||C13738|25056-075|RIO DE JANEIRO|BR|T8989||6|0|11342.4|11342.4|11342.4|Y|07-27-2026 09:32:53|07-27-2026 09:25:25|||07-27-2026 09:34:07|07-27-2026 09:48:52|07-28-2026 09:17:10|07-28-2026 09:37:46|07-28-2026 16:35:21||07-28-2026 16:35:33|07-28-2026 16:37:17|07-28-2026 16:37:20|31.04|31.07|.03
BRCJM01|BRBAT|BRBAT|88396.12|Shipped|||C13738|25056-075|RIO DE JANEIRO|BR|T8989||32|0|11745.5|11745.5|11745.5|Y|07-27-2026 09:32:52|07-27-2026 09:25:45|||07-27-2026 09:48:58|07-27-2026 09:54:16|07-28-2026 08:43:48|07-28-2026 17:54:07|07-28-2026 17:57:08||07-28-2026 17:57:41|07-28-2026 17:58:10|07-28-2026 17:58:11|32.41|32.42|.01
BRCJM01|BRBAT|BRBAT|88398.12|Shipped|||C8715|13054-709|SP|BR|T8989||1|0|20|20|20|Y|07-27-2026 12:48:14|07-27-2026 12:43:35|||07-27-2026 15:00:32|07-27-2026 15:38:35|07-27-2026 17:05:09|07-27-2026 17:08:25|07-27-2026 17:08:44||07-27-2026 17:08:57|07-27-2026 17:08:57|07-27-2026 17:10:31|4.35|4.37|.03
BRCJM01|BRBAT|BRBAT|88399.12|Shipped|||C13737|86046-230|PR|BR|T8989||1|0|20|20|20|Y|07-27-2026 12:49:14|07-27-2026 12:43:42|||07-27-2026 15:00:41|07-27-2026 15:12:53|07-27-2026 17:04:23|07-27-2026 17:04:23|07-27-2026 17:09:23||07-27-2026 17:09:34|07-27-2026 17:10:05|07-27-2026 17:10:07|4.34|4.35|.01
BRCJM01|BRBAT|BRBAT|88400.12|Shipped|||C13737|86046-230|PR|BR|T8989||3|0|13500|52044|52044|Y|07-27-2026 11:42:50|07-27-2026 11:39:16|||07-27-2026 11:44:28|07-27-2026 11:46:24|07-27-2026 14:38:43|07-27-2026 14:51:02|07-27-2026 14:51:18||07-27-2026 14:51:27|07-27-2026 16:13:35|07-27-2026 16:13:38|3.14|4.51|1.37
BRCJM01|BRBAT|BRBAT|88534.12|Shipped|||C8720|17022-531|SP|BR|T8989||3|0|9000|10128|10128|Y|07-28-2026 11:35:49|07-28-2026 11:25:07|||07-28-2026 11:44:10|07-28-2026 11:55:08|07-28-2026 14:43:52|07-28-2026 14:51:39|07-28-2026 14:51:50||07-28-2026 14:51:58|07-28-2026 23:08:48|07-28-2026 23:08:52|3.27|11.55|8.28
BRCJM01|BRBAT|BRBAT|88535.12|Shipped|||C8720|17022-531|SP|BR|T8989||44|0|11330.4|11330.4|11330.4|Y|07-28-2026 11:35:49|07-28-2026 11:25:35|||07-28-2026 11:40:10|07-28-2026 11:41:54|07-28-2026 15:13:49|07-28-2026 19:14:21|07-28-2026 22:47:55||07-28-2026 22:48:13|07-28-2026 23:09:12|07-28-2026 23:09:14|11.21|11.56|.35
BRCJM01|BRBAT|BRBAT|88536.12|Shipped|||C8715|13054-709|SP|BR|T8989||3|0|0|20720|20720|Y|07-28-2026 11:35:49|07-28-2026 11:26:20|||07-28-2026 11:40:19|07-28-2026 11:41:59|07-28-2026 14:26:29|07-28-2026 14:37:18|07-28-2026 14:37:29||07-28-2026 14:37:37|07-28-2026 23:10:02|07-28-2026 23:10:04|3.03|11.57|8.54
BRCJM01|BRBAT|BRBAT|88537.12|Shipped|||C8715|13054-709|SP|BR|T8989||41|0|11170|11170|11170|Y|07-28-2026 11:35:50|07-28-2026 11:26:44|||07-28-2026 11:40:29|07-28-2026 11:41:59|07-28-2026 13:56:24|07-28-2026 18:57:34|07-28-2026 22:48:40||07-28-2026 22:49:02|07-28-2026 23:09:47|07-28-2026 23:09:49|11.22|11.57|.35
BRCJM01|BRBAT|BRBAT|88538.12|Shipped|||C8721|07250-130|SP|BR|T8989||1|0|8000|8000|8000|Y|07-28-2026 11:35:50|07-28-2026 11:27:15|||07-28-2026 11:40:38|07-28-2026 11:44:10|07-28-2026 12:42:39|07-28-2026 15:53:58|07-28-2026 17:18:25||07-28-2026 17:18:46|07-28-2026 23:11:02|07-28-2026 23:11:03|5.72|11.59|5.87
BRCJM01|BRBAT|BRBAT|88539.12|Shipped|||C8721|07250-130|SP|BR|T8989||4|0|11601|12000|12000|Y|07-28-2026 11:35:50|07-28-2026 11:27:17|||07-28-2026 11:40:47|07-28-2026 11:44:11|07-28-2026 20:05:53|07-28-2026 21:00:18|07-28-2026 22:49:27||07-28-2026 22:49:41|07-28-2026 23:11:22|07-28-2026 23:11:23|11.23|11.59|.36
BRCJM01|BRBAT|BRBAT|88540.12|Shipped|||C8721|07250-130|SP|BR|T8989||6|0|11990|11990|11990|Y|07-28-2026 11:35:52|07-28-2026 11:27:31|||07-28-2026 11:40:56|07-28-2026 11:44:12|07-28-2026 19:25:02|07-28-2026 21:25:20|07-28-2026 22:50:22||07-28-2026 22:50:40|07-28-2026 23:11:39|07-28-2026 23:11:40|11.25|11.6|.35
BRCJM01|BRBAT|BRBAT|88541.12|Shipped|||C8721|07250-130|SP|BR|T8989||29|0|8060|8060|8060|Y|07-28-2026 11:35:51|07-28-2026 11:27:49|||07-28-2026 14:58:07|07-28-2026 15:08:49|07-28-2026 15:33:12|07-28-2026 18:24:38|07-28-2026 22:50:58||07-28-2026 22:51:20|07-28-2026 23:11:56|07-28-2026 23:11:57|11.26|11.6|.34
BRCJM01|BRBAT|BRBAT|88542.12|Shipped|||C13738|25056-075|RIO DE JANEIRO|BR|T8989||1|0|12000|12000|12000|Y|07-28-2026 09:42:14|07-28-2026 09:39:15|||07-28-2026 09:46:04|07-28-2026 10:04:51|07-29-2026 07:39:18|07-29-2026 07:49:04|07-29-2026 16:14:13||07-29-2026 16:14:23|07-29-2026 16:27:49|07-29-2026 16:27:51|30.54|30.76|.22
BRCJM01|BRBAT|BRBAT|88543.12|Shipped|||C13738|25056-075|RIO DE JANEIRO|BR|T8989||2|0|12000|12000|12000|Y|07-28-2026 09:43:15|07-28-2026 09:39:16|||07-28-2026 09:46:42|07-28-2026 10:04:52|07-29-2026 07:58:02|07-29-2026 08:18:29|07-29-2026 16:14:45||07-29-2026 16:14:59|07-29-2026 16:28:11|07-29-2026 16:28:14|30.53|30.75|.22
BRCJM01|BRBAT|BRBAT|88544.12|Shipped|||C13738|25056-075|RIO DE JANEIRO|BR|T8989||2|0|11780|11780|11780|Y|07-28-2026 09:43:15|07-28-2026 09:39:28|||07-28-2026 09:47:40|07-28-2026 10:04:52|07-29-2026 08:58:49|07-29-2026 09:07:28|07-29-2026 16:15:26||07-29-2026 16:15:52|07-29-2026 16:28:41|07-29-2026 16:28:45|30.54|30.76|.21
BRCJM01|BRBAT|BRBAT|88545.12|Shipped|||C13738|25056-075|RIO DE JANEIRO|BR|T8989||5|0|12000|12000|12000|Y|07-28-2026 09:43:15|07-28-2026 09:39:31|||07-28-2026 09:48:35|07-28-2026 10:04:52|07-29-2026 09:23:08|07-29-2026 09:35:03|07-29-2026 16:16:14||07-29-2026 16:16:24|07-29-2026 16:29:09|07-29-2026 16:29:12|30.55|30.77|.21
BRCJM01|BRBAT|BRBAT|88546.12|Shipped|||C13738|25056-075|RIO DE JANEIRO|BR|T8989||37|0|11720|11720|11720|Y|07-28-2026 09:43:15|07-28-2026 09:39:49|||07-28-2026 10:04:58|07-28-2026 10:08:45|07-29-2026 09:52:53|07-29-2026 16:21:59|07-29-2026 16:26:57||07-29-2026 16:27:26|07-29-2026 16:29:42|07-29-2026 16:29:43|30.74|30.77|.04
BRCJM01|BRBAT|BRBAT|88548.12|Shipped|||C8721|07250-130|SP|BR|T11493||2|0|0|74448|74448|Y|07-28-2026 11:35:51|07-28-2026 11:27:43|||07-28-2026 11:41:14|07-28-2026 11:44:13|07-28-2026 13:54:21|07-28-2026 14:11:56|07-28-2026 14:12:08||07-28-2026 14:12:17|07-28-2026 23:12:21|07-28-2026 23:12:22|2.61|11.61|9
BRCJM01|BRBAT|BRBAT|88554.12|Shipped|||C13738|25056-075|RIO DE JANEIRO|BR|T8989||3|0|0|31936|31936|Y|07-28-2026 14:51:54|07-28-2026 14:45:08|||07-28-2026 14:54:47|07-28-2026 14:58:11|07-28-2026 15:10:46|07-28-2026 16:38:45|07-28-2026 16:38:55||07-28-2026 16:39:22|07-28-2026 16:39:22|07-28-2026 16:39:48|1.79|1.8|.01
BRCJM01|BRBAT|BRBAT|88556.12|Shipped|||C13735|83326-010|PR|BR|T8989||35|0|10950|10950|10950|Y|07-28-2026 12:06:00|07-28-2026 12:03:41|||07-28-2026 15:27:08|07-28-2026 15:28:54|07-28-2026 15:42:56|07-28-2026 17:22:52|07-28-2026 17:54:17||07-28-2026 17:55:23|07-28-2026 17:55:55|07-28-2026 17:55:56|5.82|5.83|.01
BRCJM01|BRBAT|BRBAT|88671.12|Shipped|||C8715|13054-709|SP|BR|T8989||34|0|10433.6|10433.6|10433.6|Y|07-29-2026 10:47:05|07-29-2026 10:39:58|||07-29-2026 11:08:40|07-29-2026 11:25:43|07-29-2026 15:08:03|07-29-2026 19:11:57|07-29-2026 22:45:11||07-29-2026 22:45:48|07-29-2026 23:04:16|07-29-2026 23:04:17|11.98|12.29|.31
BRCJM01|BRBAT|BRBAT|88672.12|Shipped|||C8721|07250-130|SP|BR|T8989||2|0|0|118272|118272|Y|07-29-2026 10:52:06|07-29-2026 10:40:06|||07-29-2026 11:08:47|07-29-2026 11:25:47|07-29-2026 13:58:53|07-29-2026 14:11:34|07-29-2026 14:11:50||07-29-2026 14:11:58|07-29-2026 23:04:31|07-29-2026 23:04:32|3.33|12.21|8.88
BRCJM01|BRBAT|BRBAT|88673.12|Shipped|||C8721|07250-130|SP|BR|T8989||2|0|0|118272|118272|Y|07-29-2026 10:52:06|07-29-2026 10:40:19|||07-29-2026 11:08:54|07-29-2026 11:25:48|07-29-2026 14:18:44|07-29-2026 14:37:25|07-29-2026 14:37:39||07-29-2026 14:37:51|07-29-2026 23:04:45|07-29-2026 23:04:46|3.76|12.21|8.45
BRCJM01|BRBAT|BRBAT|88674.12|Shipped|||C8721|07250-130|SP|BR|T8989||10|0|0|233184|233184|Y|07-29-2026 10:43:02|07-29-2026 10:39:22|||07-29-2026 11:09:00|07-29-2026 11:25:42|07-29-2026 21:12:40|07-29-2026 22:00:28|07-29-2026 22:45:35||07-29-2026 22:45:53|07-29-2026 23:04:57|07-29-2026 23:04:58|12.05|12.37|.32
BRCJM01|BRBAT|BRBAT|88675.12|Shipped|||C8721|07250-130|SP|BR|T8989||4|0|0|70400|70400|Y|07-29-2026 10:52:06|07-29-2026 10:40:28|||07-29-2026 11:09:06|07-29-2026 11:25:48|07-29-2026 14:45:50|07-29-2026 15:21:19|07-29-2026 15:21:31||07-29-2026 15:21:43|07-29-2026 23:05:08|07-29-2026 23:05:09|4.49|12.22|7.72
BRCJM01|BRBAT|BRBAT|88676.12|Shipped|||C8721|07250-130|SP|BR|T8989||2|0|8000|8000|8000|Y|07-29-2026 10:52:07|07-29-2026 10:40:29|||07-29-2026 11:09:12|07-29-2026 11:25:49|07-29-2026 16:27:06|07-29-2026 20:12:22|07-29-2026 22:46:53||07-29-2026 22:47:05|07-29-2026 23:05:21|07-29-2026 23:05:22|11.92|12.22|.3
BRCJM01|BRBAT|BRBAT|88677.12|Shipped|||C8721|07250-130|SP|BR|T8989||3|0|10400|10400|10400|Y|07-29-2026 10:52:07|07-29-2026 10:40:39|||07-29-2026 11:09:19|07-29-2026 11:25:49|07-29-2026 17:02:06|07-29-2026 20:51:37|07-29-2026 22:47:51||07-29-2026 22:48:02|07-29-2026 23:05:36|07-29-2026 23:05:37|11.93|12.23|.29
BRCJM01|BRBAT|BRBAT|88678.12|Shipped|||C8721|07250-130|SP|BR|T8989||7|0|9320|9320|9320|Y|07-29-2026 10:52:07|07-29-2026 10:40:45|||07-29-2026 11:25:52|07-29-2026 11:34:37|07-29-2026 15:34:01|07-29-2026 22:52:03|07-29-2026 23:01:15||07-29-2026 23:01:20|07-29-2026 23:05:54|07-29-2026 23:05:54|12.15|12.23|.08
BRCJM01|BRBAT|BRBAT|88679.12|Shipped|||C8721|07250-130|SP|BR|T8989||36|0|9220|9220|9220|Y|07-29-2026 10:52:07|07-29-2026 10:41:04|||07-29-2026 11:44:13|07-29-2026 12:08:52|07-29-2026 15:28:48|07-29-2026 18:05:04|07-30-2026 01:00:36||07-30-2026 01:00:45|07-30-2026 01:02:27|07-30-2026 01:02:51|14.14|14.18|.04
BRCJM01|BRBAT|BRBAT|88680.12|Shipped|||C8721|07250-130|SP|BR|T8989||2|0|6082.4|6082.4|6082.4|Y|07-29-2026 10:53:08|07-29-2026 10:40:50|||07-29-2026 12:08:52|07-29-2026 12:20:50|07-29-2026 15:33:54|07-29-2026 19:20:31|07-29-2026 22:50:01||07-29-2026 22:50:11|07-29-2026 23:06:06|07-29-2026 23:06:07|11.95|12.22|.27
BRCJM01|BRBAT|BRBAT|88681.12|Shipped|||C13738|25056-075|RIO DE JANEIRO|BR|T8989||4|0|0|16752|16752|Y|07-29-2026 11:03:14|07-29-2026 10:59:19|||07-29-2026 12:28:26|07-29-2026 12:41:49|07-30-2026 12:05:40|07-30-2026 12:30:54|07-30-2026 12:31:08||07-30-2026 12:31:17|07-30-2026 17:06:50|07-30-2026 17:06:52|25.47|30.06|4.59
BRCJM01|BRBAT|BRBAT|88682.12|Shipped|||C13738|25056-075|RIO DE JANEIRO|BR|T8989||1|0|12000|12000|12000|Y|07-29-2026 11:40:27|07-29-2026 11:33:18|||07-29-2026 12:29:11|07-29-2026 12:41:50|07-30-2026 07:56:25|07-30-2026 08:04:11|07-30-2026 14:54:43||07-30-2026 14:54:53|07-30-2026 17:07:17|07-30-2026 17:07:20|27.24|29.45|2.21
BRCJM01|BRBAT|BRBAT|88683.12|Shipped|||C13738|25056-075|RIO DE JANEIRO|BR|T8989||1|0|12000|12000|12000|Y|07-29-2026 11:40:29|07-29-2026 11:33:26|||07-29-2026 12:29:50|07-29-2026 12:41:50|07-30-2026 07:43:05|07-30-2026 07:49:31|07-30-2026 14:55:22||07-30-2026 14:55:37|07-30-2026 17:07:43|07-30-2026 17:07:47|27.25|29.46|2.2
BRCJM01|BRBAT|BRBAT|88684.12|Shipped|||C13738|25056-075|RIO DE JANEIRO|BR|T8989||3|0|12000|12000|12000|Y|07-29-2026 11:40:29|07-29-2026 11:33:32|||07-29-2026 12:30:20|07-29-2026 12:41:50|07-30-2026 08:58:45|07-30-2026 09:26:16|07-30-2026 14:56:01||07-30-2026 14:56:12|07-30-2026 17:08:55|07-30-2026 17:08:56|27.26|29.47|2.21
BRCJM01|BRBAT|BRBAT|88685.12|Shipped|||C13738|25056-075|RIO DE JANEIRO|BR|T8989||10|0|11940|11940|11940|Y|07-29-2026 11:41:30|07-29-2026 11:33:47|||07-29-2026 12:31:15|07-29-2026 12:41:52|07-30-2026 09:48:24|07-30-2026 10:34:18|07-30-2026 14:56:32||07-30-2026 14:57:37|07-30-2026 17:09:38|07-30-2026 17:09:39|27.27|29.47|2.2
BRCJM01|BRBAT|BRBAT|88686.12|Shipped|||C13738|25056-075|RIO DE JANEIRO|BR|T8989||34|0|9426.1|9426.1|9426.1|Y|07-29-2026 11:40:29|07-29-2026 11:34:20|||07-29-2026 14:55:08|07-29-2026 14:57:12|07-30-2026 10:05:18|07-30-2026 17:43:24|07-30-2026 17:43:29||07-30-2026 17:43:48|07-30-2026 17:44:23|07-30-2026 17:44:25|30.06|30.07|.01
BRCJM01|BRBAT|BRBAT|88687.12|Shipped|||C13735|83326-010|PR|BR|T8989||38|0|8921.7|8921.7|8921.7|Y|07-29-2026 10:43:04|07-29-2026 10:39:39|||07-29-2026 10:55:33|07-29-2026 11:19:25|07-29-2026 11:38:07|07-29-2026 15:38:45|07-29-2026 16:12:15||07-29-2026 16:12:41|07-29-2026 16:13:24|07-29-2026 16:13:25|5.49|5.51|.01
BRCJM01|BRBAT|BRBAT|88810.12|Shipped|||C8715|13054-709|SP|BR|T8989||35|0|9863.6|9863.6|9863.6|Y|07-30-2026 16:09:55|07-30-2026 16:05:37|||07-30-2026 16:21:43|07-30-2026 16:23:44|07-30-2026 16:46:30|07-30-2026 21:24:19|07-30-2026 21:50:59||07-30-2026 21:51:22|07-30-2026 22:00:12|07-30-2026 22:00:13|5.69|5.84|.15
BRCJM01|BRBAT|BRBAT|88811.12|Shipped|||C8721|07250-130|SP|BR|T8989||1|0|0|62400|62400|Y|07-30-2026 10:23:12|07-30-2026 10:19:58|||07-30-2026 10:27:34|07-30-2026 10:33:50|07-30-2026 20:03:25|07-30-2026 20:33:48|07-30-2026 21:53:42||07-30-2026 21:54:06|07-30-2026 22:02:06|07-30-2026 22:02:08|11.52|11.65|.13
BRCJM01|BRBAT|BRBAT|88812.12|Shipped|||C8721|07250-130|SP|BR|T8989||1|0|8000|8000|8000|Y|07-30-2026 10:23:13|07-30-2026 10:20:06|||07-30-2026 10:27:40|07-30-2026 10:33:51|07-30-2026 13:39:14|07-30-2026 21:43:01|07-30-2026 21:53:56||07-30-2026 21:54:43|07-30-2026 22:02:23|07-30-2026 22:02:23|11.53|11.65|.13
BRCJM01|BRBAT|BRBAT|88813.12|Shipped|||C8721|07250-130|SP|BR|T8989||1|0|12000|12000|12000|Y|07-30-2026 10:23:13|07-30-2026 10:20:12|||07-30-2026 10:27:46|07-30-2026 10:33:51|07-30-2026 15:12:39|07-30-2026 16:14:41|07-30-2026 21:55:01||07-30-2026 21:56:51|07-30-2026 22:02:41|07-30-2026 22:02:42|11.56|11.66|.1
BRCJM01|BRBAT|BRBAT|88814.12|Shipped|||C8721|07250-130|SP|BR|T8989||1|0|12000|12000|12000|Y|07-30-2026 10:23:13|07-30-2026 10:20:19|||07-30-2026 10:27:52|07-30-2026 10:33:52|07-30-2026 15:13:23|07-30-2026 16:19:16|07-30-2026 21:55:13||07-30-2026 21:56:56|07-30-2026 22:02:58|07-30-2026 22:02:59|11.56|11.66|.1
BRCJM01|BRBAT|BRBAT|88815.12|Shipped|||C8721|07250-130|SP|BR|T8989||18|0|11210|11210|11210|Y|07-30-2026 16:10:56|07-30-2026 16:06:15|||07-30-2026 16:31:44|07-30-2026 16:34:29|07-30-2026 16:57:36|07-30-2026 21:23:48|07-30-2026 21:56:13||07-30-2026 21:56:38|07-30-2026 22:03:35|07-30-2026 22:03:36|5.76|5.88|.12
BRCJM01|BRBAT|BRBAT|88816.12|Shipped|||C13735|83326-010|PR|BR|T8989||1|0|0|9984|9984|Y|07-30-2026 09:38:58|07-30-2026 09:35:07|||07-30-2026 10:40:21|07-30-2026 10:41:39|07-30-2026 15:37:55|07-30-2026 15:41:44|07-30-2026 17:31:36||07-30-2026 17:31:46|07-30-2026 21:41:55|07-30-2026 21:41:57|7.88|12.05|4.17
BRCJM01|BRBAT|BRBAT|88817.12|Shipped|||C13735|83326-010|PR|BR|T8989||41|0|9718.5|9718.5|9718.5|Y|07-30-2026 16:10:56|07-30-2026 16:06:49|||07-30-2026 16:12:15|07-30-2026 16:15:27|07-30-2026 16:27:03|07-30-2026 21:15:22|07-30-2026 21:41:04||07-30-2026 21:41:24|07-30-2026 21:42:17|07-30-2026 21:42:18|5.51|5.52|.02
BRCJM01|BRBAT|BRBAT|88819.12|Shipped|||C8715|13054-709|SP|BR|T11493||4|0|0|61632|61632|Y|07-30-2026 10:24:13|07-30-2026 10:20:36|||07-30-2026 10:27:58|07-30-2026 10:33:52|07-30-2026 19:50:07|07-30-2026 20:02:17|07-30-2026 21:51:45||07-30-2026 21:51:54|07-30-2026 21:59:29|07-30-2026 21:59:31|11.46|11.59|.13
BRCJM01|BRBAT|BRBAT|88820.12|Shipped|||C13738|25056-075|RIO DE JANEIRO|BR|T8989||1|0|0|121440|121440|Y|07-30-2026 12:51:55|07-30-2026 12:39:51|||07-30-2026 13:29:22|07-30-2026 13:30:07|07-30-2026 15:48:01|07-30-2026 16:01:35|07-30-2026 17:06:00||07-30-2026 17:06:13|07-30-2026 17:10:09|07-30-2026 17:10:11|4.24|4.3|.07
BRCJM01|BRBAT|BRBAT|88847.12|Shipped|||C8721|07250-130|SP|BR|T11493||1|0|4000|4000|4000|Y|07-30-2026 16:55:10|07-30-2026 16:50:07|||07-30-2026 16:56:05|07-30-2026 16:57:08|07-30-2026 21:30:55|07-30-2026 21:45:24|07-30-2026 21:57:56||07-30-2026 21:58:04|07-30-2026 22:03:57|07-30-2026 22:03:57|5.05|5.15|.1
BRCJM01|BRBAT|BRBAT|88854.12|Shipped|||C8721|07250-130|SP|BR|T11493||3|0|12000|12000|12000|Y|07-31-2026 08:46:48|07-31-2026 08:43:57|||07-31-2026 09:30:58|07-31-2026 10:04:10|07-31-2026 11:27:56|07-31-2026 13:33:28|07-31-2026 16:11:59||07-31-2026 16:12:15|07-31-2026 16:15:59|07-31-2026 16:16:34|7.42|7.5|.07
BRCJM01|BRBAT|BRBAT|88855.12|Shipped|||C8721|07250-130|SP|BR|T11493||14|0|11500|11500|11500|Y|07-31-2026 08:46:50|07-31-2026 08:44:06|||07-31-2026 09:14:27|07-31-2026 09:30:58|07-31-2026 11:34:12|07-31-2026 15:54:23|07-31-2026 16:12:57||07-31-2026 16:13:24|07-31-2026 16:15:24|07-31-2026 16:15:25|7.44|7.48|.03
BRCJM01|BRBAT|BRBAT|88975.12|Shipped|||C13738|25056-075|RIO DE JANEIRO|BR|T8989||1|0|12000|12000|12000|Y|07-31-2026 08:46:50|07-31-2026 08:44:08|||07-31-2026 08:56:41|07-31-2026 09:02:31|07-31-2026 09:29:15|07-31-2026 09:40:18|07-31-2026 12:23:55||07-31-2026 12:24:06|07-31-2026 12:26:46|08-03-2026 11:25:41|3.62|74.65|71.03
BRCJM01|BRBAT|BRBAT|88976.12|Shipped|||C13738|25056-075|RIO DE JANEIRO|BR|T8989||1|0|12000|12000|12000|Y|07-31-2026 08:47:51|07-31-2026 08:44:16|||07-31-2026 08:57:12|07-31-2026 09:02:31|07-31-2026 09:47:58|07-31-2026 09:52:41|07-31-2026 12:24:43||07-31-2026 12:25:12|07-31-2026 12:27:37|07-31-2026 12:27:39|3.62|3.66|.04
BRCJM01|BRBAT|BRBAT|88977.12|Shipped|||C13738|25056-075|RIO DE JANEIRO|BR|T8989||12|0|12000|12000|12000|Y|07-31-2026 08:47:51|07-31-2026 08:44:28|||07-31-2026 09:02:33|07-31-2026 09:04:59|07-31-2026 09:57:07|07-31-2026 11:25:43|07-31-2026 12:25:41||07-31-2026 12:25:54|07-31-2026 12:28:01|07-31-2026 12:28:01|3.63|3.67|.04
BRCJM01|BRBAT|BRBAT|89384.12|Shipped|||C13738|25056-075|RIO DE JANEIRO|BR|T8989||1|0|0|264|264|Y|08-03-2026 10:30:32|08-03-2026 10:26:13|||08-03-2026 10:59:54|08-03-2026 11:10:15|08-03-2026 14:12:49|08-03-2026 14:12:49|08-03-2026 14:13:01||08-03-2026 14:13:10|08-03-2026 19:21:57|08-03-2026 19:21:58|3.71|8.86|5.15
BRCJM01|BRBAT|BRBAT|89385.12|Shipped|||C13738|25056-075|RIO DE JANEIRO|BR|T8989||1|0|12000|12000|12000|Y|08-03-2026 10:31:33|08-03-2026 10:26:20|||08-03-2026 11:00:13|08-03-2026 11:10:15|08-03-2026 13:57:52|08-03-2026 13:58:45|08-03-2026 18:29:39||08-03-2026 18:29:53|08-03-2026 19:22:14|08-03-2026 19:22:15|7.97|8.85|.87
BRCJM01|BRBAT|BRBAT|89386.12|Shipped|||C13738|25056-075|RIO DE JANEIRO|BR|T8989||2|0|11580|11580|11580|Y|08-03-2026 10:31:33|08-03-2026 10:26:27|||08-03-2026 11:02:18|08-03-2026 11:10:16|08-03-2026 14:01:42|08-03-2026 14:03:41|08-03-2026 18:29:47||08-03-2026 18:29:58|08-03-2026 19:22:27|08-03-2026 19:22:27|7.97|8.85|.87
BRCJM01|BRBAT|BRBAT|89387.12|Shipped|||C13738|25056-075|RIO DE JANEIRO|BR|T8989||20|0|10910|10910|10910|Y|08-03-2026 10:32:34|08-03-2026 10:26:44|||08-03-2026 11:11:31|08-03-2026 11:17:03|08-03-2026 15:08:24|08-03-2026 19:45:03|08-03-2026 19:54:39||08-03-2026 19:54:47|08-03-2026 19:55:09|08-03-2026 19:55:10|9.37|9.38|.01
BRCJM01|BRBAT|BRBAT|89389.12|Shipped|||C13735|83326-010|PR|BR|T8989||49|0|11565.1|11565.1|11565.1|Y|08-03-2026 10:36:35|08-03-2026 10:27:44|||08-03-2026 10:38:21|08-03-2026 10:39:18|08-03-2026 11:00:56|08-03-2026 15:45:02|08-03-2026 15:45:07||08-03-2026 15:45:29|08-03-2026 15:46:14|08-03-2026 15:46:16|5.15|5.16|.01
BRCJM01|BRBAT|BRBAT|89390.12|Shipped|||C8721|07250-130|SP|BR|T11493||6|0|12000|12000|12000|Y|08-03-2026 10:32:34|08-03-2026 10:27:14|||08-03-2026 10:34:13|08-03-2026 10:51:43|08-03-2026 11:43:16|08-03-2026 17:31:32|08-03-2026 18:28:11||08-03-2026 18:28:26|08-03-2026 18:29:14|08-03-2026 18:29:15|7.93|7.94|.01
BRCJM01|BRBAT|BRBAT|89391.12|Shipped|||C8721|07250-130|SP|BR|T11493||17|0|11340|11340|11340|Y|08-03-2026 10:32:34|08-03-2026 10:27:24|||08-03-2026 10:50:56|08-03-2026 10:51:44|08-03-2026 13:30:24|08-03-2026 19:13:51|08-03-2026 19:16:51||08-03-2026 19:17:07|08-03-2026 19:17:34|08-03-2026 19:17:34|8.74|8.75|.01
BRCJM01|BRBAT|BRBAT|89418.12|Shipped|||C8720|17022-531|SP|BR|T11493||7|0|0|73184|73184|Y|08-04-2026 09:27:06|08-04-2026 09:23:21|||08-04-2026 09:29:25|08-04-2026 09:37:00|08-04-2026 10:23:50|08-04-2026 10:46:28|08-04-2026 10:46:43||08-04-2026 10:46:53|08-04-2026 15:36:16|08-04-2026 15:36:19|1.33|6.15|4.82
BRCJM01|BRBAT|BRBAT|89419.12|Shipped|||C8720|17022-531|SP|BR|T11493||29|0|10820.525|11030|11030|Y|08-04-2026 09:28:08|08-04-2026 09:23:35|||08-04-2026 09:29:37|08-04-2026 09:37:00|08-04-2026 09:54:18|08-04-2026 15:03:40|08-04-2026 15:25:41||08-04-2026 15:25:59|08-04-2026 15:36:55|08-04-2026 15:36:56|5.96|6.15|.18
BRCJM01|BRBAT|BRBAT|89420.12|Shipped|||C8715|13054-709|SP|BR|T11493||46|0|11650|11650|11650|Y|08-04-2026 09:32:10|08-04-2026 09:23:56|||08-04-2026 09:44:25|08-04-2026 10:02:43|08-04-2026 10:28:40|08-04-2026 17:35:01|08-04-2026 17:35:10||08-04-2026 17:35:22|08-04-2026 17:35:55|08-04-2026 17:35:57|8.05|8.06|.01
BRCJM01|BRBAT|BRBAT|89421.12|Shipped|||C8721|07250-130|SP|BR|T11493||1|0|0|5488|5488|Y|08-04-2026 09:32:10|08-04-2026 09:24:11|||08-04-2026 10:09:52|08-04-2026 10:15:40|08-04-2026 10:54:24|08-04-2026 10:54:58|08-04-2026 10:55:09||08-04-2026 10:55:25|08-04-2026 15:37:22|08-04-2026 15:37:24|1.39|6.09|4.7
BRCJM01|BRBAT|BRBAT|89422.12|Shipped|||C8721|07250-130|SP|BR|T11493||1|0|12000|12000|12000|Y|08-04-2026 09:32:11|08-04-2026 09:24:18|||08-04-2026 10:10:11|08-04-2026 10:15:41|08-04-2026 11:15:37|08-04-2026 13:22:16|08-04-2026 14:44:54||08-04-2026 14:45:12|08-04-2026 15:37:54|08-04-2026 15:37:54|5.22|6.1|.88
BRCJM01|BRBAT|BRBAT|89423.12|Shipped|||C8721|07250-130|SP|BR|T11493||15|0|11280|11280|11280|Y|08-04-2026 09:33:11|08-04-2026 09:24:34|||08-04-2026 10:11:41|08-04-2026 10:22:00|08-04-2026 10:57:22|08-04-2026 16:36:00|08-04-2026 16:42:40||08-04-2026 16:42:59|08-04-2026 16:43:43|08-04-2026 16:43:45|7.16|7.18|.01
BRCJM01|BRBAT|BRBAT|89425.12|Shipped|||C13738|25056-075|RIO DE JANEIRO|BR|T8989||1|0|12000|12000|12000|Y|08-04-2026 09:33:11|08-04-2026 09:24:55|||08-04-2026 10:31:21|08-04-2026 10:34:46|08-04-2026 11:12:19|08-04-2026 11:13:04|08-04-2026 15:26:20||08-04-2026 15:26:36|08-05-2026 08:39:51|08-05-2026 08:39:57|5.89|23.11|17.22
BRCJM01|BRBAT|BRBAT|89426.12|Shipped|||C13738|25056-075|RIO DE JANEIRO|BR|T8989||2|0|12000|12000|12000|Y|08-04-2026 09:33:12|08-04-2026 09:24:58|||08-04-2026 10:34:11|08-04-2026 10:37:16|08-04-2026 11:15:48|08-04-2026 11:17:58|08-04-2026 15:27:16||08-04-2026 15:27:32|08-05-2026 08:40:26|08-05-2026 08:40:30|5.91|23.12|17.22
BRCJM01|BRBAT|BRBAT|89427.12|Shipped|||C13738|25056-075|RIO DE JANEIRO|BR|T8989||20|0|11810|11810|11810|Y|08-04-2026 09:35:12|08-04-2026 09:25:15|||08-04-2026 10:37:16|08-04-2026 10:48:48|08-04-2026 17:31:08|08-04-2026 19:35:11|08-05-2026 08:38:25||08-05-2026 08:38:43|08-05-2026 08:40:55|08-05-2026 08:40:55|23.06|23.1|.04
BRCJM01|BRBAT|BRBAT|89457.12|Shipped|||C8720|17022-531|SP|BR|T11493||1|0|20|20|20|Y|08-04-2026 17:06:52|08-04-2026 17:03:14|||08-04-2026 17:16:38|08-04-2026 17:18:03|08-04-2026 17:30:36|08-04-2026 17:31:58|08-04-2026 17:32:03||08-04-2026 17:32:11|08-04-2026 17:32:11|08-04-2026 17:32:43|.42|.43|.01
BRCJM01|BRBAT|BRBAT|89460.12|Shipped|||C8721|07250-130|SP|BR|T11493||1|0|12000|12000|12000|Y|08-05-2026 08:51:22|08-05-2026 08:35:06|||08-05-2026 08:52:43|08-05-2026 08:57:04|08-05-2026 09:17:58|08-05-2026 12:50:06|08-05-2026 15:01:02||08-05-2026 15:01:21|08-05-2026 16:41:25|08-05-2026 16:41:27|6.17|7.83|1.67
BRCJM01|BRBAT|BRBAT|89461.12|Shipped|||C8721|07250-130|SP|BR|T11493||25|0|11640|11640|11640|Y|08-05-2026 08:52:24|08-05-2026 08:35:29|||08-05-2026 08:57:06|08-05-2026 09:12:41|08-05-2026 10:19:57|08-05-2026 15:40:59|08-05-2026 16:35:25||08-05-2026 16:35:41|08-05-2026 16:42:04|08-05-2026 16:42:06|7.72|7.83|.11
BRCJM01|BRBAT|BRBAT|89969.12|Shipped|||C13738|25056-075|RIO DE JANEIRO|BR|T8989||3|0|0|55824|55824|Y|08-05-2026 09:32:36|08-05-2026 09:25:07|||08-05-2026 09:34:35|08-05-2026 09:35:09|08-05-2026 10:35:54|08-05-2026 10:49:38|08-05-2026 10:52:12||08-05-2026 10:52:21|08-05-2026 15:02:25|08-05-2026 15:02:26|1.33|5.5|4.17
BRCJM01|BRBAT|BRBAT|89970.12|Shipped|||C13738|25056-075|RIO DE JANEIRO|BR|T8989||1|0|12000|12000|12000|Y|08-05-2026 09:32:36|08-05-2026 09:25:15|||08-05-2026 09:35:08|08-05-2026 09:37:35|08-05-2026 10:14:21|08-05-2026 10:15:50|08-05-2026 14:56:11||08-05-2026 14:57:40|08-05-2026 15:03:04|08-05-2026 15:03:07|5.42|5.51|.09
BRCJM01|BRBAT|BRBAT|89971.12|Shipped|||C13738|25056-075|RIO DE JANEIRO|BR|T8989||3|0|12000|12000|12000|Y|08-05-2026 09:33:37|08-05-2026 09:25:22|||08-05-2026 09:37:35|08-05-2026 09:40:57|08-05-2026 10:17:07|08-05-2026 10:20:19|08-05-2026 14:58:33||08-05-2026 14:58:45|08-05-2026 15:03:24|08-05-2026 15:03:26|5.42|5.5|.08
BRCJM01|BRBAT|BRBAT|89972.12|Shipped|||C13738|25056-075|RIO DE JANEIRO|BR|T8989||23|0|10940|10940|10940|Y|08-05-2026 09:32:37|08-05-2026 09:25:38|||08-05-2026 09:59:31|08-05-2026 10:01:26|08-05-2026 11:11:52|08-05-2026 14:46:46|08-05-2026 14:59:26||08-05-2026 14:59:43|08-05-2026 15:03:53|08-05-2026 15:03:54|5.45|5.52|.07
BRCJM01|BRBAT|BRBAT|90203.12|Shipped|||C8720|17022-531|SP|BR|T8989||39|0|10010.325|10140|10140|Y|08-06-2026 08:30:39|08-06-2026 08:25:30|||08-06-2026 09:02:00|08-06-2026 09:03:31|08-06-2026 09:21:10|08-06-2026 13:56:32|08-06-2026 15:50:06||08-06-2026 15:51:01|08-06-2026 16:18:01|08-06-2026 16:18:03|7.34|7.79|.45
BRCJM01|BRBAT|BRBAT|90204.12|Shipped|||C8720|17022-531|SP|BR|T8989||6|0|0|49872|49872|Y|08-06-2026 08:30:42|08-06-2026 08:26:19|||08-06-2026 09:01:25|08-06-2026 09:02:01|08-06-2026 09:27:09|08-06-2026 10:30:23|08-06-2026 10:31:41||08-06-2026 10:31:57|08-06-2026 16:18:29|08-06-2026 16:18:31|2.02|7.8|5.78
BRCJM01|BRBAT|BRBAT|90205.12|Shipped|||C8715|13054-709|SP|BR|T8989||5|0|0|9264|9264|Y|08-06-2026 08:31:42|08-06-2026 08:26:31|||08-06-2026 09:02:01|08-06-2026 09:08:53|08-06-2026 11:22:43|08-06-2026 11:32:42|08-06-2026 15:51:29||08-06-2026 15:51:46|08-06-2026 16:18:55|08-06-2026 16:18:57|7.33|7.79|.45
BRCJM01|BRBAT|BRBAT|90206.12|Shipped|||C8715|13054-709|SP|BR|T8989||35|0|11150|11150|11150|Y|08-06-2026 08:31:42|08-06-2026 08:26:55|||08-06-2026 09:02:18|08-06-2026 09:19:29|08-06-2026 09:44:03|08-06-2026 15:40:32|08-06-2026 15:52:27||08-06-2026 15:52:44|08-06-2026 16:19:26|08-06-2026 16:19:27|7.35|7.8|.45
BRCJM01|BRBAT|BRBAT|90207.12|Shipped|||C13738|25056-075|RIO DE JANEIRO|BR|T8989||6|0|0|38176|38176|Y|08-06-2026 10:44:21|08-06-2026 10:39:18|||08-06-2026 10:50:32|08-06-2026 10:56:03|08-06-2026 13:35:32|08-06-2026 13:49:00|08-06-2026 13:49:19||08-06-2026 13:49:28|08-07-2026 14:15:10|08-07-2026 14:15:14|3.09|27.51|24.43
BRCJM01|BRBAT|BRBAT|90208.12|Shipped|||C13738|25056-075|RIO DE JANEIRO|BR|T8989||4|0|11880|11880|11880|Y|08-06-2026 10:46:21|08-06-2026 10:39:16|||08-06-2026 10:50:46|08-06-2026 10:56:02|08-06-2026 11:33:09|08-06-2026 11:34:59|08-06-2026 15:47:11||08-06-2026 15:47:22|08-07-2026 14:15:36|08-07-2026 14:15:38|5.02|27.49|22.47
BRCJM01|BRBAT|BRBAT|90209.12|Shipped|||C13738|25056-075|RIO DE JANEIRO|BR|T8989||9|0|11880|11880|11880|Y|08-06-2026 10:46:21|08-06-2026 10:39:39|||08-06-2026 10:55:35|08-06-2026 11:03:52|08-06-2026 11:39:19|08-06-2026 11:41:47|08-06-2026 15:48:00||08-06-2026 15:48:19|08-07-2026 14:16:02|08-07-2026 14:16:05|5.03|27.5|22.46
BRCJM01|BRBAT|BRBAT|90210.12|Shipped|||C13738|25056-075|RIO DE JANEIRO|BR|T8989||32|0|11790|11790|11790|Y|08-06-2026 10:47:22|08-06-2026 10:39:52|||08-06-2026 11:03:52|08-06-2026 11:17:02|08-07-2026 09:00:56|08-07-2026 16:38:07|08-07-2026 16:39:09||08-07-2026 16:39:31|08-07-2026 16:40:03|08-07-2026 16:40:18|29.87|29.88|.01
BRCJM01|BRBAT|BRBAT|90395.12|Shipped|||C13735|83326-010|PR|BR|T8989||9|0|4500|49540|49540|Y|08-06-2026 16:46:22|08-06-2026 16:43:21|||08-06-2026 16:52:26|08-06-2026 17:00:49|08-07-2026 07:02:00|08-07-2026 07:42:14|08-07-2026 07:42:30||08-07-2026 07:42:39|08-07-2026 16:02:52|08-07-2026 16:02:56|14.94|23.28|8.34
BRCJM01|BRBAT|BRBAT|90396.12|Shipped|||C13735|83326-010|PR|BR|T8989||50|0|11370.125|11420|11420|Y|08-06-2026 16:51:27|08-06-2026 16:43:44|||08-06-2026 16:52:44|08-06-2026 17:00:50|08-07-2026 06:54:48|08-07-2026 13:14:19|08-07-2026 16:00:30||08-07-2026 16:01:11|08-07-2026 16:03:42|08-07-2026 16:03:44|23.16|23.2|.04
BRCJM01|BRBAT|BRBAT|90525.12|Shipped|||C8721|07250-130|SP|BR|T8989||5|0|12000|12000|12000|Y|08-07-2026 08:51:43|08-07-2026 08:45:10|||08-07-2026 08:57:59|08-07-2026 09:06:37|08-10-2026 08:02:04|08-10-2026 11:31:27|08-10-2026 14:23:11||08-10-2026 14:23:31|08-10-2026 14:24:03|08-10-2026 14:24:04|77.53|77.54|.01
BRCJM01|BRBAT|BRBAT|90526.12|Shipped|||C8721|07250-130|SP|BR|T8989||29|0|9860|9860|9860|Y|08-07-2026 08:51:41|08-07-2026 08:45:42|||08-07-2026 09:29:34|08-07-2026 09:30:23|08-10-2026 08:02:27|08-10-2026 14:43:36|08-10-2026 14:59:43||08-10-2026 15:00:06|08-10-2026 15:00:48|08-10-2026 15:00:50|78.14|78.15|.01
BRCJM01|BRBAT|BRBAT|90527.12|Shipped|||C13738|25056-075|RIO DE JANEIRO|BR|T8989||2|0|144|864|864|Y|08-07-2026 08:51:43|08-07-2026 08:46:22|||08-07-2026 09:41:23|08-07-2026 09:46:22|08-08-2026 12:12:51|08-08-2026 12:22:11|08-08-2026 15:16:10||08-08-2026 15:16:51|08-08-2026 15:18:50|08-08-2026 15:18:52|30.42|30.45|.03
BRCJM01|BRBAT|BRBAT|90528.12|Shipped|||C13738|25056-075|RIO DE JANEIRO|BR|T8989||1|0|12000|12000|12000|Y|08-07-2026 08:51:43|08-07-2026 08:46:30|||08-07-2026 09:39:23|08-07-2026 09:41:23|08-07-2026 11:11:23|08-07-2026 11:15:06|08-08-2026 15:16:24||08-08-2026 15:16:54|08-08-2026 15:19:07|08-08-2026 15:19:07|30.42|30.46|.04
BRCJM01|BRBAT|BRBAT|90529.12|Shipped|||C13738|25056-075|RIO DE JANEIRO|BR|T8989||2|0|12000|12000|12000|Y|08-07-2026 08:51:43|08-07-2026 08:46:36|||08-07-2026 09:41:29|08-07-2026 09:46:22|08-07-2026 11:16:44|08-07-2026 11:20:10|08-08-2026 15:16:45||08-08-2026 15:16:59|08-08-2026 15:19:22|08-08-2026 15:19:23|30.42|30.46|.04
BRCJM01|BRBAT|BRBAT|90530.12|Shipped|||C13738|25056-075|RIO DE JANEIRO|BR|T8989||32|0|11780|11780|11780|Y|08-07-2026 08:51:43|08-07-2026 08:46:59|||08-07-2026 09:47:43|08-07-2026 10:01:10|08-08-2026 11:51:11|08-08-2026 15:07:39|08-08-2026 15:17:40||08-08-2026 15:17:56|08-08-2026 15:19:45|08-08-2026 15:19:46|30.44|30.47|.03
BRCJM01|BRBAT|BRBAT|90531.12|Shipped|||C8721|07250-130|SP|BR|T8989||2|0|0|80928|80928|Y|08-07-2026 11:05:55|08-07-2026 11:00:09|||08-07-2026 11:17:11|08-07-2026 11:44:19|08-08-2026 12:31:23|08-08-2026 12:35:15|08-08-2026 15:18:08||08-08-2026 15:18:17|08-08-2026 15:20:20|08-08-2026 15:20:21|28.21|28.24|.03
BRCJM01|BRBAT|BRBAT|90532.12|Shipped|||C13735|83326-010|PR|BR|T8989||2|0|20|20|20|Y|08-07-2026 12:06:18|08-07-2026 12:00:08|||08-07-2026 12:08:22|08-07-2026 13:57:01|08-07-2026 14:34:35|08-07-2026 14:34:51|08-07-2026 14:38:24||08-07-2026 14:39:22|08-07-2026 14:42:39|08-07-2026 14:42:43|2.55|2.61|.06
BRCJM01|BRBAT|BRBAT|90536.12|Shipped|||C8721|07250-130|SP|BR|T8989||9|0|110|110|110|Y|08-07-2026 14:54:15|08-07-2026 14:50:10|||08-07-2026 15:21:59|08-07-2026 15:33:51|08-08-2026 16:52:46|08-08-2026 16:53:48|08-08-2026 16:54:26||08-08-2026 16:54:33|08-08-2026 16:55:15|08-08-2026 16:55:15|26.01|26.02|.01
BRCJM01|BRBAT|BRBAT|90748.12|Shipped|||C13738|25056-075|RIO DE JANEIRO|BR|T8989||2|0|12000|12000|12000|Y|08-10-2026 10:15:27|08-10-2026 10:10:07|||08-10-2026 10:16:37|08-10-2026 10:19:12|08-10-2026 10:29:31|08-10-2026 11:09:19|08-10-2026 17:37:26||08-10-2026 17:37:56|08-10-2026 17:41:37|08-10-2026 17:41:38|7.37|7.44|.06
BRCJM01|BRBAT|BRBAT|90749.12|Shipped|||C13738|25056-075|RIO DE JANEIRO|BR|T8989||5|0|11920|11920|11920|Y|08-10-2026 10:15:29|08-10-2026 10:10:22|||08-10-2026 10:19:18|08-10-2026 10:27:27|08-10-2026 11:16:08|08-10-2026 11:58:42|08-10-2026 17:38:32||08-10-2026 17:38:43|08-10-2026 17:42:07|08-10-2026 17:42:08|7.39|7.44|.06
BRCJM01|BRBAT|BRBAT|90750.12|Shipped|||C13738|25056-075|RIO DE JANEIRO|BR|T8989||36|0|11910|11910|11910|Y|08-10-2026 10:15:29|08-10-2026 10:10:52|||08-10-2026 10:27:28|08-10-2026 10:51:56|08-10-2026 11:31:35|08-10-2026 16:40:49|08-10-2026 17:40:09||08-10-2026 17:40:48|08-10-2026 17:42:47|08-10-2026 17:43:07|7.42|7.46|.04
BRCJM01|BRBAT|BRBAT|91105.12|Shipped|||C13738|25056-075|RIO DE JANEIRO|BR|T8989||1|0|12000|12000|12000|Y|08-11-2026 09:19:07|08-11-2026 09:15:06|||08-11-2026 09:21:40|08-11-2026 09:23:25|08-11-2026 09:34:17|08-11-2026 10:07:26|08-12-2026 14:08:56||08-12-2026 14:09:14|08-12-2026 14:23:30|08-12-2026 14:23:33|28.84|29.07|.24
BRCJM01|BRBAT|BRBAT|91106.12|Shipped|||C13738|25056-075|RIO DE JANEIRO|BR|T8989||3|0|12000|12000|12000|Y|08-11-2026 09:19:08|08-11-2026 09:15:18|||08-11-2026 09:23:43|08-11-2026 09:30:51|08-11-2026 10:13:54|08-11-2026 10:39:39|08-12-2026 14:10:58||08-12-2026 14:11:11|08-12-2026 14:26:03|08-12-2026 14:26:04|28.87|29.12|.25
BRCJM01|BRBAT|BRBAT|91107.12|Shipped|||C13738|25056-075|RIO DE JANEIRO|BR|T8989||28|0|11910|11910|11910|Y|08-11-2026 09:19:08|08-11-2026 09:15:37|||08-11-2026 09:34:01|08-11-2026 09:45:41|08-12-2026 07:23:07|08-12-2026 10:25:52|08-12-2026 14:11:41||08-12-2026 14:11:57|08-12-2026 14:27:11|08-12-2026 14:27:12|28.88|29.13|.25
BRCJM01|BRBAT|BRBAT|91108.12|Shipped|||C8720|17022-531|SP|BR|T8989||1|0|0|1584|1584|Y|08-11-2026 10:57:54|08-11-2026 10:55:05|||08-11-2026 11:13:26|08-11-2026 11:24:27|08-11-2026 17:52:01|08-11-2026 17:52:01|08-11-2026 21:53:59||08-11-2026 21:54:11|08-11-2026 21:57:17|08-11-2026 21:57:18|10.94|10.99|.05
BRCJM01|BRBAT|BRBAT|91109.12|Shipped|||C8720|17022-531|SP|BR|T8989||39|0|11340.425|11510|11510|Y|08-11-2026 10:59:55|08-11-2026 10:55:40|||08-11-2026 11:13:41|08-11-2026 11:24:27|08-11-2026 11:37:32|08-11-2026 16:38:35|08-11-2026 16:38:40||08-11-2026 16:38:54|08-11-2026 21:57:05|08-11-2026 21:57:07|5.65|10.95|5.3
BRCJM01|BRBAT|BRBAT|91110.12|Shipped|||C8721|07250-130|SP|BR|T8989||4|0|12000|12000|12000|Y|08-11-2026 10:59:55|08-11-2026 10:55:19|||08-11-2026 11:27:56|08-11-2026 11:32:53|08-11-2026 18:56:00|08-11-2026 19:50:08|08-11-2026 21:54:50||08-11-2026 21:55:02|08-11-2026 21:56:24|08-11-2026 21:56:25|10.92|10.94|.02
BRCJM01|BRBAT|BRBAT|91111.12|Shipped|||C8721|07250-130|SP|BR|T8989||27|0|10320|10320|10320|Y|08-11-2026 11:02:56|08-11-2026 10:59:28|||08-11-2026 11:38:09|08-11-2026 11:45:50|08-11-2026 17:11:45|08-11-2026 19:39:40|08-11-2026 21:55:28||08-11-2026 21:55:42|08-11-2026 21:56:41|08-11-2026 21:56:43|10.88|10.9|.02
BRCJM01|BRBAT|BRBAT|91112.12|Shipped|||C13737|86046-230|PR|BR|T8989||43|0|10210.5|10410|10410|Y|08-11-2026 10:50:49|08-11-2026 10:45:34|||08-11-2026 10:51:37|08-11-2026 11:00:25|08-11-2026 11:18:08|08-11-2026 14:55:51|08-11-2026 15:21:54||08-11-2026 15:22:20|08-11-2026 15:23:33|08-11-2026 15:23:35|4.53|4.55|.02
BRCJM01|BRBAT|BRBAT|91113.12|Shipped|||C13737|86046-230|PR|BR|T8989||7|0|0|26616|26616|Y|08-11-2026 10:06:26|08-11-2026 10:03:20|||08-11-2026 10:08:32|08-11-2026 10:09:03|08-11-2026 10:42:02|08-11-2026 12:04:35|08-11-2026 15:20:02||08-11-2026 15:20:15|08-11-2026 15:22:57|08-11-2026 15:23:01|5.23|5.28|.05
BRCJM01|BRBAT|BRBAT|91114.12|Shipped|||C8721|07250-130|SP|BR|T8989||8|0|0|49512|49512|Y|08-11-2026 10:06:27|08-11-2026 10:03:21|||08-11-2026 10:08:44|08-11-2026 10:09:03|08-11-2026 13:28:51|08-11-2026 14:51:48|08-11-2026 16:39:36||08-11-2026 16:39:58|08-11-2026 21:56:09|08-11-2026 21:56:10|6.56|11.83|5.27
BRCJM01|BRBAT|BRBAT|91430.12|Shipped|||C8715|13054-709|SP|BR|T8989||43|0|11170|11170|11170|Y|08-12-2026 11:00:21|08-12-2026 10:55:33|||08-12-2026 11:16:17|08-12-2026 11:17:15|08-12-2026 15:33:14|08-12-2026 19:18:35|08-12-2026 20:53:10||08-12-2026 20:53:24|08-12-2026 20:55:38|08-12-2026 20:55:39|9.88|9.92|.04
BRCJM01|BRBAT|BRBAT|91433.12|Shipped|||C8721|07250-130|SP|BR|T11493||2|0|12000|12000|12000|Y|08-12-2026 08:30:29|08-12-2026 08:25:07|||08-12-2026 08:48:23|08-12-2026 08:50:30|08-12-2026 19:21:52|08-12-2026 20:31:43|08-12-2026 20:53:44||08-12-2026 20:54:45|08-12-2026 20:55:54|08-12-2026 20:55:54|12.4|12.42|.02
BRCJM01|BRBAT|BRBAT|91434.12|Shipped|||C8721|07250-130|SP|BR|T11493||33|0|10040|10040|10040|Y|08-12-2026 08:30:31|08-12-2026 08:25:39|||08-12-2026 08:53:08|08-12-2026 08:57:21|08-12-2026 10:35:25|08-12-2026 17:53:51|08-12-2026 20:53:59||08-12-2026 20:54:37|08-12-2026 20:56:12|08-12-2026 20:56:13|12.4|12.43|.03
BRCJM01|BRBAT|BRBAT|91435.12|Shipped|||C8715|13054-709|SP|BR|T11493||3|0|0|29280|29280|Y|08-12-2026 09:21:47|08-12-2026 09:19:15|||08-12-2026 09:23:51|08-12-2026 09:25:30|08-12-2026 10:29:53|08-12-2026 10:41:17|08-12-2026 20:54:12||08-12-2026 20:54:31|08-12-2026 20:55:19|08-12-2026 20:55:20|11.55|11.56|.01
BRCJM01|BRBAT|BRBAT|91436.12|Shipped|||C8721|07250-130|SP|BR|T11493||2|0|0|103488|103488|Y|08-12-2026 12:00:41|08-12-2026 11:55:05|||08-12-2026 12:07:39|08-12-2026 12:09:01|08-12-2026 16:28:57|08-12-2026 16:41:10|08-12-2026 20:54:21||08-12-2026 20:54:48|08-12-2026 20:56:25|08-12-2026 20:56:27|8.9|8.93|.03
BRCJM01|BRBAT|BRBAT|91758.12|Shipped|||C13735|83326-010|PR|BR|T8989||50|0|11550.35|11690|11690|Y|08-13-2026 08:25:15|08-13-2026 08:19:41|||08-13-2026 08:37:46|08-13-2026 08:49:39|08-13-2026 09:00:22|08-13-2026 13:28:30|08-13-2026 13:52:23||08-13-2026 13:52:50|08-13-2026 13:56:55|08-13-2026 13:56:57|5.46|5.53|.07
BRCJM01|BRBAT|BRBAT|91759.12|Shipped|||C8720|17022-531|SP|BR|T11493||42|0|11669.125|11918.5|11918.5|Y|08-13-2026 08:25:13|08-13-2026 08:19:37|||08-13-2026 08:54:19|08-13-2026 09:02:25|08-13-2026 09:15:05|08-13-2026 15:20:41|08-13-2026 16:55:34||08-13-2026 16:55:58|08-13-2026 16:56:34|08-13-2026 16:56:35|8.51|8.52|.01
BRCJM01|BRBAT|BRBAT|91760.12|Shipped|||C8715|13054-709|SP|BR|T11493||46|0|11910|11910|11910|Y|08-13-2026 08:27:16|08-13-2026 08:20:34|||08-13-2026 09:06:26|08-13-2026 09:17:22|08-13-2026 09:31:19|08-13-2026 19:27:40|08-13-2026 20:07:41||08-13-2026 20:08:04|08-13-2026 20:08:37|08-13-2026 20:08:39|11.68|11.69|.01
BRCJM01|BRBAT|BRBAT|91761.12|Shipped|||C13738|25056-075|RIO DE JANEIRO|BR|T8989||3|0|5280|7880|7880|Y|08-13-2026 08:27:17|08-13-2026 08:20:23|||08-13-2026 09:27:41|08-13-2026 09:30:42|08-13-2026 14:05:26|08-13-2026 14:40:47|08-13-2026 14:41:05||08-13-2026 14:41:20|08-14-2026 12:09:43|08-14-2026 12:09:48|6.23|27.71|21.47
BRCJM01|BRBAT|BRBAT|91762.12|Shipped|||C13738|25056-075|RIO DE JANEIRO|BR|T8989||33|0|11720|11720|11720|Y|08-13-2026 08:27:17|08-13-2026 08:20:55|||08-13-2026 09:55:17|08-13-2026 09:56:07|08-13-2026 10:26:27|08-14-2026 10:26:11|08-14-2026 12:04:55||08-14-2026 12:06:43|08-14-2026 12:06:43|08-14-2026 12:11:06|27.66|27.73|.07
BRCJM01|BRBAT|BRBAT|91807.12|Shipped|||C8720|17022-531|SP|BR|T8989||1|0|20|20|20|Y|08-13-2026 15:42:32|08-13-2026 15:39:13|||08-13-2026 15:44:20|08-13-2026 15:49:27|08-13-2026 15:54:53|08-13-2026 15:54:53|08-13-2026 15:55:06||08-13-2026 15:55:19|08-13-2026 15:55:53|08-13-2026 15:55:59|.21|.22|.01
BRCJM01|BRBAT|BRBAT|92002.12|Shipped|||C13738|25056-075|RIO DE JANEIRO|BR|T8989||7|0|11380|11380|11380|Y|08-14-2026 10:18:09|08-14-2026 10:15:08|||08-14-2026 10:31:35|08-14-2026 10:33:25|08-14-2026 11:13:01|08-14-2026 12:00:33|08-14-2026 12:08:59||08-14-2026 12:09:14|08-14-2026 12:10:31|08-14-2026 12:10:33|1.85|1.87|.02
BRCJM01|BRBAT|BRBAT|92036.12|Shipped|||C8721|07250-130|SP|BR|T11493||1|0|0|36960|36960|Y|08-13-2026 20:21:17|08-13-2026 20:19:13|||08-14-2026 08:30:00|08-14-2026 08:34:21|08-14-2026 11:27:04|08-14-2026 11:29:53|08-14-2026 11:31:55||08-14-2026 11:32:05|08-14-2026 15:45:55|08-14-2026 15:45:59|15.18|19.41|4.23
BRCJM01|BRBAT|BRBAT|92037.12|Shipped|||C8721|07250-130|SP|BR|T11493||3|0|12000|12000|12000|Y|08-13-2026 20:21:19|08-13-2026 20:19:14|||08-14-2026 08:30:57|08-14-2026 08:34:22|08-14-2026 17:50:00|08-14-2026 18:56:21|08-14-2026 18:59:59||08-14-2026 19:00:31|08-14-2026 19:02:22|08-14-2026 19:02:23|22.65|22.68|.03
BRCJM01|BRBAT|BRBAT|92038.12|Shipped|||C8721|07250-130|SP|BR|T11493||29|0|10710|10710|10710|Y|08-14-2026 09:08:28|08-14-2026 08:39:32|||08-14-2026 09:09:56|08-14-2026 09:16:09|08-14-2026 09:31:24|08-14-2026 16:04:09|08-14-2026 16:36:33||08-14-2026 16:36:51|08-14-2026 16:42:19|08-14-2026 16:42:20|7.47|7.56|.09
BRCJM01|BRBAT|BRBAT|92039.12|Shipped|||C8715|13054-709|SP|BR|T11493||41|0|11780.15|11840|11840|Y|08-14-2026 09:08:24|08-14-2026 08:39:38|||08-14-2026 09:24:25|08-14-2026 09:32:05|08-14-2026 09:56:21|08-14-2026 16:38:25|08-14-2026 16:40:43||08-14-2026 16:41:35|08-14-2026 16:44:03|08-14-2026 16:44:04|7.55|7.59|.04
BRCJM01|BRBAT|BRBAT|92155.12|Shipped|||C8715|13054-709|SP|BR|T11493||4|0|0|1512|1512|Y|08-14-2026 14:06:35|08-14-2026 14:03:16|||08-14-2026 14:08:29|08-14-2026 14:12:47|08-14-2026 15:22:32|08-14-2026 15:29:15|08-14-2026 15:29:20||08-14-2026 15:29:30|08-14-2026 15:29:30|08-14-2026 15:44:58|1.38|1.64|.26
BRCJM01|BRBAT|BRBAT|92156.12|Shipped|||C8721|07250-130|SP|BR|T11493||4|0|0|1512|1512|Y|08-14-2026 14:06:36|08-14-2026 14:03:32|||08-14-2026 14:08:42|08-14-2026 14:12:47|08-14-2026 15:19:51|08-14-2026 15:29:59|08-14-2026 15:30:04||08-14-2026 15:30:15|08-14-2026 15:30:15|08-14-2026 15:45:16|1.39|1.64|.25
BRCJM01|BRBAT|BRBAT|92161.12|Shipped|||C13738|25056-075|RIO DE JANEIRO|BR|T8989||4|0|0|1512|1512|Y|08-14-2026 14:06:36|08-14-2026 14:03:16|||08-14-2026 14:09:28|08-14-2026 14:12:47|08-14-2026 15:15:48|08-14-2026 15:24:41|08-14-2026 15:24:45||08-14-2026 15:24:56|08-14-2026 15:24:56|08-14-2026 15:25:16|1.31|1.31|.01
BRCJM01|BRBAT|BRBAT|92276.12|Shipped|||C8721|07250-130|SP|BR|T11493||6|0|12000|12000|12000|Y|08-14-2026 17:42:48|08-14-2026 17:39:17|||08-14-2026 21:22:51|08-14-2026 21:33:18|08-15-2026 09:21:04|08-17-2026 15:21:15|08-17-2026 15:35:03||08-17-2026 15:35:42|08-17-2026 16:27:50|08-17-2026 16:27:53|69.88|70.75|.87
BRCJM01|BRBAT|BRBAT|92277.12|Shipped|||C8721|07250-130|SP|BR|T11493||30|0|9890|9890|9890|Y|08-14-2026 17:42:50|08-14-2026 17:39:33|||08-14-2026 21:36:28|08-14-2026 21:44:05|08-15-2026 09:28:11|08-17-2026 11:25:26|08-17-2026 14:33:49||08-17-2026 14:34:44|08-17-2026 16:28:22|08-17-2026 16:28:23|68.87|70.76|1.89
BRCJM01|BRBAT|BRBAT|92278.12|Shipped|||C13735|83326-010|PR|BR|T8989||46|0|11680.125|11730|11730|Y|08-14-2026 19:00:18|08-14-2026 18:55:32|||08-14-2026 22:09:22|08-14-2026 22:11:33|08-15-2026 09:42:51|08-15-2026 17:02:00|08-17-2026 14:29:49||08-17-2026 14:30:29|08-17-2026 14:31:19|08-17-2026 14:31:21|67.5|67.52|.01
BRCJM01|BRBAT|BRBAT|92323.12|Shipped|||C13738|25056-075|RIO DE JANEIRO|BR|T8989||2|0|12000|12000|12000|Y|08-17-2026 08:43:02|08-17-2026 08:41:34|||08-17-2026 08:54:35|08-17-2026 08:57:40|08-17-2026 09:49:33|08-17-2026 10:49:48|08-18-2026 12:11:59||08-18-2026 12:12:24|08-18-2026 14:46:41|08-18-2026 14:46:44|27.49|30.06|2.57
BRCJM01|BRBAT|BRBAT|92324.12|Shipped|||C13738|25056-075|RIO DE JANEIRO|BR|T8989||38|0|11841.7|11841.7|11841.7|Y|08-17-2026 08:45:04|08-17-2026 08:42:16|||08-17-2026 08:51:29|08-17-2026 09:20:49|08-17-2026 10:18:31|08-18-2026 12:14:59|08-18-2026 12:15:07||08-18-2026 12:15:57|08-18-2026 14:46:14|08-18-2026 14:46:16|27.51|30.02|2.51
BRCJM01|BRBAT|BRBAT|92325.12|Shipped|||C8721|07250-130|SP|BR|T11493||5|0|11640|115488|115488|Y|08-17-2026 09:39:32|08-17-2026 09:35:08|||08-17-2026 09:40:55|08-17-2026 09:41:50|08-17-2026 15:34:39|08-17-2026 16:01:28|08-17-2026 16:27:08||08-17-2026 16:27:20|08-17-2026 16:29:08|08-17-2026 16:29:10|6.8|6.83|.03
BRCJM01|BRBAT|BRBAT|92625.12|Shipped|||C13735|83326-010|PR|BR|T8989||2|0|9|9|9|Y|08-17-2026 18:10:06|08-17-2026 18:05:06|||08-17-2026 18:10:55|08-17-2026 18:11:17|08-17-2026 18:21:32|08-17-2026 18:21:49|08-17-2026 18:22:03||08-17-2026 18:22:10|08-17-2026 18:22:35|08-17-2026 18:22:37|.2|.21|.01
BRCJM01|BRBAT|BRBAT|92660.12|Shipped|||C13737|86046-230|PR|BR|T8989||13|0|0|74200|74200|Y|08-18-2026 08:39:00|08-18-2026 08:35:14|||08-18-2026 09:16:22|08-18-2026 09:20:05|08-18-2026 13:33:47|08-18-2026 15:00:56|08-18-2026 15:46:36||08-18-2026 15:46:47|08-18-2026 15:48:05|08-18-2026 15:48:07|7.13|7.15|.02
BRCJM01|BRBAT|BRBAT|92661.12|Shipped|||C13737|86046-230|PR|BR|T8989||44|0|11230.075|11260|11260|Y|08-18-2026 09:15:13|08-18-2026 09:10:29|||08-18-2026 09:16:34|08-18-2026 09:20:06|08-18-2026 09:30:35|08-18-2026 13:16:19|08-18-2026 14:44:46||08-18-2026 14:45:12|08-18-2026 15:47:37|08-18-2026 15:47:38|5.5|6.54|1.04
BRCJM01|BRBAT|BRBAT|92662.12|Shipped|||C8720|17022-531|SP|BR|T11493||45|0|9929.6|10208.9|10208.9|Y|08-18-2026 09:16:14|08-18-2026 09:11:35|||08-18-2026 09:28:47|08-18-2026 09:35:10|08-18-2026 09:53:20|08-18-2026 15:09:11|08-18-2026 17:17:09||08-18-2026 17:17:48|08-18-2026 20:04:15|08-18-2026 20:04:16|8.03|10.8|2.77
BRCJM01|BRBAT|BRBAT|92663.12|Shipped|||C8715|13054-709|SP|BR|T11493||37|0|9085.05|9504|9504|Y|08-18-2026 09:18:15|08-18-2026 09:15:30|||08-18-2026 09:48:07|08-18-2026 09:49:26|08-18-2026 10:01:11|08-18-2026 19:56:00|08-18-2026 20:05:46||08-18-2026 20:06:05|08-18-2026 20:06:26|08-18-2026 20:06:27|10.8|10.8|.01
BRCJM01|BRBAT|BRBAT|92664.12|Shipped|||C8721|07250-130|SP|BR|T11493||1|0|12000|12000|12000|Y|08-18-2026 08:42:03|08-18-2026 08:36:15|||08-18-2026 09:58:47|08-18-2026 10:06:25|08-18-2026 19:13:47|08-18-2026 20:38:12|08-18-2026 21:09:04||08-18-2026 21:09:12|08-18-2026 21:09:34|08-18-2026 21:09:35|12.45|12.46|.01
BRCJM01|BRBAT|BRBAT|92665.12|Shipped|||C8721|07250-130|SP|BR|T11493||25|0|10950|10950|10950|Y|08-18-2026 09:18:15|08-18-2026 09:15:30|||08-18-2026 09:57:59|08-18-2026 10:00:34|08-18-2026 10:19:23|08-18-2026 17:18:56|08-18-2026 17:19:24||08-18-2026 17:19:45|08-18-2026 20:04:43|08-18-2026 20:04:44|8.03|10.77|2.75
BRCJM01|BRBAT|BRBAT|92668.12|Shipped|||C8715|13054-709|SP|BR|T11493||12|0|2408.4|103592.4|103592.4|Y|08-18-2026 10:21:32|08-18-2026 10:19:23|||08-18-2026 10:25:34|08-18-2026 10:26:16|08-18-2026 16:16:11|08-18-2026 21:40:36|08-18-2026 22:05:08||08-18-2026 22:05:21|08-18-2026 22:05:43|08-18-2026 22:05:44|11.73|11.74|.01
BRCJM01|BRBAT|BRBAT|92669.12|Shipped|||C8720|17022-531|SP|BR|T11493||7|0|3000|76752|76752|Y|08-18-2026 10:21:33|08-18-2026 10:19:18|||08-18-2026 10:25:44|08-18-2026 10:26:14|08-18-2026 15:05:39|08-18-2026 21:16:03|08-18-2026 21:16:41||08-18-2026 21:16:52|08-18-2026 21:17:11|08-18-2026 21:17:12|10.92|10.93|.01
BRCJM01|BRBAT|BRBAT|92670.12|Shipped|||C8721|07250-130|SP|BR|T11493||5|0|9000|45496|45496|Y|08-18-2026 10:24:34|08-18-2026 10:19:34|||08-18-2026 10:25:52|08-18-2026 10:26:18|08-18-2026 15:53:38|08-18-2026 16:08:37|08-18-2026 17:20:17||08-18-2026 17:20:34|08-18-2026 20:04:58|08-18-2026 20:04:59|6.93|9.67|2.74
BRCJM01|BRBAT|BRBAT|92800.12|Shipped|||C13738|25056-075|RIO DE JANEIRO|BR|T8989||2|0|12000|12000|12000|Y|08-18-2026 15:05:32|08-18-2026 14:59:15|||08-18-2026 15:07:42|08-18-2026 15:10:27|08-18-2026 16:22:19|08-18-2026 16:28:04|08-18-2026 16:28:08||08-18-2026 16:28:18|08-18-2026 16:28:18|08-18-2026 16:28:41|1.38|1.39|.01
BRCJM01|BRBAT|BRBAT|93021.12|Shipped|||C13738|25056-075|RIO DE JANEIRO|BR|T8989||4|0|11820|11820|11820|Y|08-19-2026 08:30:26|08-19-2026 08:25:07|||08-19-2026 08:51:45|08-19-2026 08:53:46|08-19-2026 09:34:13|08-19-2026 11:04:08|08-19-2026 14:32:22||08-19-2026 14:33:15|08-19-2026 15:04:05|08-19-2026 15:04:09|6.05|6.56|.51
BRCJM01|BRBAT|BRBAT|93022.12|Shipped|||C13738|25056-075|RIO DE JANEIRO|BR|T8989||9|0|10523.2|10523.2|10523.2|Y|08-19-2026 08:30:27|08-19-2026 08:25:22|||08-19-2026 09:06:22|08-19-2026 09:08:57|08-19-2026 09:52:00|08-19-2026 11:40:46|08-19-2026 14:34:23||08-19-2026 14:34:40|08-19-2026 15:04:34|08-19-2026 15:04:35|6.07|6.57|.5
BRCJM01|BRBAT|BRBAT|93023.12|Shipped|||C13738|25056-075|RIO DE JANEIRO|BR|T8989||22|0|3800|3800|3800|Y|08-19-2026 08:30:27|08-19-2026 08:25:44|||08-19-2026 09:06:01|08-19-2026 09:20:09|08-19-2026 09:56:21|08-19-2026 14:59:04|08-19-2026 15:01:03||08-19-2026 15:01:46|08-19-2026 15:05:24|08-19-2026 15:05:25|6.52|6.58|.06
BRCJM01|BRBAT|BRBAT|93024.12|Shipped|||C13738|25056-075|RIO DE JANEIRO|BR|T8989||7|0|3300|351196|351196|Y|08-19-2026 08:33:28|08-19-2026 08:30:10|||08-19-2026 09:20:12|08-19-2026 09:20:30|08-19-2026 13:56:21|08-19-2026 17:19:32|08-19-2026 17:25:40||08-19-2026 17:26:03|08-19-2026 17:26:41|08-19-2026 17:26:43|8.88|8.89|.01
BRCJM01|BRBAT|BRBAT|93025.12|Shipped|||C8721|07250-130|SP|BR|T11493||1|0|12000|12000|12000|Y|08-19-2026 08:33:29|08-19-2026 08:30:23|||08-19-2026 09:35:57|08-19-2026 09:38:23|08-19-2026 13:28:38|08-19-2026 18:34:52|08-19-2026 18:34:55||08-19-2026 18:35:04|08-19-2026 18:38:39|08-19-2026 18:38:40|10.03|10.09|.06
BRCJM01|BRBAT|BRBAT|93026.12|Shipped|||C8721|07250-130|SP|BR|T11493||4|0|8800|8800|8800|Y|08-19-2026 08:35:29|08-19-2026 08:30:31|||08-19-2026 09:40:18|08-19-2026 09:44:07|08-19-2026 12:09:24|08-19-2026 13:20:14|08-19-2026 14:35:34||08-19-2026 14:35:49|08-19-2026 18:39:19|08-19-2026 18:39:20|6.01|10.06|4.06
BRCJM01|BRBAT|BRBAT|93027.12|Shipped|||C8721|07250-130|SP|BR|T11493||27|0|11130|11130|11130|Y|08-19-2026 10:09:05|08-19-2026 09:59:32|||08-19-2026 10:45:13|08-19-2026 11:04:58|08-19-2026 15:45:46|08-19-2026 19:20:12|08-19-2026 19:21:52||08-19-2026 19:22:03|08-19-2026 19:22:23|08-19-2026 19:22:24|9.22|9.22|.01
BRCJM01|BRBAT|BRBAT|93029.12|Shipped|||C8721|07250-130|SP|BR|T11493||3|0|0|169800|169800|Y|08-19-2026 09:41:58|08-19-2026 09:39:14|||08-19-2026 09:45:19|08-19-2026 09:45:37|08-19-2026 11:46:19|08-19-2026 17:50:09|08-19-2026 18:35:23||08-19-2026 18:35:33|08-19-2026 18:39:35|08-19-2026 18:39:36|8.89|8.96|.07
BRCJM01|BRBAT|BRBAT|93362.12|Shipped|||C13738|25056-075|RIO DE JANEIRO|BR|T8989||5|0|0|214752|214752|Y|08-20-2026 16:30:54|08-20-2026 16:25:51|||08-20-2026 16:31:36|08-20-2026 16:32:43|08-21-2026 15:16:03|08-21-2026 15:56:40|08-21-2026 16:18:40||08-21-2026 16:19:03|08-21-2026 16:21:45|08-21-2026 16:21:49|23.8|23.85|.05
BRCJM01|BRBAT|BRBAT|93363.12|Shipped|||C13738|25056-075|RIO DE JANEIRO|BR|T8989||1|0|12000|12000|12000|Y|08-20-2026 08:36:02|08-20-2026 08:30:24|||08-20-2026 10:20:38|08-20-2026 10:22:26|08-21-2026 09:49:21|08-21-2026 11:43:08|08-21-2026 16:19:35||08-21-2026 16:19:47|08-21-2026 16:22:09|08-21-2026 16:22:11|31.73|31.77|.04
BRCJM01|BRBAT|BRBAT|93364.12|Shipped|||C13738|25056-075|RIO DE JANEIRO|BR|T8989||3|0|11980|11980|11980|Y|08-20-2026 08:36:04|08-20-2026 08:30:35|||08-20-2026 10:28:05|08-20-2026 10:29:24|08-21-2026 09:28:01|08-21-2026 10:07:05|08-21-2026 16:20:19||08-21-2026 16:20:31|08-21-2026 16:22:43|08-21-2026 16:22:43|31.74|31.78|.04
BRCJM01|BRBAT|BRBAT|93365.12|Shipped|||C13738|25056-075|RIO DE JANEIRO|BR|T8989||28|0|8137.2|8137.2|8137.2|Y|08-20-2026 08:36:04|08-20-2026 08:31:02|||08-20-2026 10:42:10|08-20-2026 10:43:38|08-21-2026 09:36:48|08-21-2026 16:17:55|08-21-2026 16:18:00||08-21-2026 16:18:11|08-21-2026 16:21:15|08-21-2026 16:21:16|31.7|31.75|.05
BRCJM01|BRBAT|BRBAT|93379.12|Shipped|||C8720|17022-531|SP|BR|T11493||38|0|9038.95|9218.5|9218.5|Y|08-20-2026 08:37:05|08-20-2026 08:31:59|||08-20-2026 08:58:29|08-20-2026 09:07:43|08-20-2026 09:23:52|08-20-2026 18:27:43|08-20-2026 18:27:47||08-20-2026 18:28:21|08-20-2026 18:28:21|08-20-2026 18:28:53|9.85|9.86|.01
BRCJM01|BRBAT|BRBAT|93380.12|Shipped|||C8715|13054-709|SP|BR|T11493||36|0|10472.5|10472.5|10472.5|Y|08-20-2026 08:37:05|08-20-2026 08:33:03|||08-20-2026 09:18:27|08-20-2026 09:29:29|08-20-2026 09:42:24|08-20-2026 18:03:57|08-20-2026 18:29:19||08-20-2026 18:29:30|08-20-2026 18:30:56|08-20-2026 18:30:57|9.87|9.9|.02
BRCJM01|BRBAT|BRBAT|93381.12|Shipped|||C8721|07250-130|SP|BR|T11493||4|0|12000|12000|12000|Y|08-20-2026 08:37:06|08-20-2026 08:32:46|||08-20-2026 09:49:49|08-20-2026 09:56:09|08-20-2026 13:25:24|08-20-2026 21:54:38|08-20-2026 22:25:44||08-20-2026 22:26:07|08-20-2026 22:28:29|08-20-2026 22:28:31|13.82|13.86|.04
BRCJM01|BRBAT|BRBAT|93382.12|Shipped|||C8721|07250-130|SP|BR|T11493||21|0|7720.4|7720.4|7720.4|Y|08-20-2026 08:37:06|08-20-2026 08:33:02|||08-20-2026 09:43:15|08-20-2026 09:44:23|08-20-2026 10:20:42|08-20-2026 20:14:12|08-20-2026 20:14:15||08-20-2026 20:14:25|08-20-2026 20:14:48|08-20-2026 20:14:49|11.62|11.63|.01
BRCJM01|BRBAT|BRBAT|93409.12|Shipped|||C13735|83326-010|PR|BR|T8989||39|0|10150|10150|10150|Y|08-20-2026 08:37:06|08-20-2026 08:33:25|||08-20-2026 08:49:08|08-20-2026 08:51:06|08-20-2026 09:04:37|08-20-2026 12:28:02|08-20-2026 14:48:35||08-20-2026 14:49:03|08-20-2026 14:50:44|08-20-2026 14:50:58|6.2|6.23|.03
BRCJM01|BRBAT|BRBAT|93411.12|Shipped|||C8715|13054-709|SP|BR|T8989||6|0|0|44640|44640|Y|08-20-2026 15:27:32|08-20-2026 15:23:54|||08-20-2026 15:29:54|08-20-2026 15:32:02|08-20-2026 16:32:33|08-20-2026 16:47:57|08-20-2026 18:29:53||08-20-2026 18:29:59|08-20-2026 18:31:13|08-20-2026 18:31:15|3.04|3.06|.02
BRCJM01|BRBAT|BRBAT|93413.12|Shipped|||C13735|83326-010|PR|BR|T8989||13|0|1500|70812|70812|Y|08-20-2026 11:56:20|08-20-2026 11:52:37|||08-20-2026 12:10:32|08-20-2026 12:10:52|08-20-2026 13:46:46|08-20-2026 14:23:43|08-20-2026 14:49:56||08-20-2026 14:50:09|08-20-2026 14:51:22|08-20-2026 14:51:24|2.9|2.92|.02
BRCJM01|BRBAT|BRBAT|93614.12|Shipped|||C8720|17022-531|SP|BR|T8989||8|0|0|87888|87888|Y|08-20-2026 23:13:57|08-20-2026 23:06:50|||08-20-2026 23:32:06|08-20-2026 23:33:13|08-20-2026 23:34:44|08-20-2026 23:37:42|08-20-2026 23:37:57||08-20-2026 23:38:08|08-20-2026 23:39:02|08-20-2026 23:39:04|.4|.42|.02
BRCJM01|BRBAT|BRBAT|93615.12|Shipped|||C8721|07250-130|SP|BR|T8989||4|0|0|171168|171168|Y|08-20-2026 17:08:03|08-20-2026 17:03:05|||08-20-2026 17:11:07|08-20-2026 17:12:06|08-20-2026 17:23:37|08-20-2026 17:31:46|08-20-2026 18:30:17||08-20-2026 18:30:23|08-20-2026 18:31:37|08-20-2026 18:31:56|1.37|1.4|.03
BRCJM01|BRBAT|BRBAT|93700.12|Shipped|||C13735|83326-010|PR|BR|T8989||1|0|95.2|95.2|95.2|Y|08-21-2026 14:39:58|08-21-2026 14:31:56|||08-21-2026 14:40:30|08-21-2026 14:42:17|08-21-2026 14:45:04|08-21-2026 14:45:04|08-21-2026 14:45:17||08-21-2026 14:45:25|08-21-2026 14:45:51|08-21-2026 14:45:56|.09|.1|.01
BRCJM01|BRBAT|BRBAT|93768.12|Shipped|||C8715|13054-709|SP|BR|T8989||45|0|11630|11630|11630|Y|08-21-2026 09:58:11|08-21-2026 09:49:40|||08-21-2026 10:16:16|08-21-2026 10:18:48|08-21-2026 16:52:46|08-21-2026 19:55:50|08-21-2026 19:56:31||08-21-2026 19:56:49|08-21-2026 19:57:22|08-21-2026 19:57:24|9.98|9.99|.01
BRCJM01|BRBAT|BRBAT|93769.12|Shipped|||C8721|07250-130|SP|BR|T8989||5|0|12000|12000|12000|Y|08-21-2026 09:58:13|08-21-2026 09:50:47|||08-21-2026 10:24:12|08-21-2026 10:24:29|08-21-2026 11:45:41|08-21-2026 15:36:27|08-21-2026 19:51:46||08-21-2026 19:52:07|08-21-2026 19:58:21|08-21-2026 19:58:21|9.9|10|.1
BRCJM01|BRBAT|BRBAT|93770.12|Shipped|||C8721|07250-130|SP|BR|T8989||31|0|9580|9580|9580|Y|08-21-2026 09:58:13|08-21-2026 09:51:14|||08-21-2026 10:32:23|08-21-2026 10:33:42|08-21-2026 14:36:43|08-21-2026 16:32:58|08-21-2026 19:53:28||08-21-2026 19:53:44|08-21-2026 19:58:08|08-21-2026 19:58:09|9.93|10|.07
BRCJM01|BRBAT|BRBAT|93771.12|Shipped|||C13738|25056-075|RIO DE JANEIRO|BR|T8989||2|0|12000|12000|12000|Y|08-21-2026 09:58:13|08-21-2026 09:51:53|||08-21-2026 11:18:07|08-21-2026 11:23:54|08-21-2026 18:10:02|08-21-2026 18:11:17|08-22-2026 13:32:58||08-22-2026 13:33:07|08-22-2026 13:33:46|08-22-2026 13:33:48|27.58|27.59|.01
BRCJM01|BRBAT|BRBAT|93772.12|Shipped|||C13738|25056-075|RIO DE JANEIRO|BR|T8989||37|0|11777.2|11777.2|11777.2|Y|08-21-2026 09:58:13|08-21-2026 09:52:23|||08-21-2026 11:25:12|08-21-2026 11:42:44|08-21-2026 19:58:23|08-22-2026 13:37:51|08-22-2026 13:38:06||08-22-2026 13:38:51|08-22-2026 13:39:17|08-22-2026 13:39:18|27.68|27.68|.01
BRCJM01|BRBAT|BRBAT|93773.12|Shipped|||C8715|13054-709|SP|BR|T11493||2|0|0|39360|39360|Y|08-21-2026 10:09:16|08-21-2026 10:02:32|||08-21-2026 10:18:22|08-21-2026 10:18:50|08-21-2026 15:22:37|08-21-2026 15:26:51|08-21-2026 19:54:34||08-21-2026 19:54:40|08-21-2026 19:57:43|08-21-2026 19:57:43|9.76|9.81|.05
BRCJM01|BRBAT|BRBAT|93774.12|Shipped|||C8721|07250-130|SP|BR|T11493||3|0|0|108480|108480|Y|08-21-2026 10:53:32|08-21-2026 10:48:17|||08-21-2026 11:09:15|08-21-2026 11:09:59|08-21-2026 15:00:18|08-21-2026 15:17:57|08-21-2026 19:54:01||08-21-2026 19:54:07|08-21-2026 19:58:34|08-21-2026 19:58:35|9.01|9.08|.07
BRCJM01|BRBAT|BRBAT|93935.12|Shipped|||C8721|07250-130|SP|BR|T11493||1|0|0|23040|23040|Y|08-24-2026 07:48:38|08-24-2026 07:41:26|||08-24-2026 09:47:14|08-24-2026 09:48:57|08-24-2026 09:55:51|08-24-2026 10:00:35|08-24-2026 10:01:51||08-24-2026 10:02:03|08-24-2026 18:24:38|08-24-2026 18:24:39|2.22|10.6|8.38
BRCJM01|BRBAT|BRBAT|93936.12|Shipped|||C8721|07250-130|SP|BR|T11493||3|0|12000|12000|12000|Y|08-24-2026 07:48:40|08-24-2026 07:41:34|||08-24-2026 09:34:11|08-24-2026 09:39:42|08-24-2026 13:07:17|08-24-2026 15:14:56|08-24-2026 17:59:12||08-24-2026 17:59:27|08-24-2026 18:25:11|08-24-2026 18:25:14|10.18|10.61|.43
BRCJM01|BRBAT|BRBAT|93937.12|Shipped|||C8721|07250-130|SP|BR|T11493||4|0|12000|12000|12000|Y|08-24-2026 07:48:40|08-24-2026 07:41:47|||08-24-2026 09:23:09|08-24-2026 09:32:06|08-24-2026 16:42:48|08-24-2026 18:11:43|08-24-2026 18:22:49||08-24-2026 18:23:09|08-24-2026 18:25:55|08-24-2026 18:25:56|10.57|10.62|.05
BRCJM01|BRBAT|BRBAT|93938.12|Shipped|||C8721|07250-130|SP|BR|T11493||31|0|11080|11080|11080|Y|08-24-2026 07:48:40|08-24-2026 07:42:23|||08-24-2026 09:10:52|08-24-2026 09:12:29|08-24-2026 09:36:52|08-24-2026 19:23:33|08-24-2026 19:27:22||08-24-2026 19:28:11|08-24-2026 19:29:08|08-24-2026 19:29:10|11.66|11.68|.02
BRCJM01|BRBAT|BRBAT|94018.12|Shipped|||C13737|86046-230|PR|BR|T8989||7|0|11940|11940|11940|Y|08-24-2026 07:49:40|08-24-2026 07:43:13|||08-24-2026 08:38:25|08-24-2026 08:42:15|08-24-2026 09:01:11|08-24-2026 13:56:10|08-24-2026 13:57:48||08-24-2026 13:58:14|08-24-2026 13:58:48|08-24-2026 13:58:50|6.14|6.15|.01
BRCJM01|BRBAT|BRBAT|94019.12|Shipped|||C13738|25056-075|RIO DE JANEIRO|BR|T8989||2|0|12000|12000|12000|Y|08-24-2026 07:49:41|08-24-2026 07:43:28|||08-24-2026 09:52:15|08-24-2026 09:57:40|08-24-2026 20:52:52|08-24-2026 21:15:32|08-25-2026 12:04:04||08-25-2026 12:04:18|08-25-2026 12:07:04|08-25-2026 12:07:06|28.24|28.29|.05
BRCJM01|BRBAT|BRBAT|94020.12|Shipped|||C13738|25056-075|RIO DE JANEIRO|BR|T8989||26|0|11960|11960|11960|Y|08-24-2026 07:49:41|08-24-2026 07:43:50|||08-24-2026 10:00:52|08-24-2026 10:12:55|08-24-2026 10:36:14|08-25-2026 12:06:09|08-25-2026 12:06:12||08-25-2026 12:06:32|08-25-2026 12:07:35|08-25-2026 12:07:36|28.28|28.3|.02
BRCJM01|BRBAT|BRBAT|94297.12|Shipped|||C13737|86046-230|PR|BR|T8989||1|0|0|144|144|Y|08-25-2026 08:02:54|08-25-2026 07:53:23|||08-25-2026 08:07:54|08-25-2026 08:08:45|08-25-2026 08:11:19|08-25-2026 08:11:19|08-25-2026 08:11:30||08-25-2026 08:11:39|08-25-2026 08:12:27|08-25-2026 08:12:32|.15|.16|.01
BRCJM01|BRBAT|BRBAT|94364.12|Shipped|||C13738|25056-075|RIO DE JANEIRO|BR|T8989||1|0|0|1680|1680|Y|08-25-2026 08:26:01|08-25-2026 08:22:06|||08-25-2026 10:32:14|08-25-2026 10:36:18|08-26-2026 08:36:29|08-26-2026 11:22:08|08-26-2026 11:23:35||08-26-2026 11:23:35|08-26-2026 11:26:42|08-26-2026 11:26:46|26.96|27.01|.05
BRCJM01|BRBAT|BRBAT|94365.12|Shipped|||C13738|25056-075|RIO DE JANEIRO|BR|T8989||3|0|11980|11980|11980|Y|08-25-2026 08:26:01|08-25-2026 08:22:12|||08-25-2026 10:32:56|08-25-2026 10:36:18|08-25-2026 20:20:02|08-25-2026 20:56:08|08-26-2026 11:22:32||08-26-2026 11:24:55|08-26-2026 11:27:07|08-26-2026 11:27:09|26.98|27.02|.04
BRCJM01|BRBAT|BRBAT|94366.12|Shipped|||C13738|25056-075|RIO DE JANEIRO|BR|T8989||30|0|11640|11640|11640|Y|08-25-2026 08:26:02|08-25-2026 08:22:27|||08-25-2026 10:59:25|08-25-2026 11:01:06|08-25-2026 17:59:18|08-26-2026 10:39:20|08-26-2026 11:23:11||08-26-2026 11:25:14|08-26-2026 11:27:33|08-26-2026 11:27:34|26.99|27.03|.04
BRCJM01|BRBAT|BRBAT|94367.12|Shipped|||C13737|86046-230|PR|BR|T8989||4|0|0|27312|27312|Y|08-25-2026 08:26:02|08-25-2026 08:22:23|||08-25-2026 09:11:15|08-25-2026 09:11:37|08-25-2026 11:52:04|08-25-2026 12:04:01|08-25-2026 12:04:14||08-25-2026 12:04:23|08-25-2026 13:09:59|08-25-2026 13:09:59|3.64|4.73|1.09
BRCJM01|BRBAT|BRBAT|94368.12|Shipped|||C13737|86046-230|PR|BR|T8989||41|0|11296.8|11296.8|11296.8|Y|08-25-2026 08:26:02|08-25-2026 08:22:56|||08-25-2026 08:42:09|08-25-2026 09:01:39|08-25-2026 09:33:26|08-25-2026 13:08:54|08-25-2026 13:08:58||08-25-2026 13:09:18|08-25-2026 13:10:56|08-25-2026 13:10:57|4.72|4.75|.03
BRCJM01|BRBAT|BRBAT|94369.12|Shipped|||C8715|13054-709|SP|BR|T11493||31|0|11700|11700|11700|Y|08-25-2026 08:27:03|08-25-2026 08:23:23|||08-25-2026 09:33:36|08-25-2026 09:36:44|08-25-2026 10:08:04|08-25-2026 14:51:06|08-25-2026 17:42:11||08-25-2026 17:42:33|08-25-2026 18:36:32|08-25-2026 18:36:33|9.26|10.16|.9
BRCJM01|BRBAT|BRBAT|94370.12|Shipped|||C8721|07250-130|SP|BR|T11493||1|0|0|21888|21888|Y|08-25-2026 08:27:03|08-25-2026 08:23:55|||08-25-2026 10:05:23|08-25-2026 10:05:47|08-25-2026 12:07:32|08-25-2026 12:08:56|08-25-2026 12:12:26||08-25-2026 12:12:38|08-25-2026 18:37:00|08-25-2026 18:37:07|3.76|10.17|6.41
BRCJM01|BRBAT|BRBAT|94371.12|Shipped|||C8721|07250-130|SP|BR|T11493||5|0|12000|12000|12000|Y|08-25-2026 08:27:03|08-25-2026 08:24:08|||08-25-2026 09:57:55|08-25-2026 10:05:04|08-25-2026 18:35:21|08-25-2026 20:11:55|08-25-2026 20:13:44||08-25-2026 20:13:59|08-25-2026 20:14:29|08-25-2026 20:14:30|11.78|11.79|.01
BRCJM01|BRBAT|BRBAT|94372.12|Shipped|||C8721|07250-130|SP|BR|T11493||32|0|10917.2|10917.2|10917.2|Y|08-25-2026 08:27:03|08-25-2026 08:24:30|||08-25-2026 09:42:29|08-25-2026 09:49:25|08-25-2026 10:28:24|08-25-2026 18:19:08|08-25-2026 18:27:45||08-25-2026 18:28:04|08-25-2026 18:37:35|08-25-2026 18:37:36|10.02|10.18|.16
BRCJM01|BRBAT|BRBAT|94670.12|Shipped|||C8721|07250-130|SP|BR|T11493||2|0|0|15840|15840|Y|08-25-2026 17:55:30|08-25-2026 17:50:47|||08-25-2026 18:06:41|08-25-2026 18:10:39|08-26-2026 10:24:10|08-26-2026 10:43:59|08-26-2026 18:03:33||08-26-2026 18:03:46|08-26-2026 18:19:05|08-26-2026 18:19:09|24.14|24.39|.26
BRCJM01|BRBAT|BRBAT|94671.12|Shipped|||C8721|07250-130|SP|BR|T11493||2|0|12000|12000|12000|Y|08-25-2026 17:55:31|08-25-2026 17:50:51|||08-25-2026 18:13:30|08-25-2026 18:14:46|08-26-2026 16:32:59|08-26-2026 18:17:19|08-26-2026 18:18:06||08-26-2026 18:18:27|08-26-2026 18:19:50|08-26-2026 18:19:51|24.38|24.41|.02
BRCJM01|BRBAT|BRBAT|94672.12|Shipped|||C8721|07250-130|SP|BR|T11493||35|0|10773.8|10773.8|10773.8|Y|08-26-2026 08:16:17|08-26-2026 08:08:57|||08-26-2026 08:56:26|08-26-2026 09:14:58|08-26-2026 10:18:10|08-26-2026 17:46:17|08-26-2026 18:11:58||08-26-2026 18:12:37|08-26-2026 18:20:28|08-26-2026 18:20:30|9.94|10.07|.13
BRCJM01|BRBAT|BRBAT|94763.12|Shipped|||C13738|25056-075|RIO DE JANEIRO|BR|T8989||1|0|63|63|63|Y|08-26-2026 08:16:17|08-26-2026 08:09:40|||08-26-2026 09:24:47|08-26-2026 09:25:38|08-26-2026 20:14:10|08-26-2026 20:17:27|08-27-2026 17:05:41||08-27-2026 17:05:54|08-27-2026 17:08:31|08-27-2026 17:08:37|32.83|32.87|.05
BRCJM01|BRBAT|BRBAT|94764.12|Shipped|||C13738|25056-075|RIO DE JANEIRO|BR|T8989||5|0|11920|11920|11920|Y|08-26-2026 08:16:15|08-26-2026 08:09:49|||08-26-2026 09:30:50|08-26-2026 09:39:17|08-26-2026 18:43:54|08-26-2026 19:51:00|08-27-2026 17:06:21||08-27-2026 17:06:33|08-27-2026 17:09:04|08-27-2026 17:09:10|32.84|32.88|.04
BRCJM01|BRBAT|BRBAT|94765.12|Shipped|||C13738|25056-075|RIO DE JANEIRO|BR|T8989||32|0|11191.2|11191.2|11191.2|Y|08-26-2026 08:16:17|08-26-2026 08:10:12|||08-26-2026 09:56:24|08-26-2026 09:58:09|08-27-2026 06:38:01|08-27-2026 15:35:34|08-27-2026 17:07:36||08-27-2026 17:08:01|08-27-2026 17:09:44|08-27-2026 17:09:46|32.86|32.89|.03
BRCJM01|BRBAT|BRBAT|94769.12|Shipped|||C13735|83326-010|PR|BR|T8989||5|0|600|72416|72416|Y|08-26-2026 08:16:18|08-26-2026 08:10:44|||08-26-2026 08:33:18|08-26-2026 08:33:46|08-26-2026 10:10:28|08-26-2026 11:10:03|08-26-2026 14:08:21||08-26-2026 14:08:34|08-26-2026 16:19:50|08-26-2026 16:19:53|5.87|8.06|2.19
BRCJM01|BRBAT|BRBAT|94770.12|Shipped|||C13735|83326-010|PR|BR|T8989||40|0|10278.7|10278.7|10278.7|Y|08-26-2026 08:16:18|08-26-2026 08:11:10|||08-26-2026 08:47:05|08-26-2026 08:48:17|08-26-2026 08:59:22|08-26-2026 14:04:42|08-26-2026 14:09:15||08-26-2026 14:09:32|08-26-2026 16:20:20|08-26-2026 16:20:21|5.89|8.07|2.18
BRCJM01|BRBAT|BRBAT|95153.12|Shipped|||C8720|17022-531|SP|BR|T8989||2|0|6000|24480|24480|Y|08-27-2026 10:54:12|08-27-2026 10:47:44|||08-27-2026 11:03:20|08-27-2026 11:18:38|08-27-2026 15:13:28|08-27-2026 15:26:49|08-27-2026 17:22:47||08-27-2026 17:23:01|08-27-2026 17:54:03|08-27-2026 17:54:05|6.48|7|.52
BRCJM01|BRBAT|BRBAT|95154.12|Shipped|||C8720|17022-531|SP|BR|T8989||2|0|12.6|7212.6|7212.6|Y|08-27-2026 10:55:13|08-27-2026 10:47:57|||08-27-2026 11:13:00|08-27-2026 11:18:38|08-27-2026 15:31:07|08-27-2026 15:34:42|08-27-2026 17:23:25||08-27-2026 17:23:38|08-27-2026 17:54:26|08-27-2026 17:54:28|6.47|6.99|.51
BRCJM01|BRBAT|BRBAT|95155.12|Shipped|||C8720|17022-531|SP|BR|T8989||33|0|10525.55|10545.5|10545.5|Y|08-27-2026 10:55:13|08-27-2026 10:48:38|||08-27-2026 11:13:24|08-27-2026 11:18:38|08-27-2026 13:14:36|08-27-2026 15:44:02|08-27-2026 17:24:58||08-27-2026 17:25:36|08-27-2026 17:55:12|08-27-2026 17:55:13|6.51|7|.49
BRCJM01|BRBAT|BRBAT|95156.12|Shipped|||C8715|13054-709|SP|BR|T8989||4|0|8.4|4616.4|4616.4|Y|08-27-2026 10:55:14|08-27-2026 10:49:33|||08-27-2026 11:30:27|08-27-2026 11:38:56|08-27-2026 15:42:28|08-27-2026 15:45:34|08-27-2026 17:26:15||08-27-2026 17:26:23|08-27-2026 17:55:35|08-27-2026 17:55:39|6.52|7.01|.49
BRCJM01|BRBAT|BRBAT|95157.12|Shipped|||C8715|13054-709|SP|BR|T8989||39|0|11630.225|11640.2|11640.2|Y|08-27-2026 10:55:14|08-27-2026 10:50:09|||08-27-2026 11:30:36|08-27-2026 11:38:57|08-27-2026 16:04:47|08-27-2026 20:28:17|08-27-2026 20:29:30||08-27-2026 20:30:13|08-27-2026 20:30:46|08-27-2026 20:30:47|9.58|9.59|.01
BRCJM01|BRBAT|BRBAT|95158.12|Shipped|||C8721|07250-130|SP|BR|T8989||1|0|100|100|100|Y|08-27-2026 10:55:15|08-27-2026 10:50:32|||08-27-2026 11:06:35|08-27-2026 11:09:41|08-27-2026 11:18:26|08-27-2026 11:18:26|08-27-2026 17:26:48||08-27-2026 17:26:59|08-27-2026 17:56:01|08-27-2026 17:56:05|6.53|7.01|.48
BRCJM01|BRBAT|BRBAT|95159.12|Shipped|||C13735|83326-010|PR|BR|T8989||3|0|3000|16056|16056|Y|08-27-2026 10:08:48|08-27-2026 10:01:01|||08-27-2026 10:14:21|08-27-2026 10:14:44|08-27-2026 10:34:44|08-27-2026 11:03:20|08-27-2026 15:09:09||08-27-2026 15:09:27|08-27-2026 15:12:34|08-27-2026 15:12:36|5.01|5.06|.05
BRCJM01|BRBAT|BRBAT|95160.12|Shipped|||C13735|83326-010|PR|BR|T8989||42|0|10811.725|10821.7|10821.7|Y|08-27-2026 10:08:50|08-27-2026 10:01:27|||08-27-2026 10:24:49|08-27-2026 10:26:31|08-27-2026 10:38:01|08-27-2026 15:05:10|08-27-2026 15:10:24||08-27-2026 15:12:08|08-27-2026 15:14:51|08-27-2026 15:14:53|5.06|5.1|.05
BRCJM01|BRBAT|BRBAT|95195.12|Shipped|||C13738|25056-075|RIO DE JANEIRO|BR|T8989||3|0|12000|12000|12000|Y|08-27-2026 12:14:47|08-27-2026 12:10:22|||08-27-2026 12:21:07|08-27-2026 12:24:50|08-28-2026 10:16:51|08-28-2026 13:22:22|08-28-2026 13:22:26||08-28-2026 13:22:38|08-28-2026 13:24:57|08-28-2026 13:25:01|25.13|25.17|.04
BRCJM01|BRBAT|BRBAT|95196.12|Shipped|||C13738|25056-075|RIO DE JANEIRO|BR|T8989||28|0|11211.46|11940|11940|Y|08-27-2026 12:14:47|08-27-2026 12:10:42|||08-27-2026 12:24:55|08-27-2026 12:54:05|08-28-2026 06:39:17|08-28-2026 13:23:55|08-28-2026 13:23:59||08-28-2026 13:24:28|08-28-2026 13:25:28|08-28-2026 13:25:29|25.16|25.18|.02
BRCJM01|BRBAT|BRBAT|95527.12|Shipped|||C8721|07250-130|SP|BR|T11493||3|0|0|11904|11904|Y|08-28-2026 08:23:59|08-28-2026 08:19:44|||08-28-2026 08:27:57|08-28-2026 08:28:50|08-28-2026 11:15:13|08-28-2026 11:26:36|08-28-2026 11:26:53||08-28-2026 11:27:01|08-28-2026 18:20:12|08-28-2026 18:20:15|3.05|9.94|6.89
BRCJM01|BRBAT|BRBAT|95528.12|Shipped|||C8721|07250-130|SP|BR|T11493||3|0|144|9504|9504|Y|08-28-2026 08:24:01|08-28-2026 08:19:47|||08-28-2026 08:28:15|08-28-2026 08:28:50|08-28-2026 11:36:25|08-28-2026 12:06:15|08-28-2026 13:35:30||08-28-2026 13:36:02|08-28-2026 18:20:36|08-28-2026 18:20:39|5.2|9.94|4.74
BRCJM01|BRBAT|BRBAT|95529.12|Shipped|||C8721|07250-130|SP|BR|T11493||4|0|12000|12000|12000|Y|08-28-2026 08:24:02|08-28-2026 08:19:55|||08-28-2026 08:33:54|08-28-2026 08:48:48|08-28-2026 12:40:03|08-28-2026 17:36:11|08-28-2026 17:39:44||08-28-2026 18:19:31|08-28-2026 18:20:59|08-28-2026 18:21:00|9.92|9.95|.02
BRCJM01|BRBAT|BRBAT|95530.12|Shipped|||C8721|07250-130|SP|BR|T11493||4|0|12000|12000|12000|Y|08-28-2026 08:24:01|08-28-2026 08:19:59|||08-28-2026 08:40:17|08-28-2026 08:48:49|08-28-2026 16:18:21|08-28-2026 20:01:26|08-28-2026 20:24:30||08-28-2026 20:25:01|08-28-2026 21:52:46|08-28-2026 21:52:48|12.02|13.48|1.46
BRCJM01|BRBAT|BRBAT|95531.12|Shipped|||C8721|07250-130|SP|BR|T11493||34|0|10732.1|10732.1|10732.1|Y|08-28-2026 08:24:01|08-28-2026 08:20:24|||08-28-2026 08:57:30|08-28-2026 09:07:44|08-28-2026 09:57:05|08-28-2026 14:21:24|08-28-2026 16:24:49||08-28-2026 16:25:42|08-28-2026 18:21:27|08-28-2026 18:21:28|8.03|9.96|1.93
BRCJM01|BRBAT|BRBAT|95532.12|Shipped|||C13738|25056-075|RIO DE JANEIRO|BR|T8989||3|0|12000|12000|12000|Y|08-28-2026 08:37:04|08-28-2026 08:29:23|||08-28-2026 10:35:31|08-28-2026 10:35:57|08-29-2026 10:14:27|08-29-2026 11:20:04|08-31-2026 11:32:32||08-31-2026 11:32:47|08-31-2026 11:34:38|08-31-2026 11:34:42|74.93|74.96|.03
BRCJM01|BRBAT|BRBAT|95533.12|Shipped|||C13738|25056-075|RIO DE JANEIRO|BR|T8989||24|0|11700.48|11940|11940|Y|08-28-2026 08:37:04|08-28-2026 08:29:46|||08-28-2026 10:42:23|08-28-2026 10:56:12|08-29-2026 09:59:13|08-29-2026 16:07:46|08-31-2026 11:33:35||08-31-2026 11:34:12|08-31-2026 11:35:52|08-31-2026 11:35:53|74.95|74.98|.03
BRCJM01|BRBAT|BRBAT|95620.12|Shipped|||C13738|25056-075|RIO DE JANEIRO|BR|T8989||1|0|12000|12000|12000|Y|08-28-2026 14:05:11|08-28-2026 14:01:07|||08-28-2026 14:09:01|08-28-2026 14:10:20|08-31-2026 11:37:49|08-31-2026 11:45:25|08-31-2026 19:59:38||08-31-2026 19:59:55|08-31-2026 20:00:31|08-31-2026 20:00:32|77.91|77.92|.01
BRCJM01|BRBAT|BRBAT|95621.12|Shipped|||C13738|25056-075|RIO DE JANEIRO|BR|T8989||3|0|11960|11960|11960|Y|08-28-2026 14:05:11|08-28-2026 14:01:14|||08-28-2026 14:23:09|08-28-2026 14:24:19|08-31-2026 13:27:21|08-31-2026 14:10:15|08-31-2026 19:59:44||08-31-2026 19:59:58|08-31-2026 20:00:46|08-31-2026 20:00:47|77.91|77.93|.01
BRCJM01|BRBAT|BRBAT|95622.12|Shipped|||C13738|25056-075|RIO DE JANEIRO|BR|T8989||26|0|11290.5|11290.5|11290.5|Y|08-28-2026 14:05:11|08-28-2026 14:01:45|||08-28-2026 14:35:08|08-28-2026 14:37:40|09-01-2026 08:16:04|09-01-2026 15:41:11|09-01-2026 15:44:44||09-01-2026 15:45:29|09-01-2026 15:46:01|09-01-2026 15:46:03|97.67|97.68|.01
BRCJM01|BRBAT|BRBAT|95768.12|Shipped|||C13737|86046-230|PR|BR|T8989||3|0|0|55104|55104|Y|08-28-2026 17:00:18|08-28-2026 16:56:19|||08-28-2026 17:07:41|08-28-2026 17:19:55|08-29-2026 15:49:30|08-29-2026 15:56:52|08-29-2026 15:57:04||08-29-2026 15:57:11|08-31-2026 13:27:22|08-31-2026 13:27:41|22.95|68.46|45.51
BRCJM01|BRBAT|BRBAT|95769.12|Shipped|||C13737|86046-230|PR|BR|T8989||1|0|0|20160|20160|Y|08-28-2026 17:26:31|08-28-2026 16:56:21|||08-28-2026 17:28:46|08-28-2026 17:29:34|08-29-2026 15:39:42|08-29-2026 15:44:11|08-29-2026 15:44:24||08-29-2026 15:44:32|08-31-2026 13:28:34|08-31-2026 13:28:37|22.3|68.04|45.73
BRCJM01|BRBAT|BRBAT|95770.12|Shipped|||C13737|86046-230|PR|BR|T8989||42|0|8560.05|8580|8580|Y|08-28-2026 17:02:20|08-28-2026 16:56:53|||08-28-2026 17:20:00|08-28-2026 17:21:17|08-31-2026 06:42:00|08-31-2026 11:36:44|08-31-2026 11:39:16||08-31-2026 11:39:39|08-31-2026 13:29:08|08-31-2026 13:29:10|66.62|68.45|1.83
BRCJM01|BRBAT|BRBAT|95782.12|Shipped|||C8721|07250-130|SP|BR|T11493||1|0|0|11520|11520|Y|08-28-2026 17:13:27|08-28-2026 17:06:12|||08-28-2026 17:42:46|08-28-2026 17:49:41|08-31-2026 15:53:02|08-31-2026 15:55:09|08-31-2026 15:58:48||08-31-2026 15:58:59|08-31-2026 17:58:13|08-31-2026 17:58:18|70.76|72.75|1.99
BRCJM01|BRBAT|BRBAT|95783.12|Shipped|||C8721|07250-130|SP|BR|T11493||1|0|0|23040|23040|Y|08-28-2026 17:13:27|08-28-2026 17:08:35|||08-28-2026 17:47:19|08-28-2026 17:49:41|08-31-2026 11:18:57|08-31-2026 11:22:30|08-31-2026 11:43:01||08-31-2026 11:43:16|08-31-2026 17:58:38|08-31-2026 17:58:41|66.5|72.75|6.26
BRCJM01|BRBAT|BRBAT|95784.12|Shipped|||C8721|07250-130|SP|BR|T11493||3|0|0|122448|122448|Y|08-28-2026 17:13:27|08-28-2026 17:08:37|||08-28-2026 17:47:35|08-28-2026 17:49:41|08-31-2026 11:24:16|08-31-2026 11:55:19|08-31-2026 13:32:08||08-31-2026 13:33:31|08-31-2026 17:59:02|08-31-2026 17:59:06|68.33|72.76|4.43
BRCJM01|BRBAT|BRBAT|95785.12|Shipped|||C8721|07250-130|SP|BR|T11493||1|0|12000|12000|12000|Y|08-28-2026 17:14:27|08-28-2026 17:08:49|||08-28-2026 17:47:50|08-28-2026 17:49:42|08-31-2026 11:55:36|08-31-2026 13:29:00|08-31-2026 15:49:30||08-31-2026 15:49:43|08-31-2026 17:59:35|08-31-2026 17:59:36|70.59|72.75|2.16
BRCJM01|BRBAT|BRBAT|95786.12|Shipped|||C8721|07250-130|SP|BR|T11493||5|0|11920|11920|11920|Y|08-28-2026 17:14:28|08-28-2026 17:08:52|||08-28-2026 17:49:57|08-28-2026 18:00:05|08-31-2026 13:46:27|08-31-2026 15:04:18|08-31-2026 15:50:42||08-31-2026 15:50:54|08-31-2026 17:59:59|08-31-2026 18:00:02|70.61|72.76|2.15
BRCJM01|BRBAT|BRBAT|95787.12|Shipped|||C8721|07250-130|SP|BR|T11493||12|0|8630|8630|8630|Y|08-28-2026 17:14:28|08-28-2026 17:09:08|||08-28-2026 18:01:26|08-28-2026 18:02:23|08-31-2026 08:39:02|08-31-2026 18:12:24|08-31-2026 18:13:31||08-31-2026 18:14:08|08-31-2026 18:14:40|08-31-2026 18:14:41|72.99|73|.01
BRCJM01|BRBAT|BRBAT|96458.12|Shipped|||C8721|07250-130|SP|BR|T11493||4|0|12000|12000|12000|Y|09-01-2026 09:58:34|09-01-2026 09:53:33|||09-01-2026 10:05:39|09-01-2026 10:10:39|09-01-2026 13:33:22|09-01-2026 15:41:47|09-01-2026 15:59:14||09-01-2026 15:59:35|09-01-2026 16:07:08|09-01-2026 16:07:09|6.02|6.14|.13
BRCJM01|BRBAT|BRBAT|96459.12|Shipped|||C8721|07250-130|SP|BR|T11493||23|0|8890.2|8890.2|8890.2|Y|09-01-2026 09:58:36|09-01-2026 09:53:46|||09-01-2026 10:26:16|09-01-2026 10:28:15|09-01-2026 10:47:48|09-01-2026 12:54:26|09-01-2026 16:00:12||09-01-2026 16:00:38|09-01-2026 16:07:32|09-01-2026 16:07:33|6.03|6.15|.12
BRCJM01|BRBAT|BRBAT|96463.12|Shipped|||C8721|07250-130|SP|BR|T11493||5|0|9000|109352|109352|Y|09-01-2026 10:09:44|09-01-2026 10:03:12|||09-01-2026 10:42:58|09-01-2026 10:43:26|09-01-2026 11:02:23|09-01-2026 11:50:00|09-01-2026 16:06:25||09-01-2026 16:06:38|09-01-2026 16:07:56|09-01-2026 16:08:01|5.95|5.97|.02
BRCJM01|BRBAT|BRBAT|96842.12|Shipped|||C13738|25056-075|RIO DE JANEIRO|BR|T8989||2|0|6144|6144|6144|Y|09-02-2026 08:46:11|09-02-2026 08:38:49|||09-02-2026 09:41:51|09-02-2026 09:42:44|09-02-2026 10:39:55|09-02-2026 15:22:48|09-02-2026 15:22:53||09-02-2026 15:23:05|09-02-2026 15:27:29|09-02-2026 15:27:33|6.62|6.69|.07
BRCJM01|BRBAT|BRBAT|96843.12|Shipped|||C13738|25056-075|RIO DE JANEIRO|BR|T8989||1|0|0|1440|1440|Y|09-02-2026 08:46:14|09-02-2026 08:38:58|||09-02-2026 09:41:59|09-02-2026 09:42:44|09-02-2026 10:26:57|09-02-2026 10:26:57|09-02-2026 15:24:01||09-02-2026 15:24:13|09-02-2026 15:27:56|09-02-2026 15:28:00|6.63|6.7|.06
BRCJM01|BRBAT|BRBAT|96844.12|Shipped|||C13738|25056-075|RIO DE JANEIRO|BR|T8989||2|0|12000|12000|12000|Y|09-02-2026 08:46:14|09-02-2026 08:39:04|||09-02-2026 08:50:01|09-02-2026 08:54:23|09-02-2026 09:08:30|09-02-2026 09:45:15|09-02-2026 15:24:46||09-02-2026 15:25:03|09-02-2026 15:28:16|09-02-2026 15:28:20|6.65|6.7|.05
BRCJM01|BRBAT|BRBAT|96845.12|Shipped|||C13738|25056-075|RIO DE JANEIRO|BR|T8989||2|0|11780|11780|11780|Y|09-02-2026 08:46:14|09-02-2026 08:39:11|||09-02-2026 08:55:50|09-02-2026 09:05:13|09-02-2026 09:57:34|09-02-2026 13:50:25|09-02-2026 15:25:37||09-02-2026 15:25:51|09-02-2026 15:28:53|09-02-2026 15:29:00|6.66|6.71|.05
BRCJM01|BRBAT|BRBAT|96846.12|Shipped|||C13738|25056-075|RIO DE JANEIRO|BR|T8989||29|0|11027.5|11027.5|11027.5|Y|09-02-2026 08:46:14|09-02-2026 08:39:29|||09-02-2026 09:22:45|09-02-2026 09:31:13|09-02-2026 10:18:19|09-02-2026 15:02:00|09-02-2026 15:26:40||09-02-2026 15:27:08|09-02-2026 15:29:33|09-02-2026 15:29:34|6.68|6.72|.04
BRCJM01|BRBAT|BRBAT|97130.12|Shipped|||C8715|13054-709|SP|BR|T8989||34|0|8948.7|8948.7|8948.7|Y|09-03-2026 08:40:01|09-03-2026 08:37:18|||09-03-2026 08:43:28|09-03-2026 08:52:10|09-03-2026 09:21:08|09-03-2026 12:49:09|09-03-2026 16:51:42||09-03-2026 16:52:01|09-03-2026 18:35:21|09-03-2026 18:35:23|8.2|9.92|1.72
BRCJM01|BRBAT|BRBAT|97131.12|Shipped|||C8721|07250-130|SP|BR|T8989||6|0|0|40192|40192|Y|09-03-2026 08:40:03|09-03-2026 08:37:08|||09-03-2026 08:51:54|09-03-2026 08:52:10|09-03-2026 10:26:50|09-03-2026 10:57:00|09-03-2026 11:00:50||09-03-2026 11:01:05|09-03-2026 18:35:53|09-03-2026 18:35:54|2.35|9.93|7.58
BRCJM01|BRBAT|BRBAT|97132.12|Shipped|||C8721|07250-130|SP|BR|T8989||6|0|12000|12000|12000|Y|09-03-2026 08:48:05|09-03-2026 08:39:39|||09-03-2026 09:46:18|09-03-2026 09:54:28|09-03-2026 13:02:25|09-03-2026 17:37:22|09-03-2026 17:38:18||09-03-2026 17:38:47|09-03-2026 18:36:30|09-03-2026 18:36:31|8.85|9.81|.96
BRCJM01|BRBAT|BRBAT|97133.12|Shipped|||C8721|07250-130|SP|BR|T8989||36|0|11177.8|11177.8|11177.8|Y|09-03-2026 08:48:05|09-03-2026 08:40:19|||09-03-2026 09:30:56|09-03-2026 09:34:01|09-03-2026 09:56:10|09-03-2026 19:47:15|09-03-2026 19:47:23||09-03-2026 19:47:58|09-03-2026 19:48:33|09-03-2026 19:48:34|11|11.01|.01
BRCJM01|BRBAT|BRBAT|97134.12|Shipped|||C13735|83326-010|PR|BR|T8989||48|0|10857.3|10977|10977|Y|09-03-2026 08:49:06|09-03-2026 08:41:19|||09-03-2026 08:53:30|09-03-2026 08:57:14|09-03-2026 09:14:46|09-03-2026 12:20:21|09-03-2026 13:05:12||09-03-2026 13:05:42|09-03-2026 13:06:15|09-03-2026 13:06:17|4.28|4.29|.01
BRCJM01|BRBAT|BRBAT|97155.12|Shipped|||C8715|13054-709|SP|BR|T11493||11|0|0|133072|133072|Y|09-03-2026 10:51:46|09-03-2026 10:44:01|||09-03-2026 11:58:54|09-03-2026 12:00:13|09-03-2026 12:09:39|09-03-2026 18:20:07|09-03-2026 18:34:34||09-03-2026 18:34:50|09-03-2026 18:36:54|09-03-2026 18:36:58|7.72|7.75|.04
BRCJM01|BRBAT|BRBAT|97156.12|Shipped|||C13735|83326-010|PR|BR|T8989||8|0|3000|29208|29208|Y|09-03-2026 11:03:55|09-03-2026 10:56:48|||09-03-2026 11:10:12|09-03-2026 11:13:08|09-03-2026 11:30:28|09-03-2026 11:58:53|09-03-2026 12:00:47||09-03-2026 12:00:57|09-03-2026 13:06:40|09-03-2026 13:06:41|.95|2.05|1.1
BRCJM01|BRBAT|BRBAT|97308.12|Shipped|||C13738|25056-075|RIO DE JANEIRO|BR|T8989||1|0|30|30|30|Y|09-03-2026 16:09:02|09-03-2026 16:00:52|||09-03-2026 16:14:53|09-03-2026 16:16:31|09-03-2026 16:23:44|09-03-2026 16:23:44|09-03-2026 16:26:24||09-03-2026 16:26:47|09-03-2026 16:27:04|09-03-2026 16:27:07|.3|.3|.01
BRCJM01|BRBAT|BRBAT|97512.12|Shipped|||C8721|07250-130|SP|BR|T11493||4|0|12000|12000|12000|Y|09-04-2026 07:45:36|09-04-2026 07:41:23|||09-04-2026 10:44:14|09-04-2026 10:51:48|09-04-2026 14:14:03|09-04-2026 18:45:48|09-04-2026 18:47:22||09-04-2026 18:47:40|09-04-2026 18:48:18|09-04-2026 18:48:20|11.03|11.05|.01
BRCJM01|BRBAT|BRBAT|97513.12|Shipped|||C8721|07250-130|SP|BR|T11493||38|0|11590.2|11590.2|11590.2|Y|09-04-2026 07:45:38|09-04-2026 07:41:44|||09-04-2026 10:58:23|09-04-2026 10:58:39|09-04-2026 16:18:15|09-04-2026 18:36:59|09-04-2026 18:43:09||09-04-2026 18:43:36|09-04-2026 18:50:06|09-04-2026 18:50:07|10.97|11.07|.11
BRCJM01|BRBAT|BRBAT|97514.12|Shipped|||C13738|25056-075|RIO DE JANEIRO|BR|T8989||8|0|0|50448|50448|Y|09-04-2026 08:36:52|09-04-2026 08:29:19|||09-04-2026 09:56:35|09-04-2026 09:57:16|09-04-2026 11:42:09|09-04-2026 12:03:40|09-04-2026 12:03:50||09-04-2026 12:03:58|09-04-2026 15:42:01|09-04-2026 15:42:05|3.45|7.09|3.64
BRCJM01|BRBAT|BRBAT|97515.12|Shipped|||C13738|25056-075|RIO DE JANEIRO|BR|T8989||2|0|12000|12000|12000|Y|09-04-2026 08:36:53|09-04-2026 08:29:33|||09-04-2026 09:35:30|09-04-2026 09:38:17|09-04-2026 10:14:47|09-04-2026 13:20:38|09-04-2026 13:20:43||09-04-2026 13:20:54|09-04-2026 15:42:24|09-04-2026 15:42:27|4.73|7.09|2.36
BRCJM01|BRBAT|BRBAT|97516.12|Shipped|||C13738|25056-075|RIO DE JANEIRO|BR|T8989||5|0|11860|11860|11860|Y|09-04-2026 08:36:53|09-04-2026 08:29:42|||09-04-2026 09:38:56|09-04-2026 09:50:46|09-04-2026 10:22:32|09-04-2026 11:21:25|09-04-2026 13:21:28||09-04-2026 13:21:40|09-04-2026 15:43:01|09-04-2026 15:43:04|4.75|7.1|2.36
BRCJM01|BRBAT|BRBAT|97517.12|Shipped|||C13738|25056-075|RIO DE JANEIRO|BR|T8989||37|0|10988.4|10988.4|10988.4|Y|09-04-2026 08:36:53|09-04-2026 08:30:15|||09-04-2026 09:03:17|09-04-2026 09:11:30|09-04-2026 09:36:46|09-04-2026 14:57:06|09-04-2026 15:41:28||09-04-2026 15:41:44|09-04-2026 15:43:28|09-04-2026 15:43:30|7.08|7.11|.03
BRCJM01|BRBAT|BRBAT|97518.12|Shipped|||C13737|86046-230|PR|BR|T8989||4|0|0|6960|6960|Y|09-04-2026 08:36:54|09-04-2026 08:31:02|||09-04-2026 09:56:47|09-04-2026 09:57:16|09-04-2026 10:37:28|09-04-2026 10:42:00|09-04-2026 10:42:07||09-04-2026 10:42:15|09-04-2026 16:32:46|09-04-2026 16:32:49|2.09|7.93|5.84
BRCJM01|BRBAT|BRBAT|97519.12|Shipped|||C13737|86046-230|PR|BR|T8989||42|0|11395.775|11505.5|11505.5|Y|09-04-2026 08:36:53|09-04-2026 08:31:29|||09-04-2026 09:27:39|09-04-2026 09:29:15|09-04-2026 09:49:46|09-04-2026 14:01:58|09-04-2026 15:45:36||09-04-2026 15:45:58|09-04-2026 16:33:22|09-04-2026 16:33:23|7.15|7.94|.79
BRCJM01|BRBAT|BRBAT|97524.12|Shipped|||C13738|25056-075|RIO DE JANEIRO|BR|T8989||1|0|120|120|120|Y|09-04-2026 13:24:45|09-04-2026 13:20:57|||09-04-2026 13:29:30|09-04-2026 13:30:53|09-04-2026 13:32:43|09-04-2026 13:32:43|09-04-2026 13:33:00||09-04-2026 13:33:13|09-04-2026 13:33:53|09-04-2026 13:33:58|.14|.15|.01
BRCJM01|BRBAT|BRBAT|97776.12|Shipped|||C13738|25056-075|RIO DE JANEIRO|BR|T8989||1|0|0|7920|7920|Y|09-08-2026 08:52:13|09-08-2026 08:46:27|||09-08-2026 09:20:35|09-08-2026 09:25:20|09-08-2026 13:27:11|09-08-2026 13:27:11|09-08-2026 14:37:11||09-08-2026 14:37:27|09-08-2026 15:07:07|09-08-2026 15:07:13|5.75|6.25|.5
BRCJM01|BRBAT|BRBAT|97777.12|Shipped|||C13738|25056-075|RIO DE JANEIRO|BR|T8989||3|0|11940|11940|11940|Y|09-08-2026 08:52:15|09-08-2026 08:46:34|||09-08-2026 09:20:52|09-08-2026 09:25:20|09-08-2026 09:41:15|09-08-2026 11:47:53|09-08-2026 14:38:25||09-08-2026 14:38:43|09-08-2026 15:07:41|09-08-2026 15:07:44|5.77|6.26|.48
BRCJM01|BRBAT|BRBAT|97778.12|Shipped|||C13738|25056-075|RIO DE JANEIRO|BR|T8989||5|0|11740|11740|11740|Y|09-08-2026 08:52:15|09-08-2026 08:46:37|||09-08-2026 09:27:36|09-08-2026 09:41:46|09-08-2026 11:10:35|09-08-2026 15:04:55|09-08-2026 15:05:05||09-08-2026 15:06:18|09-08-2026 15:08:10|09-08-2026 15:08:11|6.23|6.27|.03
BRCJM01|BRBAT|BRBAT|97779.12|Shipped|||C13738|25056-075|RIO DE JANEIRO|BR|T8989||28|0|11397.66|11427.6|11427.6|Y|09-08-2026 08:52:15|09-08-2026 08:47:02|||09-08-2026 09:27:45|09-08-2026 09:33:59|09-08-2026 09:52:14|09-08-2026 14:43:57|09-08-2026 14:51:44||09-08-2026 14:52:10|09-08-2026 15:08:35|09-08-2026 15:08:36|6|6.27|.27
BRCJM01|BRBAT|BRBAT|97780.12|Shipped|||C13735|83326-010|PR|BR|T8989||43|0|11581.875|11651.7|11651.7|Y|09-08-2026 08:52:16|09-08-2026 08:47:15|||09-08-2026 09:14:13|09-08-2026 09:15:05|09-08-2026 09:25:01|09-08-2026 11:39:47|09-08-2026 14:35:30||09-08-2026 14:35:52|09-08-2026 14:36:31|09-08-2026 14:36:33|5.73|5.74|.01
BRCJM01|BRBAT|BRBAT|97781.12|Shipped|||C8715|13054-709|SP|BR|T11493||2|0|0|23760|23760|Y|09-08-2026 09:09:20|09-08-2026 09:01:54|||09-08-2026 09:47:56|09-08-2026 09:51:19|09-08-2026 14:13:35|09-08-2026 14:26:17|09-08-2026 14:49:48||09-08-2026 14:50:11|09-08-2026 17:46:04|09-08-2026 17:46:08|5.68|8.61|2.93
BRCJM01|BRBAT|BRBAT|97782.12|Shipped|||C8715|13054-709|SP|BR|T11493||44|0|11190.1|11230|11230|Y|09-08-2026 09:09:20|09-08-2026 09:02:29|||09-08-2026 09:48:11|09-08-2026 09:51:20|09-08-2026 15:56:44|09-08-2026 20:45:44|09-08-2026 20:52:46||09-08-2026 20:53:01|09-08-2026 20:54:49|09-08-2026 20:54:51|11.73|11.76|.03
BRCJM01|BRBAT|BRBAT|97783.12|Shipped|||C8720|17022-531|SP|BR|T11493||8|0|0|36392|36392|Y|09-08-2026 09:09:21|09-08-2026 09:03:27|||09-08-2026 09:53:22|09-08-2026 09:59:33|09-08-2026 14:01:30|09-08-2026 20:39:46|09-08-2026 20:39:49||09-08-2026 20:39:57|09-08-2026 20:40:27|09-08-2026 20:40:27|11.51|11.52|.01
BRCJM01|BRBAT|BRBAT|97784.12|Shipped|||C8720|17022-531|SP|BR|T11493||41|0|10597.05|10696.8|10696.8|Y|09-08-2026 09:09:20|09-08-2026 09:04:10|||09-08-2026 09:59:38|09-08-2026 10:02:33|09-08-2026 16:34:51|09-08-2026 20:51:29|09-08-2026 20:53:26||09-08-2026 20:53:45|09-08-2026 20:54:22|09-08-2026 20:54:24|11.74|11.75|.01
BRCJM01|BRBAT|BRBAT|98262.12|Shipped|||C8721|07250-130|SP|BR|T11493||4|0|12000|12000|12000|Y|09-09-2026 09:03:45|09-09-2026 08:56:23|||09-09-2026 09:04:34|09-09-2026 09:11:42|09-09-2026 09:46:50|09-09-2026 18:36:24|09-09-2026 18:38:16||09-09-2026 18:38:27|09-09-2026 18:38:47|09-09-2026 18:38:47|9.58|9.58|.01
BRCJM01|BRBAT|BRBAT|98263.12|Shipped|||C8721|07250-130|SP|BR|T11493||29|0|8760.8|8760.8|8760.8|Y|09-09-2026 09:03:45|09-09-2026 08:56:48|||09-09-2026 09:18:08|09-09-2026 09:22:36|09-09-2026 09:40:25|09-09-2026 16:49:04|09-09-2026 16:52:33||09-09-2026 16:53:18|09-09-2026 18:17:42|09-09-2026 18:17:43|7.83|9.23|1.41
BRCJM01|BRBAT|BRBAT|98266.12|Shipped|||C13738|25056-075|RIO DE JANEIRO|BR|T8989||3|0|11980|11980|11980|Y|09-09-2026 09:03:45|09-09-2026 08:57:33|||09-09-2026 09:31:32|09-09-2026 09:34:54|09-09-2026 09:44:46|09-09-2026 10:06:57|09-09-2026 15:55:08||09-09-2026 15:55:31|09-09-2026 18:45:27|09-09-2026 18:45:27|6.86|9.7|2.83
BRCJM01|BRBAT|BRBAT|98267.12|Shipped|||C13738|25056-075|RIO DE JANEIRO|BR|T8989||21|0|8211.3|8211.3|8211.3|Y|09-09-2026 09:03:45|09-09-2026 08:57:50|||09-09-2026 09:39:56|09-09-2026 09:47:19|09-09-2026 10:27:57|09-09-2026 15:54:10|09-09-2026 15:54:15||09-09-2026 15:54:33|09-09-2026 18:45:45|09-09-2026 18:45:47|6.85|9.7|2.85
BRCJM01|BRBAT|BRBAT|98268.12|Shipped|||C13738|25056-075|RIO DE JANEIRO|BR|T8989||4|0|0|100104|100104|Y|09-09-2026 11:08:42|09-09-2026 11:01:37|||09-09-2026 11:14:56|09-09-2026 11:15:25|09-09-2026 14:35:45|09-09-2026 19:51:59|09-10-2026 08:41:56||09-10-2026 08:42:43|09-10-2026 08:43:04|09-10-2026 08:43:06|21.57|21.57|.01
BRCJM01|BRBAT|BRBAT|98269.12|Shipped|||C8721|07250-130|SP|BR|T11493||7|0|4.8|148460.8|148460.8|Y|09-09-2026 11:08:42|09-09-2026 11:01:20|||09-09-2026 11:12:27|09-09-2026 11:12:54|09-09-2026 13:29:45|09-09-2026 16:29:57|09-09-2026 17:09:07||09-09-2026 17:09:17|09-09-2026 18:17:22|09-09-2026 18:17:23|6.01|7.14|1.14
BRCJM01|BRBAT|BRBAT|98589.12|Shipped|||C13738|25056-075|RIO DE JANEIRO|BR|T8989||1|0|3000|3000|3000|Y|09-10-2026 09:52:27|09-10-2026 09:48:36|||09-10-2026 09:54:41|09-10-2026 09:58:06|09-10-2026 17:55:33|09-10-2026 17:55:33|09-10-2026 17:59:39||09-10-2026 17:59:44|09-10-2026 18:00:00|09-10-2026 18:00:01|8.12|8.13|0
BRCJM01|BRBAT|BRBAT|98590.12|Shipped|||C13738|25056-075|RIO DE JANEIRO|BR|T8989||1|0|12000|12000|12000|Y|09-10-2026 09:52:29|09-10-2026 09:48:42|||09-10-2026 09:55:02|09-10-2026 09:58:07|09-10-2026 11:28:27|09-10-2026 12:03:25|09-10-2026 17:49:54||09-10-2026 17:50:39|09-10-2026 17:51:42|09-10-2026 17:51:43|7.97|7.99|.02
BRCJM01|BRBAT|BRBAT|98591.12|Shipped|||C13738|25056-075|RIO DE JANEIRO|BR|T8989||2|0|11600|11600|11600|Y|09-10-2026 09:52:29|09-10-2026 09:48:47|||09-10-2026 11:00:32|09-10-2026 11:04:19|09-10-2026 13:53:36|09-10-2026 17:50:57|09-10-2026 17:51:00||09-10-2026 17:51:10|09-10-2026 17:51:55|09-10-2026 17:51:55|7.98|7.99|.01
BRCJM01|BRBAT|BRBAT|98592.12|Shipped|||C13738|25056-075|RIO DE JANEIRO|BR|T8989||11|0|11310.5|11310.5|11310.5|Y|09-10-2026 09:52:28|09-10-2026 09:49:00|||09-10-2026 11:06:28|09-10-2026 11:08:55|09-10-2026 14:45:30|09-10-2026 17:49:37|09-10-2026 17:50:29||09-10-2026 17:51:19|09-10-2026 17:52:12|09-10-2026 17:52:13|7.98|8|.02
BRCJM01|BRBAT|BRBAT|98593.12|Shipped|||C8715|13054-709|SP|BR|T11493||37|0|11090|11090|11090|Y|09-10-2026 10:06:32|09-10-2026 09:58:49|||09-10-2026 10:20:25|09-10-2026 10:22:29|09-10-2026 10:33:16|09-10-2026 12:10:55|09-10-2026 17:15:31||09-10-2026 17:15:41|09-10-2026 17:16:17|09-10-2026 17:16:19|7.15|7.16|.01
BRCJM01|BRBAT|BRBAT|98594.12|Shipped|||C8720|17022-531|SP|BR|T11493||35|0|9590.425|9760|9760|Y|09-10-2026 10:05:32|09-10-2026 09:59:57|||09-10-2026 10:45:27|09-10-2026 10:47:18|09-10-2026 11:15:54|09-10-2026 13:48:00|09-10-2026 17:11:59||09-10-2026 17:13:41|09-10-2026 17:14:42|09-10-2026 17:14:43|7.14|7.15|.02
BRCJM01|BRBAT|BRBAT|98663.12|Shipped|||C8720|17022-531|SP|BR|T11493||10|0|9008.4|96704.4|96704.4|Y|09-10-2026 14:34:16|09-10-2026 14:27:29|||09-10-2026 14:36:27|09-10-2026 14:37:41|09-10-2026 15:14:27|09-10-2026 17:11:04|09-10-2026 17:13:19||09-10-2026 17:13:37|09-10-2026 17:15:06|09-10-2026 17:15:07|2.66|2.68|.03
BRCJM01|BRBAT|BRBAT|98664.12|Shipped|||C8715|13054-709|SP|BR|T11493||4|0|0|20352|20352|Y|09-10-2026 14:49:21|09-10-2026 14:43:12|||09-10-2026 14:49:41|09-10-2026 14:50:43|09-10-2026 16:22:37|09-10-2026 17:38:39|09-10-2026 17:39:17||09-10-2026 17:39:26|09-10-2026 17:40:12|09-10-2026 17:40:14|2.83|2.85|.01
BRCJM01|BRBAT|BRBAT|98957.12|Shipped|||C8715|13054-709|SP|BR|T11493||41|0|10526.7|10526.7|10526.7|Y|09-11-2026 09:23:22|09-11-2026 09:18:56|||09-11-2026 09:54:52|09-11-2026 10:07:34|09-11-2026 10:39:01|09-11-2026 17:35:00|09-11-2026 17:35:04||09-11-2026 17:35:24|09-11-2026 17:37:36|09-11-2026 17:37:38|8.2|8.24|.04
BRCJM01|BRBAT|BRBAT|98958.12|Shipped|||C13738|25056-075|RIO DE JANEIRO|BR|T8989||4|0|0|100104|100104|Y|09-11-2026 10:56:03|09-11-2026 10:50:58|||09-11-2026 11:02:48|09-11-2026 11:05:07|09-12-2026 09:27:10|09-14-2026 10:04:43|09-14-2026 10:04:47||09-14-2026 10:04:58|09-14-2026 10:07:10|09-14-2026 10:07:13|71.15|71.19|.04
BRCJM01|BRBAT|BRBAT|98959.12|Shipped|||C13738|25056-075|RIO DE JANEIRO|BR|T8989||1|0|12000|12000|12000|Y|09-11-2026 10:56:04|09-11-2026 10:51:02|||09-11-2026 11:06:51|09-11-2026 11:08:42|09-11-2026 11:34:13|09-11-2026 11:38:02|09-14-2026 10:05:27||09-14-2026 10:05:38|09-14-2026 10:07:43|09-14-2026 10:07:46|71.16|71.19|.04
BRCJM01|BRBAT|BRBAT|98960.12|Shipped|||C13738|25056-075|RIO DE JANEIRO|BR|T8989||3|0|11800|11800|11800|Y|09-11-2026 10:56:05|09-11-2026 10:51:12|||09-11-2026 11:11:30|09-11-2026 11:16:13|09-11-2026 11:49:30|09-11-2026 11:58:10|09-14-2026 10:06:03||09-14-2026 10:06:14|09-14-2026 10:08:06|09-14-2026 10:08:08|71.17|71.2|.03
BRCJM01|BRBAT|BRBAT|98961.12|Shipped|||C13738|25056-075|RIO DE JANEIRO|BR|T8989||18|0|9120|9120|9120|Y|09-11-2026 10:56:04|09-11-2026 10:51:22|||09-11-2026 11:17:22|09-11-2026 11:25:42|09-12-2026 09:21:24|09-12-2026 10:20:52|09-14-2026 10:06:39||09-14-2026 10:06:49|09-14-2026 10:08:34|09-14-2026 10:08:35|71.18|71.21|.03
BRCJM01|BRBAT|BRBAT|98970.12|Shipped|||C13737|86046-230|PR|BR|T8989||45|0|10704.05|10803.8|10803.8|Y|09-11-2026 09:23:25|09-11-2026 09:19:03|||09-11-2026 09:26:33|09-11-2026 09:30:26|09-11-2026 09:45:25|09-11-2026 11:52:58|09-11-2026 16:15:34||09-11-2026 16:15:42|09-11-2026 16:19:29|09-11-2026 16:19:31|6.87|6.94|.06
BRCJM01|BRBAT|BRBAT|98992.12|Shipped|||C13737|86046-230|PR|BR|T8989||4|0|2628|42708|42708|Y|09-11-2026 11:46:20|09-11-2026 11:38:44|||09-11-2026 11:47:55|09-11-2026 11:48:34|09-11-2026 14:05:46|09-11-2026 14:18:44|09-11-2026 14:32:38||09-11-2026 14:32:48|09-11-2026 16:19:52|09-11-2026 16:19:56|2.77|4.56|1.79
BRCJM01|BRBAT|BRBAT|98993.12|Shipped|||C8715|13054-709|SP|BR|T11493||7|0|12000|52128|52128|Y|09-11-2026 11:46:20|09-11-2026 11:38:57|||09-11-2026 11:48:07|09-11-2026 11:48:35|09-11-2026 14:29:25|09-11-2026 17:21:29|09-11-2026 17:36:25||09-11-2026 17:36:57|09-11-2026 17:37:58|09-11-2026 17:38:00|5.84|5.86|.02
BRCJM01|BRBAT|BRBAT|99024.12|Shipped|||C13735|83326-010|PR|BR|T8989||5|0|3904.2|65848.2|65848.2|Y|09-14-2026 09:28:45|09-14-2026 09:14:43|||09-14-2026 09:33:52|09-14-2026 09:34:06|09-14-2026 11:25:31|09-14-2026 11:47:53|09-14-2026 14:43:51||09-14-2026 14:44:06|09-14-2026 14:48:39|09-14-2026 14:48:44|5.26|5.33|.08
BRCJM01|BRBAT|BRBAT|99025.12|Shipped|||C13735|83326-010|PR|BR|T8989||41|0|10571.2|10571.2|10571.2|Y|09-14-2026 09:28:45|09-14-2026 09:15:06|||09-14-2026 09:34:12|09-14-2026 09:36:40|09-14-2026 10:08:28|09-14-2026 13:33:20|09-14-2026 14:47:25||09-14-2026 14:48:03|09-14-2026 14:49:11|09-14-2026 14:49:13|5.32|5.34|.02
BRCJM01|BRBAT|BRBAT|99265.12|Shipped|||C8721|07250-130|SP|BR|T11493||4|0|12000|12000|12000|Y|09-14-2026 08:04:22|09-14-2026 07:57:34|||09-14-2026 08:11:13|09-14-2026 08:25:14|09-14-2026 18:38:30|09-14-2026 21:04:00|09-14-2026 21:30:52||09-14-2026 21:31:01|09-14-2026 21:31:28|09-14-2026 21:31:29|13.44|13.45|.01
BRCJM01|BRBAT|BRBAT|99266.12|Shipped|||C8721|07250-130|SP|BR|T11493||6|0|11701.2|11701.2|11701.2|Y|09-14-2026 08:04:25|09-14-2026 07:57:48|||09-14-2026 08:28:52|09-14-2026 08:29:05|09-14-2026 13:54:08|09-14-2026 18:32:38|09-14-2026 18:35:32||09-14-2026 18:35:46|09-14-2026 18:36:45|09-14-2026 18:36:45|10.52|10.54|.02
BRCJM01|BRBAT|BRBAT|99267.12|Shipped|||C8721|07250-130|SP|BR|T11493||25|0|7070|7070|7070|Y|09-14-2026 08:04:24|09-14-2026 07:58:09|||09-14-2026 08:30:02|09-14-2026 08:31:48|09-14-2026 08:43:28|09-14-2026 14:15:48|09-14-2026 16:58:30||09-14-2026 16:58:50|09-14-2026 17:00:40|09-14-2026 17:00:43|8.91|8.94|.03
BRCJM01|BRBAT|BRBAT|99268.12|Shipped|||C8721|07250-130|SP|BR|T11493||7|0|7392|242424|242424|Y|09-14-2026 08:04:25|09-14-2026 07:58:44|||09-14-2026 08:31:55|09-14-2026 08:32:28|09-14-2026 09:32:16|09-14-2026 14:47:01|09-14-2026 16:59:35||09-14-2026 16:59:56|09-14-2026 17:01:16|09-14-2026 17:01:20|8.93|8.95|.02
BRCJM01|BRBAT|BRBAT|99272.12|Shipped|||C13738|25056-075|RIO DE JANEIRO|BR|T8989||1|0|12000|12000|12000|Y|09-14-2026 10:33:17|09-14-2026 10:26:07|||09-14-2026 10:36:38|09-14-2026 10:38:34|09-14-2026 11:08:12|09-14-2026 17:46:17|09-14-2026 17:46:25||09-14-2026 17:46:36|09-14-2026 17:47:29|09-14-2026 17:47:33|7.22|7.24|.02
BRCJM01|BRBAT|BRBAT|99273.12|Shipped|||C13738|25056-075|RIO DE JANEIRO|BR|T8989||3|0|12000|12000|12000|Y|09-14-2026 11:05:25|09-14-2026 10:57:42|||09-14-2026 11:06:45|09-14-2026 11:11:27|09-14-2026 13:28:40|09-14-2026 14:02:15|09-14-2026 17:46:59||09-14-2026 17:47:08|09-14-2026 17:47:55|09-14-2026 17:47:59|6.7|6.71|.01
BRCJM01|BRBAT|BRBAT|99274.12|Shipped|||C13738|25056-075|RIO DE JANEIRO|BR|T8989||15|0|11491|11491|11491|Y|09-14-2026 11:05:26|09-14-2026 10:57:57|||09-14-2026 11:22:34|09-14-2026 11:24:23|09-14-2026 21:14:06|09-15-2026 09:35:06|09-15-2026 09:43:19||09-15-2026 09:43:42|09-15-2026 09:44:20|09-15-2026 09:44:21|22.64|22.65|.01
BRCJM01|BRBAT|BRBAT|DEV-1208|Shipped|||C6410867783|38407-180|MG|BR|T7||1|0|10|10|10|Y|08-12-2026 11:27:29|08-12-2026 11:23:13|||08-12-2026 13:54:04|08-12-2026 13:56:19|08-12-2026 14:02:19|08-12-2026 14:02:19|08-12-2026 14:02:33||08-12-2026 14:02:56|08-12-2026 14:03:57|08-12-2026 14:04:02|2.59|2.61|.02
BRCJM01|BRBAT|BRBAT|DEV-1906|Shipped|||C6410867783|38407-180|MG|BR|T7||1|0|10|10|10|Y|06-19-2026 11:47:47|06-19-2026 11:43:14|||06-19-2026 14:29:47|06-19-2026 14:34:54|06-19-2026 14:45:54|06-19-2026 14:45:54|06-19-2026 14:46:05||06-19-2026 14:46:23|06-19-2026 14:48:44|06-19-2026 14:48:48|2.98|3.02|.04
BRCJM01|BRBAT|BRBAT|DEV-2108|Shipped|||C6410867783|38407-180|MG|BR|T7||1|0|0|1152|1152|Y|08-21-2026 16:18:46|08-21-2026 15:17:40|||08-21-2026 16:41:50|08-21-2026 16:42:48|08-21-2026 16:46:41|08-21-2026 16:46:41|08-21-2026 16:46:54||08-21-2026 16:47:05|08-21-2026 16:47:32|08-21-2026 16:47:37|.47|.48|.01
BRCJM01|BRBAT|BRBAT|DEV-2108-2|Shipped|||C6410867783|38407-180|MG|BR|T7||1|0|10|10|10|Y|08-21-2026 18:26:23|08-21-2026 17:39:29|||08-24-2026 11:29:42|08-24-2026 11:30:15|08-24-2026 11:31:53|08-24-2026 11:31:53|08-24-2026 11:34:38||08-24-2026 11:55:37|08-24-2026 11:56:08|08-24-2026 11:56:11|65.49|65.5|.01
BRCJM01|BRBAT|BRBAT|DEV-23070|Shipped|||C6410867783|38407-180|MG|BR|T7||3|0|84|103572|103572|Y|07-23-2026 10:12:22|07-23-2026 10:10:06|||07-23-2026 15:00:54|07-23-2026 15:01:32|07-23-2026 15:05:51|07-23-2026 15:06:21|07-23-2026 15:06:32||07-23-2026 15:06:41|07-23-2026 15:07:34|07-23-2026 15:07:37|4.91|4.92|.02
BRCJM01|BRBAT|BRBAT|DEV-2708|Shipped|||C6410867783|38407-180|MG|BR|T7||1|0|0|480|480|Y|08-27-2026 15:08:02|08-27-2026 14:55:14|||08-27-2026 18:14:08|08-27-2026 18:16:06|08-27-2026 18:19:24|08-27-2026 18:19:24|08-27-2026 18:19:37||08-27-2026 18:19:53|08-27-2026 18:48:31|08-27-2026 18:48:34|3.2|3.68|.48
BRCJM01|BRBAT|BRBAT|DEV-2807|Shipped|||C6410867783|38407-180|MG|BR|T7||1|0|1500|1500|1500|Y|07-28-2026 09:16:04|07-28-2026 09:11:15|||07-28-2026 09:18:45|07-28-2026 09:23:05|07-28-2026 09:42:29|07-28-2026 09:42:41|07-28-2026 09:44:19||07-28-2026 09:44:36|07-28-2026 09:45:32|07-28-2026 09:45:35|.48|.49|.02
BRCJM01|BRBAT|BRBAT|RET-3107|Shipped|||C6410867783|38407-180|MG|BR|T7||1|0|10|10|10|Y|07-31-2026 09:59:20|07-31-2026 09:55:08|||07-31-2026 10:05:44|07-31-2026 10:07:46|07-31-2026 10:27:55|07-31-2026 10:27:55|07-31-2026 10:29:58||07-31-2026 10:30:17|07-31-2026 10:32:37|07-31-2026 10:32:41|.52|.56|.04
BRCJM01|BRBAT|BRBAT|RET-31071|Shipped|||C6410867783|38407-180|MG|BR|T7||1|0|10|10|10|Y|07-31-2026 09:59:22|07-31-2026 09:55:14|||07-31-2026 10:06:11|07-31-2026 10:07:46|07-31-2026 10:29:19|07-31-2026 10:29:19|07-31-2026 10:31:15||07-31-2026 10:31:33|07-31-2026 10:33:08|07-31-2026 10:33:11|.54|.56|.03
