Site|Client|Owner|Order Id|Status|Order Type|Retailer Id|Address id|To Postal code|To County|To Country|Carrier Id|Dispatch Method|Lines|Total weight|Total volume|Qty ordered|Qty shipped|Shipped in full|Creation Date|Order Date|Ship By Date|Deliver By Date|Released|Allocated|In Progress|Picked|Packed|Awaiting|Ready To Load|Complete|Shipped|Creation to Ready to Load|Creation to Shipped|Ready to Load to Shipped
BRCJM01|BRDUCATIMO|BRDUCATIMO|54561.4|Shipped|||C8318|38400-702|MG|BR|T7||3|0|0|4|4|Y|06-16-2026 10:18:43|06-16-2026 10:15:25||||06-16-2026 10:32:38|06-16-2026 11:37:03|06-16-2026 12:04:52|06-16-2026 13:40:25||06-17-2026 09:22:30|06-17-2026 09:22:30|06-17-2026 15:56:20|23.06|29.63|6.56
BRCJM01|BRDUCATIMO|BRDUCATIMO|54562-4|Shipped|||C33947|04794000|SP||T7||2|1.51|.005512|4|4|Y|06-16-2026 16:48:43|06-16-2026 16:27:16||||06-16-2026 17:17:47|06-16-2026 20:13:47|06-16-2026 20:15:52|06-16-2026 21:56:24||06-18-2026 15:43:09|06-18-2026 15:43:09|06-18-2026 15:46:04|46.91|46.96|.05
BRCJM01|BRDUCATIMO|BRDUCATIMO|54563.4|Shipped|||C13963|14026040|SP||T7||1|0|0|1|1|Y|06-16-2026 10:18:43|06-16-2026 10:15:17||||06-16-2026 10:32:38|06-16-2026 11:33:04|06-16-2026 11:33:04|06-16-2026 12:38:36||06-17-2026 09:22:39|06-17-2026 09:22:39|06-17-2026 15:56:18|23.07|29.63|6.56
BRCJM01|BRDUCATIMO|BRDUCATIMO|54613.4|Shipped|||C8302|71200-037|DF|BR|T7||1|0|0|1|1|Y|07-18-2026 15:18:13|07-18-2026 15:15:16||||07-18-2026 15:23:53|07-20-2026 00:14:11|07-20-2026 00:14:11|07-20-2026 08:06:10||07-20-2026 08:47:15|07-20-2026 08:47:15|07-20-2026 09:03:55|41.48|41.76|.28
BRCJM01|BRDUCATIMO|BRDUCATIMO|54616.4|Shipped|||C14127|88090500|SC||T7||1|0|0|1|1|Y|07-02-2026 15:49:41|07-02-2026 15:43:11||||07-02-2026 17:21:15|07-02-2026 23:47:39|07-02-2026 23:47:40|07-03-2026 07:02:21||07-03-2026 09:44:55|07-03-2026 09:44:55|07-06-2026 14:46:19|17.92|94.94|77.02
BRCJM01|BRDUCATIMO|BRDUCATIMO|54657.4|Shipped|||C9663|06455-000|SP|BR|T7||1|0|0|1|1|Y|06-16-2026 10:15:42|06-16-2026 10:11:15||||06-16-2026 10:32:38|06-16-2026 11:31:17|06-16-2026 11:31:17|06-16-2026 13:38:45||06-17-2026 09:22:45|06-17-2026 09:22:45|06-17-2026 15:56:20|23.12|29.68|6.56
BRCJM01|BRDUCATIMO|BRDUCATIMO|54664.4|Shipped|||C10528|74210-098|GO|BR|T7||2|0|0|3|3|Y|06-15-2026 16:54:02|06-15-2026 16:51:12|||06-16-2026 09:22:59|06-16-2026 09:25:39|06-16-2026 10:10:10|06-16-2026 10:11:39|06-16-2026 10:17:24||06-17-2026 09:22:51|06-17-2026 09:22:51|06-17-2026 15:56:17|40.48|47.04|6.56
BRCJM01|BRDUCATIMO|BRDUCATIMO|54665.4|Shipped|||C14422|22790-270|RJ|BR|T7||3|.16|.016667|7|7|Y|06-15-2026 16:54:04|06-15-2026 16:51:26|||||06-16-2026 09:25:34|06-16-2026 09:27:11|06-16-2026 09:29:06||06-17-2026 09:22:58|06-17-2026 09:22:58|06-17-2026 15:56:19|40.48|47.04|6.56
BRCJM01|BRDUCATIMO|BRDUCATIMO|54666.4|Shipped|||C14422|22790-270|RJ|BR|T7||1|0|0|1|1|Y|06-15-2026 16:54:04|06-15-2026 16:51:12|||||06-16-2026 09:33:02|06-16-2026 09:33:02|06-16-2026 09:34:15||06-17-2026 09:23:04|06-17-2026 09:23:04|06-17-2026 15:56:19|40.48|47.04|6.55
BRCJM01|BRDUCATIMO|BRDUCATIMO|54688.4|Shipped|||C14422|22790-270|RJ|BR|T7||22|2701.245|.043|92|92|Y|06-03-2026 12:17:52|07-30-2026 07:32:02|||07-30-2026 10:40:48|07-30-2026 10:41:09|07-31-2026 10:16:06|07-31-2026 10:26:54|08-14-2026 13:02:43||08-14-2026 13:02:43|08-14-2026 13:02:43|08-14-2026 13:04:44|1728.75|1728.78|.03
BRCJM01|BRDUCATIMO|BRDUCATIMO|54701-4|Shipped|||C33947|04794000|SP||T7||1|.6|.2|12|12|Y|06-30-2026 11:12:05|06-30-2026 11:03:12||||06-30-2026 11:13:43|06-30-2026 11:38:22|06-30-2026 11:38:22|06-30-2026 11:41:14||07-02-2026 10:55:59|07-02-2026 10:55:59|07-06-2026 14:45:20|47.73|147.55|99.82
BRCJM01|BRDUCATIMO|BRDUCATIMO|54716.4|Shipped|||C14009|90000000|RS||T7||1|0|0|2|2|Y|06-16-2026 17:52:05|06-16-2026 17:47:14||||06-17-2026 09:24:32|06-17-2026 11:19:38|06-17-2026 11:19:38|06-17-2026 12:01:27||06-18-2026 15:40:58|06-18-2026 15:40:58|06-18-2026 15:46:04|45.81|45.9|.09
BRCJM01|BRDUCATIMO|BRDUCATIMO|54728.4|Shipped|||C14253|22620-110|RJ|BR|T7||1|0|0|1|1|Y|06-15-2026 17:28:12|06-15-2026 17:15:37|||||06-16-2026 01:00:33|06-16-2026 01:00:33|06-16-2026 07:06:10||06-17-2026 16:05:03|06-17-2026 16:05:03|06-18-2026 07:51:43|46.61|62.39|15.78
BRCJM01|BRDUCATIMO|BRDUCATIMO|54730.4|Shipped|||C14127|88090500|SC||T7||3|83205|.003|7|7|Y|06-12-2026 14:06:11|06-12-2026 14:03:13|||||||||06-17-2026 09:23:48|06-17-2026 09:23:48|06-17-2026 15:56:19|115.29|121.84|6.54
BRCJM01|BRDUCATIMO|BRDUCATIMO|54731.4|Shipped|||C14009|90000000|RS||T7||2|83205|.003|5|5|Y|06-12-2026 12:36:50|06-12-2026 12:31:13|||||||||06-18-2026 15:43:39|06-18-2026 15:43:39|06-18-2026 15:46:04|147.11|147.15|.04
BRCJM01|BRDUCATIMO|BRDUCATIMO|54732.4|Shipped|||C8302|71200-037|DF|BR|T7||1|.0111|.001|1|1|Y|06-12-2026 14:51:30|06-12-2026 14:47:12|||||||||06-16-2026 10:46:41|06-16-2026 10:46:41|06-16-2026 17:07:36|91.92|98.27|6.35
BRCJM01|BRDUCATIMO|BRDUCATIMO|54733.4|Shipped|||C9663|06455-000|SP|BR|T7||1|0|0|1|1|Y|06-12-2026 14:30:22|06-12-2026 14:27:11|||||||||06-16-2026 10:46:53|06-16-2026 10:46:53|06-16-2026 17:07:36|92.28|98.62|6.35
BRCJM01|BRDUCATIMO|BRDUCATIMO|54734.4|Shipped|||C14422|22790-270|RJ|BR|T7||1|0|0|1|1|Y|06-12-2026 14:06:13|06-12-2026 14:03:12|||||||||06-16-2026 10:47:00|06-16-2026 10:47:00|06-16-2026 17:07:35|92.68|99.02|6.34
BRCJM01|BRDUCATIMO|BRDUCATIMO|54735.4|Shipped|||C9969|13023-075|SP|BR|T7||1|0|0|2|2|Y|06-12-2026 12:21:46|06-12-2026 12:19:11|||||||||06-16-2026 10:47:07|06-16-2026 10:47:07|06-16-2026 17:07:37|94.42|100.76|6.34
BRCJM01|BRDUCATIMO|BRDUCATIMO|54736.4|Shipped|||C9969|13023-075|SP|BR|T7||4|0|0|17|17|Y|06-12-2026 14:51:30|06-12-2026 14:47:15|||||||||06-16-2026 10:47:17|06-16-2026 10:47:17|06-16-2026 17:07:37|91.93|98.27|6.34
BRCJM01|BRDUCATIMO|BRDUCATIMO|54737.4|Shipped|||C8302|71200-037|DF|BR|T7||4|0|0|19|19|Y|06-12-2026 14:30:22|06-12-2026 14:27:14|||||||||06-17-2026 09:23:52|06-17-2026 09:23:52|06-17-2026 15:56:19|114.89|121.43|6.54
BRCJM01|BRDUCATIMO|BRDUCATIMO|54738.4|Shipped|||C14797|58039-000|PB|BR|T7||3|0|0|5|5|Y|06-12-2026 14:06:13|06-12-2026 14:03:27|||||||||06-16-2026 10:47:36|06-16-2026 10:47:36|06-16-2026 17:07:36|92.69|99.02|6.33
BRCJM01|BRDUCATIMO|BRDUCATIMO|54739.4|Shipped|||C14009|90000000|RS||T7||2|0|0|2|2|Y|06-12-2026 12:23:47|06-12-2026 12:19:12|||||||||06-16-2026 10:47:44|06-16-2026 10:47:44|06-16-2026 17:07:35|94.4|100.73|6.33
BRCJM01|BRDUCATIMO|BRDUCATIMO|54740.4|Shipped|||C13963|14026040|SP||T7||1|0|0|1|1|Y|06-12-2026 14:51:30|06-12-2026 14:47:23|||||||||06-16-2026 10:47:51|06-16-2026 10:47:51|06-16-2026 17:07:35|91.94|98.27|6.33
BRCJM01|BRDUCATIMO|BRDUCATIMO|54741.4|Shipped|||C13752|04090000|SP||T7||1|0|0|1|1|Y|06-12-2026 14:30:22|06-12-2026 14:27:21|||||||||06-16-2026 10:47:57|06-16-2026 10:47:57|06-16-2026 17:07:34|92.29|98.62|6.33
BRCJM01|BRDUCATIMO|BRDUCATIMO|54742.4|Shipped|||C9969|13023-075|SP|BR|T7||1|0|0|1|1|Y|06-12-2026 14:06:13|06-12-2026 14:03:27|||||||||06-16-2026 10:48:03|06-16-2026 10:48:03|06-16-2026 17:07:37|92.7|99.02|6.33
BRCJM01|BRDUCATIMO|BRDUCATIMO|54743.4|Shipped|||C13963|14026040|SP||T7||1|0|0|1|1|Y|06-12-2026 12:23:47|06-12-2026 12:19:22|||||||||06-16-2026 10:48:33|06-16-2026 10:48:33|06-16-2026 17:07:35|94.41|100.73|6.32
BRCJM01|BRDUCATIMO|BRDUCATIMO|54744.4|Shipped|||C14422|22790-270|RJ|BR|T7||1|0|0|1|1|Y|06-12-2026 14:30:22|06-12-2026 14:27:29|||||||||06-16-2026 10:48:41|06-16-2026 10:48:41|06-16-2026 17:07:36|92.31|98.62|6.32
BRCJM01|BRDUCATIMO|BRDUCATIMO|54745.4|Shipped|||C14091|29060220|ES||T7||1|0|0|1|1|Y|06-12-2026 12:43:52|06-12-2026 12:39:11|||||||||06-16-2026 10:48:50|06-16-2026 10:48:50|06-16-2026 17:07:35|94.08|100.4|6.31
BRCJM01|BRDUCATIMO|BRDUCATIMO|54746.4|Shipped|||C8302|71200-037|DF|BR|T7||1|0|0|1|1|Y|06-12-2026 14:51:30|06-12-2026 14:47:28|||||||||06-16-2026 10:49:22|06-16-2026 10:49:22|06-16-2026 17:07:36|91.96|98.27|6.3
BRCJM01|BRDUCATIMO|BRDUCATIMO|54747.4|Shipped|||C14127|88090500|SC||T7||1|0|0|1|1|Y|06-12-2026 14:51:31|06-12-2026 14:47:31|||||||||06-16-2026 10:49:31|06-16-2026 10:49:31|06-16-2026 17:07:35|91.97|98.27|6.3
BRCJM01|BRDUCATIMO|BRDUCATIMO|54748.4|Shipped|||C14009|90000000|RS||T7||1|0|0|1|1|Y|06-12-2026 14:30:23|06-12-2026 14:27:31|||||||||06-16-2026 10:49:39|06-16-2026 10:49:39|06-16-2026 17:07:35|92.32|98.62|6.3
BRCJM01|BRDUCATIMO|BRDUCATIMO|54749.4|Shipped|||C8318|38400-702|MG|BR|T7||1|0|0|1|1|Y|06-17-2026 12:10:04|06-17-2026 12:07:14||||06-17-2026 12:13:59|06-17-2026 13:35:20|06-17-2026 13:35:20|06-17-2026 13:48:35||06-20-2026 12:25:32|06-20-2026 12:25:32|06-20-2026 12:32:42|72.26|72.38|.12
BRCJM01|BRDUCATIMO|BRDUCATIMO|54750.4|Shipped|||C14797|58039-000|PB|BR|T7||1|0|0|1|1|Y|06-12-2026 12:39:51|06-12-2026 12:35:13|||||||||06-16-2026 10:49:45|06-16-2026 10:49:45|06-16-2026 17:07:36|94.17|100.46|6.3
BRCJM01|BRDUCATIMO|BRDUCATIMO|54751.4|Shipped|||C8305|60182-453|CE|BR|T7||1|0|0|1|1|Y|06-12-2026 14:30:23|06-12-2026 14:27:39|||||||||06-16-2026 10:49:50|06-16-2026 10:49:50|06-16-2026 17:07:36|92.32|98.62|6.3
BRCJM01|BRDUCATIMO|BRDUCATIMO|54752.4|Shipped|||C8412|19470-000|SP|BR|T7||1|0|0|1|1|Y|06-12-2026 12:44:52|06-12-2026 12:39:11|||||||||06-16-2026 10:49:56|06-16-2026 10:49:56|06-16-2026 17:07:36|94.08|100.38|6.29
BRCJM01|BRDUCATIMO|BRDUCATIMO|54753.4|Shipped|||C8797|80740-000|PR|BR|T7||1|0|0|1|1|Y|06-12-2026 12:36:50|06-12-2026 12:31:12|||||||||06-16-2026 10:50:00|06-16-2026 10:50:00|06-16-2026 17:07:36|94.22|100.51|6.29
BRCJM01|BRDUCATIMO|BRDUCATIMO|54754.4|Shipped|||C9663|06455-000|SP|BR|T7||1|0|0|1|1|Y|06-12-2026 14:51:30|06-12-2026 14:47:39|||||||||06-16-2026 10:50:07|06-16-2026 10:50:07|06-16-2026 17:07:36|91.98|98.27|6.29
BRCJM01|BRDUCATIMO|BRDUCATIMO|54755.4|Shipped|||C10528|74210-098|GO|BR|T7||1|0|0|1|1|Y|06-12-2026 14:30:23|06-12-2026 14:27:40|||||||||06-16-2026 10:50:19|06-16-2026 10:50:19|06-16-2026 17:07:34|92.33|98.62|6.29
BRCJM01|BRDUCATIMO|BRDUCATIMO|54756.4|Shipped|||C9969|13023-075|SP|BR|T7||1|0|0|1|1|Y|06-22-2026 10:49:16|06-22-2026 10:39:11||||06-22-2026 10:53:42|06-22-2026 11:52:29|06-22-2026 11:52:29|06-22-2026 14:40:27||06-22-2026 15:08:48|06-22-2026 15:08:48|06-23-2026 09:54:34|4.33|23.09|18.76
BRCJM01|BRDUCATIMO|BRDUCATIMO|54757.4|Shipped|||C9663|06455-000|SP|BR|T7||1|0|0|1|1|Y|06-15-2026 17:30:14|06-15-2026 17:27:11|||||06-16-2026 01:11:17|06-16-2026 01:11:17|06-16-2026 06:50:50||06-16-2026 08:35:38|06-16-2026 08:35:38|06-16-2026 17:07:37|15.09|23.62|8.53
BRCJM01|BRDUCATIMO|BRDUCATIMO|54758.4|Shipped|||C9663|06455-000|SP|BR|T7||1|0|0|1|1|Y|06-15-2026 17:30:14|06-15-2026 17:27:12|||||06-16-2026 01:21:57|06-16-2026 01:21:57|06-16-2026 06:50:25||06-16-2026 08:30:35|06-16-2026 08:30:35|06-16-2026 17:07:37|15.01|23.62|8.62
BRCJM01|BRDUCATIMO|BRDUCATIMO|54759.4|Shipped|||C13752|04090000|SP||T7||1|0|0|1|1|Y|06-15-2026 17:30:14|06-15-2026 17:27:22|||||06-16-2026 01:32:33|06-16-2026 01:32:33|06-16-2026 07:55:39||06-16-2026 08:17:31|06-16-2026 08:17:31|06-16-2026 17:07:35|14.79|23.62|8.83
BRCJM01|BRDUCATIMO|BRDUCATIMO|54760.4|Shipped|||C13963|14026040|SP||T7||1|0|0|1|1|Y|06-15-2026 17:30:14|06-15-2026 17:27:22|||||06-16-2026 01:41:22|06-16-2026 01:41:22|06-16-2026 06:56:01||06-17-2026 11:25:32|06-17-2026 11:25:32|06-17-2026 15:56:18|41.92|46.43|4.51
BRCJM01|BRDUCATIMO|BRDUCATIMO|54761.4|Shipped|||C13963|14026040|SP||T7||1|0|0|1|1|Y|06-15-2026 17:30:14|06-15-2026 17:27:28|||||||06-16-2026 07:05:17||06-17-2026 11:25:38|06-17-2026 11:25:38|06-17-2026 15:56:18|41.92|46.43|4.51
BRCJM01|BRDUCATIMO|BRDUCATIMO|54762.4|Shipped|||C13963|14026040|SP||T7||1|0|0|1|1|Y|06-15-2026 17:30:14|06-15-2026 17:27:29|||||||06-16-2026 07:07:10||06-17-2026 11:26:05|06-17-2026 11:26:05|06-17-2026 15:56:18|41.93|46.43|4.5
BRCJM01|BRDUCATIMO|BRDUCATIMO|54763.4|Shipped|||C13963|14026040|SP||T7||1|0|0|1|1|Y|06-15-2026 17:30:14|06-15-2026 17:27:35|||||||06-16-2026 06:51:06||06-17-2026 11:25:52|06-17-2026 11:25:52|06-17-2026 15:56:18|41.93|46.43|4.51
BRCJM01|BRDUCATIMO|BRDUCATIMO|54764.4|Shipped|||C13963|14026040|SP||T7||1|0|0|1|1|Y|06-15-2026 17:30:14|06-15-2026 17:27:35|||||||06-16-2026 06:56:42||06-17-2026 11:25:44|06-17-2026 11:25:44|06-17-2026 15:56:18|41.93|46.43|4.51
BRCJM01|BRDUCATIMO|BRDUCATIMO|54765.4|Shipped|||C9663|06455-000|SP|BR|T7||1|0|0|1|1|Y|06-15-2026 14:26:16|06-15-2026 14:23:12|||||||||06-17-2026 09:24:55|06-17-2026 09:24:55|06-17-2026 15:56:20|42.98|49.5|6.52
BRCJM01|BRDUCATIMO|BRDUCATIMO|54766.4|Shipped|||C9969|13023-075|SP|BR|T7||1|.36|.05|3|3|Y|06-15-2026 14:26:18|06-15-2026 14:23:14|||||||06-16-2026 09:07:37||06-17-2026 09:25:08|06-17-2026 09:25:08|06-17-2026 15:56:20|42.98|49.5|6.52
BRCJM01|BRDUCATIMO|BRDUCATIMO|54767.4|Shipped|||C13963|14026040|SP||T7||1|.16|.016667|1|1|Y|06-15-2026 14:28:18|06-15-2026 14:23:24|||||||06-16-2026 09:12:04||06-17-2026 09:25:15|06-17-2026 09:25:16|06-17-2026 15:56:18|42.95|49.47|6.52
BRCJM01|BRDUCATIMO|BRDUCATIMO|54768.4|Shipped|||C8318|38400-702|MG|BR|T7||1|0|0|1|1|Y|06-15-2026 14:28:18|06-15-2026 14:23:25|||||||06-16-2026 09:10:23||06-17-2026 09:25:20|06-17-2026 09:25:20|06-17-2026 15:56:20|42.95|49.47|6.52
BRCJM01|BRDUCATIMO|BRDUCATIMO|54769.4|Shipped|||C13752|04090000|SP||T7||1|0|0|1|1|Y|06-15-2026 17:28:12|06-15-2026 17:15:12|||||||06-16-2026 06:55:41||06-16-2026 08:30:50|06-16-2026 08:30:50|06-16-2026 17:07:35|15.04|23.66|8.61
BRCJM01|BRDUCATIMO|BRDUCATIMO|54770.4|Shipped|||C14253|22620-110|RJ|BR|T7||1|0|0|1|1|Y|06-15-2026 17:28:12|06-15-2026 17:15:13|||||||06-16-2026 07:06:39||06-17-2026 15:58:31|06-17-2026 15:58:31|06-18-2026 07:51:43|46.51|62.39|15.89
BRCJM01|BRDUCATIMO|BRDUCATIMO|54771.4|Shipped|||C14253|22620-110|RJ|BR|T7||1|0|0|1|1|Y|06-15-2026 17:28:12|06-15-2026 17:15:25|||||||06-16-2026 07:03:17||06-17-2026 16:13:05|06-17-2026 16:13:05|06-18-2026 07:51:43|46.75|62.39|15.64
BRCJM01|BRDUCATIMO|BRDUCATIMO|54772.4|Shipped|||C14253|22620-110|RJ|BR|T7||1|0|0|1|1|Y|06-15-2026 17:28:12|06-15-2026 17:15:26|||||||06-16-2026 06:55:06||06-17-2026 16:17:06|06-17-2026 16:17:06|06-18-2026 07:51:43|46.82|62.39|15.58
BRCJM01|BRDUCATIMO|BRDUCATIMO|54773.4|Shipped|||C13752|04090000|SP||T7||2|.02|.033333|3|3|Y|06-16-2026 10:26:45|06-16-2026 10:23:16||||06-16-2026 10:32:38|06-16-2026 11:39:54|06-16-2026 11:40:47|06-16-2026 12:35:44||06-17-2026 09:25:34|06-17-2026 09:25:34|06-17-2026 15:56:17|22.98|29.49|6.51
BRCJM01|BRDUCATIMO|BRDUCATIMO|54774-4|Shipped|||C33947|04794000|SP||T7||1|0|0|1|1|Y|06-24-2026 14:00:15|06-24-2026 13:47:15||||06-24-2026 14:37:00|06-24-2026 16:28:48|06-24-2026 16:28:48|06-24-2026 18:35:10||06-26-2026 08:33:07|06-26-2026 08:33:07|06-26-2026 08:35:09|42.55|42.58|.03
BRCJM01|BRDUCATIMO|BRDUCATIMO|54775.4|Shipped|||C14127|88090500|SC||T7||2|1.01|.07|5|5|Y|06-16-2026 10:26:45|06-16-2026 10:23:22||||06-16-2026 10:32:38|06-16-2026 11:41:42|06-16-2026 11:42:39|06-16-2026 12:31:01||06-17-2026 09:25:40|06-17-2026 09:25:40|06-17-2026 15:56:19|22.98|29.49|6.51
BRCJM01|BRDUCATIMO|BRDUCATIMO|54776.4|Shipped|||C13752|04090000|SP||T7||2|0|0|3|3|Y|06-20-2026 11:29:45|06-20-2026 11:27:12||||06-20-2026 13:00:39|06-20-2026 14:53:53|06-20-2026 14:54:19|06-20-2026 15:29:41||06-24-2026 13:26:48|06-24-2026 13:26:48|06-24-2026 13:29:59|97.95|98|.05
BRCJM01|BRDUCATIMO|BRDUCATIMO|54777.4|Shipped|||C9969|13023-075|SP|BR|T7||1|0|0|2|2|Y|06-20-2026 11:26:44|06-20-2026 11:23:13||||06-20-2026 13:00:39|06-20-2026 14:51:23|06-20-2026 14:51:23|06-20-2026 17:01:45||06-24-2026 13:26:54|06-24-2026 13:26:54|06-24-2026 13:30:00|98|98.05|.05
BRCJM01|BRDUCATIMO|BRDUCATIMO|54778.4|Shipped|||C8302|71200-037|DF|BR|T7||1|0|0|5|5|Y|06-20-2026 11:26:44|06-20-2026 11:23:13||||06-20-2026 13:00:39|06-20-2026 14:52:55|06-20-2026 14:52:55|06-20-2026 17:03:33||06-24-2026 13:27:02|06-24-2026 13:27:02|06-24-2026 13:30:00|98.01|98.05|.05
BRCJM01|BRDUCATIMO|BRDUCATIMO|54779.4|Shipped|||C14797|58039-000|PB|BR|T7||1|0|0|1|1|Y|06-20-2026 11:14:40|06-20-2026 11:11:12||||06-20-2026 13:00:39|06-20-2026 14:44:46|06-20-2026 14:44:46|06-20-2026 16:55:27||06-24-2026 13:27:11|06-24-2026 13:27:11|06-24-2026 13:30:00|98.21|98.26|.05
BRCJM01|BRDUCATIMO|BRDUCATIMO|54780.4|Shipped|||C14009|90000000|RS||T7||1|0|0|2|2|Y|06-20-2026 11:15:42|06-20-2026 11:11:13||||06-20-2026 13:00:39|06-20-2026 14:46:52|06-20-2026 14:46:52|06-20-2026 16:57:53||06-24-2026 13:28:58|06-24-2026 13:28:58|06-24-2026 13:30:00|98.22|98.24|.02
BRCJM01|BRDUCATIMO|BRDUCATIMO|54781.4|Shipped|||C13963|14026040|SP||T7||2|0|0|6|6|Y|06-20-2026 11:15:42|06-20-2026 11:11:21||||06-20-2026 13:00:39|06-20-2026 14:48:28|06-20-2026 14:49:57|06-20-2026 16:48:02||06-24-2026 13:27:23|06-24-2026 13:27:23|06-24-2026 13:30:00|98.19|98.24|.04
BRCJM01|BRDUCATIMO|BRDUCATIMO|54782.4|Shipped|||C14091|29060220|ES||T7||1|0|0|1|1|Y|06-16-2026 16:53:45|06-16-2026 16:51:13||||06-16-2026 17:00:34|06-16-2026 23:12:03|06-16-2026 23:12:03|06-17-2026 09:17:56||06-17-2026 16:28:28|06-17-2026 16:28:29|06-18-2026 07:51:42|23.58|38.97|15.39
BRCJM01|BRDUCATIMO|BRDUCATIMO|54783.4|Shipped|||C14091|29060220|ES||T7||1|0|0|1|1|Y|06-16-2026 16:54:45|06-16-2026 16:51:14||||06-16-2026 17:00:35|06-16-2026 23:00:58|06-16-2026 23:00:58|06-17-2026 06:58:08||06-17-2026 16:23:29|06-17-2026 16:23:29|06-18-2026 07:51:43|23.48|38.95|15.47
BRCJM01|BRDUCATIMO|BRDUCATIMO|54784.4|Shipped|||C16336|30494-270|MG|BR|T7||5|.06|.016667|5|5|Y|06-16-2026 17:14:53|06-16-2026 17:11:16||||06-16-2026 17:17:48|06-16-2026 20:21:42|06-16-2026 20:55:14|06-16-2026 22:04:15||06-18-2026 15:41:59|06-18-2026 15:41:59|06-18-2026 15:46:04|46.45|46.52|.07
BRCJM01|BRDUCATIMO|BRDUCATIMO|54785.4|Shipped|||C9969|13023-075|SP|BR|T7||1|0|0|1|1|Y|06-16-2026 17:14:53|06-16-2026 17:11:14||||06-16-2026 17:17:48|06-16-2026 20:59:27|06-16-2026 20:59:27|06-16-2026 21:59:46||06-18-2026 15:44:35|06-18-2026 15:44:35|06-18-2026 15:46:04|46.5|46.52|.02
BRCJM01|BRDUCATIMO|BRDUCATIMO|54786.4|Shipped|||C13752|04090000|SP||T7||2|0|0|2|2|Y|06-16-2026 17:14:53|06-16-2026 17:11:25||||06-16-2026 17:17:48|06-16-2026 21:17:48|06-16-2026 21:18:32|06-16-2026 21:38:08||06-18-2026 15:45:18|06-18-2026 15:45:18|06-18-2026 15:46:04|46.51|46.52|.01
BRCJM01|BRDUCATIMO|BRDUCATIMO|54787.4|Shipped|||C14127|88090500|SC||T7||1|0|0|2|2|Y|06-16-2026 17:14:53|06-16-2026 17:11:28||||06-16-2026 17:17:48|06-16-2026 21:09:42|06-16-2026 21:09:42|06-16-2026 21:50:26||06-20-2026 12:25:46|06-20-2026 12:25:46|06-20-2026 12:32:42|91.18|91.3|.12
BRCJM01|BRDUCATIMO|BRDUCATIMO|54788.4|Shipped|||C9663|06455-000|SP|BR|T7||1|0|0|1|1|Y|06-16-2026 17:14:54|06-16-2026 17:11:34||||06-16-2026 17:17:48|06-17-2026 07:13:12|06-17-2026 07:13:12|06-17-2026 07:28:05||06-18-2026 15:42:22|06-18-2026 15:42:22|06-18-2026 15:46:04|46.46|46.52|.06
BRCJM01|BRDUCATIMO|BRDUCATIMO|54789.4|Shipped|||C14091|29060220|ES||T7||3|0|0|3|3|Y|06-16-2026 17:14:54|06-16-2026 17:11:36|||06-17-2026 09:24:31|06-17-2026 09:28:39|06-17-2026 10:45:37|06-19-2026 12:06:54|06-19-2026 12:12:22||06-24-2026 13:27:36|06-24-2026 13:27:36|06-24-2026 13:30:00|188.21|188.25|.04
BRCJM01|BRDUCATIMO|BRDUCATIMO|54790.4|Shipped|||C11366||||T7||1|0|0|1|1|Y|06-18-2026 09:57:15|06-18-2026 09:47:14||||06-18-2026 09:58:00|06-18-2026 10:06:41|06-18-2026 10:06:41|06-18-2026 10:33:19||06-18-2026 12:00:24|06-18-2026 12:00:24|06-18-2026 15:46:32|2.05|5.82|3.77
BRCJM01|BRDUCATIMO|BRDUCATIMO|54791.4|Shipped|||C10528|74210-098|GO|BR|T7||1|0|0|1|1|Y|06-30-2026 09:15:16|06-30-2026 09:11:13||||06-30-2026 09:17:04|06-30-2026 09:33:53|06-30-2026 09:33:53|06-30-2026 09:42:27||06-30-2026 11:59:02|06-30-2026 11:59:02|06-30-2026 17:54:59|2.73|8.66|5.93
BRCJM01|BRDUCATIMO|BRDUCATIMO|54800.4|Shipped|||C14091|29060220|ES||T7||1|0|0|1|1|Y|06-18-2026 14:51:49|06-18-2026 14:47:14||||06-18-2026 15:14:49|06-18-2026 16:21:52|06-18-2026 16:21:52|06-18-2026 22:54:18||06-20-2026 12:25:54|06-20-2026 12:25:54|06-20-2026 12:32:42|45.57|45.68|.11
BRCJM01|BRDUCATIMO|BRDUCATIMO|54801.4|Shipped|||C14091|29060220|ES||T7||2|0|0|5|5|Y|06-18-2026 14:51:50|06-18-2026 14:47:15||||06-18-2026 15:14:49|06-18-2026 16:29:26|06-18-2026 16:30:48|06-18-2026 23:05:52||06-20-2026 12:26:00|06-20-2026 12:26:01|06-20-2026 12:32:42|45.57|45.68|.11
BRCJM01|BRDUCATIMO|BRDUCATIMO|54802.4|Shipped|||C14009|90000000|RS||T7||1|0|0|1|1|Y|06-18-2026 14:51:50|06-18-2026 14:47:27||||06-18-2026 15:14:49|06-18-2026 16:27:41|06-18-2026 16:27:41|06-18-2026 22:50:58||06-20-2026 12:26:07|06-20-2026 12:26:07|06-20-2026 12:32:42|45.57|45.68|.11
BRCJM01|BRDUCATIMO|BRDUCATIMO|54803.4|Shipped|||C13752|04090000|SP||T7||1|0|0|1|1|Y|06-18-2026 14:51:50|06-18-2026 14:47:28||||06-18-2026 15:14:49|06-18-2026 16:26:18|06-18-2026 16:26:18|06-18-2026 23:01:35||06-20-2026 12:26:13|06-20-2026 12:26:13|06-20-2026 12:32:42|45.57|45.68|.11
BRCJM01|BRDUCATIMO|BRDUCATIMO|54806.4|Shipped|||C8302|71200-037|DF|BR|T7||2|0|0|5|5|Y|06-20-2026 11:41:47|06-20-2026 11:39:13||||06-20-2026 13:00:39|06-20-2026 14:56:06|06-20-2026 14:57:09|06-20-2026 17:06:44||07-01-2026 08:39:43|07-01-2026 08:39:43|07-01-2026 08:48:11|260.97|261.11|.14
BRCJM01|BRDUCATIMO|BRDUCATIMO|54807.4|Shipped|||C9969|13023-075|SP|BR|T7||4|.16|.016667|25|25|Y|06-20-2026 11:41:47|06-20-2026 11:39:15||||06-20-2026 13:00:39|06-20-2026 14:59:14|06-20-2026 15:09:04|06-20-2026 15:46:41||06-24-2026 13:27:49|06-24-2026 13:27:49|06-24-2026 13:30:00|97.77|97.8|.04
BRCJM01|BRDUCATIMO|BRDUCATIMO|54808.4|Shipped|||C14797|58039-000|PB|BR|T7||1|0|0|1|1|Y|06-22-2026 14:27:17|06-22-2026 14:12:42||||06-22-2026 14:32:53|06-22-2026 20:22:59|06-22-2026 20:22:59|06-23-2026 06:45:16||06-23-2026 11:41:35|06-23-2026 11:41:35|06-23-2026 15:53:29|21.24|25.44|4.2
BRCJM01|BRDUCATIMO|BRDUCATIMO|54809.4|Shipped|||C14797|58039-000|PB|BR|T7||1|0|0|1|1|Y|06-22-2026 14:27:19|06-22-2026 14:12:49||||06-22-2026 14:32:53|06-22-2026 20:56:59|06-22-2026 20:56:59|06-23-2026 06:46:21||06-23-2026 11:41:47|06-23-2026 11:41:47|06-23-2026 15:53:29|21.24|25.44|4.2
BRCJM01|BRDUCATIMO|BRDUCATIMO|54810.4|Shipped|||C14797|58039-000|PB|BR|T7||1|0|0|1|1|Y|06-22-2026 14:27:19|06-22-2026 14:12:57||||06-22-2026 14:32:53|06-22-2026 20:39:59|06-22-2026 20:39:59|06-23-2026 06:44:34||06-23-2026 11:41:27|06-23-2026 11:41:27|06-23-2026 15:53:29|21.24|25.44|4.2
BRCJM01|BRDUCATIMO|BRDUCATIMO|54811.4|Shipped|||C9663|06455-000|SP|BR|T7||1|0|0|1|1|Y|06-30-2026 10:50:57|06-30-2026 10:47:13||||06-30-2026 17:40:56|07-01-2026 07:49:58|07-01-2026 07:49:58|07-01-2026 08:52:30||07-02-2026 10:58:28|07-02-2026 10:58:28|07-06-2026 14:45:20|48.13|147.91|99.78
BRCJM01|BRDUCATIMO|BRDUCATIMO|54812.4|Shipped|||C8797|80740-000|PR|BR|T7||1|0|0|2|2|Y|06-30-2026 10:50:57|06-30-2026 10:47:13||||06-30-2026 17:40:56|07-01-2026 07:20:07|07-01-2026 07:20:07|07-01-2026 08:25:04||07-06-2026 14:42:11|07-06-2026 14:42:11|07-06-2026 14:45:20|147.85|147.91|.05
BRCJM01|BRDUCATIMO|BRDUCATIMO|54813.4|Shipped|||C10528|74210-098|GO|BR|T7||1|0|0|1|1|Y|06-27-2026 09:42:53|06-27-2026 09:39:11||||06-27-2026 11:35:29|06-29-2026 16:41:58|06-29-2026 16:41:58|06-30-2026 07:15:35||07-02-2026 09:35:30|07-02-2026 09:35:30|07-02-2026 09:45:49|119.88|120.05|.17
BRCJM01|BRDUCATIMO|BRDUCATIMO|54814.4|Shipped|||C8302|71200-037|DF|BR|T7||3|0|0|5|5|Y|06-27-2026 09:18:47|06-27-2026 09:15:14||||06-27-2026 11:35:28|06-29-2026 16:35:20|06-29-2026 16:41:49|06-30-2026 00:05:32||07-02-2026 09:35:57|07-02-2026 09:35:57|07-02-2026 09:45:50|120.29|120.45|.16
BRCJM01|BRDUCATIMO|BRDUCATIMO|54815.4|Shipped|||C13752|04090000|SP||T7||2|.165|0|2|2|Y|06-27-2026 09:18:48|06-27-2026 09:15:39||||06-27-2026 11:35:28|06-29-2026 11:17:09|06-29-2026 11:18:09|06-30-2026 07:04:11||07-02-2026 09:36:08|07-02-2026 09:36:08|07-02-2026 09:45:49|120.29|120.45|.16
BRCJM01|BRDUCATIMO|BRDUCATIMO|54816.4|Shipped|||C15099|12243-610|SP|BR|T7||1|0|0|1|1|Y|06-27-2026 09:18:47|06-27-2026 09:15:13||||06-27-2026 11:35:28|06-29-2026 17:17:15|06-29-2026 17:17:15|06-30-2026 00:14:59||07-02-2026 09:36:14|07-02-2026 09:36:14|07-02-2026 09:45:50|120.29|120.45|.16
BRCJM01|BRDUCATIMO|BRDUCATIMO|54817.4|Shipped|||C14127|88090500|SC||T7||3|0|0|7|7|Y|06-27-2026 09:42:53|06-27-2026 09:39:14||||06-27-2026 11:35:29|06-29-2026 17:08:40|06-29-2026 17:12:06|06-30-2026 01:56:41||07-02-2026 09:36:20|07-02-2026 09:36:20|07-02-2026 09:45:50|119.89|120.05|.16
BRCJM01|BRDUCATIMO|BRDUCATIMO|54818.4|Shipped|||C14091|29060220|ES||T7||2|.08|.133333|12|12|Y|06-27-2026 09:18:47|06-27-2026 09:15:22||||06-27-2026 11:35:28|06-29-2026 11:21:51|06-29-2026 11:23:20|06-30-2026 06:54:30||07-02-2026 09:36:45|07-02-2026 09:36:45|07-02-2026 09:45:50|120.3|120.45|.15
BRCJM01|BRDUCATIMO|BRDUCATIMO|54819.4|Shipped|||C8302|71200-037|DF|BR|T7||3|0|0|10|10|Y|07-07-2026 10:03:35|07-07-2026 09:55:17||||07-07-2026 14:24:22|07-08-2026 16:42:08|07-08-2026 16:44:32|07-09-2026 12:24:05||07-22-2026 09:25:39|07-22-2026 09:25:39|07-22-2026 15:59:44|359.37|365.94|6.57
BRCJM01|BRDUCATIMO|BRDUCATIMO|54820.4|Shipped|||C8797|80740-000|PR|BR|T7||7|4.51|.250667|18|18|Y|06-27-2026 09:42:53|06-27-2026 09:39:24||||06-27-2026 11:35:29|06-29-2026 17:36:14|06-29-2026 17:54:40|06-30-2026 00:36:17||07-02-2026 09:36:52|07-02-2026 09:36:52|07-02-2026 09:45:50|119.9|120.05|.15
BRCJM01|BRDUCATIMO|BRDUCATIMO|54821.4|Shipped|||C9969|13023-075|SP|BR|T7||8|5.2|.236666|68|68|Y|06-27-2026 09:18:48|06-27-2026 09:15:28||||06-27-2026 11:35:28|06-29-2026 18:14:19|06-29-2026 18:34:12|06-30-2026 04:28:41||07-02-2026 09:37:11|07-02-2026 09:37:11|07-02-2026 09:45:51|120.31|120.45|.14
BRCJM01|BRDUCATIMO|BRDUCATIMO|54822.4|Shipped|||C14091|29060220|ES||T7||1|0|0|1|1|Y|06-27-2026 09:18:47|06-27-2026 09:15:29||||06-27-2026 11:35:28|06-29-2026 16:43:29|06-29-2026 16:43:29|06-30-2026 07:17:47||07-01-2026 08:41:18|07-01-2026 08:41:18|07-01-2026 08:48:11|95.38|95.49|.11
BRCJM01|BRDUCATIMO|BRDUCATIMO|54823.4|Shipped|||C10528|74210-098|GO|BR|T7||2|0|0|4|4|Y|06-30-2026 10:53:57|06-30-2026 10:51:14||||06-30-2026 17:40:56|07-01-2026 07:47:33|07-01-2026 07:47:53|07-01-2026 08:54:56||07-02-2026 10:58:45|07-02-2026 10:58:45|07-06-2026 14:45:19|48.08|147.86|99.78
BRCJM01|BRDUCATIMO|BRDUCATIMO|54824.4|Shipped|||C13963|14026040|SP||T7||8|14.13|.618667|39|39|Y|06-27-2026 09:42:53|06-27-2026 09:39:27||||06-27-2026 11:35:29|06-29-2026 10:25:34|06-29-2026 10:54:31|06-30-2026 06:44:33||07-02-2026 09:37:36|07-02-2026 09:37:36|07-02-2026 09:45:50|119.91|120.05|.14
BRCJM01|BRDUCATIMO|BRDUCATIMO|54825.4|Shipped|||C9969|13023-075|SP|BR|T7||20|0|0|22|22|Y|06-27-2026 09:18:48|06-27-2026 09:15:42||||06-27-2026 11:35:28|06-29-2026 17:10:19|06-29-2026 17:22:18|06-30-2026 14:33:19||07-06-2026 14:42:50|07-06-2026 14:42:50|07-06-2026 14:45:20|221.4|221.44|.04
BRCJM01|BRDUCATIMO|BRDUCATIMO|54826.4|Shipped|||C9969|13023-075|SP|BR|T7||1|0|0|1|1|Y|06-22-2026 10:50:19|06-22-2026 10:39:18||||06-22-2026 10:53:42|06-22-2026 11:49:06|06-22-2026 11:49:06|06-22-2026 14:43:13||06-22-2026 15:08:59|06-22-2026 15:08:59|06-23-2026 09:54:34|4.31|23.07|18.76
BRCJM01|BRDUCATIMO|BRDUCATIMO|54827.4|Shipped|||C9663|06455-000|SP|BR|T7||1|0|0|1|1|Y|06-24-2026 14:04:17|06-24-2026 13:59:15||||06-24-2026 14:22:28|06-24-2026 17:02:11|06-24-2026 17:02:11|06-25-2026 06:59:28||06-25-2026 13:59:45|06-25-2026 13:59:45|06-25-2026 16:17:45|23.92|26.22|2.3
BRCJM01|BRDUCATIMO|BRDUCATIMO|54828.4|Shipped|||C9663|06455-000|SP|BR|T7||1|0|0|1|1|Y|06-24-2026 14:06:17|06-24-2026 14:03:15||||06-24-2026 14:22:28|06-24-2026 16:39:14|06-24-2026 16:39:14|06-25-2026 06:59:03||06-25-2026 14:07:01|06-25-2026 14:07:01|06-25-2026 16:17:45|24.01|26.19|2.18
BRCJM01|BRDUCATIMO|BRDUCATIMO|54829.4|Shipped|||C9663|06455-000|SP|BR|T7||1|0|0|1|1|Y|06-24-2026 14:06:17|06-24-2026 14:03:16||||06-24-2026 14:22:28|06-24-2026 16:21:00|06-24-2026 16:21:00|06-25-2026 06:58:43||06-25-2026 14:06:34|06-25-2026 14:06:34|06-25-2026 16:17:45|24|26.19|2.19
BRCJM01|BRDUCATIMO|BRDUCATIMO|54830.4|Shipped|||C13752|04090000|SP||T7||1|0|0|1|1|Y|06-24-2026 14:06:17|06-24-2026 14:03:25||||06-24-2026 14:22:28|06-24-2026 15:55:15|06-24-2026 15:55:15|06-25-2026 06:58:11||06-25-2026 13:56:24|06-25-2026 13:56:24|06-25-2026 16:17:44|23.84|26.19|2.36
BRCJM01|BRDUCATIMO|BRDUCATIMO|54831.4|Shipped|||C14127|88090500|SC||T7||3|0|0|5|5|Y|06-22-2026 16:40:03|06-22-2026 16:35:15||||06-23-2026 08:59:11|06-23-2026 10:54:43|06-23-2026 11:08:29|06-23-2026 11:28:21||07-02-2026 09:39:10|07-02-2026 09:39:10|07-02-2026 09:45:50|232.99|233.1|.11
BRCJM01|BRDUCATIMO|BRDUCATIMO|54832.4|Shipped|||C14091|29060220|ES||T7||1|0|0|1|1|Y|06-23-2026 10:56:34|06-23-2026 10:55:17||||06-23-2026 15:49:19|06-23-2026 20:10:14|06-23-2026 20:10:14|06-24-2026 06:42:13||06-25-2026 14:39:46|06-25-2026 14:39:46|06-25-2026 16:17:44|51.72|53.35|1.63
BRCJM01|BRDUCATIMO|BRDUCATIMO|54833.4|Shipped|||C8302|71200-037|DF|BR|T7||1|0|0|1|1|Y|06-29-2026 12:27:10|06-29-2026 12:23:14||||06-29-2026 17:05:08|06-29-2026 22:13:00|06-29-2026 22:13:00|06-30-2026 09:31:44||06-30-2026 11:11:41|06-30-2026 11:11:41|06-30-2026 17:55:00|22.74|29.46|6.72
BRCJM01|BRDUCATIMO|BRDUCATIMO|54834.4|Shipped|||C8302|71200-037|DF|BR|T7||1|0|0|1|1|Y|06-29-2026 12:27:11|06-29-2026 12:23:15||||06-29-2026 17:05:08|06-29-2026 22:37:50|06-29-2026 22:37:50|06-30-2026 09:28:11||06-30-2026 11:06:28|06-30-2026 11:06:28|06-30-2026 17:55:00|22.65|29.46|6.81
BRCJM01|BRDUCATIMO|BRDUCATIMO|54835.4|Shipped|||C8302|71200-037|DF|BR|T7||1|0|0|1|1|Y|06-29-2026 12:27:11|06-29-2026 12:23:24||||06-29-2026 17:05:09|06-29-2026 22:25:04|06-29-2026 22:25:04|06-30-2026 09:26:21||06-30-2026 11:04:54|06-30-2026 11:04:54|06-30-2026 17:55:00|22.63|29.46|6.84
BRCJM01|BRDUCATIMO|BRDUCATIMO|54836.4|Shipped|||C13752|04090000|SP||T7||1|0|0|1|1|Y|06-25-2026 11:51:58|06-25-2026 11:47:13||||06-25-2026 11:55:55|06-25-2026 12:15:39|06-25-2026 12:15:39|06-25-2026 13:18:11||06-25-2026 13:45:58|06-25-2026 13:45:58|06-25-2026 16:17:44|1.9|4.43|2.53
BRCJM01|BRDUCATIMO|BRDUCATIMO|54837.4|Shipped|||C8302|71200-037|DF|BR|T7||1|.16|.066667|4|4|Y|06-24-2026 15:42:57|06-24-2026 15:39:14||||06-24-2026 16:07:17|06-24-2026 16:58:15|06-24-2026 16:58:15|06-24-2026 18:20:18||06-26-2026 08:33:27|06-26-2026 08:33:27|06-26-2026 08:35:09|40.84|40.87|.03
BRCJM01|BRDUCATIMO|BRDUCATIMO|54838.4|Shipped|||C14422|22790-270|RJ|BR|T7||6|.05|.021667|16|16|Y|06-24-2026 15:42:59|06-24-2026 15:39:18||||06-24-2026 16:07:18|06-24-2026 17:13:30|06-24-2026 17:32:18|06-24-2026 18:44:48||06-26-2026 08:33:44|06-26-2026 08:33:44|06-26-2026 08:35:09|40.85|40.87|.02
BRCJM01|BRDUCATIMO|BRDUCATIMO|54839.4|Shipped|||C14422|22790-270|RJ|BR|T7||1|.04|.016667|1|1|Y|06-24-2026 15:42:59|06-24-2026 15:39:25||||06-24-2026 16:07:18|06-24-2026 16:59:45|06-24-2026 16:59:45|06-24-2026 18:22:31||06-26-2026 08:33:52|06-26-2026 08:33:52|06-26-2026 08:35:09|40.85|40.87|.02
BRCJM01|BRDUCATIMO|BRDUCATIMO|54840.4|Shipped|||C8797|80740-000|PR|BR|T7||3|1.46|4.291667|19|19|Y|06-24-2026 15:42:59|06-24-2026 15:39:35||||06-24-2026 16:07:18|06-24-2026 17:05:11|06-24-2026 17:11:03|06-24-2026 18:26:43||06-26-2026 08:34:02|06-26-2026 08:34:02|06-26-2026 08:35:09|40.85|40.87|.02
BRCJM01|BRDUCATIMO|BRDUCATIMO|54841.4|Shipped|||C14127|88090500|SC||T7||1|0|0|1|1|Y|06-29-2026 12:30:13|06-29-2026 12:27:12||||06-29-2026 17:05:09|06-29-2026 23:00:24|06-29-2026 23:00:24|06-30-2026 09:24:10||06-30-2026 10:57:17|06-30-2026 10:57:17|06-30-2026 17:54:59|22.45|29.41|6.96
BRCJM01|BRDUCATIMO|BRDUCATIMO|54842.4|Shipped|||C14127|88090500|SC||T7||1|0|0|1|1|Y|06-29-2026 12:27:12|06-29-2026 12:23:26||||06-29-2026 17:05:09|06-29-2026 22:46:14|06-29-2026 22:46:14|06-30-2026 09:24:02||06-30-2026 10:59:40|06-30-2026 10:59:40|06-30-2026 17:55:00|22.54|29.46|6.92
BRCJM01|BRDUCATIMO|BRDUCATIMO|54845.4|Shipped|||C14127|88090500|SC||T7||1|0|0|1|1|Y|06-29-2026 12:31:13|06-29-2026 12:27:12||||06-29-2026 17:05:10|06-29-2026 20:30:06|06-29-2026 20:30:06|06-30-2026 09:38:00||06-30-2026 10:55:50|06-30-2026 10:55:50|06-30-2026 17:55:00|22.41|29.4|6.99
BRCJM01|BRDUCATIMO|BRDUCATIMO|54846.4|Shipped|||C8797|80740-000|PR|BR|T7||1|0|0|1|1|Y|07-09-2026 13:55:10|07-09-2026 13:51:13||||07-09-2026 14:06:05|07-09-2026 17:02:10|07-09-2026 17:02:10|07-10-2026 07:16:32||07-10-2026 08:14:50|07-10-2026 08:14:50|07-14-2026 14:26:07|18.33|120.52|102.19
BRCJM01|BRDUCATIMO|BRDUCATIMO|54847.4|Shipped|||C8797|80740-000|PR|BR|T7||1|0|0|1|1|Y|07-09-2026 13:55:11|07-09-2026 13:51:25||||07-09-2026 14:06:05|07-09-2026 17:38:52|07-09-2026 17:38:52|07-10-2026 07:15:37||07-10-2026 08:14:29|07-10-2026 08:14:29|07-14-2026 14:26:07|18.32|120.52|102.19
BRCJM01|BRDUCATIMO|BRDUCATIMO|54848.4|Shipped|||C14253|22620-110|RJ|BR|T7||1|0|0|1|1|Y|06-29-2026 12:27:11|06-29-2026 12:23:32||||06-29-2026 17:05:09|06-29-2026 21:38:08|06-29-2026 21:38:08|06-30-2026 09:33:41||06-30-2026 18:36:04|06-30-2026 18:36:04|07-01-2026 07:00:44|30.15|42.56|12.41
BRCJM01|BRDUCATIMO|BRDUCATIMO|54849.4|Shipped|||C14253|22620-110|RJ|BR|T7||1|0|0|1|1|Y|06-29-2026 12:27:12|06-29-2026 12:23:33||||06-29-2026 17:05:09|06-29-2026 21:53:36|06-29-2026 21:53:36|06-30-2026 09:29:47||06-30-2026 18:36:22|06-30-2026 18:36:22|07-01-2026 07:00:44|30.15|42.56|12.41
BRCJM01|BRDUCATIMO|BRDUCATIMO|54850.4|Shipped|||C14253|22620-110|RJ|BR|T7||1|0|0|1|1|Y|06-29-2026 12:27:12|06-29-2026 12:23:38||||06-29-2026 17:05:09|06-29-2026 21:19:16|06-29-2026 21:19:16|06-30-2026 09:35:11||06-30-2026 18:35:55|06-30-2026 18:35:55|07-01-2026 07:00:44|30.15|42.56|12.41
BRCJM01|BRDUCATIMO|BRDUCATIMO|54851.4|Shipped|||C13963|14026040|SP||T7||1|.01|.016667|1|1|Y|06-27-2026 08:57:44|06-27-2026 08:55:14|||06-29-2026 17:04:36|06-29-2026 17:05:08|06-29-2026 17:07:14|06-29-2026 17:07:14|06-30-2026 01:58:50||07-02-2026 09:41:53|07-02-2026 09:41:53|07-02-2026 09:45:50|120.74|120.8|.07
BRCJM01|BRDUCATIMO|BRDUCATIMO|54852.4|Shipped|||C14009|90000000|RS||T7||3|.01|.016667|4|4|Y|06-27-2026 08:54:41|06-27-2026 08:51:13||||06-27-2026 11:35:26|06-29-2026 11:23:31|06-29-2026 11:25:53|06-30-2026 06:49:54||07-02-2026 09:44:30|07-02-2026 09:44:30|07-02-2026 09:45:50|120.83|120.85|.02
BRCJM01|BRDUCATIMO|BRDUCATIMO|54853.4|Shipped|||C8797|80740-000|PR|BR|T7||3|4.74|.1|8|8|Y|06-27-2026 08:54:42|06-27-2026 08:51:14||||06-27-2026 11:35:26|06-29-2026 09:59:39|06-29-2026 10:21:17|06-29-2026 10:24:50||07-02-2026 09:44:40|07-02-2026 09:44:40|07-02-2026 09:45:50|120.83|120.85|.02
BRCJM01|BRDUCATIMO|BRDUCATIMO|54854.4|Shipped|||C13752|04090000|SP||T7||3|0|0|5|5|Y|06-27-2026 08:54:43|06-27-2026 08:51:25||||06-27-2026 11:35:27|06-29-2026 10:08:59|06-29-2026 10:11:42|06-29-2026 10:26:43||07-02-2026 09:44:49|07-02-2026 09:44:49|07-02-2026 09:45:49|120.84|120.85|.02
BRCJM01|BRDUCATIMO|BRDUCATIMO|54855.4|Shipped|||C14797|58039-000|PB|BR|T7||10|6.46|.150001|16|16|Y|06-27-2026 09:00:44|06-27-2026 08:55:23||||06-27-2026 11:35:27|06-29-2026 16:44:53|06-29-2026 16:56:22|06-30-2026 01:04:14||07-01-2026 08:42:30|07-01-2026 08:42:30|07-01-2026 08:48:11|95.7|95.79|.09
BRCJM01|BRDUCATIMO|BRDUCATIMO|54856.4|Shipped|||C14009|90000000|RS||T7||1|1.42|.033333|2|2|Y|06-27-2026 08:54:43|06-27-2026 08:51:25||||06-27-2026 11:35:27|06-29-2026 11:13:03|06-29-2026 11:13:03|06-30-2026 07:00:50||07-01-2026 08:44:23|07-01-2026 08:44:23|07-01-2026 08:48:10|95.83|95.89|.06
BRCJM01|BRDUCATIMO|BRDUCATIMO|54857.4|Shipped|||C8302|71200-037|DF|BR|T7||2|.04|.016667|2|2|Y|06-27-2026 08:54:43|06-27-2026 08:51:32||||06-27-2026 11:35:27|06-29-2026 17:19:05|06-30-2026 08:22:38|06-30-2026 08:24:10||07-01-2026 08:44:35|07-01-2026 08:44:35|07-01-2026 08:48:11|95.83|95.89|.06
BRCJM01|BRDUCATIMO|BRDUCATIMO|54858.4|Shipped|||C13963|14026040|SP||T7||1|.11|.016667|1|1|Y|06-27-2026 09:00:44|06-27-2026 08:55:24||||06-27-2026 11:35:27|06-29-2026 17:13:52|06-29-2026 17:13:52|06-30-2026 00:10:15||07-02-2026 09:45:01|07-02-2026 09:45:01|07-02-2026 09:45:50|120.74|120.75|.01
BRCJM01|BRDUCATIMO|BRDUCATIMO|54859.4|Shipped|||C13752|04090000|SP||T7||2|.8|.01|12|12|Y|06-27-2026 09:00:44|06-27-2026 08:55:32||||06-27-2026 11:35:27|06-29-2026 11:25:06|06-29-2026 11:27:18|07-01-2026 19:46:52||07-06-2026 14:42:58|07-06-2026 14:42:58|07-06-2026 14:45:19|221.7|221.74|.04
BRCJM01|BRDUCATIMO|BRDUCATIMO|54860.4|Shipped|||C14009|90000000|RS||T7||4|0|0|4|4|Y|06-27-2026 08:54:43|06-27-2026 08:51:34||||06-27-2026 11:35:27|06-29-2026 17:26:27|06-29-2026 17:27:50|06-30-2026 07:09:24||07-01-2026 08:44:45|07-01-2026 08:44:45|07-01-2026 08:48:10|95.83|95.89|.06
BRCJM01|BRDUCATIMO|BRDUCATIMO|54861.4|Shipped|||C14091|29060220|ES||T7||1|0|0|20|20|Y|06-27-2026 08:54:43|06-27-2026 08:51:38||||06-27-2026 11:35:27|06-29-2026 17:26:51|06-29-2026 17:26:51|06-30-2026 00:45:08||07-01-2026 08:45:19|07-01-2026 08:45:19|07-01-2026 08:48:11|95.84|95.89|.05
BRCJM01|BRDUCATIMO|BRDUCATIMO|54862.4|Shipped|||C14422|22790-270|RJ|BR|T7||1|0|0|1|1|Y|06-25-2026 17:09:36|06-25-2026 17:07:13||||06-26-2026 07:06:06|06-26-2026 10:12:27|06-26-2026 10:12:27|06-26-2026 13:29:40||07-02-2026 10:59:22|07-02-2026 10:59:22|07-06-2026 14:45:20|161.83|261.6|99.77
BRCJM01|BRDUCATIMO|BRDUCATIMO|54863.4|Shipped|||C8797|80740-000|PR|BR|T7||1|0|0|1|1|Y|06-25-2026 17:12:39|06-25-2026 17:07:14||||06-26-2026 07:06:06|06-26-2026 14:00:40|06-26-2026 14:00:40|06-26-2026 14:05:08||07-06-2026 14:43:29|07-06-2026 14:43:29|07-06-2026 14:45:20|261.51|261.54|.03
BRCJM01|BRDUCATIMO|BRDUCATIMO|54864.4|Shipped|||C8797|80740-000|PR|BR|T7||5|0|0|5|5|Y|06-25-2026 17:12:39|06-25-2026 17:07:26||||06-26-2026 07:06:06|06-26-2026 10:03:27|06-26-2026 22:32:24|06-28-2026 11:59:51||07-01-2026 08:45:25|07-01-2026 08:45:25|07-01-2026 08:48:11|135.55|135.59|.05
BRCJM01|BRDUCATIMO|BRDUCATIMO|54870.4|Shipped|||C9969|13023-075|SP|BR|T7||1|0|0|1|1|Y|06-30-2026 17:55:08|06-30-2026 17:51:13||||06-30-2026 17:57:52|07-01-2026 01:58:45|07-01-2026 01:58:45|07-01-2026 07:19:54||07-01-2026 09:57:47|07-01-2026 09:57:47|07-02-2026 09:02:21|16.04|39.12|23.08
BRCJM01|BRDUCATIMO|BRDUCATIMO|54871.4|Shipped|||C9969|13023-075|SP|BR|T7||1|0|0|1|1|Y|06-30-2026 17:55:08|06-30-2026 17:51:14||||06-30-2026 17:57:52|07-01-2026 01:53:43|07-01-2026 01:53:43|07-01-2026 07:20:26||07-01-2026 09:58:13|07-01-2026 09:58:13|07-02-2026 09:02:22|16.05|39.12|23.07
BRCJM01|BRDUCATIMO|BRDUCATIMO|54872.4|Shipped|||C9969|13023-075|SP|BR|T7||1|0|0|1|1|Y|06-30-2026 17:55:08|06-30-2026 17:51:25||||06-30-2026 17:57:52|07-01-2026 02:12:52|07-01-2026 02:12:52|07-01-2026 07:18:23||07-01-2026 09:57:25|07-01-2026 09:57:25|07-02-2026 09:02:22|16.04|39.12|23.08
BRCJM01|BRDUCATIMO|BRDUCATIMO|54873.4|Shipped|||C13963|14026040|SP||T7||1|0|0|1|1|Y|06-27-2026 11:15:16|06-27-2026 11:11:12||||06-27-2026 11:35:30|06-27-2026 19:14:35|06-27-2026 19:14:35|06-29-2026 07:02:57||06-29-2026 09:16:35|06-29-2026 09:16:35|06-30-2026 17:54:59|46.02|78.66|32.64
BRCJM01|BRDUCATIMO|BRDUCATIMO|54874.4|Shipped|||C13963|14026040|SP||T7||1|0|0|1|1|Y|06-27-2026 11:15:16|06-27-2026 11:11:13||||06-27-2026 11:35:30|06-27-2026 18:10:12|06-27-2026 18:10:12|06-29-2026 07:03:23||06-29-2026 09:16:47|06-29-2026 09:16:47|06-30-2026 17:54:59|46.03|78.66|32.64
BRCJM01|BRDUCATIMO|BRDUCATIMO|54875.4|Shipped|||C13963|14026040|SP||T7||1|0|0|1|1|Y|06-27-2026 11:15:16|06-27-2026 11:11:21||||06-27-2026 11:35:30|06-27-2026 19:27:19|06-27-2026 19:27:19|06-29-2026 07:02:35||06-29-2026 09:16:16|06-29-2026 09:16:16|06-30-2026 17:54:59|46.02|78.66|32.65
BRCJM01|BRDUCATIMO|BRDUCATIMO|54876.4|Shipped|||C8797|80740-000|PR|BR|T7||3|0|0|3|3|Y|07-07-2026 10:15:38|07-07-2026 10:03:17||||07-07-2026 14:24:23|07-07-2026 19:59:51|07-07-2026 20:01:24|07-08-2026 03:36:03||07-13-2026 12:42:42|07-13-2026 12:42:42|07-14-2026 14:26:07|146.45|172.17|25.72
BRCJM01|BRDUCATIMO|BRDUCATIMO|54877.4|Shipped|||C13752|04090000|SP||T7||2|0|0|9|9|Y|07-07-2026 10:14:37|07-07-2026 10:07:14||||07-07-2026 14:24:24|07-07-2026 20:27:52|07-07-2026 20:29:39|07-08-2026 00:43:34||07-13-2026 12:47:21|07-13-2026 12:47:21|07-14-2026 14:26:01|146.55|172.19|25.64
BRCJM01|BRDUCATIMO|BRDUCATIMO|54878.4|Shipped|||C8305|60182-453|CE|BR|T7||1|.98|.033333|2|2|Y|06-27-2026 10:42:06|06-27-2026 10:39:11||||06-27-2026 11:35:30|06-29-2026 16:45:56|06-29-2026 16:45:56|06-30-2026 07:08:09||07-01-2026 08:45:34|07-01-2026 08:45:34|07-01-2026 08:48:11|94.06|94.1|.04
BRCJM01|BRDUCATIMO|BRDUCATIMO|54879.4|Shipped|||C10528|74210-098|GO|BR|T7||6|1.9|.233334|16|16|Y|07-07-2026 10:17:39|07-07-2026 10:15:20||||07-07-2026 14:24:25|07-07-2026 21:10:48|07-07-2026 21:25:30|07-10-2026 13:35:56||07-22-2026 09:25:46|07-22-2026 09:25:46|07-22-2026 15:59:40|359.14|365.7|6.57
BRCJM01|BRDUCATIMO|BRDUCATIMO|54880.4|Shipped|||C10528|74210-098|GO|BR|T7||1|0|0|1|1|Y|07-07-2026 10:15:38|07-07-2026 10:03:30||||07-07-2026 14:24:23|07-07-2026 20:04:36|07-07-2026 20:04:36|07-08-2026 03:40:46||07-13-2026 12:47:32|07-13-2026 12:47:32|07-14-2026 14:26:01|146.53|172.17|25.64
BRCJM01|BRDUCATIMO|BRDUCATIMO|54881.4|Shipped|||C14253|22620-110|RJ|BR|T7||3|.01|.016667|4|4|Y|07-07-2026 10:14:37|07-07-2026 10:07:15||||07-07-2026 14:24:24|07-07-2026 20:31:32|07-07-2026 20:32:45|07-08-2026 00:26:25||07-13-2026 12:47:53|07-13-2026 12:47:53|07-14-2026 14:26:04|146.55|172.19|25.64
BRCJM01|BRDUCATIMO|BRDUCATIMO|54882.4|Shipped|||C13752|04090000|SP||T7||10|.47|.766666|73|73|Y|07-07-2026 10:14:37|07-07-2026 10:07:29||||07-07-2026 14:24:24|07-07-2026 20:36:04|07-07-2026 21:07:46|07-08-2026 00:50:18||07-13-2026 12:48:14|07-13-2026 12:48:14|07-14-2026 14:26:02|146.56|172.19|25.63
BRCJM01|BRDUCATIMO|BRDUCATIMO|54883.4|Shipped|||C8302|71200-037|DF|BR|T7||10|.19|.116667|32|32|Y|07-07-2026 10:15:38|07-07-2026 10:03:36||||07-07-2026 14:24:23|07-07-2026 18:53:47|07-07-2026 19:31:14|07-08-2026 02:01:17||07-13-2026 12:48:41|07-13-2026 12:48:41|07-14-2026 14:26:05|146.55|172.17|25.62
BRCJM01|BRDUCATIMO|BRDUCATIMO|54884.4|Shipped|||C8797|80740-000|PR|BR|T7||4|.605|.017667|8|8|Y|07-07-2026 10:15:38|07-07-2026 10:03:40||||07-07-2026 14:24:24|07-07-2026 20:06:27|07-07-2026 20:10:42|07-08-2026 03:52:46||07-13-2026 12:48:52|07-13-2026 12:48:52|07-14-2026 14:26:07|146.55|172.17|25.62
BRCJM01|BRDUCATIMO|BRDUCATIMO|54885.4|Shipped|||C14009|90000000|RS||T7||1|0|0|8|8|Y|06-27-2026 10:51:08|06-27-2026 10:47:18||||06-27-2026 11:35:30|06-29-2026 11:08:33|06-29-2026 11:08:33|06-30-2026 07:06:05||07-01-2026 08:46:21|07-01-2026 08:46:21|07-01-2026 08:48:11|93.92|93.95|.03
BRCJM01|BRDUCATIMO|BRDUCATIMO|54886.4|Shipped|||C8302|71200-037|DF|BR|T7||1|0|0|1|1|Y|07-07-2026 10:15:38|07-07-2026 10:11:13||||07-07-2026 14:24:25|07-07-2026 21:11:31|07-07-2026 21:11:31|07-08-2026 00:36:53||07-13-2026 12:49:02|07-13-2026 12:49:02|07-14-2026 14:26:06|146.56|172.17|25.62
BRCJM01|BRDUCATIMO|BRDUCATIMO|54888.4|Shipped|||C9969|13023-075|SP|BR|T7||1|.66|.016667|1|1|Y|06-27-2026 10:05:57|06-27-2026 10:03:11||||06-27-2026 11:35:29|06-29-2026 16:47:28|06-29-2026 16:47:28|06-30-2026 07:11:54||07-01-2026 08:46:28|07-01-2026 08:46:28|07-01-2026 08:48:11|94.68|94.7|.03
BRCJM01|BRDUCATIMO|BRDUCATIMO|54889.4|Shipped|||C9969|13023-075|SP|BR|T7||1|0|0|1|1|Y|06-27-2026 10:05:57|06-27-2026 10:03:12||||06-27-2026 11:35:29|06-29-2026 17:15:48|06-29-2026 17:15:48|06-30-2026 00:28:20||07-01-2026 08:46:36|07-01-2026 08:46:36|07-01-2026 08:48:11|94.68|94.7|.03
BRCJM01|BRDUCATIMO|BRDUCATIMO|54890.4|Shipped|||C8797|80740-000|PR|BR|T7||5|.74|.3|21|21|Y|06-27-2026 10:05:57|06-27-2026 10:03:23||||06-27-2026 11:35:29|06-29-2026 11:04:53|06-29-2026 11:18:07|06-30-2026 06:36:18||07-02-2026 09:45:06|07-02-2026 09:45:06|07-02-2026 09:45:51|119.65|119.67|.01
BRCJM01|BRDUCATIMO|BRDUCATIMO|54892.4|Shipped|||C8318|38400-702|MG|BR|T7||2|0|0|2|2|Y|07-07-2026 10:15:38|07-07-2026 10:03:14||||07-07-2026 14:24:23|07-07-2026 19:55:03|07-07-2026 19:55:41|07-08-2026 03:29:19||07-13-2026 12:49:51|07-13-2026 12:49:51|07-14-2026 14:26:06|146.57|172.17|25.6
BRCJM01|BRDUCATIMO|BRDUCATIMO|54893.4|Shipped|||C14797|58039-000|PB|BR|T7||4|0|0|4|4|Y|07-07-2026 10:03:35|07-07-2026 09:55:19||||07-07-2026 14:24:22|07-07-2026 19:39:22|07-07-2026 19:41:06|07-08-2026 03:27:46||07-13-2026 14:13:06|07-13-2026 14:13:06|07-14-2026 14:26:05|148.16|172.38|24.22
BRCJM01|BRDUCATIMO|BRDUCATIMO|54894.4|Shipped|||C9969|13023-075|SP|BR|T7||3|0|0|3|3|Y|07-07-2026 10:03:35|07-07-2026 09:55:32||||07-07-2026 14:24:23|07-07-2026 19:48:17|07-07-2026 19:52:26|07-08-2026 01:41:46||07-13-2026 14:13:39|07-13-2026 14:13:39|07-14-2026 14:26:08|148.17|172.38|24.21
BRCJM01|BRDUCATIMO|BRDUCATIMO|54895.4|Shipped|||C14091|29060220|ES||T7||2|4.94|1.033333|3|3|Y|07-06-2026 11:06:04|07-06-2026 11:03:15||||07-06-2026 12:01:42|07-07-2026 08:42:24|07-07-2026 08:44:27|07-08-2026 05:03:30||07-13-2026 14:13:48|07-13-2026 14:13:48|07-14-2026 14:26:03|171.13|195.33|24.2
BRCJM01|BRDUCATIMO|BRDUCATIMO|54896.4|Shipped|||C9969|13023-075|SP|BR|T7||2|0|0|43|43|Y|07-06-2026 11:06:04|07-06-2026 11:03:16||||07-06-2026 12:01:42|07-07-2026 08:33:21|07-07-2026 08:35:38|07-08-2026 04:17:36||07-13-2026 14:14:29|07-13-2026 14:14:29|07-14-2026 14:26:08|171.14|195.33|24.19
BRCJM01|BRDUCATIMO|BRDUCATIMO|54897.4|Shipped|||C13752|04090000|SP||T7||4|0|0|6|6|Y|07-06-2026 11:06:04|07-06-2026 11:03:33||||07-06-2026 12:01:43|07-07-2026 09:31:14|07-07-2026 09:35:47|07-08-2026 06:26:00||07-13-2026 14:14:38|07-13-2026 14:14:38|07-14-2026 14:26:02|171.14|195.33|24.19
BRCJM01|BRDUCATIMO|BRDUCATIMO|54899.4|Shipped|||C13963|14026040|SP||T7||3|1.955|.023667|8|8|Y|07-06-2026 13:57:49|07-06-2026 13:55:18||||07-06-2026 16:34:59|07-07-2026 08:54:38|07-07-2026 08:57:49|07-08-2026 04:57:57||07-13-2026 14:14:45|07-13-2026 14:14:45|07-14-2026 14:26:03|168.28|192.47|24.19
BRCJM01|BRDUCATIMO|BRDUCATIMO|54900.4|Shipped|||C10528|74210-098|GO|BR|T7||1|0|0|1|1|Y|07-16-2026 14:55:23|07-16-2026 14:51:14||||07-17-2026 11:49:53|07-17-2026 20:43:31|07-17-2026 20:43:31|07-18-2026 05:39:34||07-30-2026 09:33:55|07-30-2026 09:33:55|07-30-2026 10:07:10|330.64|331.2|.55
BRCJM01|BRDUCATIMO|BRDUCATIMO|54901.4|Shipped|||C13752|04090000|SP||T7||2|0|0|5|5|Y|07-06-2026 11:06:04|07-06-2026 11:03:33||||07-06-2026 12:01:43|07-07-2026 08:30:07|07-07-2026 08:30:55|07-08-2026 04:38:50||07-13-2026 14:14:56|07-13-2026 14:14:56|07-14-2026 14:26:02|171.15|195.33|24.18
BRCJM01|BRDUCATIMO|BRDUCATIMO|54902.4|Shipped|||C8302|71200-037|DF|BR|T7||2|.03|.05|4|4|Y|07-06-2026 12:27:24|07-06-2026 12:23:16||||07-06-2026 16:34:59|07-06-2026 23:00:32|07-06-2026 23:02:49|07-08-2026 18:40:05||07-13-2026 14:15:03|07-13-2026 14:15:03|07-14-2026 14:26:06|169.79|193.98|24.18
BRCJM01|BRDUCATIMO|BRDUCATIMO|54903.4|Shipped|||C13752|04090000|SP||T7||2|0|0|2|2|Y|07-07-2026 11:43:15|07-07-2026 11:39:13||||07-07-2026 14:24:25|07-07-2026 21:12:15|07-07-2026 21:19:27|07-08-2026 00:48:24||07-16-2026 09:34:01|07-16-2026 09:34:01|07-16-2026 14:20:30|213.85|218.62|4.77
BRCJM01|BRDUCATIMO|BRDUCATIMO|54904.4|Shipped|||C10528|74210-098|GO|BR|T7||2|0|0|2|2|Y|07-06-2026 12:27:25|07-06-2026 12:23:16||||07-06-2026 16:34:59|07-06-2026 23:05:45|07-06-2026 23:06:05|07-08-2026 18:50:02||07-13-2026 14:15:23|07-13-2026 14:15:23|07-14-2026 14:26:01|169.8|193.98|24.18
BRCJM01|BRDUCATIMO|BRDUCATIMO|54905.4|Shipped|||C14091|29060220|ES||T7||1|0|0|5|5|Y|07-06-2026 12:30:25|07-06-2026 12:27:15||||07-06-2026 16:34:59|07-06-2026 23:08:33|07-06-2026 23:08:33|07-08-2026 18:24:00||07-13-2026 14:15:34|07-13-2026 14:15:34|07-14-2026 14:26:03|169.75|193.93|24.17
BRCJM01|BRDUCATIMO|BRDUCATIMO|54906.4|Shipped|||C8318|38400-702|MG|BR|T7||1|0|0|1|1|Y|06-30-2026 14:55:15|06-30-2026 14:51:25||||07-06-2026 12:01:37|07-06-2026 14:24:40|07-06-2026 14:24:41|07-06-2026 14:38:54||07-08-2026 10:27:59|07-08-2026 10:27:59|07-13-2026 11:45:31|187.55|308.84|121.29
BRCJM01|BRDUCATIMO|BRDUCATIMO|54907.4|Shipped|||C14253|22620-110|RJ|BR|T7||3|.16|.016667|3|3|Y|07-06-2026 14:00:50|07-06-2026 13:55:18||||07-06-2026 16:35:00|07-07-2026 09:07:55|07-07-2026 09:10:46|07-08-2026 06:22:19||07-13-2026 14:15:45|07-13-2026 14:15:45|07-14-2026 14:26:04|168.25|192.42|24.17
BRCJM01|BRDUCATIMO|BRDUCATIMO|54908.4|Shipped|||C13752|04090000|SP||T7||1|0|0|1|1|Y|07-07-2026 11:43:16|07-07-2026 11:39:13||||07-07-2026 14:24:25|07-07-2026 21:24:44|07-07-2026 21:24:44|07-08-2026 00:51:06||07-13-2026 14:15:54|07-13-2026 14:15:54|07-14-2026 14:26:02|146.54|170.71|24.17
BRCJM01|BRDUCATIMO|BRDUCATIMO|54910.4|Shipped|||C8302|71200-037|DF|BR|T7||1|0|0|1|1|Y|06-29-2026 13:02:19|06-29-2026 12:55:16||||06-29-2026 17:05:10|06-29-2026 20:47:47|06-29-2026 20:47:47|06-30-2026 09:39:09||06-30-2026 10:59:10|06-30-2026 10:59:10|06-30-2026 17:55:00|21.95|28.88|6.93
BRCJM01|BRDUCATIMO|BRDUCATIMO|54911.4|Shipped|||C8302|71200-037|DF|BR|T7||1|0|0|1|1|Y|06-29-2026 13:02:19|06-29-2026 12:55:16||||06-29-2026 17:05:10|06-29-2026 20:17:59|06-29-2026 20:17:59|06-30-2026 09:36:45||06-30-2026 10:59:19|06-30-2026 10:59:19|06-30-2026 17:55:00|21.95|28.88|6.93
BRCJM01|BRDUCATIMO|BRDUCATIMO|54912.4|Shipped|||C14091|29060220|ES||T7||1|0|0|1|1|Y|06-30-2026 16:55:54|06-30-2026 16:51:45||||06-30-2026 16:59:59|06-30-2026 17:15:18|06-30-2026 17:15:18|07-01-2026 07:22:35||07-22-2026 09:25:59|07-22-2026 09:25:59|07-22-2026 15:59:43|520.5|527.06|6.56
BRCJM01|BRDUCATIMO|BRDUCATIMO|54913.4|Shipped|||C8302|71200-037|DF|BR|T7||1|0|0|1|1|Y|06-29-2026 12:56:18|06-29-2026 12:51:13||||06-29-2026 17:05:10|06-29-2026 21:01:31|06-29-2026 21:01:31|06-30-2026 09:40:55||06-30-2026 10:59:00|06-30-2026 10:59:00|06-30-2026 17:55:00|22.05|28.98|6.93
BRCJM01|BRDUCATIMO|BRDUCATIMO|54915.4|Shipped|||C9969|13023-075|SP|BR|T7||1|0|0|1|1|Y|07-20-2026 16:18:48|07-20-2026 16:15:15||||07-20-2026 17:08:36|07-21-2026 01:21:56|07-21-2026 01:21:56|07-21-2026 06:33:50||07-21-2026 08:54:18|07-21-2026 08:54:18|07-22-2026 15:59:45|16.59|47.68|31.09
BRCJM01|BRDUCATIMO|BRDUCATIMO|54916.4|Shipped|||C9663|06455-000|SP|BR|T7||1|0|0|1|1|Y|07-01-2026 22:42:52|07-01-2026 22:39:11||||07-01-2026 22:45:48|07-02-2026 01:26:22|07-02-2026 01:26:23|07-02-2026 06:58:40||07-02-2026 09:42:22|07-02-2026 09:42:22|07-14-2026 14:26:08|10.99|303.72|292.73
BRCJM01|BRDUCATIMO|BRDUCATIMO|54917.4|Shipped|||C14009|90000000|RS||T7||1|0|0|1|1|Y|06-30-2026 16:55:54|06-30-2026 16:51:14||||06-30-2026 17:41:02|07-01-2026 07:58:36|07-01-2026 07:58:36|07-01-2026 08:57:28||07-06-2026 14:43:37|07-06-2026 14:43:37|07-06-2026 14:45:19|141.8|141.82|.03
BRCJM01|BRDUCATIMO|BRDUCATIMO|54918.4|Shipped|||C10528|74210-098|GO|BR|T7||2|.602|2|2|2|Y|06-30-2026 13:39:49|06-30-2026 13:35:16||||06-30-2026 17:41:02|07-01-2026 07:45:15|07-01-2026 07:45:58|07-01-2026 08:59:51||07-22-2026 09:26:07|07-22-2026 09:26:08|07-22-2026 15:59:40|523.77|530.33|6.56
BRCJM01|BRDUCATIMO|BRDUCATIMO|54919.4|Shipped|||C14091|29060220|ES||T7||5|0|0|5|5|Y|07-06-2026 14:27:01|07-06-2026 14:23:18||||07-06-2026 16:35:00|07-07-2026 09:49:39|07-07-2026 10:01:34|07-08-2026 05:13:22||07-13-2026 14:16:23|07-13-2026 14:16:23|07-14-2026 14:26:04|167.82|191.98|24.16
BRCJM01|BRDUCATIMO|BRDUCATIMO|54921.4|Shipped|||C8302|71200-037|DF|BR|T7||3|0|0|3|3|Y|07-06-2026 12:30:25|07-06-2026 12:27:17||||07-06-2026 16:34:59|07-07-2026 08:47:16|07-07-2026 11:46:10|07-08-2026 05:18:19||07-13-2026 14:16:54|07-13-2026 14:16:54|07-14-2026 14:26:06|169.77|193.93|24.15
BRCJM01|BRDUCATIMO|BRDUCATIMO|54922.4|Shipped|||C9663|06455-000|SP|BR|T7||4|0|0|4|4|Y|07-06-2026 14:02:51|07-06-2026 13:59:18||||07-06-2026 16:35:00|07-07-2026 10:09:58|07-07-2026 10:14:29|07-07-2026 18:41:17||07-13-2026 14:17:29|07-13-2026 14:17:29|07-14-2026 14:26:08|168.24|192.39|24.14
BRCJM01|BRDUCATIMO|BRDUCATIMO|54923.4|Shipped|||C8797|80740-000|PR|BR|T7||2|0|0|2|2|Y|07-06-2026 14:28:01|07-06-2026 14:23:16||||07-06-2026 16:35:00|07-07-2026 09:21:08|07-07-2026 09:24:44|07-08-2026 06:29:16||07-13-2026 14:17:48|07-13-2026 14:17:48|07-14-2026 14:26:07|167.83|191.97|24.14
BRCJM01|BRDUCATIMO|BRDUCATIMO|54924.4|Shipped|||C14127|88090500|SC||T7||3|0|0|3|3|Y|07-06-2026 14:00:50|07-06-2026 13:55:33||||07-06-2026 16:35:00|07-07-2026 09:13:52|07-07-2026 09:17:37|07-08-2026 05:29:20||07-13-2026 14:18:23|07-13-2026 14:18:23|07-14-2026 14:26:04|168.29|192.42|24.13
BRCJM01|BRDUCATIMO|BRDUCATIMO|54925.4|Shipped|||C9663|06455-000|SP|BR|T7||4|.08|.002|5|5|Y|07-07-2026 11:57:19|07-07-2026 11:55:16||||07-07-2026 14:24:26|07-08-2026 07:00:41|07-13-2026 10:00:40|07-13-2026 10:07:48||08-03-2026 08:21:47|08-03-2026 08:21:47|08-03-2026 08:26:26|644.41|644.49|.08
BRCJM01|BRDUCATIMO|BRDUCATIMO|54926.4|Shipped|||C8302|71200-037|DF|BR|T7||4|0|0|12|12|Y|07-07-2026 11:43:16|07-07-2026 11:39:26||||07-07-2026 14:24:25|07-08-2026 06:42:36|07-08-2026 06:46:56|07-08-2026 08:28:36||07-13-2026 14:19:03|07-13-2026 14:19:03|07-14-2026 14:26:06|146.6|170.71|24.12
BRCJM01|BRDUCATIMO|BRDUCATIMO|54927.4|Shipped|||C8318|38400-702|MG|BR|T7||17|0|0|17|17|Y|07-07-2026 11:57:19|07-07-2026 11:55:26||||07-07-2026 14:24:26|07-07-2026 21:57:03|07-08-2026 12:22:04|07-08-2026 12:51:42||07-13-2026 14:19:23|07-13-2026 14:19:23|07-14-2026 14:26:07|146.37|170.48|24.11
BRCJM01|BRDUCATIMO|BRDUCATIMO|54928.4|Shipped|||C9969|13023-075|SP|BR|T7||5|5505|.000055|5|5|Y|07-07-2026 12:00:20|07-07-2026 11:55:31||||07-07-2026 14:24:27|07-07-2026 21:23:22|07-07-2026 21:29:50|07-08-2026 01:05:43||07-13-2026 14:20:04|07-13-2026 14:20:04|07-14-2026 14:26:08|146.33|170.43|24.1
BRCJM01|BRDUCATIMO|BRDUCATIMO|54929.4|Shipped|||C9969|13023-075|SP|BR|T7||2|16215|60|8|8|Y|07-07-2026 11:43:16|07-07-2026 11:39:26||||07-07-2026 14:24:26|07-07-2026 21:16:20|07-07-2026 21:17:16|07-08-2026 00:20:45||07-13-2026 14:20:20|07-13-2026 14:20:20|07-14-2026 14:26:08|146.62|170.71|24.1
BRCJM01|BRDUCATIMO|BRDUCATIMO|54930.4|Shipped|||C14127|88090500|SC||T7||2|0|0|2|2|Y|07-06-2026 14:02:51|07-06-2026 13:59:29||||07-06-2026 16:35:00|07-07-2026 09:27:51|07-07-2026 09:29:35|07-08-2026 05:20:00||07-13-2026 14:20:33|07-13-2026 14:20:33|07-14-2026 14:26:04|168.3|192.39|24.09
BRCJM01|BRDUCATIMO|BRDUCATIMO|54931.4|Shipped|||C14009|90000000|RS||T7||2|0|0|2|2|Y|07-06-2026 12:30:25|07-06-2026 12:27:30||||07-06-2026 16:34:59|07-07-2026 08:26:47|07-07-2026 08:27:42|07-11-2026 14:55:28||07-22-2026 09:26:20|07-22-2026 09:26:20|07-22-2026 15:59:42|380.93|387.49|6.56
BRCJM01|BRDUCATIMO|BRDUCATIMO|54932.4|Shipped|||C9663|06455-000|SP|BR|T7||1|0|0|1|1|Y|07-01-2026 22:42:53|07-01-2026 22:39:11|||07-02-2026 01:46:50|07-01-2026 22:45:48||07-02-2026 02:41:04|07-02-2026 06:58:20||07-02-2026 09:41:25|07-02-2026 09:41:25|07-14-2026 14:26:08|10.98|303.72|292.75
BRCJM01|BRDUCATIMO|BRDUCATIMO|54933.4|Shipped|||C14091|29060220|ES||T7||1|0|0|1|1|Y|06-30-2026 16:55:54|06-30-2026 16:51:47||||06-30-2026 16:59:59|06-30-2026 17:08:07|06-30-2026 17:08:07|07-01-2026 07:21:52||07-22-2026 09:26:24|07-22-2026 09:26:24|07-22-2026 15:59:43|520.51|527.06|6.56
BRCJM01|BRDUCATIMO|BRDUCATIMO|54934.4|Shipped|||C14253|22620-110|RJ|BR|T7||1|0|0|1|1|Y|07-06-2026 16:43:40|07-06-2026 16:39:15||||07-06-2026 17:11:20|07-06-2026 23:37:25|07-06-2026 23:37:25|07-07-2026 07:01:07||07-08-2026 16:54:56|07-08-2026 16:54:56|07-14-2026 14:26:05|48.19|189.71|141.52
BRCJM01|BRDUCATIMO|BRDUCATIMO|54937.4|Shipped|||C9969|13023-075|SP|BR|T7||2|0|0|100|100|Y|06-30-2026 11:18:08|06-30-2026 11:15:15||||06-30-2026 17:40:57|07-01-2026 07:36:48|07-01-2026 07:47:48|07-01-2026 08:35:33||07-06-2026 14:43:48|07-06-2026 14:43:48|07-06-2026 14:45:20|147.43|147.45|.03
BRCJM01|BRDUCATIMO|BRDUCATIMO|54938.4|Shipped|||C8302|71200-037|DF|BR|T7||23|3.71|.038|99|99|Y|07-06-2026 09:30:15|07-06-2026 09:27:31||||07-06-2026 12:01:38|07-07-2026 10:50:26|07-10-2026 14:06:27|07-10-2026 16:12:11||07-16-2026 09:34:34|07-16-2026 09:34:34|07-16-2026 14:20:33|240.07|244.84|4.77
BRCJM01|BRDUCATIMO|BRDUCATIMO|54939.4|Shipped|||C8302|71200-037|DF|BR|T7||35|4075.005|.479|318|318|Y|06-30-2026 11:42:16|06-30-2026 11:39:37||||06-30-2026 17:41:00|07-01-2026 09:15:50|07-03-2026 22:58:24|07-05-2026 08:08:02||07-08-2026 10:28:51|07-08-2026 10:28:51|07-13-2026 11:45:30|190.78|312.05|121.28
BRCJM01|BRDUCATIMO|BRDUCATIMO|54940.4|Shipped|||C8302|71200-037|DF|BR|T7||1|0|0|2|2|Y|06-30-2026 11:18:08|06-30-2026 11:15:15||||06-30-2026 17:40:57|07-01-2026 08:03:05|07-01-2026 08:03:05|07-01-2026 08:47:21||07-06-2026 14:43:56|07-06-2026 14:43:56|07-06-2026 14:45:20|147.43|147.45|.02
BRCJM01|BRDUCATIMO|BRDUCATIMO|54941.4|Shipped|||C8302|71200-037|DF|BR|T7||31|.875|.023|92|92|Y|06-30-2026 11:18:08|06-30-2026 11:15:43||||06-30-2026 17:40:57|07-01-2026 08:26:48|07-05-2026 11:40:58|07-05-2026 12:11:16||07-08-2026 10:29:31|07-08-2026 10:29:31|07-13-2026 11:45:31|191.19|312.46|121.27
BRCJM01|BRDUCATIMO|BRDUCATIMO|54942.4|Shipped|||C14091|29060220|ES||T7||2|0|0|2|2|Y|06-30-2026 11:42:17|06-30-2026 11:39:44||||06-30-2026 17:41:01|07-01-2026 07:29:31|07-01-2026 07:33:26|07-01-2026 08:20:56||07-02-2026 10:59:49|07-02-2026 10:59:49|07-06-2026 14:45:19|47.29|147.05|99.76
BRCJM01|BRDUCATIMO|BRDUCATIMO|54943.4|Shipped|||C8302|71200-037|DF|BR|T7||43|15844.298|.399666|87|87|Y|06-30-2026 11:21:09|06-30-2026 11:15:50||||06-30-2026 17:40:59|07-01-2026 07:57:52|07-10-2026 12:44:20|07-10-2026 13:30:49||07-16-2026 09:35:30|07-16-2026 09:35:30|07-16-2026 14:20:34|382.24|386.99|4.75
BRCJM01|BRDUCATIMO|BRDUCATIMO|54944.4|Shipped|||C8302|71200-037|DF|BR|T7||1|0|0|1|1|Y|07-06-2026 14:00:50|07-06-2026 13:55:33||||07-06-2026 16:35:00|07-07-2026 08:16:53|07-07-2026 08:16:53|07-08-2026 04:01:00||07-13-2026 14:20:41|07-13-2026 14:20:41|07-14-2026 14:26:06|168.33|192.42|24.09
BRCJM01|BRDUCATIMO|BRDUCATIMO|54946.4|Shipped|||C8302|71200-037|DF|BR|T7||1|0|0|1|1|Y|06-30-2026 10:18:37|06-30-2026 10:15:14||||06-30-2026 10:22:28|06-30-2026 10:53:36|06-30-2026 10:53:36|06-30-2026 11:40:03||06-30-2026 11:46:29|06-30-2026 11:46:29|06-30-2026 17:55:00|1.46|7.61|6.14
BRCJM01|BRDUCATIMO|BRDUCATIMO|54947.4|Shipped|||C14009|90000000|RS||T7||1|0|0|1|1|Y|06-30-2026 10:18:35|06-30-2026 10:15:15||||06-30-2026 10:22:28|06-30-2026 10:32:44|06-30-2026 10:32:44|06-30-2026 11:38:04||06-30-2026 11:46:48|06-30-2026 11:46:48|06-30-2026 17:54:59|1.47|7.61|6.14
BRCJM01|BRDUCATIMO|BRDUCATIMO|54948.4|Shipped|||C14127|88090500|SC||T7||1|0|0|1|1|Y|06-30-2026 10:18:37|06-30-2026 10:15:26||||06-30-2026 10:22:29|06-30-2026 10:48:40|06-30-2026 10:48:40|06-30-2026 11:39:01||06-30-2026 11:47:01|06-30-2026 11:47:01|06-30-2026 17:55:00|1.47|7.61|6.13
BRCJM01|BRDUCATIMO|BRDUCATIMO|54949.4|Shipped|||C14253|22620-110|RJ|BR|T7||1|0|0|1|1|Y|07-23-2026 15:38:39|07-23-2026 15:35:14||||07-23-2026 16:55:48|07-24-2026 06:56:39|07-24-2026 06:56:40|07-24-2026 10:27:42||07-30-2026 09:34:11|07-30-2026 09:34:11|07-30-2026 10:07:14|161.93|162.48|.55
BRCJM01|BRDUCATIMO|BRDUCATIMO|54950.4|Shipped|||C8302|71200-037|DF|BR|T7||2|0|0|2|2|Y|07-23-2026 08:42:00|07-23-2026 08:39:14||||07-23-2026 09:04:14|07-23-2026 10:10:05|07-23-2026 10:17:22|07-23-2026 12:47:37||07-24-2026 11:40:18|07-24-2026 11:40:18|07-24-2026 13:35:28|26.97|28.89|1.92
BRCJM01|BRDUCATIMO|BRDUCATIMO|54951.4|Shipped|||C13752|04090000|SP||T7||7|0|0|7|7|Y|07-23-2026 08:42:01|07-23-2026 08:39:17||||07-23-2026 09:04:14|07-23-2026 09:57:35|07-23-2026 10:34:34|07-23-2026 12:58:52||07-24-2026 11:40:31|07-24-2026 11:40:31|07-24-2026 13:35:26|26.97|28.89|1.92
BRCJM01|BRDUCATIMO|BRDUCATIMO|54952.4|Shipped|||C14253|22620-110|RJ|BR|T7||8|3.37|.2|16|16|Y|07-23-2026 10:15:24|07-23-2026 10:11:19||||07-23-2026 12:51:50|07-24-2026 12:39:24|07-24-2026 12:48:16|07-24-2026 14:04:10||07-30-2026 09:34:22|07-30-2026 09:34:22|07-30-2026 10:07:14|167.32|167.86|.55
BRCJM01|BRDUCATIMO|BRDUCATIMO|54953.4|Shipped|||C14009|90000000|RS||T7||1|0|0|1|1|Y|07-23-2026 10:16:25|07-23-2026 10:11:14||||07-23-2026 12:51:50|07-24-2026 07:27:10|07-24-2026 07:27:10|07-24-2026 16:09:19||07-30-2026 09:34:32|07-30-2026 09:34:32|07-30-2026 10:07:13|167.3|167.85|.54
BRCJM01|BRDUCATIMO|BRDUCATIMO|54954.4|Shipped|||C9969|13023-075|SP|BR|T7||6|.08|.033333|25|25|Y|07-23-2026 10:16:26|07-23-2026 10:11:28||||07-23-2026 12:51:51|07-23-2026 13:10:41|07-23-2026 13:34:42|07-23-2026 13:52:46||07-24-2026 11:40:40|07-24-2026 11:40:40|07-24-2026 13:35:29|25.4|27.32|1.91
BRCJM01|BRDUCATIMO|BRDUCATIMO|54955.4|Shipped|||C13752|04090000|SP||T7||1|0|0|1|1|Y|07-23-2026 08:42:02|07-23-2026 08:39:25||||07-23-2026 09:04:14|07-23-2026 09:53:49|07-23-2026 09:53:49|07-23-2026 10:48:31||07-24-2026 11:40:56|07-24-2026 11:40:56|07-24-2026 13:35:26|26.98|28.89|1.91
BRCJM01|BRDUCATIMO|BRDUCATIMO|54956.4|Shipped|||C14797|58039-000|PB|BR|T7||4|0|0|4|4|Y|07-23-2026 08:46:02|07-23-2026 08:43:15||||07-23-2026 09:04:14|07-23-2026 09:46:48|07-23-2026 09:48:20|07-23-2026 11:07:08||07-24-2026 11:41:07|07-24-2026 11:41:07|07-24-2026 13:35:28|26.92|28.82|1.91
BRCJM01|BRDUCATIMO|BRDUCATIMO|54957.4|Shipped|||C8302|71200-037|DF|BR|T7||3|0|0|6|6|Y|07-23-2026 10:51:38|07-23-2026 10:47:15||||07-23-2026 12:51:51|07-24-2026 08:08:07|07-24-2026 08:11:05|07-24-2026 15:27:43||07-30-2026 09:34:57|07-30-2026 09:34:57|07-30-2026 10:07:15|166.72|167.26|.54
BRCJM01|BRDUCATIMO|BRDUCATIMO|54958.4|Shipped|||C13752|04090000|SP||T7||1|0|0|1|1|Y|07-23-2026 10:53:38|07-23-2026 10:51:14||||07-23-2026 12:51:51|07-24-2026 07:16:38|07-24-2026 07:16:38|07-24-2026 10:42:18||07-30-2026 09:35:21|07-30-2026 09:35:21|07-30-2026 10:07:10|166.7|167.23|.53
BRCJM01|BRDUCATIMO|BRDUCATIMO|54959.4|Shipped|||C8797|80740-000|PR|BR|T7||2|.27|.004|4|4|Y|07-23-2026 10:16:26|07-23-2026 10:11:35||||07-23-2026 12:51:51|07-24-2026 09:49:57|07-24-2026 09:51:41|07-24-2026 11:24:37||07-30-2026 09:35:30|07-30-2026 09:35:30|07-30-2026 10:07:16|167.32|167.85|.53
BRCJM01|BRDUCATIMO|BRDUCATIMO|54960.4|Shipped|||C14253|22620-110|RJ|BR|T7||5|0|0|5|5|Y|07-23-2026 08:46:03|07-23-2026 08:43:17||||07-23-2026 09:04:14|07-23-2026 09:49:58|07-23-2026 09:52:14|07-23-2026 11:11:09||07-24-2026 11:41:34|07-24-2026 11:41:34|07-24-2026 13:35:28|26.93|28.82|1.9
BRCJM01|BRDUCATIMO|BRDUCATIMO|54961.4|Shipped|||C14091|29060220|ES||T7||8|.15|.083334|14|14|Y|07-23-2026 08:49:03|07-23-2026 08:43:35||||07-23-2026 09:04:15|07-23-2026 09:24:03|07-23-2026 09:40:00|07-23-2026 10:58:02||07-24-2026 11:41:35|07-24-2026 11:41:35|07-24-2026 13:35:27|26.88|28.77|1.9
BRCJM01|BRDUCATIMO|BRDUCATIMO|54963.4|Shipped|||C9663|06455-000|SP|BR|T7||1|0|0|1|1|Y|07-01-2026 22:42:53|07-01-2026 22:39:20||||07-01-2026 22:45:48|07-02-2026 01:12:00|07-02-2026 01:12:00|07-02-2026 06:57:49||07-02-2026 09:42:01|07-02-2026 09:42:01|07-14-2026 14:26:08|10.99|303.72|292.74
BRCJM01|BRDUCATIMO|BRDUCATIMO|54964.4|Shipped|||C14253|22620-110|RJ|BR|T7||1|0|0|1|1|Y|07-06-2026 16:43:40|07-06-2026 16:39:16||||07-06-2026 17:11:20|07-06-2026 23:49:54|07-06-2026 23:49:54|07-07-2026 07:01:26||07-22-2026 09:26:30|07-22-2026 09:26:30|07-22-2026 15:59:43|376.71|383.27|6.55
BRCJM01|BRDUCATIMO|BRDUCATIMO|54965.4|Shipped|||C14253|22620-110|RJ|BR|T7||1|0|0|1|1|Y|07-06-2026 16:43:41|07-06-2026 16:39:28||||07-06-2026 17:11:20|07-06-2026 23:57:20|07-06-2026 23:57:20|07-07-2026 07:01:42||07-08-2026 16:44:36|07-08-2026 16:44:36|07-14-2026 14:26:05|48.02|189.71|141.69
BRCJM01|BRDUCATIMO|BRDUCATIMO|54966.4|Shipped|||C14253|22620-110|RJ|BR|T7||1|0|0|1|1|Y|07-06-2026 16:43:41|07-06-2026 16:39:29||||07-06-2026 17:11:20|07-07-2026 00:11:44|07-07-2026 00:11:44|07-07-2026 07:02:51||07-08-2026 16:59:46|07-08-2026 16:59:46|07-14-2026 14:26:05|48.27|189.71|141.44
BRCJM01|BRDUCATIMO|BRDUCATIMO|54967.4|Shipped|||C14091|29060220|ES||T7||1|0|0|1|1|Y|07-29-2026 09:30:41|07-29-2026 09:27:14||||07-29-2026 10:33:30|07-29-2026 23:01:02|07-29-2026 23:01:02|07-30-2026 02:38:20||07-31-2026 09:39:57|07-31-2026 09:39:57|07-31-2026 10:06:12|48.15|48.59|.44
BRCJM01|BRDUCATIMO|BRDUCATIMO|54968.4|Shipped|||C9969|13023-075|SP|BR|T7||1|0|0|1|1|Y|07-24-2026 13:54:32|07-24-2026 13:51:12||||07-24-2026 15:18:55|07-25-2026 12:28:33|07-25-2026 12:28:33|07-27-2026 09:32:36||08-03-2026 08:22:11|08-03-2026 08:22:11|08-03-2026 08:26:26|234.46|234.53|.07
BRCJM01|BRDUCATIMO|BRDUCATIMO|54969.4|Shipped|||C9969|13023-075|SP|BR|T7||1|0|0|1|1|Y|07-24-2026 13:54:32|07-24-2026 13:51:13||||07-24-2026 15:18:55|07-25-2026 12:19:44|07-25-2026 12:19:44|07-25-2026 12:33:36||08-03-2026 08:22:24|08-03-2026 08:22:24|08-03-2026 08:26:26|234.46|234.53|.07
BRCJM01|BRDUCATIMO|BRDUCATIMO|54970.4|Shipped|||C9663|06455-000|SP|BR|T7||4|.32|.027667|5|5|Y|07-22-2026 17:18:35|07-22-2026 17:15:17||||07-23-2026 09:04:13|07-23-2026 09:58:14|07-23-2026 10:02:52|07-23-2026 10:46:12||07-24-2026 11:41:40|07-24-2026 11:41:40|07-24-2026 13:35:29|42.38|44.28|1.9
BRCJM01|BRDUCATIMO|BRDUCATIMO|54971.4|Shipped|||C9969|13023-075|SP|BR|T7||6|0|0|35|35|Y|07-22-2026 17:18:35|07-22-2026 17:15:19||||07-23-2026 09:04:13|07-23-2026 10:15:15|07-23-2026 10:24:00|07-23-2026 17:04:39||08-03-2026 08:22:55|08-03-2026 08:22:55|08-03-2026 08:26:27|279.07|279.13|.06
BRCJM01|BRDUCATIMO|BRDUCATIMO|54972.4|Shipped|||C8302|71200-037|DF|BR|T7||1|0|0|9|9|Y|07-22-2026 17:18:35|07-22-2026 17:15:34||||07-23-2026 09:04:13|07-23-2026 10:07:25|07-23-2026 10:08:06|07-23-2026 14:48:19||07-30-2026 09:35:42|07-30-2026 09:35:42|07-30-2026 10:07:15|184.29|184.81|.53
BRCJM01|BRDUCATIMO|BRDUCATIMO|54973.4|Shipped|||C14127|88090500|SC||T7||1|0|0|4|4|Y|07-22-2026 17:18:35|07-22-2026 17:15:35||||07-23-2026 09:04:13|07-23-2026 10:09:10|07-23-2026 10:09:18|07-23-2026 14:44:28||07-30-2026 09:35:52|07-30-2026 09:35:52|07-30-2026 10:07:14|184.29|184.81|.52
BRCJM01|BRDUCATIMO|BRDUCATIMO|54974.4|Shipped|||C10528|74210-098|GO|BR|T7||1|0|0|3|3|Y|07-22-2026 17:18:35|07-22-2026 17:15:41||||07-23-2026 09:04:13|07-27-2026 14:27:16|07-27-2026 14:27:30|07-28-2026 01:27:53||07-30-2026 09:36:08|07-30-2026 09:36:08|07-30-2026 10:07:10|184.29|184.81|.52
BRCJM01|BRDUCATIMO|BRDUCATIMO|54975.4|Shipped|||C14009|90000000|RS||T7||1|0|0|4|4|Y|07-22-2026 17:18:35|07-22-2026 17:15:42||||07-23-2026 09:04:13|07-23-2026 09:56:06|07-23-2026 09:56:51|07-23-2026 11:01:41||07-24-2026 11:41:46|07-24-2026 11:41:46|07-24-2026 13:35:27|42.39|44.28|1.89
BRCJM01|BRDUCATIMO|BRDUCATIMO|54976.4|Shipped|||C14091|29060220|ES||T7||7|0|0|11|11|Y|07-22-2026 17:18:35|07-22-2026 17:15:51||||07-23-2026 09:04:14|07-23-2026 10:26:06|07-23-2026 10:29:58|07-23-2026 12:42:22||07-24-2026 11:41:51|07-24-2026 11:41:51|07-24-2026 13:35:27|42.39|44.28|1.89
BRCJM01|BRDUCATIMO|BRDUCATIMO|54977.4|Shipped|||C9969|13023-075|SP|BR|T7||1|0|0|1|1|Y|07-20-2026 16:18:49|07-20-2026 16:15:15||||07-20-2026 17:08:36|07-21-2026 01:35:55|07-21-2026 01:35:55|07-21-2026 06:33:29||07-21-2026 08:54:26|07-21-2026 08:54:26|07-22-2026 15:59:45|16.59|47.68|31.09
BRCJM01|BRDUCATIMO|BRDUCATIMO|54978.4|Shipped|||C8318|38400-702|MG|BR|T7||1|0|0|2|2|Y|07-22-2026 17:18:35|07-22-2026 17:15:49||||07-23-2026 09:04:13|07-27-2026 14:26:03|07-27-2026 14:26:03|07-28-2026 01:24:40||07-30-2026 09:36:16|07-30-2026 09:36:16|07-30-2026 10:07:16|184.29|184.81|.52
BRCJM01|BRDUCATIMO|BRDUCATIMO|54979.4|Shipped|||C13963|14026040|SP||T7||1|0|0|1|1|Y|07-07-2026 11:51:18|07-07-2026 11:47:35||||07-07-2026 14:24:26|07-07-2026 21:18:54|07-07-2026 21:18:54|07-08-2026 00:17:12||07-13-2026 14:20:50|07-13-2026 14:20:50|07-14-2026 14:26:03|146.49|170.58|24.09
BRCJM01|BRDUCATIMO|BRDUCATIMO|54980.4|Shipped|||C14091|29060220|ES||T7||1|0|0|1|1|Y|06-30-2026 17:55:08|06-30-2026 17:51:26||||06-30-2026 17:57:52|07-01-2026 01:43:40|07-01-2026 01:43:40|07-01-2026 07:21:17||07-22-2026 09:26:35|07-22-2026 09:26:35|07-22-2026 15:59:43|519.52|526.08|6.55
BRCJM01|BRDUCATIMO|BRDUCATIMO|54981.4|Shipped|||C9969|13023-075|SP|BR|T7||1|0|0|1|1|Y|07-06-2026 09:51:19|07-06-2026 09:35:16||||07-06-2026 12:01:39|07-06-2026 14:22:10|07-06-2026 14:22:10|07-06-2026 14:32:17||07-13-2026 14:20:56|07-13-2026 14:20:56|07-14-2026 14:26:08|172.49|196.58|24.09
BRCJM01|BRDUCATIMO|BRDUCATIMO|54982.4|Shipped|||C14009|90000000|RS||T7||2|0|0|4|4|Y|07-06-2026 09:51:19|07-06-2026 09:35:17||||07-06-2026 12:01:39|07-06-2026 14:32:09|07-06-2026 14:35:38|07-06-2026 15:39:00||07-08-2026 10:30:17|07-08-2026 10:30:17|07-14-2026 14:26:03|48.65|196.58|147.93
BRCJM01|BRDUCATIMO|BRDUCATIMO|54983.4|Shipped|||C9969|13023-075|SP|BR|T7||36|2.47|.887335|95|95|Y|07-06-2026 10:00:24|07-06-2026 09:55:36||||07-06-2026 12:01:41|07-07-2026 11:41:56|07-07-2026 12:27:29|07-08-2026 06:59:45||07-13-2026 14:22:04|07-13-2026 14:22:05|07-14-2026 14:26:09|172.36|196.43|24.07
BRCJM01|BRDUCATIMO|BRDUCATIMO|54984.4|Shipped|||C14091|29060220|ES||T7||1|.74|1|1|1|Y|07-06-2026 09:51:19|07-06-2026 09:35:27||||07-06-2026 12:01:39|07-06-2026 14:19:59|07-06-2026 14:19:59|07-06-2026 14:37:14||07-08-2026 10:30:17|07-08-2026 10:30:17|07-14-2026 14:26:04|48.65|196.58|147.93
BRCJM01|BRDUCATIMO|BRDUCATIMO|54985.4|Shipped|||C14797|58039-000|PB|BR|T7||7|.09|.15|21|21|Y|07-06-2026 09:51:18|07-06-2026 09:35:31||||07-06-2026 12:01:40|07-06-2026 14:41:14|07-06-2026 14:54:34|07-06-2026 15:49:34||07-08-2026 10:30:26|07-08-2026 10:30:26|07-14-2026 14:26:05|48.65|196.58|147.93
BRCJM01|BRDUCATIMO|BRDUCATIMO|54986.4|Shipped|||C13963|14026040|SP||T7||2|2.505|.00352|6|6|Y|07-06-2026 09:51:19|07-06-2026 09:35:33||||07-06-2026 12:01:40|07-06-2026 14:10:14|07-06-2026 14:11:17|07-06-2026 14:34:59||07-08-2026 10:30:31|07-08-2026 10:30:31|07-14-2026 14:26:03|48.65|196.58|147.93
BRCJM01|BRDUCATIMO|BRDUCATIMO|54987.4|Shipped|||C8302|71200-037|DF|BR|T7||1|0|0|1|1|Y|07-06-2026 10:00:25|07-06-2026 09:55:16||||07-06-2026 12:01:41|07-07-2026 08:21:48|07-07-2026 08:21:48|07-08-2026 04:09:35||07-13-2026 14:22:34|07-13-2026 14:22:34|07-14-2026 14:26:06|172.37|196.43|24.06
BRCJM01|BRDUCATIMO|BRDUCATIMO|54988.4|Shipped|||C8797|80740-000|PR|BR|T7||6|.31|.070666|10|10|Y|07-06-2026 09:51:19|07-06-2026 09:35:44||||07-06-2026 12:01:40|07-06-2026 23:13:05|07-06-2026 23:16:47|07-08-2026 18:30:56||07-13-2026 14:22:40|07-13-2026 14:22:40|07-14-2026 14:26:07|172.52|196.58|24.06
BRCJM01|BRDUCATIMO|BRDUCATIMO|54989.4|Shipped|||C14127|88090500|SC||T7||4|.66|.070666|10|10|Y|07-06-2026 10:00:25|07-06-2026 09:55:27||||07-06-2026 12:01:41|07-07-2026 09:44:36|07-07-2026 09:47:35|07-08-2026 05:40:41||07-13-2026 14:22:49|07-13-2026 14:22:50|07-14-2026 14:26:04|172.37|196.43|24.05
BRCJM01|BRDUCATIMO|BRDUCATIMO|54990.4|Shipped|||C14009|90000000|RS||T7||1|0|0|1|1|Y|07-06-2026 10:00:25|07-06-2026 09:55:35||||07-06-2026 12:01:41|07-07-2026 08:14:18|07-07-2026 08:14:18|07-08-2026 03:55:10||07-13-2026 14:23:01|07-13-2026 14:23:01|07-14-2026 14:26:03|172.38|196.43|24.05
BRCJM01|BRDUCATIMO|BRDUCATIMO|54991.4|Shipped|||C8302|71200-037|DF|BR|T7||4|.01|.016667|6|6|Y|07-06-2026 10:00:25|07-06-2026 09:55:41||||07-06-2026 12:01:42|07-07-2026 09:37:32|07-07-2026 09:42:44|07-08-2026 07:07:38||07-13-2026 14:23:09|07-13-2026 14:23:09|07-14-2026 14:26:06|172.38|196.43|24.05
BRCJM01|BRDUCATIMO|BRDUCATIMO|54992.4|Shipped|||C8305|60182-453|CE|BR|T7||8|.92|.408333|34|34|Y|07-06-2026 09:51:19|07-06-2026 09:35:46||||07-06-2026 12:01:40|07-07-2026 10:36:25|07-07-2026 10:46:10|07-07-2026 18:01:30||07-13-2026 14:23:19|07-13-2026 14:23:19|07-14-2026 14:26:06|172.53|196.58|24.05
BRCJM01|BRDUCATIMO|BRDUCATIMO|54993.4|Shipped|||C8797|80740-000|PR|BR|T7||1|0|0|1|1|Y|07-09-2026 13:55:12|07-09-2026 13:51:26||||07-09-2026 14:06:05|07-09-2026 14:43:37|07-09-2026 14:43:37|07-10-2026 07:17:35||07-10-2026 08:14:41|07-10-2026 08:14:41|07-14-2026 14:26:07|18.32|120.52|102.19
BRCJM01|BRDUCATIMO|BRDUCATIMO|55002.4|Shipped|||C14797|58039-000|PB|BR|T7||1|0|0|1|1|Y|07-08-2026 11:15:06|07-08-2026 11:11:13||||07-08-2026 15:45:41|07-08-2026 16:50:15|07-08-2026 16:50:15|07-10-2026 12:20:31||07-22-2026 09:26:45|07-22-2026 09:26:45|07-22-2026 15:59:44|334.19|340.74|6.55
BRCJM01|BRDUCATIMO|BRDUCATIMO|55003.4|Shipped|||C9663|06455-000|SP|BR|T7||1|0|0|1|1|Y|07-08-2026 11:19:09|07-08-2026 11:15:25||||07-08-2026 15:45:42|07-08-2026 17:09:00|07-08-2026 17:09:00|07-10-2026 12:45:29||08-05-2026 11:13:12|08-05-2026 11:13:12|08-05-2026 11:53:06|671.9|672.57|.66
BRCJM01|BRDUCATIMO|BRDUCATIMO|55004.4|Shipped|||C8302|71200-037|DF|BR|T7||1|0|0|1|1|Y|07-08-2026 11:19:09|07-08-2026 11:15:34||||07-08-2026 15:45:42|07-08-2026 17:07:10|07-08-2026 17:07:10|07-09-2026 12:39:47||07-22-2026 16:06:15|07-22-2026 16:06:15|07-22-2026 16:07:03|340.79|340.8|.01
BRCJM01|BRDUCATIMO|BRDUCATIMO|55005.4|Shipped|||C13963|14026040|SP||T7||2|0|0|2|2|Y|07-08-2026 11:15:07|07-08-2026 11:11:15||||07-08-2026 15:45:41|07-08-2026 16:54:35|07-10-2026 12:55:13|07-10-2026 12:56:13||07-22-2026 09:27:02|07-22-2026 09:27:02|07-22-2026 15:59:42|334.2|340.74|6.54
BRCJM01|BRDUCATIMO|BRDUCATIMO|55006.4|Shipped|||C9663|06455-000|SP|BR|T7||1|0|0|2|2|Y|07-08-2026 11:27:14|07-08-2026 11:23:14||||07-08-2026 15:45:43|07-08-2026 16:59:30|07-08-2026 17:02:43|07-10-2026 13:04:49||08-14-2026 11:15:08|08-14-2026 11:15:09|08-14-2026 13:04:44|887.8|889.63|1.83
BRCJM01|BRDUCATIMO|BRDUCATIMO|55007.4|Shipped|||C10528|74210-098|GO|BR|T7||9|0|0|13|13|Y|07-08-2026 11:19:09|07-08-2026 11:15:39||||07-08-2026 15:45:42|07-08-2026 22:07:32|07-08-2026 22:16:05|07-09-2026 18:24:36||07-13-2026 14:23:26|07-13-2026 14:23:26|07-14-2026 14:26:01|123.07|147.11|24.04
BRCJM01|BRDUCATIMO|BRDUCATIMO|55008.4|Shipped|||C13963|14026040|SP||T7||5|0|0|13|13|Y|07-08-2026 11:15:08|07-08-2026 11:11:34||||07-08-2026 15:45:41|07-08-2026 23:01:02|07-08-2026 23:04:40|07-09-2026 12:02:50||07-22-2026 09:27:08|07-22-2026 09:27:08|07-22-2026 15:59:42|334.2|340.74|6.54
BRCJM01|BRDUCATIMO|BRDUCATIMO|55009.4|Shipped|||C8302|71200-037|DF|BR|T7||5|2020|.001|16|16|Y|07-08-2026 11:27:14|07-08-2026 11:23:17||||07-08-2026 15:45:43|07-08-2026 16:41:51|07-08-2026 17:00:11|07-10-2026 12:41:02||07-22-2026 09:27:15|07-22-2026 09:27:15|07-22-2026 15:59:44|334|340.54|6.54
BRCJM01|BRDUCATIMO|BRDUCATIMO|55010.4|Shipped|||C13963|14026040|SP||T7||1|0|0|1|1|Y|07-15-2026 17:17:28|07-15-2026 17:15:13||||07-15-2026 17:23:33|07-16-2026 02:16:14|07-16-2026 02:16:14|07-16-2026 07:14:47||07-16-2026 12:50:02|07-16-2026 12:50:02|07-16-2026 14:20:31|19.54|21.05|1.51
BRCJM01|BRDUCATIMO|BRDUCATIMO|55011.4|Shipped|||C9969|13023-075|SP|BR|T7||2|2.1|.016667|2|2|Y|07-16-2026 14:55:24|07-16-2026 14:51:15||||07-17-2026 11:49:53|07-17-2026 19:01:44|07-17-2026 19:03:34|07-20-2026 00:44:25||07-22-2026 09:27:25|07-22-2026 09:27:25|07-22-2026 15:59:45|138.53|145.07|6.54
BRCJM01|BRDUCATIMO|BRDUCATIMO|55012.4|Shipped|||C9969|13023-075|SP|BR|T7||3|.27|.068667|8|8|Y|07-08-2026 11:33:16|07-08-2026 11:31:16|||07-15-2026 14:44:38|07-16-2026 10:37:37|07-16-2026 14:23:23|07-16-2026 14:30:04|07-16-2026 20:56:48||07-22-2026 09:27:31|07-22-2026 09:27:31|07-22-2026 15:59:46|333.9|340.44|6.54
BRCJM01|BRDUCATIMO|BRDUCATIMO|55013.4|Shipped|||C13752|04090000|SP||T7||3|.32|.1|8|8|Y|07-08-2026 11:27:14|07-08-2026 11:23:26||||07-08-2026 15:45:43|07-09-2026 06:26:30|07-09-2026 06:32:30|07-09-2026 07:41:40||07-16-2026 09:35:35|07-16-2026 09:35:36|07-16-2026 14:20:30|190.14|194.89|4.75
BRCJM01|BRDUCATIMO|BRDUCATIMO|55014.4|Shipped|||C8797|80740-000|PR|BR|T7||5|1.025|.046333|19|19|Y|07-16-2026 17:27:13|07-16-2026 17:23:17|||07-20-2026 17:55:54|07-21-2026 14:59:42|07-22-2026 11:24:53|07-22-2026 11:34:47|07-23-2026 05:10:01||07-24-2026 11:41:57|07-24-2026 11:41:57|07-24-2026 13:35:28|186.25|188.14|1.89
BRCJM01|BRDUCATIMO|BRDUCATIMO|55015.4|Shipped|||C14422|22790-270|RJ|BR|T7||3|0|0|3|3|Y|07-08-2026 11:33:16|07-08-2026 11:31:17||||07-08-2026 15:45:44|07-09-2026 07:02:25|07-09-2026 07:04:17|07-09-2026 07:43:18||07-22-2026 09:27:38|07-22-2026 09:27:38|07-22-2026 15:59:44|333.91|340.44|6.54
BRCJM01|BRDUCATIMO|BRDUCATIMO|55016-4|Shipped|||C33947|04794000|SP||T7||2|.03|.05|5|5|Y|07-31-2026 11:10:43|07-31-2026 10:51:50||||07-31-2026 16:42:16|07-31-2026 18:43:44|07-31-2026 18:46:16|08-01-2026 03:43:57||08-05-2026 11:15:15|08-05-2026 11:15:15|08-05-2026 11:53:05|120.08|120.71|.63
BRCJM01|BRDUCATIMO|BRDUCATIMO|55017.4|Shipped|||C8412|19470-000|SP|BR|T7||3|2.14|.024016|8|8|Y|07-16-2026 17:27:15|07-16-2026 17:23:25||||07-17-2026 11:49:54|07-17-2026 21:33:21|07-17-2026 21:37:12|07-18-2026 04:23:18||07-22-2026 09:27:42|07-22-2026 09:27:42|07-22-2026 15:59:44|136.01|142.54|6.53
BRCJM01|BRDUCATIMO|BRDUCATIMO|55018.4|Shipped|||C14422|22790-270|RJ|BR|T7||4|1.24|.010504|10|10|Y|07-23-2026 11:06:44|07-23-2026 11:03:19||||07-23-2026 12:51:51|07-24-2026 10:10:19|07-24-2026 11:34:31|07-24-2026 11:39:18||07-30-2026 09:36:24|07-30-2026 09:36:24|07-30-2026 10:07:14|166.49|167.01|.51
BRCJM01|BRDUCATIMO|BRDUCATIMO|55019.4|Shipped|||C13752|04090000|SP||T7||5|.01|.016667|33|33|Y|07-08-2026 11:19:09|07-08-2026 11:15:41||||07-08-2026 15:45:42|07-08-2026 22:26:21|07-08-2026 22:58:07|07-09-2026 18:57:17||07-13-2026 14:25:01|07-13-2026 14:25:01|07-14-2026 14:26:03|123.1|147.12|24.02
BRCJM01|BRDUCATIMO|BRDUCATIMO|55020.4|Shipped|||C14797|58039-000|PB|BR|T7||1|.5|.016667|1|1|Y|07-08-2026 11:19:09|07-08-2026 11:15:24||||07-08-2026 15:45:42|07-08-2026 17:13:55|07-08-2026 17:13:55|07-09-2026 12:29:45||07-22-2026 09:27:48|07-22-2026 09:27:48|07-22-2026 15:59:44|334.14|340.68|6.53
BRCJM01|BRDUCATIMO|BRDUCATIMO|55021.4|Shipped|||C8302|71200-037|DF|BR|T7||3|110940|.004|9|9|Y|07-08-2026 11:27:15|07-08-2026 11:23:37||||07-08-2026 15:45:43|07-09-2026 06:50:13|07-10-2026 13:30:58|07-10-2026 14:02:28||07-16-2026 09:36:04|07-16-2026 09:36:04|07-16-2026 14:20:35|190.15|194.89|4.74
BRCJM01|BRDUCATIMO|BRDUCATIMO|55022.4|Shipped|||C8797|80740-000|PR|BR|T7||1|0|0|1|1|Y|07-08-2026 11:33:16|07-08-2026 11:31:28||||07-08-2026 15:45:44|07-08-2026 23:20:27|07-08-2026 23:20:27|07-10-2026 13:39:42||07-16-2026 09:36:10|07-16-2026 09:36:10|07-16-2026 14:20:35|190.05|194.79|4.74
BRCJM01|BRDUCATIMO|BRDUCATIMO|55023.4|Shipped|||C14253|22620-110|RJ|BR|T7||1|0|0|1|1|Y|07-07-2026 23:38:57|07-07-2026 23:35:13||||07-07-2026 23:40:05|07-07-2026 23:54:26|07-07-2026 23:54:26|07-08-2026 06:53:21||07-08-2026 16:29:18|07-08-2026 16:29:18|07-14-2026 14:26:05|16.84|158.79|141.95
BRCJM01|BRDUCATIMO|BRDUCATIMO|55024.4|Shipped|||C14253|22620-110|RJ|BR|T7||1|0|0|1|1|Y|07-07-2026 23:38:58|07-07-2026 23:35:14||||07-07-2026 23:40:05|07-07-2026 23:55:57|07-07-2026 23:55:57|07-08-2026 06:53:44||07-08-2026 17:04:01|07-08-2026 17:04:01|07-14-2026 14:26:05|17.42|158.79|141.37
BRCJM01|BRDUCATIMO|BRDUCATIMO|55027.4|Shipped|||C8797|80740-000|PR|BR|T7||1|0|0|1|1|Y|07-09-2026 14:09:15|07-09-2026 14:07:12||||07-09-2026 14:13:53|07-10-2026 06:47:14|07-10-2026 06:47:14|07-10-2026 07:12:53||07-10-2026 08:15:02|07-10-2026 08:15:02|07-14-2026 14:26:07|18.1|120.28|102.18
BRCJM01|BRDUCATIMO|BRDUCATIMO|55028.4|Shipped|||C8797|80740-000|PR|BR|T7||1|0|0|1|1|Y|07-09-2026 13:55:12|07-09-2026 13:51:12||||07-09-2026 14:06:04|07-09-2026 17:51:24|07-09-2026 17:51:24|07-10-2026 07:14:05||07-10-2026 08:15:17|07-10-2026 08:15:17|07-14-2026 14:26:08|18.33|120.52|102.18
BRCJM01|BRDUCATIMO|BRDUCATIMO|55029.4|Shipped|||C14091|29060220|ES||T7||1|0|0|1|1|Y|07-06-2026 17:14:47|07-06-2026 17:11:15||||07-06-2026 17:33:39|07-07-2026 00:30:40|07-07-2026 00:30:40|07-07-2026 07:02:06||07-08-2026 16:38:24|07-08-2026 16:38:24|07-14-2026 14:26:04|47.39|189.19|141.79
BRCJM01|BRDUCATIMO|BRDUCATIMO|55030.4|Shipped|||C8302|71200-037|DF|BR|T7||2|4.41|.004536|10|10|Y|07-17-2026 08:48:53|07-17-2026 08:43:22||||07-17-2026 11:49:54|07-17-2026 20:47:30|07-17-2026 20:55:24|07-18-2026 05:41:39||07-30-2026 09:36:33|07-30-2026 09:36:33|07-30-2026 10:07:15|312.79|313.31|.51
BRCJM01|BRDUCATIMO|BRDUCATIMO|55031.4|Shipped|||C9969|13023-075|SP|BR|T7||3|1.67|.016667|5|5|Y|07-08-2026 11:37:17|07-08-2026 11:31:31||||07-08-2026 15:45:44|07-08-2026 23:22:14|07-08-2026 23:25:53|07-10-2026 13:46:29||07-16-2026 09:36:16|07-16-2026 09:36:16|07-16-2026 14:20:35|189.98|194.72|4.74
BRCJM01|BRDUCATIMO|BRDUCATIMO|55032.4|Shipped|||C14091|29060220|ES||T7||1|0|0|1|1|Y|07-08-2026 11:37:17|07-08-2026 11:31:36||||07-08-2026 15:45:45|07-08-2026 23:15:24|07-08-2026 23:15:24|07-10-2026 13:43:29||07-22-2026 09:27:55|07-22-2026 09:27:55|07-22-2026 15:59:43|333.84|340.37|6.53
BRCJM01|BRDUCATIMO|BRDUCATIMO|55033.4|Shipped|||C14127|88090500|SC||T7||2|28.5|.358533|70|70|Y|07-23-2026 11:06:44|07-23-2026 11:03:28||||07-23-2026 12:51:51|07-24-2026 10:20:36|07-24-2026 14:20:44|07-24-2026 14:22:01||07-30-2026 09:36:41|07-30-2026 09:36:41|07-30-2026 10:07:14|166.5|167.01|.51
BRCJM01|BRDUCATIMO|BRDUCATIMO|55034.4|Shipped|||C8797|80740-000|PR|BR|T7||8|1.4|.587333|40|40|Y|07-23-2026 11:06:43|07-23-2026 11:03:46||||07-23-2026 12:51:52|07-24-2026 14:21:14|07-24-2026 22:25:12|07-25-2026 01:37:08||07-30-2026 09:37:49|07-30-2026 09:37:49|07-30-2026 10:07:16|166.52|167.01|.49
BRCJM01|BRDUCATIMO|BRDUCATIMO|55035.4|Shipped|||C14422|22790-270|RJ|BR|T7||1|28.91|.029736|59|59|Y|07-23-2026 11:06:44|07-23-2026 11:03:43||||07-23-2026 12:51:52|07-23-2026 13:08:51|07-23-2026 13:08:52|07-23-2026 13:17:09||07-24-2026 11:42:16|07-24-2026 11:42:16|07-24-2026 13:35:28|24.59|26.48|1.89
BRCJM01|BRDUCATIMO|BRDUCATIMO|55036.4|Shipped|||C13752|04090000|SP||T7||1|.12|.033333|2|2|Y|07-08-2026 11:42:20|07-08-2026 11:39:19||||07-08-2026 15:45:45|07-08-2026 23:18:29|07-08-2026 23:18:29|07-10-2026 13:41:49||07-22-2026 09:28:01|07-22-2026 09:28:01|07-22-2026 15:59:41|333.76|340.29|6.53
BRCJM01|BRDUCATIMO|BRDUCATIMO|55038.4|Shipped|||C13752|04090000|SP||T7||1|0|0|1|1|Y|07-15-2026 17:18:28|07-15-2026 17:15:14||||07-15-2026 17:23:33|07-16-2026 01:12:01|07-16-2026 01:12:01|07-16-2026 07:07:07||07-16-2026 11:15:25|07-16-2026 11:15:25|07-16-2026 14:20:31|17.95|21.03|3.09
BRCJM01|BRDUCATIMO|BRDUCATIMO|55039.4|Shipped|||C13752|04090000|SP||T7||1|0|0|1|1|Y|07-15-2026 17:18:28|07-15-2026 17:15:24||||07-15-2026 17:23:33|07-16-2026 00:58:21|07-16-2026 00:58:21|07-16-2026 07:08:44||07-16-2026 11:15:35|07-16-2026 11:15:35|07-16-2026 14:20:31|17.95|21.03|3.08
BRCJM01|BRDUCATIMO|BRDUCATIMO|55040.4|Shipped|||C14091|29060220|ES||T7||1|0|0|1|1|Y|07-14-2026 17:04:31|07-14-2026 16:59:14||||07-14-2026 17:10:47|07-15-2026 01:32:36|07-15-2026 01:32:36|07-15-2026 07:22:49||07-15-2026 17:04:27|07-15-2026 17:04:27|07-16-2026 14:20:32|24|45.27|21.27
BRCJM01|BRDUCATIMO|BRDUCATIMO|55041.4|Shipped|||C14091|29060220|ES||T7||1|0|0|1|1|Y|07-14-2026 17:04:31|07-14-2026 16:59:15||||07-14-2026 17:10:47|07-15-2026 01:48:52|07-15-2026 01:48:52|07-15-2026 07:22:15||07-15-2026 17:04:39|07-15-2026 17:04:39|07-16-2026 14:20:32|24|45.27|21.26
BRCJM01|BRDUCATIMO|BRDUCATIMO|55043.4|Shipped|||C9969|13023-075|SP|BR|T7||1|.04|.016667|1|1|Y|07-14-2026 11:31:01|07-14-2026 11:27:13||||07-14-2026 12:50:05|07-14-2026 17:23:25|07-14-2026 17:23:25|07-14-2026 19:29:23||07-22-2026 09:28:07|07-22-2026 09:28:07|07-22-2026 15:59:46|189.95|196.48|6.53
BRCJM01|BRDUCATIMO|BRDUCATIMO|55047.4|Shipped|||C13752|04090000|SP||T7||3|34.3|.841867|100|100|Y|07-23-2026 12:07:00|07-23-2026 12:03:15||||07-23-2026 12:51:52|07-24-2026 09:57:43|07-24-2026 10:05:58|07-24-2026 11:47:00||07-30-2026 09:38:02|07-30-2026 09:38:02|07-30-2026 10:07:10|165.52|166|.49
BRCJM01|BRDUCATIMO|BRDUCATIMO|55048.4|Shipped|||C14009|90000000|RS||T7||1|4.9|.00504|10|10|Y|07-17-2026 09:42:14|07-17-2026 09:39:16||||07-17-2026 11:49:54|07-17-2026 20:59:16|07-17-2026 20:59:16|07-18-2026 05:38:14||07-30-2026 09:38:08|07-30-2026 09:38:08|07-30-2026 10:07:13|311.93|312.42|.48
BRCJM01|BRDUCATIMO|BRDUCATIMO|55049.4|Shipped|||C14127|88090500|SC||T7||1|.05|.016667|1|1|Y|07-14-2026 11:55:09|07-14-2026 11:47:14||||07-14-2026 12:50:05|07-14-2026 17:36:47|07-14-2026 17:36:47|07-14-2026 19:32:42||07-16-2026 09:36:25|07-16-2026 09:36:25|07-16-2026 14:20:32|45.69|50.42|4.74
BRCJM01|BRDUCATIMO|BRDUCATIMO|55050.4|Shipped|||C9969|13023-075|SP|BR|T7||1|0|0|6|6|Y|07-14-2026 11:56:10|07-14-2026 11:51:26||||07-14-2026 12:50:06|07-14-2026 18:09:49|07-14-2026 18:11:25|07-14-2026 22:37:50||07-16-2026 09:36:33|07-16-2026 09:36:33|07-16-2026 14:20:35|45.67|50.41|4.73
BRCJM01|BRDUCATIMO|BRDUCATIMO|55051.4|Shipped|||C9969|13023-075|SP|BR|T7||2|0|0|3|3|Y|07-14-2026 11:55:09|07-14-2026 11:47:18||||07-14-2026 12:50:05|07-14-2026 17:39:17|07-14-2026 17:45:53|07-14-2026 19:26:54||07-16-2026 09:36:41|07-16-2026 09:36:41|07-16-2026 14:20:35|45.69|50.42|4.73
BRCJM01|BRDUCATIMO|BRDUCATIMO|55052.4|Shipped|||C14422|22790-270|RJ|BR|T7||4|.25|.067167|5|5|Y|07-14-2026 11:55:09|07-14-2026 11:47:26||||07-14-2026 12:50:06|07-14-2026 18:14:01|07-14-2026 18:25:58|07-14-2026 19:40:55||07-16-2026 09:36:48|07-16-2026 09:36:48|07-16-2026 14:20:32|45.69|50.42|4.73
BRCJM01|BRDUCATIMO|BRDUCATIMO|55053.4|Shipped|||C9969|13023-075|SP|BR|T7||1|0|0|1|1|Y|07-23-2026 12:07:00|07-23-2026 12:03:19||||07-23-2026 12:51:52|07-27-2026 13:49:56|07-27-2026 13:49:56|07-28-2026 01:39:11||07-30-2026 09:38:22|07-30-2026 09:38:22|07-30-2026 10:07:17|165.52|166|.48
BRCJM01|BRDUCATIMO|BRDUCATIMO|55054.4|Shipped|||C10528|74210-098|GO|BR|T7||1|0|0|1|1|Y|07-14-2026 11:56:10|07-14-2026 11:51:26||||07-14-2026 12:50:06|07-14-2026 17:47:53|07-14-2026 17:47:53|07-14-2026 22:51:58||07-16-2026 09:36:54|07-16-2026 09:36:54|07-16-2026 14:20:30|45.68|50.41|4.73
BRCJM01|BRDUCATIMO|BRDUCATIMO|55055.4|Shipped|||C13963|14026040|SP||T7||1|0|0|3|3|Y|07-14-2026 11:26:58|07-14-2026 11:23:13||||07-14-2026 12:50:05|07-14-2026 17:20:30|07-14-2026 17:20:30|07-14-2026 21:54:56||07-16-2026 09:37:00|07-16-2026 09:37:00|07-16-2026 14:20:31|46.17|50.89|4.73
BRCJM01|BRDUCATIMO|BRDUCATIMO|55056.4|Shipped|||C8302|71200-037|DF|BR|T7||8|1560.32|.021|28|28|Y|07-14-2026 11:42:03|07-14-2026 11:39:18|||07-28-2026 14:52:56|07-29-2026 10:33:27|07-29-2026 14:51:58|07-29-2026 15:15:58|07-29-2026 15:42:23||08-03-2026 08:23:40|08-03-2026 08:23:40|08-03-2026 08:26:26|476.69|476.74|.05
BRCJM01|BRDUCATIMO|BRDUCATIMO|55057.4|Shipped|||C9969|13023-075|SP|BR|T7||1|0|0|1|1|Y|07-14-2026 11:42:03|07-14-2026 11:39:13||||07-14-2026 12:50:05|07-14-2026 18:49:03|07-14-2026 18:49:03|07-14-2026 20:26:35||07-22-2026 09:28:13|07-22-2026 09:28:13|07-22-2026 15:59:46|189.77|196.3|6.53
BRCJM01|BRDUCATIMO|BRDUCATIMO|55058.4|Shipped|||C10528|74210-098|GO|BR|T7||3|12.25|.0126|31|31|Y|07-17-2026 09:42:15|07-17-2026 09:39:25||||07-17-2026 11:49:54|07-17-2026 21:29:42|07-17-2026 21:36:59|07-18-2026 04:48:01||07-22-2026 09:28:22|07-22-2026 09:28:22|07-22-2026 15:59:40|119.77|126.29|6.52
BRCJM01|BRDUCATIMO|BRDUCATIMO|55059.4|Shipped|||C14127|88090500|SC||T7||1|.16|.002|2|2|Y|07-15-2026 10:51:14|07-15-2026 10:47:15||||07-15-2026 14:44:39|07-16-2026 14:12:02|07-16-2026 14:12:02|07-17-2026 04:56:11||07-22-2026 09:28:28|07-22-2026 09:28:28|07-22-2026 15:59:43|166.62|173.14|6.52
BRCJM01|BRDUCATIMO|BRDUCATIMO|55061.4|Shipped|||C14091|29060220|ES||T7||1|0|0|1|1|Y|07-14-2026 16:57:26|07-14-2026 16:55:15||||07-14-2026 17:10:47|07-15-2026 00:15:25|07-15-2026 00:15:25|07-15-2026 07:25:50||07-15-2026 17:04:52|07-15-2026 17:04:52|07-16-2026 14:20:32|24.12|45.39|21.26
BRCJM01|BRDUCATIMO|BRDUCATIMO|55062.4|Shipped|||C14091|29060220|ES||T7||1|0|0|1|1|Y|07-14-2026 17:08:32|07-14-2026 17:03:13||||07-14-2026 17:10:47|07-15-2026 01:14:27|07-15-2026 01:14:27|07-15-2026 07:23:36||07-15-2026 17:04:18|07-15-2026 17:04:18|07-16-2026 14:20:32|23.93|45.2|21.27
BRCJM01|BRDUCATIMO|BRDUCATIMO|55063.4|Shipped|||C14253|22620-110|RJ|BR|T7||1|0|0|1|1|Y|07-15-2026 17:15:25|07-15-2026 17:11:13||||07-15-2026 17:23:32|07-16-2026 00:28:16|07-16-2026 00:28:16|07-16-2026 07:20:56||07-17-2026 14:34:34|07-17-2026 14:34:34|07-20-2026 09:03:55|45.32|111.81|66.49
BRCJM01|BRDUCATIMO|BRDUCATIMO|55064.4|Shipped|||C14253|22620-110|RJ|BR|T7||1|0|0|1|1|Y|07-15-2026 17:15:25|07-15-2026 17:11:13||||07-15-2026 17:23:33|07-16-2026 00:15:29|07-16-2026 00:15:29|07-16-2026 07:21:13||07-17-2026 14:35:00|07-17-2026 14:35:00|07-20-2026 09:03:55|45.33|111.81|66.48
BRCJM01|BRDUCATIMO|BRDUCATIMO|55065.4|Shipped|||C9969|13023-075|SP|BR|T7||1|0|0|1|1|Y|07-20-2026 17:54:28|07-20-2026 17:51:12||||07-20-2026 17:57:25|07-21-2026 01:49:00|07-21-2026 01:49:00|07-21-2026 06:33:08||07-21-2026 08:54:36|07-21-2026 08:54:36|07-22-2026 15:59:46|15|46.09|31.09
BRCJM01|BRDUCATIMO|BRDUCATIMO|55066.4|Shipped|||C8797|80740-000|PR|BR|T7||1|0|0|1|1|Y|07-16-2026 17:56:29|07-16-2026 17:51:13||||07-16-2026 18:00:02|07-16-2026 20:38:56|07-16-2026 20:38:56|07-17-2026 07:26:10||07-17-2026 07:57:08|07-17-2026 07:57:08|07-20-2026 09:03:57|14.01|87.12|73.11
BRCJM01|BRDUCATIMO|BRDUCATIMO|55067.4|Shipped|||C8302|71200-037|DF|BR|T7||1|0|0|1|1|Y|07-18-2026 15:39:17|07-18-2026 15:35:15||||07-18-2026 15:40:51|07-20-2026 01:19:57|07-20-2026 01:19:57|07-20-2026 07:21:38||07-20-2026 08:47:45|07-20-2026 08:47:45|07-20-2026 09:03:55|41.14|41.41|.27
BRCJM01|BRDUCATIMO|BRDUCATIMO|55068.4|Shipped|||C13963|14026040|SP||T7||1|0|0|1|1|Y|07-15-2026 17:20:29|07-15-2026 17:19:12||||07-15-2026 17:23:33|07-16-2026 03:03:45|07-16-2026 03:03:45|07-16-2026 07:03:42||07-16-2026 12:50:08|07-16-2026 12:50:08|07-16-2026 14:20:31|19.49|21|1.51
BRCJM01|BRDUCATIMO|BRDUCATIMO|55069.4|Shipped|||C14091|29060220|ES||T7||1|0|0|1|1|Y|07-14-2026 17:00:28|07-14-2026 16:55:15||||07-14-2026 17:10:47|07-15-2026 01:03:05|07-15-2026 01:03:05|07-15-2026 07:24:50||07-15-2026 17:05:09|07-15-2026 17:05:09|07-16-2026 14:20:32|24.08|45.33|21.26
BRCJM01|BRDUCATIMO|BRDUCATIMO|55070.4|Shipped|||C14127|88090500|SC||T7||1|0|0|1|1|Y|07-27-2026 16:50:48|07-27-2026 16:47:15||||07-27-2026 17:39:08|07-28-2026 00:54:44|07-28-2026 00:54:44|07-28-2026 07:05:07||07-28-2026 11:12:09|07-28-2026 11:12:09|07-28-2026 14:45:20|18.36|21.91|3.55
BRCJM01|BRDUCATIMO|BRDUCATIMO|55071.4|Shipped|||C14009|90000000|RS||T7||1|0|0|1|1|Y|07-27-2026 16:51:49|07-27-2026 16:47:16||||07-27-2026 17:39:08|07-28-2026 00:42:44|07-28-2026 00:42:45|07-28-2026 07:03:21||07-28-2026 11:13:06|07-28-2026 11:13:06|07-28-2026 14:45:19|18.35|21.89|3.54
BRCJM01|BRDUCATIMO|BRDUCATIMO|55073.4|Shipped|||C8797|80740-000|PR|BR|T7||1|0|0|1|1|Y|07-16-2026 17:56:29|07-16-2026 17:51:24||||07-16-2026 18:00:02|07-16-2026 20:13:01|07-17-2026 07:40:09|07-17-2026 07:49:21||07-17-2026 07:58:20|07-17-2026 07:58:20|07-20-2026 09:03:57|14.03|87.12|73.09
BRCJM01|BRDUCATIMO|BRDUCATIMO|55074.4|Shipped|||C13752|04090000|SP||T7||4|.32|.15|9|9|Y|07-15-2026 10:19:01|07-15-2026 10:15:18||||07-15-2026 14:44:39|07-16-2026 14:39:24|07-16-2026 14:42:42|07-16-2026 16:57:01||07-22-2026 09:28:34|07-22-2026 09:28:34|07-22-2026 15:59:41|167.16|173.68|6.52
BRCJM01|BRDUCATIMO|BRDUCATIMO|55075.4|Shipped|||C9663|06455-000|SP|BR|T7||1|0|0|1|1|Y|07-15-2026 10:19:02|07-15-2026 10:15:25||||07-15-2026 14:44:39|07-18-2026 14:18:23|07-18-2026 14:18:23|07-20-2026 00:58:08||07-22-2026 09:28:38|07-22-2026 09:28:38|07-22-2026 15:59:45|167.16|173.68|6.52
BRCJM01|BRDUCATIMO|BRDUCATIMO|55076.4|Shipped|||C8797|80740-000|PR|BR|T7||2|0|0|4|4|Y|07-15-2026 10:27:08|07-15-2026 10:23:13||||07-15-2026 14:44:39|07-16-2026 14:18:02|07-16-2026 14:20:17|07-17-2026 04:54:06||07-22-2026 09:28:43|07-22-2026 09:28:43|07-22-2026 15:59:45|167.03|173.54|6.52
BRCJM01|BRDUCATIMO|BRDUCATIMO|55077.4|Shipped|||C9663|06455-000|SP|BR|T7||1|1.11|.016667|1|1|Y|07-15-2026 10:30:10|07-15-2026 10:27:13||||07-15-2026 14:44:39|07-16-2026 14:14:57|07-16-2026 14:14:57|07-17-2026 04:59:39||07-22-2026 09:28:51|07-22-2026 09:28:52|07-22-2026 15:59:45|166.98|173.49|6.52
BRCJM01|BRDUCATIMO|BRDUCATIMO|55078.4|Shipped|||C14009|90000000|RS||T7||2|4.9|.00504|22|22|Y|07-23-2026 12:07:00|07-23-2026 12:03:31||||07-23-2026 12:51:52|07-24-2026 07:53:30|07-24-2026 08:01:20|07-24-2026 16:18:45||07-30-2026 09:38:29|07-30-2026 09:38:29|07-30-2026 10:07:13|165.52|166|.48
BRCJM01|BRDUCATIMO|BRDUCATIMO|55080.4|Shipped|||C13752|04090000|SP||T7||1|0|0|1|1|Y|07-15-2026 17:18:29|07-15-2026 17:15:26||||07-15-2026 17:23:33|07-16-2026 02:54:34|07-16-2026 02:54:34|07-16-2026 07:05:32||07-16-2026 11:15:17|07-16-2026 11:15:17|07-16-2026 14:20:31|17.95|21.03|3.09
BRCJM01|BRDUCATIMO|BRDUCATIMO|55081.4|Shipped|||C9663|06455-000|SP|BR|T7||1|0|0|1|1|Y|07-15-2026 17:18:28|07-15-2026 17:15:36||||07-15-2026 17:23:33|07-16-2026 02:36:58|07-16-2026 02:36:58|07-16-2026 07:15:26||07-16-2026 11:14:40|07-16-2026 11:14:40|07-16-2026 14:20:35|17.94|21.04|3.1
BRCJM01|BRDUCATIMO|BRDUCATIMO|55082.4|Shipped|||C14253|22620-110|RJ|BR|T7||1|0|0|1|1|Y|07-15-2026 17:15:25|07-15-2026 17:11:24||||07-15-2026 17:23:33|07-16-2026 00:04:51|07-16-2026 00:04:51|07-16-2026 07:21:32||07-17-2026 14:34:17|07-17-2026 14:34:17|07-20-2026 09:03:55|45.31|111.81|66.49
BRCJM01|BRDUCATIMO|BRDUCATIMO|55083.4|Shipped|||C13752|04090000|SP||T7||1|0|0|1|1|Y|07-15-2026 17:18:29|07-15-2026 17:15:37||||07-15-2026 17:23:33|07-16-2026 00:46:29|07-16-2026 00:46:29|07-16-2026 07:12:11||07-16-2026 11:15:00|07-16-2026 11:15:00|07-16-2026 14:20:31|17.94|21.03|3.09
BRCJM01|BRDUCATIMO|BRDUCATIMO|55084.4|Shipped|||C13752|04090000|SP||T7||1|0|0|1|1|Y|07-15-2026 17:15:25|07-15-2026 17:11:25||||07-15-2026 17:23:33|07-16-2026 00:36:46|07-16-2026 00:36:46|07-16-2026 07:12:47||07-16-2026 11:14:54|07-16-2026 11:14:54|07-16-2026 14:20:31|17.99|21.09|3.09
BRCJM01|BRDUCATIMO|BRDUCATIMO|55085.4|Shipped|||C8797|80740-000|PR|BR|T7||1|0|0|1|1|Y|07-16-2026 17:57:29|07-16-2026 17:51:26||||07-16-2026 18:00:02|07-16-2026 20:54:42|07-16-2026 20:54:42|07-17-2026 07:28:30||07-17-2026 07:57:42|07-17-2026 07:57:42|07-20-2026 09:03:57|14|87.11|73.1
BRCJM01|BRDUCATIMO|BRDUCATIMO|55086.4|Shipped|||C8797|80740-000|PR|BR|T7||1|0|0|1|1|Y|07-16-2026 17:56:29|07-16-2026 17:51:12||||07-16-2026 18:00:01|07-16-2026 21:17:27|07-16-2026 21:17:27|07-17-2026 07:29:23||07-17-2026 07:57:19|07-17-2026 07:57:19|07-20-2026 09:03:57|14.01|87.12|73.11
BRCJM01|BRDUCATIMO|BRDUCATIMO|55087.4|Shipped|||C8797|80740-000|PR|BR|T7||1|0|0|1|1|Y|07-16-2026 17:42:26|07-16-2026 17:39:11||||07-16-2026 17:51:27|07-16-2026 21:36:36|07-16-2026 21:36:36|07-17-2026 07:27:33||07-17-2026 07:56:15|07-17-2026 07:56:15|07-20-2026 09:03:57|14.23|87.36|73.13
BRCJM01|BRDUCATIMO|BRDUCATIMO|55088.4|Shipped|||C13963|14026040|SP||T7||1|0|0|1|1|Y|07-15-2026 17:20:29|07-15-2026 17:19:13||||07-15-2026 17:23:33|07-16-2026 03:12:10|07-16-2026 03:12:10|07-16-2026 07:01:40||07-16-2026 12:58:19|07-16-2026 12:58:19|07-16-2026 14:20:32|19.63|21|1.37
BRCJM01|BRDUCATIMO|BRDUCATIMO|55090.4|Shipped|||C13752|04090000|SP||T7||1|0|0|1|1|Y|07-15-2026 17:18:29|07-15-2026 17:15:48||||07-15-2026 17:23:33|07-16-2026 02:27:44|07-16-2026 02:27:44|07-16-2026 07:10:24||07-16-2026 11:15:09|07-16-2026 11:15:09|07-16-2026 14:20:31|17.94|21.03|3.09
BRCJM01|BRDUCATIMO|BRDUCATIMO|55092.4|Shipped|||C14422|22790-270|RJ|BR|T7||8|.31|1.007|14|14|Y|07-15-2026 10:54:15|07-15-2026 10:51:20|||07-15-2026 14:44:40|07-16-2026 10:37:38|07-16-2026 14:17:46|07-16-2026 14:39:59|07-17-2026 04:48:57||07-22-2026 09:29:00|07-22-2026 09:29:00|07-22-2026 15:59:44|166.58|173.09|6.51
BRCJM01|BRDUCATIMO|BRDUCATIMO|55093.4|Shipped|||C13752|04090000|SP||T7||2|0|0|7|7|Y|07-15-2026 10:54:15|07-15-2026 10:51:15||||07-15-2026 14:44:39|07-16-2026 23:22:58|07-16-2026 23:27:20|07-17-2026 05:05:52||07-22-2026 09:29:05|07-22-2026 09:29:05|07-22-2026 15:59:41|166.58|173.09|6.51
BRCJM01|BRDUCATIMO|BRDUCATIMO|55094.4|Shipped|||C8302|71200-037|DF|BR|T7||1|0|0|10|10|Y|07-23-2026 12:09:01|07-23-2026 12:07:12||||07-23-2026 12:51:52|07-27-2026 13:54:01|07-27-2026 13:54:01|07-28-2026 01:58:43||07-30-2026 09:40:16|07-30-2026 09:40:16|07-30-2026 10:07:15|165.52|165.97|.45
BRCJM01|BRDUCATIMO|BRDUCATIMO|55096.4|Shipped|||C8302|71200-037|DF|BR|T7||1|0|0|1|1|Y|07-18-2026 14:27:03|07-18-2026 14:23:14||||07-18-2026 14:29:21|07-19-2026 21:20:02|07-19-2026 21:20:02|07-20-2026 07:26:36||07-20-2026 08:37:42|07-20-2026 08:37:42|07-20-2026 09:03:55|42.18|42.61|.44
BRCJM01|BRDUCATIMO|BRDUCATIMO|55098.4|Shipped|||C13963|14026040|SP||T7||1|0|0|1|1|Y|07-15-2026 17:15:25|07-15-2026 17:11:33||||07-15-2026 17:23:33|07-15-2026 23:42:36|07-15-2026 23:42:36|07-16-2026 07:18:15||07-16-2026 12:49:37|07-16-2026 12:49:37|07-16-2026 14:20:32|19.57|21.09|1.52
BRCJM01|BRDUCATIMO|BRDUCATIMO|55100.4|Shipped|||C9969|13023-075|SP|BR|T7||1|0|0|1|1|Y|07-17-2026 10:18:27|07-17-2026 10:15:14||||07-17-2026 11:49:54|07-17-2026 21:03:00|07-17-2026 21:03:00|07-18-2026 05:47:50||07-30-2026 10:04:41|07-30-2026 10:04:41|07-30-2026 10:07:17|311.77|311.81|.04
BRCJM01|BRDUCATIMO|BRDUCATIMO|55101.4|Shipped|||C14422|22790-270|RJ|BR|T7||2|.01|.016667|2|2|Y|07-17-2026 10:18:26|07-17-2026 10:15:14||||07-17-2026 11:49:54|07-17-2026 20:36:46|07-17-2026 20:37:50|07-18-2026 12:46:03||07-30-2026 09:40:39|07-30-2026 09:40:39|07-30-2026 10:07:14|311.37|311.81|.44
BRCJM01|BRDUCATIMO|BRDUCATIMO|55102.4|Shipped|||C9969|13023-075|SP|BR|T7||1|0|0|2|2|Y|07-17-2026 10:18:27|07-17-2026 10:15:28||||07-17-2026 11:49:54|07-17-2026 21:14:37|07-17-2026 21:14:37|07-18-2026 10:07:16||07-24-2026 11:42:16|07-24-2026 11:42:17|07-24-2026 13:35:29|169.4|171.28|1.89
BRCJM01|BRDUCATIMO|BRDUCATIMO|55103.4|Shipped|||C14422|22790-270|RJ|BR|T7||1|.64|.008|8|8|Y|07-22-2026 08:54:09|07-22-2026 08:51:13||||07-22-2026 09:54:52|07-22-2026 10:37:22|07-22-2026 10:46:02|07-22-2026 11:03:59||07-30-2026 09:40:47|07-30-2026 09:40:47|07-30-2026 10:07:15|192.78|193.22|.44
BRCJM01|BRDUCATIMO|BRDUCATIMO|55104.4|Shipped|||C14091|29060220|ES||T7||1|0|0|2|2|Y|07-17-2026 10:18:27|07-17-2026 10:15:32||||07-17-2026 11:49:55|07-17-2026 19:41:58|07-17-2026 19:42:07|07-20-2026 00:42:12||07-22-2026 09:29:11|07-22-2026 09:29:11|07-22-2026 15:59:43|119.18|125.69|6.51
BRCJM01|BRDUCATIMO|BRDUCATIMO|55105.4|Shipped|||C10528|74210-098|GO|BR|T7||1|0|0|1|1|Y|07-17-2026 10:39:30|07-17-2026 10:35:15||||07-17-2026 11:49:55|07-17-2026 19:32:21|07-17-2026 19:32:21|07-20-2026 00:40:48||07-22-2026 09:29:17|07-22-2026 09:29:17|07-22-2026 15:59:41|118.83|125.34|6.51
BRCJM01|BRDUCATIMO|BRDUCATIMO|55106.4|Shipped|||C9969|13023-075|SP|BR|T7||1|0|0|3|3|Y|07-17-2026 10:45:32|07-17-2026 10:43:13||||07-17-2026 11:49:55|07-17-2026 19:50:48|07-17-2026 19:51:04|07-20-2026 00:52:24||07-22-2026 09:29:21|07-22-2026 09:29:21|07-22-2026 15:59:46|118.73|125.24|6.51
BRCJM01|BRDUCATIMO|BRDUCATIMO|55107.4|Shipped|||C9969|13023-075|SP|BR|T7||1|0|0|1|1|Y|07-17-2026 11:06:46|07-17-2026 11:03:12||||07-17-2026 11:49:56|07-17-2026 19:10:02|07-17-2026 19:10:02|07-20-2026 00:49:14||07-22-2026 09:29:28|07-22-2026 09:29:28|07-22-2026 15:59:46|118.38|124.88|6.51
BRCJM01|BRDUCATIMO|BRDUCATIMO|55108.4|Shipped|||C13752|04090000|SP||T7||1|0|0|1|1|Y|07-17-2026 11:06:46|07-17-2026 11:03:12||||07-17-2026 11:49:56|07-17-2026 19:11:38|07-17-2026 19:11:38|07-20-2026 00:55:00||07-22-2026 09:29:38|07-22-2026 09:29:38|07-22-2026 15:59:41|118.38|124.88|6.5
BRCJM01|BRDUCATIMO|BRDUCATIMO|55109.4|Shipped|||C14091|29060220|ES||T7||2|0|0|10|10|Y|07-17-2026 10:39:31|07-17-2026 10:35:16||||07-17-2026 11:49:55|07-17-2026 19:48:08|07-17-2026 19:49:00|07-20-2026 00:32:07||07-22-2026 09:29:44|07-22-2026 09:29:44|07-22-2026 15:59:43|118.84|125.34|6.5
BRCJM01|BRDUCATIMO|BRDUCATIMO|55110.4|Shipped|||C13963|14026040|SP||T7||2|0|0|6|6|Y|07-17-2026 10:46:34|07-17-2026 10:43:14||||07-17-2026 11:49:55|07-17-2026 19:19:22|07-17-2026 19:19:55|07-20-2026 00:36:47||07-22-2026 09:29:55|07-22-2026 09:29:55|07-22-2026 15:59:42|118.72|125.22|6.5
BRCJM01|BRDUCATIMO|BRDUCATIMO|55111.4|Shipped|||C14253|22620-110|RJ|BR|T7||5|.03|.016667|5|5|Y|07-17-2026 11:06:46|07-17-2026 11:03:27||||07-17-2026 11:49:56|07-17-2026 18:28:26|07-17-2026 18:31:45|07-18-2026 05:43:36||07-30-2026 09:40:54|07-30-2026 09:40:54|07-30-2026 10:07:14|310.57|311.01|.44
BRCJM01|BRDUCATIMO|BRDUCATIMO|55112.4|Shipped|||C13963|14026040|SP||T7||3|1.47|.001512|6|6|Y|07-17-2026 11:06:46|07-17-2026 11:03:25||||07-17-2026 11:49:56|07-17-2026 19:15:12|07-17-2026 19:17:04|07-20-2026 00:46:58||08-03-2026 08:24:01|08-03-2026 08:24:01|08-03-2026 08:26:04|405.29|405.32|.03
BRCJM01|BRDUCATIMO|BRDUCATIMO|55113.4|Shipped|||C8797|80740-000|PR|BR|T7||2|.06|.002|3|3|Y|07-17-2026 10:39:31|07-17-2026 10:35:29||||07-17-2026 11:49:55|07-17-2026 21:51:55|07-17-2026 21:57:50|07-18-2026 04:27:20||07-22-2026 09:30:01|07-22-2026 09:30:01|07-22-2026 15:59:45|118.84|125.34|6.5
BRCJM01|BRDUCATIMO|BRDUCATIMO|55114.4|Shipped|||C14127|88090500|SC||T7||5|.25|.17|8|8|Y|07-17-2026 10:47:35|07-17-2026 10:43:28||||07-17-2026 11:49:55|07-17-2026 21:42:08|07-17-2026 21:49:08|07-18-2026 04:32:53||07-22-2026 09:30:21|07-22-2026 09:30:21|07-22-2026 15:59:43|118.71|125.2|6.49
BRCJM01|BRDUCATIMO|BRDUCATIMO|55116.4|Shipped|||C13752|04090000|SP||T7||5|.04|.066666|8|8|Y|07-17-2026 10:39:31|07-17-2026 10:35:32||||07-17-2026 11:49:55|07-17-2026 21:41:42|07-17-2026 21:45:22|07-18-2026 04:39:50||07-22-2026 09:30:36|07-22-2026 09:30:36|07-22-2026 15:59:41|118.85|125.34|6.48
BRCJM01|BRDUCATIMO|BRDUCATIMO|55117.4|Shipped|||C8797|80740-000|PR|BR|T7||4|.215|.017667|4|4|Y|07-17-2026 10:39:31|07-17-2026 10:35:40||||07-17-2026 11:49:55|07-17-2026 19:42:55|07-17-2026 19:53:07|07-18-2026 05:19:00||07-22-2026 09:30:42|07-22-2026 09:30:42|07-22-2026 15:59:45|118.85|125.34|6.48
BRCJM01|BRDUCATIMO|BRDUCATIMO|55118.4|Shipped|||C13963|14026040|SP||T7||11|.43|.100001|13|13|Y|07-17-2026 10:47:35|07-17-2026 10:43:32||||07-17-2026 11:49:56|07-17-2026 18:15:26|07-17-2026 18:24:00|07-18-2026 05:15:29||07-22-2026 09:30:55|07-22-2026 09:30:55|07-22-2026 15:59:42|118.72|125.2|6.48
BRCJM01|BRDUCATIMO|BRDUCATIMO|55119.4|Shipped|||C9969|13023-075|SP|BR|T7||1|24.5|.0252|50|50|Y|07-23-2026 12:09:01|07-23-2026 12:07:13||||07-23-2026 12:51:52|07-24-2026 07:14:41|07-24-2026 07:14:41|07-24-2026 10:58:07||07-30-2026 09:41:04|07-30-2026 09:41:04|07-30-2026 10:07:17|165.53|165.97|.44
BRCJM01|BRDUCATIMO|BRDUCATIMO|55120.4|Shipped|||C13752|04090000|SP||T7||2|1.35|.02|11|11|Y|07-23-2026 12:13:02|07-23-2026 12:07:23||||07-23-2026 12:51:52|07-24-2026 09:53:24|07-24-2026 09:55:42|07-24-2026 11:09:06||07-30-2026 09:41:34|07-30-2026 09:41:34|07-30-2026 10:07:10|165.48|165.9|.43
BRCJM01|BRDUCATIMO|BRDUCATIMO|55121.4|Shipped|||C14009|90000000|RS||T7||2|.03|.05|5|5|Y|07-17-2026 10:48:35|07-17-2026 10:43:41||||07-17-2026 11:49:56|07-17-2026 19:06:03|07-17-2026 19:07:39|07-20-2026 00:38:43||07-22-2026 09:31:00|07-22-2026 09:31:00|07-22-2026 15:59:43|118.71|125.19|6.48
BRCJM01|BRDUCATIMO|BRDUCATIMO|55122.4|Shipped|||C14091|29060220|ES||T7||3|1.48|.033333|5|5|Y|07-17-2026 11:06:46|07-17-2026 11:03:43||||07-17-2026 11:49:57|07-17-2026 14:49:51|07-17-2026 14:52:28|07-18-2026 05:02:26||07-22-2026 16:05:42|07-22-2026 16:05:42|07-22-2026 16:07:03|124.98|125|.02
BRCJM01|BRDUCATIMO|BRDUCATIMO|55123.4|Shipped|||C8302|71200-037|DF|BR|T7||3|1.94|.033333|5|5|Y|07-17-2026 11:06:46|07-17-2026 11:03:48||||07-17-2026 11:49:57|07-17-2026 14:31:19|07-17-2026 14:36:28|07-18-2026 12:50:45||07-24-2026 11:42:43|07-24-2026 11:42:43|07-24-2026 13:35:28|168.6|170.48|1.88
BRCJM01|BRDUCATIMO|BRDUCATIMO|55124.4|Shipped|||C14091|29060220|ES||T7||1|0|0|1|1|Y|07-17-2026 16:42:24|07-17-2026 16:39:12||||07-20-2026 09:04:48|07-20-2026 13:02:45|07-20-2026 13:02:45|07-20-2026 18:59:07||07-24-2026 11:42:43|07-24-2026 11:42:43|07-24-2026 13:35:27|163.01|164.88|1.88
BRCJM01|BRDUCATIMO|BRDUCATIMO|55125.4|Shipped|||C9969|13023-075|SP|BR|T7||2|0|0|4|4|Y|07-17-2026 16:43:24|07-17-2026 16:39:13||||07-20-2026 09:04:48|07-20-2026 13:06:10|07-20-2026 19:11:35|07-20-2026 19:12:32||07-24-2026 11:42:46|07-24-2026 11:42:46|07-24-2026 13:35:29|162.99|164.87|1.88
BRCJM01|BRDUCATIMO|BRDUCATIMO|55126.4|Shipped|||C8302|71200-037|DF|BR|T7||1|0|0|1|1|Y|07-17-2026 16:46:25|07-17-2026 16:43:13||||07-20-2026 09:04:48|07-20-2026 13:15:57|07-20-2026 13:15:57|07-20-2026 18:54:04||07-24-2026 11:42:46|07-24-2026 11:42:46|07-24-2026 13:35:28|162.94|164.82|1.88
BRCJM01|BRDUCATIMO|BRDUCATIMO|55127.4|Shipped|||C14009|90000000|RS||T7||1|0|0|1|1|Y|07-22-2026 09:18:17|07-22-2026 09:15:14||||07-22-2026 09:57:50|07-22-2026 11:59:47|07-22-2026 11:59:47|07-23-2026 05:19:03||07-24-2026 11:42:52|07-24-2026 11:42:52|07-24-2026 13:35:27|50.41|52.29|1.88
BRCJM01|BRDUCATIMO|BRDUCATIMO|55128.4|Shipped|||C14091|29060220|ES||T7||3|0|0|3|3|Y|07-17-2026 16:43:25|07-17-2026 16:39:28||||07-20-2026 09:04:48|07-20-2026 13:09:53|07-20-2026 13:12:39|07-20-2026 18:56:14||07-24-2026 11:43:10|07-24-2026 11:43:10|07-24-2026 13:35:27|163|164.87|1.87
BRCJM01|BRDUCATIMO|BRDUCATIMO|55129.4|Shipped|||C8797|80740-000|PR|BR|T7||12|0|0|21|21|Y|07-22-2026 09:18:18|07-22-2026 09:15:37||||07-22-2026 09:57:50|07-22-2026 12:34:09|07-22-2026 16:29:13|07-23-2026 07:54:57||07-30-2026 09:41:45|07-30-2026 09:41:45|07-30-2026 10:07:16|192.39|192.82|.43
BRCJM01|BRDUCATIMO|BRDUCATIMO|55130.4|Shipped|||C10528|74210-098|GO|BR|T7||2|0|0|5|5|Y|07-22-2026 09:18:18|07-22-2026 09:15:38||||07-22-2026 09:57:50|07-22-2026 11:51:17|07-22-2026 11:52:36|07-23-2026 05:37:27||07-24-2026 11:43:16|07-24-2026 11:43:16|07-24-2026 13:35:26|50.42|52.29|1.87
BRCJM01|BRDUCATIMO|BRDUCATIMO|55131.4|Shipped|||C8302|71200-037|DF|BR|T7||1|0|0|1|1|Y|07-18-2026 13:42:52|07-18-2026 13:39:15||||07-18-2026 14:08:41|07-19-2026 21:40:30|07-19-2026 21:40:30|07-20-2026 08:05:02||07-20-2026 08:47:55|07-20-2026 08:47:55|07-20-2026 09:03:56|43.08|43.35|.27
BRCJM01|BRDUCATIMO|BRDUCATIMO|55132.4|Shipped|||C13752|04090000|SP||T7||1|0|0|1|1|Y|07-21-2026 17:49:45|07-21-2026 17:43:37||||07-21-2026 17:51:26|07-22-2026 00:41:02|07-22-2026 00:41:03|07-22-2026 09:46:57||07-22-2026 10:13:12|07-22-2026 10:13:12|07-22-2026 15:59:42|16.39|22.17|5.78
BRCJM01|BRDUCATIMO|BRDUCATIMO|55133.4|Shipped|||C8302|71200-037|DF|BR|T7||1|0|0|1|1|Y|07-18-2026 13:42:52|07-18-2026 13:39:15||||07-18-2026 14:08:41|07-19-2026 21:51:48|07-19-2026 21:51:48|07-20-2026 07:15:49||07-20-2026 08:47:24|07-20-2026 08:47:24|07-20-2026 09:03:56|43.08|43.35|.28
BRCJM01|BRDUCATIMO|BRDUCATIMO|55134.4|Shipped|||C8302|71200-037|DF|BR|T7||1|0|0|1|1|Y|07-18-2026 13:42:52|07-18-2026 13:39:25||||07-18-2026 14:08:41|07-19-2026 22:13:37|07-19-2026 22:13:37|07-20-2026 07:37:21||07-20-2026 08:18:34|07-20-2026 08:18:34|07-20-2026 09:03:56|42.6|43.35|.76
BRCJM01|BRDUCATIMO|BRDUCATIMO|55138.4|Shipped|||C8797|80740-000|PR|BR|T7||1|0|0|1|1|Y|07-24-2026 15:40:02|07-24-2026 15:35:13||||07-24-2026 17:12:12|07-24-2026 23:01:27|07-24-2026 23:01:27|07-27-2026 06:40:44||07-27-2026 10:52:35|07-27-2026 10:52:35|07-28-2026 08:23:18|67.21|88.72|21.51
BRCJM01|BRDUCATIMO|BRDUCATIMO|55139.4|Shipped|||C13752|04090000|SP||T7||1|0|0|1|1|Y|07-21-2026 17:49:46|07-21-2026 17:43:36||||07-21-2026 17:51:26|07-22-2026 00:53:03|07-22-2026 00:53:03|07-22-2026 06:41:39||07-22-2026 10:13:42|07-22-2026 10:13:42|07-22-2026 15:59:42|16.4|22.17|5.77
BRCJM01|BRDUCATIMO|BRDUCATIMO|55140.4|Shipped|||C9663|06455-000|SP|BR|T7||1|0|0|1|1|Y|07-21-2026 17:48:44|07-21-2026 17:43:28||||07-21-2026 17:51:26|07-21-2026 23:45:44|07-21-2026 23:45:44|07-22-2026 10:00:22||07-22-2026 10:00:24|07-22-2026 10:00:24|07-22-2026 15:59:45|16.19|22.18|5.99
BRCJM01|BRDUCATIMO|BRDUCATIMO|55142.4|Shipped|||C8302|71200-037|DF|BR|T7||1|0|0|1|1|Y|07-18-2026 14:27:03|07-18-2026 14:23:15||||07-18-2026 14:29:21|07-19-2026 22:26:38|07-19-2026 22:26:38|07-20-2026 07:37:46||07-20-2026 08:14:03|07-20-2026 08:14:03|07-20-2026 09:03:56|41.78|42.61|.83
BRCJM01|BRDUCATIMO|BRDUCATIMO|55143.4|Shipped|||C8302|71200-037|DF|BR|T7||1|0|0|1|1|Y|07-18-2026 13:42:52|07-18-2026 13:39:27||||07-18-2026 14:08:41|07-19-2026 22:44:21|07-19-2026 22:44:21|07-20-2026 07:37:02||07-20-2026 08:18:48|07-20-2026 08:18:48|07-20-2026 09:03:56|42.6|43.35|.75
BRCJM01|BRDUCATIMO|BRDUCATIMO|55144.4|Shipped|||C8302|71200-037|DF|BR|T7||1|0|0|1|1|Y|07-18-2026 13:38:51|07-18-2026 13:35:16||||07-18-2026 14:11:50|07-19-2026 23:00:15|07-19-2026 23:00:15|07-20-2026 07:14:37||07-20-2026 08:47:37|07-20-2026 08:47:37|07-20-2026 09:03:56|43.15|43.42|.27
BRCJM01|BRDUCATIMO|BRDUCATIMO|55145.4|Shipped|||C8302|71200-037|DF|BR|T7||1|0|0|1|1|Y|07-18-2026 13:38:51|07-18-2026 13:35:17||||07-18-2026 14:11:50|07-19-2026 23:14:55|07-19-2026 23:14:55|07-20-2026 07:29:01||07-20-2026 08:23:09|07-20-2026 08:23:09|07-20-2026 09:03:56|42.74|43.42|.68
BRCJM01|BRDUCATIMO|BRDUCATIMO|55146.4|Shipped|||C8302|71200-037|DF|BR|T7||1|0|0|1|1|Y|07-18-2026 13:38:51|07-18-2026 13:35:27||||07-18-2026 14:08:40|07-19-2026 23:19:34|07-19-2026 23:19:34|07-20-2026 07:24:45||07-20-2026 08:29:24|07-20-2026 08:29:24|07-20-2026 09:03:56|42.84|43.42|.58
BRCJM01|BRDUCATIMO|BRDUCATIMO|55147.4|Shipped|||C8302|71200-037|DF|BR|T7||1|0|0|1|1|Y|07-18-2026 13:38:51|07-18-2026 13:35:28||||07-18-2026 14:08:41|07-19-2026 23:31:19|07-19-2026 23:31:19|07-20-2026 07:19:11||07-20-2026 08:32:08|07-20-2026 08:32:08|07-20-2026 09:03:56|42.89|43.42|.53
BRCJM01|BRDUCATIMO|BRDUCATIMO|55148.4|Shipped|||C8302|71200-037|DF|BR|T7||1|0|0|1|1|Y|07-18-2026 13:38:51|07-18-2026 13:35:35||||07-18-2026 14:11:50|07-20-2026 00:49:46|07-20-2026 00:49:46|07-20-2026 07:23:41||07-20-2026 08:29:10|07-20-2026 08:29:10|07-20-2026 09:03:56|42.84|43.42|.58
BRCJM01|BRDUCATIMO|BRDUCATIMO|55149.4|Shipped|||C8302|71200-037|DF|BR|T7||1|0|0|1|1|Y|07-18-2026 13:30:48|07-18-2026 13:27:14||||07-18-2026 14:11:50|07-20-2026 01:00:26|07-20-2026 01:00:26|07-20-2026 07:20:24||07-20-2026 08:40:04|07-20-2026 08:40:04|07-20-2026 09:03:56|43.15|43.55|.4
BRCJM01|BRDUCATIMO|BRDUCATIMO|55150.4|Shipped|||C8302|71200-037|DF|BR|T7||1|0|0|1|1|Y|07-18-2026 14:28:03|07-18-2026 14:23:24||||07-18-2026 14:29:21|07-19-2026 23:46:13|07-19-2026 23:46:13|07-20-2026 07:33:31||07-20-2026 08:26:49|07-20-2026 08:26:49|07-20-2026 09:03:56|41.98|42.6|.62
BRCJM01|BRDUCATIMO|BRDUCATIMO|55151.4|Shipped|||C8302|71200-037|DF|BR|T7||1|0|0|1|1|Y|07-18-2026 13:38:51|07-18-2026 13:35:35||||07-18-2026 14:08:41|07-20-2026 00:23:47|07-20-2026 00:23:47|07-20-2026 07:30:31||07-20-2026 08:24:42|07-20-2026 08:24:42|07-20-2026 09:03:56|42.76|43.42|.65
BRCJM01|BRDUCATIMO|BRDUCATIMO|55152.4|Shipped|||C14127|88090500|SC||T7||1|0|0|1|1|Y|07-27-2026 16:51:49|07-27-2026 16:47:26||||07-27-2026 17:39:08|07-28-2026 01:08:45|07-28-2026 01:08:45|07-28-2026 07:06:43||07-28-2026 11:12:28|07-28-2026 11:12:28|07-28-2026 14:45:20|18.34|21.89|3.55
BRCJM01|BRDUCATIMO|BRDUCATIMO|55153.4|Shipped|||C14127|88090500|SC||T7||1|0|0|1|1|Y|07-27-2026 16:54:50|07-27-2026 16:51:15||||07-27-2026 17:39:08|07-28-2026 00:28:46|07-28-2026 00:28:46|07-28-2026 07:01:16||08-14-2026 12:33:18|08-14-2026 12:33:18|08-14-2026 13:04:44|427.64|428.17|.52
BRCJM01|BRDUCATIMO|BRDUCATIMO|55154.4|Shipped|||C14127|88090500|SC||T7||1|0|0|1|1|Y|07-27-2026 16:51:49|07-27-2026 16:47:27||||07-27-2026 17:39:08|07-28-2026 00:18:59|07-28-2026 00:18:59|07-28-2026 06:59:59||07-28-2026 11:11:38|07-28-2026 11:11:39|07-28-2026 14:45:20|18.33|21.89|3.56
BRCJM01|BRDUCATIMO|BRDUCATIMO|55155.4|Shipped|||C14009|90000000|RS||T7||1|0|0|1|1|Y|07-27-2026 16:51:49|07-27-2026 16:47:34||||07-27-2026 17:39:08|07-28-2026 01:22:29|07-28-2026 01:22:29|07-28-2026 07:07:38||07-28-2026 11:12:46|07-28-2026 11:12:46|07-28-2026 14:45:19|18.35|21.89|3.54
BRCJM01|BRDUCATIMO|BRDUCATIMO|55156.4|Shipped|||C14009|90000000|RS||T7||1|0|0|1|1|Y|07-27-2026 16:51:49|07-27-2026 16:47:35||||07-27-2026 17:39:08|07-28-2026 00:10:41|07-28-2026 00:10:41|07-28-2026 08:35:14||07-28-2026 11:13:47|07-28-2026 11:13:47|07-28-2026 14:45:19|18.37|21.89|3.53
BRCJM01|BRDUCATIMO|BRDUCATIMO|55157.4|Shipped|||C9969|13023-075|SP|BR|T7||1|0|0|1|1|Y|07-20-2026 17:54:28|07-20-2026 17:51:13||||07-20-2026 17:57:25|07-21-2026 02:21:46|07-21-2026 02:21:46|07-21-2026 06:34:13||07-21-2026 13:47:58|07-21-2026 13:47:58|07-22-2026 15:59:46|19.89|46.09|26.2
BRCJM01|BRDUCATIMO|BRDUCATIMO|55158.4|Shipped|||C9969|13023-075|SP|BR|T7||1|0|0|1|1|Y|07-20-2026 17:22:07|07-20-2026 17:19:14||||07-20-2026 17:24:40|07-21-2026 02:04:24|07-21-2026 02:04:24|07-21-2026 06:32:30||07-21-2026 13:47:29|07-21-2026 13:47:29|07-22-2026 15:59:46|20.42|46.63|26.2
BRCJM01|BRDUCATIMO|BRDUCATIMO|55159.4|Shipped|||C13752|04090000|SP||T7||1|0|0|1|1|Y|07-21-2026 17:48:44|07-21-2026 17:43:28||||07-21-2026 17:51:26|07-22-2026 00:00:51|07-22-2026 00:00:51|07-22-2026 06:43:18||07-22-2026 10:13:28|07-22-2026 10:13:28|07-22-2026 15:59:42|16.41|22.18|5.77
BRCJM01|BRDUCATIMO|BRDUCATIMO|55160.4|Shipped|||C9663|06455-000|SP|BR|T7||1|0|0|1|1|Y|07-21-2026 17:48:44|07-21-2026 17:43:14||||07-21-2026 17:51:26|07-22-2026 00:13:38|07-22-2026 00:13:39|07-22-2026 10:00:29||07-22-2026 10:00:31|07-22-2026 10:00:31|07-22-2026 15:59:45|16.2|22.18|5.99
BRCJM01|BRDUCATIMO|BRDUCATIMO|55161.4|Shipped|||C10528|74210-098|GO|BR|T7||1|0|0|1|1|Y|07-20-2026 16:18:49|07-20-2026 16:15:34||||07-20-2026 17:08:36|07-21-2026 02:36:02|07-21-2026 02:36:02|07-21-2026 06:34:43||07-27-2026 07:20:56|07-27-2026 07:20:56|07-28-2026 08:23:18|159.04|184.07|25.04
BRCJM01|BRDUCATIMO|BRDUCATIMO|55162.4|Shipped|||C10528|74210-098|GO|BR|T7||1|0|0|1|1|Y|07-20-2026 16:18:49|07-20-2026 16:15:35||||07-20-2026 17:08:36|07-21-2026 02:52:42|07-21-2026 02:52:42|07-21-2026 06:35:21||07-27-2026 07:21:12|07-27-2026 07:21:12|07-28-2026 08:23:18|159.04|184.07|25.04
BRCJM01|BRDUCATIMO|BRDUCATIMO|55163.4|Shipped|||C13752|04090000|SP||T7||3|.01|.016667|3|3|Y|07-31-2026 16:43:43|07-31-2026 16:39:48||||08-03-2026 15:12:00|08-04-2026 11:46:17|08-04-2026 11:48:34|08-04-2026 12:23:48||08-11-2026 14:01:17|08-11-2026 14:01:17|08-11-2026 14:09:26|261.29|261.43|.14
BRCJM01|BRDUCATIMO|BRDUCATIMO|55164.4|Shipped|||C13752|04090000|SP||T7||1|0|0|1|1|Y|07-22-2026 09:15:14|07-22-2026 09:11:13||||07-22-2026 09:57:50|07-22-2026 11:45:19|07-22-2026 11:45:20|07-23-2026 05:16:47||07-24-2026 11:43:23|07-24-2026 11:43:23|07-24-2026 13:35:26|50.47|52.34|1.87
BRCJM01|BRDUCATIMO|BRDUCATIMO|55165.4|Shipped|||C14091|29060220|ES||T7||2|105.58|.433333|22|22|Y|07-22-2026 09:15:14|07-22-2026 09:11:15||||07-22-2026 09:57:50|07-22-2026 12:11:31|07-22-2026 12:31:14|07-23-2026 05:00:55||07-24-2026 11:43:29|07-24-2026 11:43:29|07-24-2026 13:35:27|50.47|52.34|1.87
BRCJM01|BRDUCATIMO|BRDUCATIMO|55166.4|Shipped|||C8797|80740-000|PR|BR|T7||1|0|0|1|1|Y|07-22-2026 09:18:18|07-22-2026 09:15:22||||07-22-2026 09:57:50|07-22-2026 12:01:24|07-22-2026 12:01:24|07-23-2026 05:02:36||07-24-2026 11:43:38|07-24-2026 11:43:38|07-24-2026 13:35:28|50.42|52.29|1.86
BRCJM01|BRDUCATIMO|BRDUCATIMO|55167.4|Shipped|||C13752|04090000|SP||T7||2|.32|.05|3|3|Y|07-22-2026 09:18:18|07-22-2026 09:15:27||||07-22-2026 09:57:50|07-22-2026 12:06:47|07-22-2026 12:08:06|07-23-2026 05:14:02||07-24-2026 11:43:44|07-24-2026 11:43:44|07-24-2026 13:35:26|50.42|52.29|1.86
BRCJM01|BRDUCATIMO|BRDUCATIMO|55170.4|Shipped|||C13752|04090000|SP||T7||1|0|0|1|1|Y|07-21-2026 17:45:41|07-21-2026 17:43:14||||07-21-2026 17:51:26|07-22-2026 00:24:46|07-22-2026 00:24:46|07-22-2026 06:41:22||07-22-2026 10:14:52|07-22-2026 10:14:52|07-22-2026 15:59:42|16.49|22.23|5.75
BRCJM01|BRDUCATIMO|BRDUCATIMO|55179.4|Shipped|||C9109|04794-000|SP|BR|T7||4|.49|.016667|5|5|Y|07-23-2026 12:42:13|07-23-2026 12:39:14||||07-23-2026 12:51:52|07-24-2026 08:47:09|07-24-2026 08:49:32|07-24-2026 10:23:10||07-30-2026 09:41:54|07-30-2026 09:41:54|07-30-2026 10:07:17|164.99|165.42|.42
BRCJM01|BRDUCATIMO|BRDUCATIMO|55180.4|Shipped|||C8796|04707-061|SP|BR|T7||1|0|0|1|1|Y|07-23-2026 12:45:14|07-23-2026 12:39:12||||07-23-2026 12:51:52|07-24-2026 07:05:37|07-24-2026 07:05:37|07-24-2026 10:20:38||07-30-2026 09:42:12|07-30-2026 09:42:12|07-30-2026 10:07:16|164.95|165.37|.42
BRCJM01|BRDUCATIMO|BRDUCATIMO|55181.4|Shipped|||C13947|04794000|SP||T7||1|0|0|1|1|Y|07-23-2026 12:45:14|07-23-2026 12:39:23||||07-23-2026 12:51:53|07-24-2026 07:00:23|07-24-2026 07:00:23|07-24-2026 09:59:27||07-30-2026 09:42:22|07-30-2026 09:42:22|07-30-2026 10:07:11|164.95|165.37|.41
BRCJM01|BRDUCATIMO|BRDUCATIMO|55182.4|Shipped|||C9108|04794-000|SP|BR|T7||1|1.5|.001|1|1|Y|07-23-2026 12:45:14|07-23-2026 12:39:29||||07-23-2026 12:51:53|07-27-2026 13:58:02|07-27-2026 13:58:03|07-28-2026 01:32:41||07-30-2026 09:42:41|07-30-2026 09:42:41|07-30-2026 10:07:17|164.96|165.37|.41
BRCJM01|BRDUCATIMO|BRDUCATIMO|55183.4|Shipped|||C14648||||T7||3|.31|.033334|3|3|Y|07-23-2026 15:39:41|07-23-2026 15:35:16||||07-23-2026 16:55:48|07-24-2026 08:43:22|07-24-2026 08:44:40|07-24-2026 10:51:16||07-31-2026 09:40:06|07-31-2026 09:40:06|07-31-2026 10:06:13|186.01|186.44|.44
BRCJM01|BRDUCATIMO|BRDUCATIMO|55187.4|Shipped|||C9969|13023-075|SP|BR|T7||1|0|0|1|1|Y|07-23-2026 16:17:55|07-23-2026 16:15:14||||07-23-2026 16:55:49|07-24-2026 01:07:28|07-24-2026 01:07:28|07-24-2026 16:32:56||07-31-2026 09:40:16|07-31-2026 09:40:16|07-31-2026 10:06:13|185.37|185.81|.43
BRCJM01|BRDUCATIMO|BRDUCATIMO|55188.4|Shipped|||C14253|22620-110|RJ|BR|T7||8|.11|.066667|9|9|Y|07-23-2026 16:46:10|07-23-2026 16:43:19||||07-23-2026 16:55:50|07-24-2026 13:36:48|07-24-2026 13:46:51|07-27-2026 07:27:18||07-30-2026 10:04:22|07-30-2026 10:04:22|07-30-2026 10:07:14|161.3|161.35|.05
BRCJM01|BRDUCATIMO|BRDUCATIMO|55189.4|Shipped|||C14009|90000000|RS||T7||2|.68|.104|10|10|Y|07-24-2026 10:56:38|07-24-2026 10:51:13||||07-24-2026 15:18:43|07-25-2026 12:31:02|07-25-2026 12:35:23|07-27-2026 09:58:17||07-30-2026 09:43:20|07-30-2026 09:43:20|07-30-2026 10:07:13|142.78|143.18|.4
BRCJM01|BRDUCATIMO|BRDUCATIMO|55190.4|Shipped|||C8797|80740-000|PR|BR|T7||11|1.33|.166666|20|20|Y|07-23-2026 12:45:14|07-23-2026 12:39:39||||07-23-2026 12:51:53|07-24-2026 13:50:08|07-24-2026 14:06:24|07-28-2026 02:33:45||07-30-2026 09:43:29|07-30-2026 09:43:29|07-30-2026 10:07:17|164.97|165.37|.4
BRCJM01|BRDUCATIMO|BRDUCATIMO|55191.4|Shipped|||C14253|22620-110|RJ|BR|T7||3|0|0|12|12|Y|07-23-2026 16:17:55|07-23-2026 16:15:16||||07-23-2026 16:55:49|07-24-2026 08:33:36|07-24-2026 08:36:20|07-24-2026 10:31:22||07-30-2026 09:43:41|07-30-2026 09:43:41|07-30-2026 10:07:14|161.43|161.82|.39
BRCJM01|BRDUCATIMO|BRDUCATIMO|55192.4|Shipped|||C13963|14026040|SP||T7||1|0|0|1|1|Y|07-23-2026 16:49:11|07-23-2026 16:43:14||||07-23-2026 16:55:50|07-24-2026 01:05:36|07-24-2026 01:05:36|07-24-2026 16:03:50||07-30-2026 09:43:54|07-30-2026 09:43:54|07-30-2026 10:07:11|160.91|161.3|.39
BRCJM01|BRDUCATIMO|BRDUCATIMO|55193.4|Shipped|||C14091|29060220|ES||T7||1|0|0|1|1|Y|07-24-2026 10:56:39|07-24-2026 10:51:13||||07-24-2026 15:18:44|07-25-2026 12:39:55|07-25-2026 12:39:55|07-27-2026 10:07:18||08-03-2026 08:24:18|08-03-2026 08:24:18|08-03-2026 08:26:26|237.46|237.5|.04
BRCJM01|BRDUCATIMO|BRDUCATIMO|55194.4|Shipped|||C13963|14026040|SP||T7||1|0|0|1|1|Y|07-23-2026 15:38:39|07-23-2026 15:35:30||||07-23-2026 16:55:49|07-24-2026 06:50:31|07-24-2026 06:50:31|07-24-2026 09:55:50||07-30-2026 09:44:02|07-30-2026 09:44:02|07-30-2026 10:07:11|162.09|162.48|.39
BRCJM01|BRDUCATIMO|BRDUCATIMO|55195.4|Shipped|||C13752|04090000|SP||T7||2|0|0|3|3|Y|07-23-2026 16:17:55|07-23-2026 16:15:30||||07-23-2026 16:55:50|07-24-2026 08:38:01|07-24-2026 08:40:57|07-24-2026 10:18:43||07-30-2026 09:44:26|07-30-2026 09:44:26|07-30-2026 10:07:10|161.44|161.82|.38
BRCJM01|BRDUCATIMO|BRDUCATIMO|55196.4|Shipped|||C14009|90000000|RS||T7||2|.64|.070667|8|8|Y|07-23-2026 16:49:11|07-23-2026 16:43:26||||07-23-2026 16:55:51|07-24-2026 08:27:44|07-24-2026 08:30:25|07-24-2026 10:26:17||07-30-2026 09:44:41|07-30-2026 09:44:41|07-30-2026 10:07:13|160.93|161.3|.38
BRCJM01|BRDUCATIMO|BRDUCATIMO|55197.4|Shipped|||C8797|80740-000|PR|BR|T7||1|0|0|1|1|Y|07-24-2026 10:56:39|07-24-2026 10:51:27||||07-24-2026 15:18:44|07-25-2026 13:00:54|07-25-2026 13:00:54|07-27-2026 09:06:05||07-30-2026 09:44:49|07-30-2026 09:44:49|07-30-2026 10:07:17|142.8|143.18|.37
BRCJM01|BRDUCATIMO|BRDUCATIMO|55198.4|Shipped|||C13752|04090000|SP||T7||1|.97|.016667|1|1|Y|07-23-2026 15:39:41|07-23-2026 15:35:30||||07-23-2026 16:55:49|07-24-2026 06:45:24|07-24-2026 06:45:24|07-24-2026 10:24:31||07-30-2026 09:44:57|07-30-2026 09:44:57|07-30-2026 10:07:10|162.09|162.46|.37
BRCJM01|BRDUCATIMO|BRDUCATIMO|55200.4|Shipped|||C9969|13023-075|SP|BR|T7||5|1.11|.41|32|32|Y|07-23-2026 16:17:55|07-23-2026 16:15:33||||07-23-2026 16:55:50|07-24-2026 09:17:22|07-24-2026 09:29:06|07-24-2026 13:39:12||07-30-2026 09:45:06|07-30-2026 09:45:06|07-30-2026 10:07:17|161.45|161.82|.37
BRCJM01|BRDUCATIMO|BRDUCATIMO|55201.4|Shipped|||C14009|90000000|RS||T7||3|.08|.083333|4|4|Y|07-23-2026 16:49:11|07-23-2026 16:43:37||||07-23-2026 16:55:51|07-24-2026 08:21:06|07-24-2026 08:23:57|07-24-2026 10:47:37||07-30-2026 09:45:23|07-30-2026 09:45:23|07-30-2026 10:07:13|160.94|161.3|.36
BRCJM01|BRDUCATIMO|BRDUCATIMO|55202.4|Shipped|||C8797|80740-000|PR|BR|T7||1|0|0|1|1|Y|07-24-2026 10:56:39|07-24-2026 10:51:29||||07-24-2026 15:18:44|07-25-2026 12:57:08|07-25-2026 12:57:08|07-27-2026 09:26:37||07-30-2026 09:45:29|07-30-2026 09:45:29|07-30-2026 10:07:17|142.81|143.18|.36
BRCJM01|BRDUCATIMO|BRDUCATIMO|55203.4|Shipped|||C14009|90000000|RS||T7||1|0|0|1|1|Y|07-23-2026 15:39:41|07-23-2026 15:35:39||||07-23-2026 16:55:49|07-24-2026 06:58:56|07-24-2026 06:58:56|07-24-2026 09:52:58||07-30-2026 09:45:38|07-30-2026 09:45:38|07-30-2026 10:07:13|162.1|162.46|.36
BRCJM01|BRDUCATIMO|BRDUCATIMO|55204.4|Shipped|||C14253|22620-110|RJ|BR|T7||2|.06|.016667|2|2|Y|07-23-2026 16:17:55|07-23-2026 16:15:39||||07-23-2026 16:55:50|07-24-2026 09:47:08|07-24-2026 09:47:43|07-24-2026 11:15:11||07-30-2026 09:45:46|07-30-2026 09:45:46|07-30-2026 10:07:14|161.46|161.82|.36
BRCJM01|BRDUCATIMO|BRDUCATIMO|55205.4|Shipped|||C14091|29060220|ES||T7||4|0|0|4|4|Y|07-23-2026 16:49:11|07-23-2026 16:43:40||||07-23-2026 16:55:51|07-24-2026 09:39:21|07-24-2026 09:42:29|07-24-2026 11:34:40||07-30-2026 09:47:06|07-30-2026 09:47:06|07-30-2026 10:07:13|160.97|161.3|.34
BRCJM01|BRDUCATIMO|BRDUCATIMO|55206.4|Shipped|||C13752|04090000|SP||T7||6|.02|.033334|17|17|Y|07-24-2026 10:56:39|07-24-2026 10:51:40||||07-24-2026 15:18:44|07-24-2026 22:22:11|07-24-2026 22:34:03|07-25-2026 13:26:44||07-30-2026 09:47:17|07-30-2026 09:47:17|07-30-2026 10:07:10|142.84|143.18|.33
BRCJM01|BRDUCATIMO|BRDUCATIMO|55207.4|Shipped|||C8302|71200-037|DF|BR|T7||11|0|0|23|23|Y|07-23-2026 15:39:41|07-23-2026 15:35:47||||07-23-2026 16:55:49|07-24-2026 12:53:48|07-24-2026 13:10:41|07-24-2026 13:54:40||07-30-2026 09:47:25|07-30-2026 09:47:25|07-30-2026 10:07:16|162.13|162.46|.33
BRCJM01|BRDUCATIMO|BRDUCATIMO|55208.4|Shipped|||C14127|88090500|SC||T7||4|5.31|.05|5|5|Y|07-23-2026 16:18:56|07-23-2026 16:15:47||||07-23-2026 16:55:50|07-24-2026 09:04:41|07-24-2026 09:10:49|07-24-2026 13:41:47||07-30-2026 09:48:00|07-30-2026 09:48:00|07-30-2026 10:07:14|161.48|161.81|.32
BRCJM01|BRDUCATIMO|BRDUCATIMO|55209.4|Shipped|||C14797|58039-000|PB|BR|T7||2|0|0|3|3|Y|07-24-2026 10:56:39|07-24-2026 10:51:38||||07-24-2026 15:18:44|07-24-2026 22:11:12|07-24-2026 22:14:00|07-25-2026 13:14:42||07-30-2026 09:48:19|07-30-2026 09:48:19|07-30-2026 10:07:15|142.86|143.18|.32
BRCJM01|BRDUCATIMO|BRDUCATIMO|55210.4|Shipped|||C13752|04090000|SP||T7||1|0|0|1|1|Y|07-24-2026 11:57:58|07-24-2026 11:51:12||||07-24-2026 15:18:44|07-24-2026 22:25:12|07-24-2026 22:25:12|07-27-2026 07:31:38||07-31-2026 09:40:19|07-31-2026 09:40:19|07-31-2026 10:06:11|165.71|166.14|.43
BRCJM01|BRDUCATIMO|BRDUCATIMO|55211.4|Shipped|||C9969|13023-075|SP|BR|T7||1|0|0|1|1|Y|07-23-2026 15:39:42|07-23-2026 15:35:47||||07-23-2026 16:55:49|07-24-2026 06:43:40|07-24-2026 06:43:40|07-24-2026 10:13:54||07-30-2026 09:48:29|07-30-2026 09:48:29|07-30-2026 10:07:17|162.15|162.46|.31
BRCJM01|BRDUCATIMO|BRDUCATIMO|55212.4|Shipped|||C9969|13023-075|SP|BR|T7||1|0|0|1|1|Y|07-23-2026 16:49:11|07-23-2026 16:43:48||||07-23-2026 16:55:51|07-24-2026 01:00:03|07-24-2026 01:00:03|07-24-2026 16:46:37||07-30-2026 09:48:43|07-30-2026 09:48:43|07-30-2026 10:07:17|160.99|161.3|.31
BRCJM01|BRDUCATIMO|BRDUCATIMO|55213.4|Shipped|||C13752|04090000|SP||T7||1|0|0|1|1|Y|07-24-2026 10:57:40|07-24-2026 10:55:14||||07-24-2026 15:18:44|07-24-2026 22:18:08|07-24-2026 22:18:08|07-25-2026 14:01:57||07-30-2026 09:48:56|07-30-2026 09:48:56|07-30-2026 10:07:10|142.85|143.16|.3
BRCJM01|BRDUCATIMO|BRDUCATIMO|55214.4|Shipped|||C8302|71200-037|DF|BR|T7||1|.91|0|1|1|Y|07-24-2026 11:57:59|07-24-2026 11:51:13||||07-24-2026 15:18:44|07-24-2026 22:31:36|07-24-2026 22:31:36|07-27-2026 07:52:35||07-30-2026 09:49:07|07-30-2026 09:49:07|07-30-2026 10:07:16|141.85|142.15|.3
BRCJM01|BRDUCATIMO|BRDUCATIMO|55215.4|Shipped|||C8797|80740-000|PR|BR|T7||1|0|0|2|2|Y|07-23-2026 15:39:42|07-23-2026 15:35:56||||07-23-2026 16:55:49|07-24-2026 01:12:11|07-24-2026 01:12:11|07-24-2026 15:32:50||07-30-2026 09:49:22|07-30-2026 09:49:22|07-30-2026 10:07:17|162.16|162.46|.3
BRCJM01|BRDUCATIMO|BRDUCATIMO|55216.4|Shipped|||C13963|14026040|SP||T7||4|0|0|5|5|Y|07-23-2026 16:49:11|07-23-2026 16:43:54||||07-23-2026 16:55:51|07-24-2026 09:12:36|07-24-2026 09:15:56|07-24-2026 11:49:40||07-30-2026 09:49:38|07-30-2026 09:49:38|07-30-2026 10:07:11|161.01|161.3|.29
BRCJM01|BRDUCATIMO|BRDUCATIMO|55217.4|Shipped|||C14009|90000000|RS||T7||1|0|0|1|1|Y|07-24-2026 11:00:40|07-24-2026 10:55:15||||07-24-2026 15:18:44|07-24-2026 22:07:46|07-24-2026 22:07:46|07-25-2026 13:33:32||07-30-2026 09:49:47|07-30-2026 09:49:47|07-30-2026 10:07:13|142.82|143.11|.29
BRCJM01|BRDUCATIMO|BRDUCATIMO|55218.4|Shipped|||C10528|74210-098|GO|BR|T7||3|0|0|7|7|Y|07-24-2026 11:57:59|07-24-2026 11:51:25||||07-24-2026 15:18:45|07-24-2026 22:42:15|07-24-2026 22:45:38|07-27-2026 08:06:13||07-30-2026 09:49:54|07-30-2026 09:49:54|07-30-2026 10:07:10|141.87|142.15|.29
BRCJM01|BRDUCATIMO|BRDUCATIMO|55219.4|Shipped|||C14091|29060220|ES||T7||2|.35|.087333|4|4|Y|07-23-2026 15:41:43|07-23-2026 15:36:07||||07-23-2026 16:55:49|07-24-2026 07:33:41|07-24-2026 07:34:31|07-24-2026 15:58:16||08-03-2026 08:24:43|08-03-2026 08:24:43|08-03-2026 08:26:26|256.72|256.75|.03
BRCJM01|BRDUCATIMO|BRDUCATIMO|55220.4|Shipped|||C9969|13023-075|SP|BR|T7||22|2.06|.505999|86|86|Y|07-23-2026 16:51:12|07-23-2026 16:44:14||||07-23-2026 16:55:51|07-24-2026 10:35:36|07-24-2026 11:30:30|07-24-2026 17:34:11||07-30-2026 09:50:31|07-30-2026 09:50:31|07-30-2026 10:07:18|160.99|161.27|.28
BRCJM01|BRDUCATIMO|BRDUCATIMO|55221.4|Shipped|||C13963|14026040|SP||T7||1|0|0|1|1|Y|07-24-2026 11:00:40|07-24-2026 10:55:26||||07-24-2026 15:18:44|07-24-2026 22:03:37|07-24-2026 22:03:38|07-25-2026 13:30:23||07-30-2026 09:50:40|07-30-2026 09:50:40|07-30-2026 10:07:11|142.83|143.11|.28
BRCJM01|BRDUCATIMO|BRDUCATIMO|55222.4|Shipped|||C8302|71200-037|DF|BR|T7||21|.57|.033334|22|22|Y|07-24-2026 11:57:59|07-24-2026 11:51:37||||07-24-2026 15:18:45|07-24-2026 22:09:16|07-24-2026 22:33:26|07-25-2026 05:28:04||07-30-2026 09:52:20|07-30-2026 09:52:20|07-30-2026 10:07:16|141.91|142.15|.25
BRCJM01|BRDUCATIMO|BRDUCATIMO|55223.4|Shipped|||C13752|04090000|SP||T7||3|.38|.066666|5|5|Y|07-28-2026 08:24:38|07-28-2026 08:19:23||||07-28-2026 09:27:17|07-30-2026 00:05:40|07-30-2026 00:08:23|07-30-2026 03:02:28||07-31-2026 09:40:24|07-31-2026 09:40:24|07-31-2026 10:06:11|73.26|73.69|.43
BRCJM01|BRDUCATIMO|BRDUCATIMO|55224.4|Shipped|||C13752|04090000|SP||T7||3|3.24|.033333|4|4|Y|07-23-2026 16:51:12|07-23-2026 16:44:12||||07-23-2026 16:55:51|07-24-2026 08:16:54|07-24-2026 08:18:41|07-24-2026 10:09:50||07-30-2026 09:52:28|07-30-2026 09:52:28|07-30-2026 10:07:11|161.02|161.27|.25
BRCJM01|BRDUCATIMO|BRDUCATIMO|55225.4|Shipped|||C16336|30494-270|MG|BR|T7||12|0|0|12|12|Y|07-23-2026 12:45:14|07-23-2026 12:39:42||||07-23-2026 12:51:53|07-24-2026 13:14:35|07-24-2026 13:31:18|07-28-2026 02:55:29||07-30-2026 09:53:24|07-30-2026 09:53:24|07-30-2026 10:07:15|165.14|165.37|.23
BRCJM01|BRDUCATIMO|BRDUCATIMO|55226.4|Shipped|||C13752|04090000|SP||T7||4|19.68|.834341|53|53|Y|07-24-2026 11:58:00|07-24-2026 11:51:35||||07-24-2026 15:18:45|07-24-2026 23:18:40|07-24-2026 23:46:04|07-27-2026 07:44:34||07-31-2026 09:40:30|07-31-2026 09:40:30|07-31-2026 10:06:11|165.71|166.14|.43
BRCJM01|BRDUCATIMO|BRDUCATIMO|55227.4|Shipped|||C9969|13023-075|SP|BR|T7||2|0|0|5|5|Y|07-24-2026 11:58:00|07-24-2026 11:51:45||||07-24-2026 15:18:46|07-24-2026 23:52:27|07-25-2026 00:04:34|07-25-2026 05:32:34||07-31-2026 09:40:35|07-31-2026 09:40:35|07-31-2026 10:06:13|165.71|166.14|.43
BRCJM01|BRDUCATIMO|BRDUCATIMO|55228.4|Shipped|||C16336|30494-270|MG|BR|T7||1|0|0|1|1|Y|07-24-2026 11:59:00|07-24-2026 11:51:54||||07-24-2026 15:18:46|07-25-2026 00:06:53|07-25-2026 00:06:53|07-25-2026 05:35:33||07-30-2026 09:53:30|07-30-2026 09:53:30|07-30-2026 10:07:15|141.91|142.14|.23
BRCJM01|BRDUCATIMO|BRDUCATIMO|55229.4|Shipped|||C13752|04090000|SP||T7||3|.12|.016667|4|4|Y|07-24-2026 12:01:01|07-24-2026 11:55:15||||07-24-2026 15:18:46|07-24-2026 23:03:11|07-24-2026 23:11:31|07-27-2026 07:48:19||07-31-2026 09:40:40|07-31-2026 09:40:40|07-31-2026 10:06:11|165.66|166.09|.43
BRCJM01|BRDUCATIMO|BRDUCATIMO|55230.4|Shipped|||C14091|29060220|ES||T7||4|.255|.001|4|4|Y|07-24-2026 12:01:01|07-24-2026 11:55:17||||07-24-2026 15:18:46|07-24-2026 22:42:26|07-24-2026 22:46:46|07-25-2026 13:47:53||07-30-2026 09:54:28|07-30-2026 09:54:28|07-30-2026 10:07:13|141.89|142.1|.21
BRCJM01|BRDUCATIMO|BRDUCATIMO|55233.4|Shipped|||C14091|29060220|ES||T7||5|0|0|5|5|Y|07-24-2026 12:01:02|07-24-2026 11:55:33||||07-24-2026 15:18:47|07-24-2026 22:55:16|07-24-2026 23:00:22|07-25-2026 12:46:25||07-30-2026 09:54:50|07-30-2026 09:54:50|07-30-2026 10:07:13|141.9|142.1|.21
BRCJM01|BRDUCATIMO|BRDUCATIMO|55234.4|Shipped|||C9663|06455-000|SP|BR|T7||1|0|0|2|2|Y|07-24-2026 11:59:00|07-24-2026 11:55:32||||07-24-2026 15:18:47|07-24-2026 22:50:09|07-24-2026 22:50:27|07-25-2026 13:54:18||07-30-2026 09:56:48|07-30-2026 09:56:48|07-30-2026 10:07:17|141.96|142.14|.17
BRCJM01|BRDUCATIMO|BRDUCATIMO|55235.4|Shipped|||C9969|13023-075|SP|BR|T7||1|0|0|1|1|Y|07-24-2026 12:30:09|07-24-2026 12:27:12||||07-24-2026 15:18:48|07-24-2026 23:29:38|07-24-2026 23:29:39|07-25-2026 01:09:35||07-31-2026 09:40:44|07-31-2026 09:40:44|07-31-2026 10:06:13|165.18|165.6|.42
BRCJM01|BRDUCATIMO|BRDUCATIMO|55236.4|Shipped|||C14127|88090500|SC||T7||2|0|0|2|2|Y|07-24-2026 12:00:01|07-24-2026 11:55:40||||07-24-2026 15:18:47|07-24-2026 23:18:38|07-24-2026 23:19:59|07-25-2026 11:40:22||07-30-2026 09:57:04|07-30-2026 09:57:04|07-30-2026 10:07:14|141.95|142.12|.17
BRCJM01|BRDUCATIMO|BRDUCATIMO|55237.4|Shipped|||C14009|90000000|RS||T7||1|0|0|1|1|Y|07-24-2026 12:00:01|07-24-2026 11:55:47||||07-24-2026 15:18:47|07-24-2026 23:25:07|07-24-2026 23:25:07|07-25-2026 12:51:51||07-30-2026 09:57:10|07-30-2026 09:57:10|07-30-2026 10:07:13|141.95|142.12|.17
BRCJM01|BRDUCATIMO|BRDUCATIMO|55238.4|Shipped|||C14422|22790-270|RJ|BR|T7||1|0|0|1|1|Y|07-24-2026 12:30:10|07-24-2026 12:27:13||||07-24-2026 15:18:48|07-25-2026 00:40:37|07-25-2026 00:40:37|07-25-2026 02:37:37||07-30-2026 09:57:17|07-30-2026 09:57:17|07-30-2026 10:07:15|141.45|141.62|.17
BRCJM01|BRDUCATIMO|BRDUCATIMO|55239.4|Shipped|||C8797|80740-000|PR|BR|T7||3|0|0|14|14|Y|07-24-2026 12:30:10|07-24-2026 12:27:27||||07-24-2026 15:18:48|07-25-2026 00:47:03|07-25-2026 00:50:00|07-25-2026 02:34:40||07-30-2026 09:57:26|07-30-2026 09:57:26|07-30-2026 10:07:17|141.45|141.62|.16
BRCJM01|BRDUCATIMO|BRDUCATIMO|55240.4|Shipped|||C9969|13023-075|SP|BR|T7||7|9|.006|30|30|Y|07-24-2026 12:00:01|07-24-2026 11:55:53||||07-24-2026 15:18:47|07-24-2026 22:59:56|07-24-2026 23:13:34|07-25-2026 02:26:17||07-30-2026 09:57:38|07-30-2026 09:57:38|07-30-2026 10:07:18|141.96|142.12|.16
BRCJM01|BRDUCATIMO|BRDUCATIMO|55241.4|Shipped|||C8302|71200-037|DF|BR|T7||2|0|0|2|2|Y|07-24-2026 12:01:01|07-24-2026 11:55:53||||07-24-2026 15:18:47|07-24-2026 23:22:16|07-24-2026 23:23:10|07-25-2026 00:59:17||07-30-2026 09:57:47|07-30-2026 09:57:47|07-30-2026 10:07:16|141.95|142.1|.16
BRCJM01|BRDUCATIMO|BRDUCATIMO|55242.4|Shipped|||C10528|74210-098|GO|BR|T7||1|0|0|1|1|Y|07-24-2026 12:30:10|07-24-2026 12:27:26||||07-24-2026 15:18:48|07-25-2026 00:44:01|07-25-2026 00:44:01|07-25-2026 02:43:16||07-30-2026 09:57:53|07-30-2026 09:57:53|07-30-2026 10:07:10|141.46|141.62|.15
BRCJM01|BRDUCATIMO|BRDUCATIMO|55243.4|Shipped|||C14797|58039-000|PB|BR|T7||2|0|0|4|4|Y|07-24-2026 11:59:00|07-24-2026 11:52:02||||07-24-2026 15:18:46|07-25-2026 00:10:09|07-25-2026 00:12:19|07-25-2026 05:37:31||07-30-2026 09:58:04|07-30-2026 09:58:04|07-30-2026 10:07:15|141.98|142.14|.15
BRCJM01|BRDUCATIMO|BRDUCATIMO|55244.4|Shipped|||C14009|90000000|RS||T7||1|1.5|.001|1|1|Y|07-24-2026 12:04:02|07-24-2026 11:56:04||||07-24-2026 15:18:47|07-27-2026 13:59:21|07-27-2026 13:59:21|07-28-2026 01:35:06||07-30-2026 09:58:11|07-30-2026 09:58:11|07-30-2026 10:07:13|141.9|142.05|.15
BRCJM01|BRDUCATIMO|BRDUCATIMO|55245.4|Shipped|||C13963|14026040|SP||T7||4|0|0|5|5|Y|07-24-2026 12:04:02|07-24-2026 11:56:08||||07-24-2026 15:18:47|07-25-2026 14:22:12|07-27-2026 08:05:07|07-27-2026 08:22:29||08-03-2026 08:25:00|08-03-2026 08:25:00|08-03-2026 08:26:26|236.35|236.37|.02
BRCJM01|BRDUCATIMO|BRDUCATIMO|55246.4|Shipped|||C14091|29060220|ES||T7||3|0|0|9|9|Y|07-24-2026 12:33:11|07-24-2026 12:31:14||||07-24-2026 15:18:48|07-25-2026 00:52:40|07-25-2026 00:56:29|07-25-2026 02:39:26||07-30-2026 09:58:56|07-30-2026 09:58:56|07-30-2026 10:07:14|141.43|141.57|.14
BRCJM01|BRDUCATIMO|BRDUCATIMO|55249.4|Shipped|||C8797|80740-000|PR|BR|T7||1|0|0|1|1|Y|07-24-2026 15:40:02|07-24-2026 15:35:14||||07-24-2026 17:12:12|07-24-2026 23:29:10|07-24-2026 23:29:10|07-27-2026 09:31:58||07-27-2026 10:53:16|07-27-2026 10:53:16|07-28-2026 08:23:18|67.22|88.72|21.5
BRCJM01|BRDUCATIMO|BRDUCATIMO|55250.4|Shipped|||C8797|80740-000|PR|BR|T7||1|0|0|1|1|Y|07-24-2026 15:40:03|07-24-2026 15:35:25||||07-24-2026 17:12:12|07-24-2026 23:16:37|07-27-2026 09:29:34|07-27-2026 09:29:47||07-27-2026 10:53:00|07-27-2026 10:53:00|07-28-2026 08:23:18|67.22|88.72|21.51
BRCJM01|BRDUCATIMO|BRDUCATIMO|55251.4|Shipped|||C13752|04090000|SP||T7||1|0|0|1|1|Y|08-03-2026 17:57:37|08-03-2026 15:43:13||||08-03-2026 18:01:28|08-04-2026 02:17:03|08-04-2026 02:17:03|08-04-2026 06:34:52||08-04-2026 10:03:44|08-04-2026 10:03:44|08-05-2026 09:17:34|16.1|39.33|23.23
BRCJM01|BRDUCATIMO|BRDUCATIMO|55252.4|Shipped|||C14091|29060220|ES||T7||1|0|0|1|1|Y|07-23-2026 16:18:56|07-23-2026 16:15:46||||07-23-2026 16:55:50|07-23-2026 22:40:15|07-23-2026 22:40:15|07-24-2026 14:14:47||07-24-2026 14:14:51|07-24-2026 14:14:51|07-28-2026 08:23:18|21.93|112.07|90.14
BRCJM01|BRDUCATIMO|BRDUCATIMO|55253.4|Shipped|||C13752|04090000|SP||T7||1|0|0|1|1|Y|07-27-2026 16:54:50|07-27-2026 16:51:15||||07-27-2026 17:39:08|07-28-2026 02:34:05|07-28-2026 02:34:05|07-28-2026 07:10:17||07-28-2026 11:11:06|07-28-2026 11:11:06|07-28-2026 14:45:19|18.27|21.84|3.57
BRCJM01|BRDUCATIMO|BRDUCATIMO|55254.4|Shipped|||C13752|04090000|SP||T7||1|0|0|1|1|Y|07-27-2026 16:54:50|07-27-2026 16:51:27||||07-27-2026 17:39:08|07-28-2026 02:24:19|07-28-2026 02:24:19|07-28-2026 07:11:26||07-28-2026 13:53:10|07-28-2026 13:53:10|07-28-2026 14:45:19|20.97|21.84|.87
BRCJM01|BRDUCATIMO|BRDUCATIMO|55256.4|Shipped|||C13752|04090000|SP||T7||1|0|0|1|1|Y|07-27-2026 16:54:50|07-27-2026 16:51:28||||07-27-2026 17:39:08|07-28-2026 02:14:27|07-28-2026 02:14:27|07-28-2026 07:14:36||07-28-2026 13:46:11|07-28-2026 13:46:11|07-28-2026 14:45:19|20.86|21.84|.99
BRCJM01|BRDUCATIMO|BRDUCATIMO|55257.4|Shipped|||C14009|90000000|RS||T7||2|2.94|.003024|9|9|Y|07-24-2026 12:33:11|07-24-2026 12:31:14||||07-24-2026 15:18:48|07-24-2026 23:33:18|07-24-2026 23:34:57|07-25-2026 13:38:49||07-30-2026 09:59:03|07-30-2026 09:59:03|07-30-2026 10:07:13|141.43|141.57|.14
BRCJM01|BRDUCATIMO|BRDUCATIMO|55258.4|Shipped|||C8302|71200-037|DF|BR|T7||2|.75|.033837|3|3|Y|07-24-2026 12:37:12|07-24-2026 12:31:26||||07-24-2026 15:18:48|07-25-2026 13:36:24|07-25-2026 13:38:53|07-27-2026 10:21:33||07-30-2026 09:59:12|07-30-2026 09:59:12|07-30-2026 10:07:16|141.37|141.5|.13
BRCJM01|BRDUCATIMO|BRDUCATIMO|55259.4|Shipped|||C9663|06455-000|SP|BR|T7||10|.04|.033334|11|11|Y|07-31-2026 15:34:26|07-31-2026 15:31:57||||07-31-2026 16:42:16|07-31-2026 19:30:20|07-31-2026 19:37:14|08-01-2026 04:20:26||08-05-2026 11:15:52|08-05-2026 11:15:52|08-05-2026 11:53:06|115.69|116.31|.62
BRCJM01|BRDUCATIMO|BRDUCATIMO|55260.4|Shipped|||C9969|13023-075|SP|BR|T7||4|0|0|4|4|Y|07-31-2026 15:34:28|07-31-2026 15:31:59||||07-31-2026 16:42:17|07-31-2026 18:51:05|07-31-2026 18:55:12|08-01-2026 04:44:07||08-05-2026 11:16:07|08-05-2026 11:16:07|08-05-2026 11:53:06|115.69|116.31|.62
BRCJM01|BRDUCATIMO|BRDUCATIMO|55261.4|Shipped|||C8302|71200-037|DF|BR|T7||1|0|0|1|1|Y|07-24-2026 12:47:14|07-24-2026 12:43:12||||07-24-2026 15:18:49|07-27-2026 14:22:08|07-27-2026 14:22:08|07-28-2026 01:42:33||07-30-2026 09:59:18|07-30-2026 09:59:18|07-30-2026 10:07:16|141.2|141.33|.13
BRCJM01|BRDUCATIMO|BRDUCATIMO|55262.4|Shipped|||C14127|88090500|SC||T7||3|0|0|3|3|Y|07-24-2026 12:37:12|07-24-2026 12:31:33||||07-24-2026 15:18:48|07-25-2026 13:42:02|07-25-2026 13:52:04|07-27-2026 09:48:40||07-30-2026 09:59:27|07-30-2026 09:59:27|07-30-2026 10:07:14|141.37|141.5|.13
BRCJM01|BRDUCATIMO|BRDUCATIMO|55263.4|Shipped|||C14091|29060220|ES||T7||6|0|0|6|6|Y|07-24-2026 12:47:14|07-24-2026 12:43:16||||07-24-2026 15:18:49|07-25-2026 13:33:08|07-25-2026 13:39:44|07-27-2026 08:34:32||08-20-2026 10:15:14|08-20-2026 10:15:14|08-20-2026 10:17:07|645.47|645.5|.03
BRCJM01|BRDUCATIMO|BRDUCATIMO|55264.4|Shipped|||C14422|22790-270|RJ|BR|T7||1|0|0|1|1|Y|07-31-2026 15:34:28|07-31-2026 15:32:13||||07-31-2026 16:42:17|07-31-2026 18:35:29|07-31-2026 18:35:29|08-01-2026 03:47:15||08-05-2026 11:16:15|08-05-2026 11:16:15|08-05-2026 11:53:05|115.7|116.31|.61
BRCJM01|BRDUCATIMO|BRDUCATIMO|55265.4|Shipped|||C9663|06455-000|SP|BR|T7||5|2100|.002|10|10|Y|07-31-2026 15:34:28|07-31-2026 15:32:17||||07-31-2026 16:42:17|07-31-2026 18:02:13|07-31-2026 18:07:15|08-01-2026 04:12:21||08-05-2026 11:17:55|08-05-2026 11:17:55|08-05-2026 11:53:06|115.72|116.31|.59
BRCJM01|BRDUCATIMO|BRDUCATIMO|55266.4|Shipped|||C14127|88090500|SC||T7||1|0|0|1|1|Y|07-31-2026 15:35:28|07-31-2026 15:32:20||||07-31-2026 16:42:17|07-31-2026 18:09:26|07-31-2026 18:09:26|08-01-2026 04:02:11||08-05-2026 11:18:07|08-05-2026 11:18:07|08-05-2026 11:53:05|115.71|116.29|.58
BRCJM01|BRDUCATIMO|BRDUCATIMO|55267.4|Shipped|||C14422|22790-270|RJ|BR|T7||2|0|0|8|8|Y|07-24-2026 12:42:13|07-24-2026 12:39:12||||07-24-2026 15:18:48|07-25-2026 13:27:01|07-25-2026 13:32:08|07-27-2026 10:26:01||07-30-2026 09:59:32|07-30-2026 09:59:32|07-30-2026 10:07:15|141.29|141.42|.13
BRCJM01|BRDUCATIMO|BRDUCATIMO|55268.4|Shipped|||C14091|29060220|ES||T7||1|0|0|2|2|Y|07-24-2026 12:42:13|07-24-2026 12:39:19||||07-24-2026 15:18:49|07-25-2026 13:04:57|07-25-2026 13:04:57|07-27-2026 08:50:54||08-03-2026 08:25:10|08-03-2026 08:25:10|08-03-2026 08:26:26|235.72|235.74|.02
BRCJM01|BRDUCATIMO|BRDUCATIMO|55269.4|Shipped|||C8412|19470-000|SP|BR|T7||4|0|0|5|5|Y|07-31-2026 15:35:28|07-31-2026 15:32:29||||07-31-2026 16:42:17|07-31-2026 18:15:29|07-31-2026 18:21:34|08-01-2026 03:56:50||08-05-2026 11:18:20|08-05-2026 11:18:20|08-05-2026 11:53:06|115.71|116.29|.58
BRCJM01|BRDUCATIMO|BRDUCATIMO|55271.4|Shipped|||C8797|80740-000|PR|BR|T7||4|0|0|16|16|Y|07-24-2026 13:42:27|07-24-2026 13:39:14||||07-24-2026 15:18:49|07-25-2026 13:27:59|07-25-2026 13:30:37|07-27-2026 08:46:51||07-30-2026 09:59:41|07-30-2026 09:59:41|07-30-2026 10:07:17|140.29|140.41|.13
BRCJM01|BRDUCATIMO|BRDUCATIMO|55272.4|Shipped|||C9663|06455-000|SP|BR|T7||4|0|0|14|14|Y|07-30-2026 15:54:49|07-30-2026 15:51:53||||07-31-2026 16:42:16|07-31-2026 19:03:09|07-31-2026 19:05:33|08-01-2026 03:51:22||08-05-2026 11:19:16|08-05-2026 11:19:16|08-05-2026 11:53:06|139.41|139.97|.56
BRCJM01|BRDUCATIMO|BRDUCATIMO|55273.4|Shipped|||C13963|14026040|SP||T7||50|48.672|.823|359|359|Y|07-24-2026 13:45:28|07-24-2026 13:39:56|||07-28-2026 09:27:16|07-29-2026 10:33:28|07-29-2026 15:35:52|07-30-2026 09:00:30|07-30-2026 11:08:16||08-05-2026 11:20:11|08-05-2026 11:20:11|08-05-2026 11:53:02|285.58|286.13|.55
BRCJM01|BRDUCATIMO|BRDUCATIMO|55274.4|Shipped|||C13963|14026040|SP||T7||50|6069.06|.058|212|212|Y|07-24-2026 13:48:29|07-24-2026 13:39:59||||07-24-2026 15:18:52|07-25-2026 14:42:24|07-27-2026 08:44:50|07-28-2026 00:46:21||07-30-2026 10:01:16|07-30-2026 10:01:16|07-30-2026 10:07:11|140.21|140.31|.1
BRCJM01|BRDUCATIMO|BRDUCATIMO|55275.4|Shipped|||C8797|80740-000|PR|BR|T7||5|0|0|22|22|Y|07-24-2026 13:48:29|07-24-2026 13:41:00||||07-24-2026 15:18:54|07-25-2026 13:14:26|07-25-2026 13:24:41|07-27-2026 08:59:37||07-30-2026 10:01:37|07-30-2026 10:01:37|07-30-2026 10:07:17|140.22|140.31|.09
BRCJM01|BRDUCATIMO|BRDUCATIMO|55276.4|Shipped|||C13752|04090000|SP||T7||2|15.7|.098453|35|35|Y|07-28-2026 08:24:39|07-28-2026 08:19:36|||08-11-2026 17:36:58|08-12-2026 10:59:20|08-12-2026 15:34:26|08-13-2026 11:54:32|08-13-2026 12:04:16||08-17-2026 14:31:33|08-17-2026 14:31:33|08-17-2026 14:34:04|486.12|486.16|.04
BRCJM01|BRDUCATIMO|BRDUCATIMO|55277.4|Shipped|||C13963|14026040|SP||T7||1|26.375|.1|5|5|Y|07-24-2026 13:48:29|07-24-2026 13:41:05||||07-24-2026 15:18:54|07-25-2026 12:44:46|07-25-2026 12:44:46|07-27-2026 09:21:17||07-30-2026 10:01:50|07-30-2026 10:01:50|07-30-2026 10:07:11|140.22|140.31|.09
BRCJM01|BRDUCATIMO|BRDUCATIMO|55278.4|Shipped|||C14127|88090500|SC||T7||1|.06|.033333|1|1|Y|07-24-2026 13:48:29|07-24-2026 13:41:11||||07-24-2026 15:18:54|07-25-2026 12:35:03|07-25-2026 12:35:03|07-27-2026 09:13:05||07-30-2026 10:02:14|07-30-2026 10:02:14|07-30-2026 10:07:14|140.23|140.31|.08
BRCJM01|BRDUCATIMO|BRDUCATIMO|55279.4|Shipped|||C14422|22790-270|RJ|BR|T7||2|.02|.033334|2|2|Y|07-24-2026 13:43:27|07-24-2026 13:39:20||||07-24-2026 15:18:49|07-25-2026 13:08:00|07-25-2026 13:16:15|07-27-2026 10:03:13||07-30-2026 10:02:21|07-30-2026 10:02:21|07-30-2026 10:07:15|140.32|140.4|.08
BRCJM01|BRDUCATIMO|BRDUCATIMO|55290.4|Shipped|||C13752|04090000|SP||T7||3|1.02|.014|20|20|Y|07-24-2026 13:54:32|07-24-2026 13:51:28||||07-24-2026 15:18:55|07-25-2026 12:49:12|07-29-2026 07:09:10|07-29-2026 07:44:23||07-31-2026 09:40:48|07-31-2026 09:40:48|07-31-2026 10:06:11|163.77|164.19|.42
BRCJM01|BRDUCATIMO|BRDUCATIMO|55291.4|Shipped|||C13963|14026040|SP||T7||42|4041.21|.037333|156|156|Y|07-24-2026 13:57:33|07-24-2026 13:51:52||||07-24-2026 15:18:55|07-25-2026 15:04:32|07-28-2026 07:07:52|07-28-2026 08:03:54||07-30-2026 10:02:51|07-30-2026 10:02:51|07-30-2026 10:07:12|140.09|140.16|.07
BRCJM01|BRDUCATIMO|BRDUCATIMO|55292.4|Shipped|||C13963|14026040|SP||T7||41|4.79|.111|154|154|Y|07-24-2026 13:58:33|07-24-2026 13:52:04||||07-24-2026 15:18:56|07-25-2026 14:19:43|07-27-2026 08:34:01|07-28-2026 01:03:26||07-30-2026 10:03:41|07-30-2026 10:03:41|07-30-2026 10:07:13|140.09|140.14|.06
BRCJM01|BRDUCATIMO|BRDUCATIMO|55293.4|Shipped|||C8797|80740-000|PR|BR|T7||1|0|0|2|2|Y|07-24-2026 14:01:34|07-24-2026 13:52:55||||07-24-2026 15:18:58|07-25-2026 14:16:50|07-25-2026 14:16:51|07-27-2026 07:56:47||07-30-2026 10:03:48|07-30-2026 10:03:48|07-30-2026 10:07:17|140.04|140.1|.06
BRCJM01|BRDUCATIMO|BRDUCATIMO|55300.4|Shipped|||C14253|22620-110|RJ|BR|T7||1|0|0|1|1|Y|07-31-2026 16:54:46|07-31-2026 16:51:49||||07-31-2026 17:31:16|08-01-2026 10:16:40|08-01-2026 10:16:40|08-03-2026 06:51:20||08-04-2026 17:31:01|08-04-2026 17:31:01|08-05-2026 09:17:36|96.6|112.38|15.78
BRCJM01|BRDUCATIMO|BRDUCATIMO|55301.4|Shipped|||C14253|22620-110|RJ|BR|T7||1|0|0|1|1|Y|07-31-2026 16:55:47|07-31-2026 16:51:53||||07-31-2026 17:31:16|08-01-2026 10:03:59|08-01-2026 10:03:59|08-03-2026 06:52:32||08-04-2026 17:31:09|08-04-2026 17:31:09|08-05-2026 09:17:36|96.59|112.36|15.77
BRCJM01|BRDUCATIMO|BRDUCATIMO|55302.4|Shipped|||C14253|22620-110|RJ|BR|T7||1|0|0|1|1|Y|07-31-2026 16:55:47|07-31-2026 16:52:03||||07-31-2026 17:31:16|08-01-2026 10:31:02|08-01-2026 10:31:02|08-03-2026 06:50:57||08-04-2026 17:31:24|08-04-2026 17:31:24|08-05-2026 09:17:36|96.59|112.36|15.77
BRCJM01|BRDUCATIMO|BRDUCATIMO|55304.4|Shipped|||C13963|14026040|SP||T7||32|9547.74|.239334|59|59|Y|07-29-2026 10:04:51|07-29-2026 09:59:32||||07-29-2026 10:33:30|07-29-2026 19:08:11|07-31-2026 15:31:10|07-31-2026 16:27:10||08-05-2026 11:22:34|08-05-2026 11:22:34|08-05-2026 11:53:03|169.3|169.8|.51
BRCJM01|BRDUCATIMO|BRDUCATIMO|55305.4|Shipped|||C13963|14026040|SP||T7||50|12070.401|.437999|105|105|Y|07-29-2026 10:05:51|07-29-2026 09:59:42|||08-12-2026 09:09:25|08-12-2026 09:21:00|08-13-2026 09:34:39|08-13-2026 10:14:12|08-14-2026 13:01:44||08-14-2026 14:05:04|08-14-2026 14:05:05|08-14-2026 14:37:40|387.99|388.53|.54
BRCJM01|BRDUCATIMO|BRDUCATIMO|55306.4|Shipped|||C13963|14026040|SP||T7||21|2165.97|.075|115|115|Y|07-29-2026 10:06:52|07-29-2026 10:00:30||||07-29-2026 10:33:33|07-29-2026 18:14:19|07-30-2026 04:36:52|07-30-2026 05:58:24||08-05-2026 11:24:26|08-05-2026 11:24:26|08-05-2026 11:53:03|169.29|169.77|.48
BRCJM01|BRDUCATIMO|BRDUCATIMO|55307.4|Shipped|||C13963|14026040|SP||T7||1|0|0|1|1|Y|07-27-2026 16:52:50|07-27-2026 16:47:42||||07-27-2026 17:39:08|07-28-2026 02:49:17|07-28-2026 02:49:18|07-28-2026 07:46:46||07-29-2026 10:48:42|07-29-2026 10:48:42|07-30-2026 10:07:13|41.93|65.24|23.31
BRCJM01|BRDUCATIMO|BRDUCATIMO|55310.4|Shipped|||C13752|04090000|SP||T7||1|0|0|1|1|Y|07-27-2026 16:55:51|07-27-2026 16:51:35||||07-27-2026 17:39:08|07-28-2026 01:46:24|07-28-2026 01:46:24|07-28-2026 07:35:48||07-28-2026 13:41:23|07-28-2026 13:41:23|07-28-2026 14:45:19|20.76|21.82|1.07
BRCJM01|BRDUCATIMO|BRDUCATIMO|55311.4|Shipped|||C9663|06455-000|SP|BR|T7||1|0|0|1|1|Y|07-27-2026 16:55:51|07-27-2026 16:51:36||||07-27-2026 17:39:09|07-28-2026 01:36:54|07-28-2026 01:36:54|07-28-2026 07:44:37||07-28-2026 13:39:16|07-28-2026 13:39:16|07-28-2026 14:45:20|20.72|21.82|1.1
BRCJM01|BRDUCATIMO|BRDUCATIMO|55319.4|Shipped|||C15048||||T7||20|5.79|.133334|29|29|Y|07-27-2026 13:47:32|07-27-2026 13:11:27||||07-27-2026 13:48:14|07-27-2026 15:01:00|07-27-2026 15:24:08|07-27-2026 16:18:13||08-26-2026 10:11:07|08-26-2026 10:11:07|08-26-2026 10:11:26|716.39|716.4|.01
BRCJM01|BRDUCATIMO|BRDUCATIMO|55321.4|Shipped|||C14009|90000000|RS||T7||2|2.94|.003024|10|10|Y|07-29-2026 09:03:34|07-29-2026 08:59:33||||07-29-2026 10:33:30|07-29-2026 23:12:57|07-29-2026 23:48:32|07-30-2026 02:32:20||07-31-2026 09:41:06|07-31-2026 09:41:06|07-31-2026 10:06:12|48.63|49.04|.42
BRCJM01|BRDUCATIMO|BRDUCATIMO|55322.4|Shipped|||C9969|13023-075|SP|BR|T7||4|1.785|.020667|6|6|Y|07-28-2026 08:29:41|07-28-2026 08:27:16||||07-28-2026 09:27:17|07-29-2026 22:09:38|07-29-2026 22:25:28|07-30-2026 02:52:54||07-31-2026 09:41:08|07-31-2026 09:41:08|07-31-2026 10:06:13|73.19|73.61|.42
BRCJM01|BRDUCATIMO|BRDUCATIMO|55323.4|Shipped|||C13752|04090000|SP||T7||2|6.3|.05|5|5|Y|07-28-2026 08:30:41|07-28-2026 08:27:20||||07-28-2026 09:27:17|07-29-2026 22:46:11|07-29-2026 22:49:57|07-30-2026 01:03:04||07-31-2026 09:41:12|07-31-2026 09:41:12|07-31-2026 10:06:12|73.18|73.59|.42
BRCJM01|BRDUCATIMO|BRDUCATIMO|55324.4|Shipped|||C14009|90000000|RS||T7||2|1.47|.001512|4|4|Y|07-28-2026 08:30:41|07-28-2026 08:27:31||||07-28-2026 09:27:17|07-29-2026 23:13:16|07-29-2026 23:54:52|07-30-2026 02:23:08||07-31-2026 09:41:18|07-31-2026 09:41:18|07-31-2026 10:06:12|73.18|73.59|.42
BRCJM01|BRDUCATIMO|BRDUCATIMO|55325.4|Shipped|||C9663|06455-000|SP|BR|T7||1|27735|.001|1|1|Y|07-28-2026 08:30:41|07-28-2026 08:27:31||||07-28-2026 08:32:27|07-28-2026 08:53:02|07-28-2026 08:53:02|07-28-2026 09:07:45||08-19-2026 10:44:28|08-19-2026 10:44:28|08-19-2026 10:45:01|530.23|530.24|.01
BRCJM01|BRDUCATIMO|BRDUCATIMO|55326.4|Shipped|||C14091|29060220|ES||T7||1|.04|.016667|1|1|Y|07-28-2026 08:31:41|07-28-2026 08:27:37||||07-28-2026 09:27:18|07-29-2026 22:44:44|07-29-2026 22:44:44|07-30-2026 01:58:01||07-31-2026 10:01:54|07-31-2026 10:01:54|07-31-2026 10:06:12|73.5|73.58|.07
BRCJM01|BRDUCATIMO|BRDUCATIMO|55327.4|Shipped|||C9663|06455-000|SP|BR|T7||1|0|0|1|1|Y|07-28-2026 08:31:41|07-28-2026 08:27:38||||07-28-2026 09:27:18|07-29-2026 22:42:02|07-29-2026 22:42:02|07-30-2026 02:02:50||07-31-2026 10:01:58|07-31-2026 10:01:58|07-31-2026 10:06:13|73.5|73.58|.07
BRCJM01|BRDUCATIMO|BRDUCATIMO|55328.4|Shipped|||C13752|04090000|SP||T7||3|.08|.033333|18|18|Y|07-28-2026 08:31:41|07-28-2026 08:27:43||||07-28-2026 09:27:18|07-29-2026 22:29:54|07-29-2026 22:34:09|07-30-2026 01:09:24||07-31-2026 10:02:06|07-31-2026 10:02:06|07-31-2026 10:06:12|73.51|73.58|.07
BRCJM01|BRDUCATIMO|BRDUCATIMO|55329.4|Shipped|||C13963|14026040|SP||T7||1|0|0|2|2|Y|07-29-2026 11:18:21|07-29-2026 11:15:17||||07-29-2026 13:04:23|07-30-2026 14:27:54|07-30-2026 14:27:54|07-30-2026 19:01:26||08-05-2026 11:24:34|08-05-2026 11:24:34|08-05-2026 11:53:03|168.1|168.58|.47
BRCJM01|BRDUCATIMO|BRDUCATIMO|55330.4|Shipped|||C14127|88090500|SC||T7||3|0|0|6|6|Y|07-29-2026 10:54:08|07-29-2026 10:51:29||||07-29-2026 13:04:21|07-29-2026 20:21:25|07-29-2026 20:25:21|07-30-2026 01:45:00||07-31-2026 10:02:08|07-31-2026 10:02:08|07-31-2026 10:06:12|47.13|47.2|.07
BRCJM01|BRDUCATIMO|BRDUCATIMO|55331.4|Shipped|||C14009|90000000|RS||T7||1|0|0|1|1|Y|07-29-2026 10:55:08|07-29-2026 10:51:15||||07-29-2026 13:04:20|07-29-2026 19:40:40|07-29-2026 19:40:40|07-30-2026 01:38:46||07-31-2026 10:02:12|07-31-2026 10:02:12|07-31-2026 10:06:12|47.12|47.18|.07
BRCJM01|BRDUCATIMO|BRDUCATIMO|55332.4|Shipped|||C13963|14026040|SP||T7||2|0|0|2|2|Y|08-06-2026 17:16:37|08-06-2026 17:11:14||||08-07-2026 14:55:27|08-08-2026 12:38:08|08-08-2026 12:48:27|08-08-2026 13:20:04||08-11-2026 14:01:43|08-11-2026 14:01:43|08-11-2026 14:09:27|116.75|116.88|.13
BRCJM01|BRDUCATIMO|BRDUCATIMO|55333.4|Shipped|||C13752|04090000|SP||T7||3|.27|.004|5|5|Y|07-29-2026 11:22:22|07-29-2026 11:19:17||||07-29-2026 13:04:24|07-30-2026 14:18:42|07-30-2026 14:23:47|07-31-2026 01:58:35||08-05-2026 11:24:40|08-05-2026 11:24:40|08-05-2026 11:53:01|168.04|168.51|.47
BRCJM01|BRDUCATIMO|BRDUCATIMO|55334.4|Shipped|||C14009|90000000|RS||T7||1|.08|.083333|2|2|Y|07-29-2026 11:03:14|07-29-2026 10:59:15||||07-29-2026 13:04:23|07-30-2026 14:30:20|07-30-2026 14:30:20|07-30-2026 19:03:40||08-05-2026 11:24:49|08-05-2026 11:24:49|08-05-2026 11:53:04|168.36|168.83|.47
BRCJM01|BRDUCATIMO|BRDUCATIMO|55335.4|Shipped|||C13752|04090000|SP||T7||3|.16|.002|4|4|Y|07-29-2026 11:01:13|07-29-2026 10:55:18||||07-29-2026 13:04:23|07-29-2026 23:56:38|07-30-2026 00:01:58|07-30-2026 02:19:14||07-31-2026 10:02:20|07-31-2026 10:02:20|07-31-2026 10:06:12|47.02|47.08|.06
BRCJM01|BRDUCATIMO|BRDUCATIMO|55336.4|Shipped|||C9969|13023-075|SP|BR|T7||26|2.29|.501999|68|68|Y|07-29-2026 11:24:22|07-29-2026 11:19:35||||07-29-2026 13:04:24|07-30-2026 19:31:15|07-30-2026 20:17:51|07-31-2026 02:38:00||08-05-2026 11:25:11|08-05-2026 11:25:11|08-05-2026 11:53:07|168.01|168.48|.47
BRCJM01|BRDUCATIMO|BRDUCATIMO|55337.4|Shipped|||C14127|88090500|SC||T7||1|.48|.006|6|6|Y|07-29-2026 11:24:23|07-29-2026 11:19:28||||07-29-2026 13:04:24|07-30-2026 14:33:36|07-30-2026 14:33:36|07-31-2026 02:04:33||08-05-2026 11:25:19|08-05-2026 11:25:19|08-05-2026 11:53:05|168.02|168.48|.46
BRCJM01|BRDUCATIMO|BRDUCATIMO|55338.4|Shipped|||C14797|58039-000|PB|BR|T7||9|1.03|.033334|11|11|Y|07-29-2026 11:02:13|07-29-2026 10:55:23||||07-29-2026 13:04:23|07-29-2026 22:55:28|07-29-2026 23:08:29|07-30-2026 01:26:53||07-31-2026 10:02:31|07-31-2026 10:02:31|07-31-2026 10:06:13|47.01|47.07|.06
BRCJM01|BRDUCATIMO|BRDUCATIMO|55339.4|Shipped|||C9969|13023-075|SP|BR|T7||2|0|0|4|4|Y|07-30-2026 15:54:51|07-30-2026 15:51:53||||07-31-2026 16:42:16|07-31-2026 18:40:10|07-31-2026 18:41:51|08-01-2026 03:41:27||08-05-2026 11:25:28|08-05-2026 11:25:28|08-05-2026 11:53:07|139.51|139.97|.46
BRCJM01|BRDUCATIMO|BRDUCATIMO|55340.4|Shipped|||C9969|13023-075|SP|BR|T7||1|0|0|1|1|Y|07-29-2026 11:01:13|07-29-2026 10:55:30||||07-29-2026 13:04:23|07-29-2026 23:05:04|07-29-2026 23:05:04|07-30-2026 02:35:47||07-31-2026 10:02:37|07-31-2026 10:02:37|07-31-2026 10:06:13|47.02|47.08|.06
BRCJM01|BRDUCATIMO|BRDUCATIMO|55341.4|Shipped|||C16336|30494-270|MG|BR|T7||2|0|0|2|2|Y|07-29-2026 11:01:13|07-29-2026 10:55:37||||07-29-2026 13:04:23|07-30-2026 14:28:40|07-30-2026 14:29:32|07-31-2026 02:07:12||08-05-2026 11:25:34|08-05-2026 11:25:34|08-05-2026 11:53:05|168.41|168.86|.46
BRCJM01|BRDUCATIMO|BRDUCATIMO|55342.4|Shipped|||C14009|90000000|RS||T7||2|0|0|21|21|Y|07-29-2026 10:55:08|07-29-2026 10:51:16||||07-29-2026 13:04:21|07-29-2026 19:52:21|07-29-2026 20:01:34|07-30-2026 01:33:28||07-31-2026 10:02:43|07-31-2026 10:02:43|07-31-2026 10:06:12|47.13|47.18|.06
BRCJM01|BRDUCATIMO|BRDUCATIMO|55343.4|Shipped|||C8797|80740-000|PR|BR|T7||4|.16|.016667|7|7|Y|07-29-2026 11:02:13|07-29-2026 10:55:40||||07-29-2026 13:04:23|07-30-2026 14:40:41|07-30-2026 14:50:01|07-31-2026 02:11:55||08-05-2026 11:25:41|08-05-2026 11:25:41|08-05-2026 11:53:06|168.39|168.85|.46
BRCJM01|BRDUCATIMO|BRDUCATIMO|55344.4|Shipped|||C13963|14026040|SP||T7||1|.27|.004|2|2|Y|07-30-2026 10:19:11|07-30-2026 10:15:57||||07-31-2026 16:42:15|07-31-2026 19:53:24|07-31-2026 19:53:24|08-01-2026 04:35:55||08-05-2026 11:25:47|08-05-2026 11:25:47|08-05-2026 11:53:03|145.11|145.56|.45
BRCJM01|BRDUCATIMO|BRDUCATIMO|55345.4|Shipped|||C14127|88090500|SC||T7||3|.37|.035334|4|4|Y|07-29-2026 11:02:14|07-29-2026 10:55:45||||07-29-2026 13:04:23|07-30-2026 19:19:06|07-30-2026 19:21:42|07-31-2026 02:15:13||08-05-2026 11:25:55|08-05-2026 11:25:55|08-05-2026 11:53:05|168.39|168.85|.45
BRCJM01|BRDUCATIMO|BRDUCATIMO|55346.4|Shipped|||C14797|58039-000|PB|BR|T7||4|0|0|4|4|Y|07-29-2026 10:55:08|07-29-2026 10:51:39||||07-29-2026 13:04:21|07-29-2026 20:28:33|07-29-2026 20:46:32|07-30-2026 02:13:35||07-31-2026 10:03:04|07-31-2026 10:03:04|07-31-2026 10:06:13|47.13|47.18|.05
BRCJM01|BRDUCATIMO|BRDUCATIMO|55347.4|Shipped|||C9969|13023-075|SP|BR|T7||15|8.6|.250054|42|42|Y|07-29-2026 10:55:09|07-29-2026 10:51:45||||07-29-2026 13:04:21|07-29-2026 22:25:29|07-30-2026 04:34:44|07-30-2026 05:28:27||07-31-2026 10:03:15|07-31-2026 10:03:15|07-31-2026 10:06:14|47.13|47.18|.05
BRCJM01|BRDUCATIMO|BRDUCATIMO|55348.4|Shipped|||C13752|04090000|SP||T7||4|.01|.016667|8|8|Y|07-29-2026 11:26:23|07-29-2026 11:19:35||||07-29-2026 13:04:24|07-30-2026 14:03:45|07-30-2026 14:10:38|07-31-2026 02:01:39||08-05-2026 11:26:02|08-05-2026 11:26:02|08-05-2026 11:53:01|167.99|168.44|.45
BRCJM01|BRDUCATIMO|BRDUCATIMO|55349.4|Shipped|||C14009|90000000|RS||T7||2|0|0|2|2|Y|07-29-2026 11:02:14|07-29-2026 10:55:50||||07-29-2026 13:04:23|07-30-2026 14:40:38|07-30-2026 14:40:59|07-31-2026 01:14:37||08-05-2026 11:26:08|08-05-2026 11:26:08|08-05-2026 11:53:04|168.4|168.85|.45
BRCJM01|BRDUCATIMO|BRDUCATIMO|55350.4|Shipped|||C8797|80740-000|PR|BR|T7||3|.18|.035333|5|5|Y|07-29-2026 11:19:21|07-29-2026 11:15:26||||07-29-2026 13:04:23|07-30-2026 14:34:56|07-30-2026 14:36:28|07-31-2026 01:19:17||08-05-2026 11:26:15|08-05-2026 11:26:15|08-05-2026 11:53:06|168.12|168.56|.45
BRCJM01|BRDUCATIMO|BRDUCATIMO|55351-4|Shipped|||C33947|04794000|SP||T7||3|.04|.066666|6|6|Y|08-13-2026 09:59:43|08-13-2026 08:55:15||||08-13-2026 10:02:11|08-13-2026 11:34:34|08-13-2026 11:42:08|08-13-2026 11:50:07||08-17-2026 14:33:07|08-17-2026 14:33:07|08-17-2026 14:34:04|100.56|100.57|.02
BRCJM01|BRDUCATIMO|BRDUCATIMO|55352-4|Shipped|||C33947|04794000|SP||T7||5|2.47|.420667|32|32|Y|08-13-2026 10:18:49|08-13-2026 10:27:13|||08-13-2026 11:18:11|08-13-2026 11:23:35|08-13-2026 12:53:44|08-13-2026 13:03:40|08-13-2026 14:22:27||08-17-2026 14:31:22|08-17-2026 14:31:22|08-17-2026 14:34:05|100.21|100.25|.05
BRCJM01|BRDUCATIMO|BRDUCATIMO|55353.4|Shipped|||C13752|04090000|SP||T7||17|.35|.083334|38|38|Y|07-29-2026 11:01:12|07-29-2026 10:52:15||||07-29-2026 13:04:22|07-29-2026 22:30:07|07-30-2026 09:13:37|07-30-2026 10:04:52||08-05-2026 11:26:47|08-05-2026 11:26:47|08-05-2026 11:53:01|168.43|168.86|.44
BRCJM01|BRDUCATIMO|BRDUCATIMO|55354.4|Shipped|||C13963|14026040|SP||T7||3|.1|.016667|5|5|Y|07-30-2026 10:19:11|07-30-2026 10:16:02||||07-31-2026 16:42:15|07-31-2026 19:56:07|07-31-2026 19:59:11|08-01-2026 04:29:57||08-05-2026 11:26:51|08-05-2026 11:26:51|08-05-2026 11:53:04|145.13|145.56|.44
BRCJM01|BRDUCATIMO|BRDUCATIMO|55355.4|Shipped|||C9969|13023-075|SP|BR|T7||3|3.11|.083333|6|6|Y|07-29-2026 11:01:13|07-29-2026 10:52:08||||07-29-2026 13:04:22|07-29-2026 22:15:13|07-29-2026 22:19:21|07-30-2026 02:45:23||07-31-2026 10:03:16|07-31-2026 10:03:16|07-31-2026 10:06:14|47.03|47.08|.05
BRCJM01|BRDUCATIMO|BRDUCATIMO|55356.4|Shipped|||C13752|04090000|SP||T7||2|.32|.004|9|9|Y|07-29-2026 10:55:08|07-29-2026 10:51:28||||07-29-2026 13:04:21|07-29-2026 20:12:00|07-29-2026 20:15:21|07-30-2026 01:50:23||07-31-2026 10:03:25|07-31-2026 10:03:25|07-31-2026 10:06:12|47.14|47.18|.05
BRCJM01|BRDUCATIMO|BRDUCATIMO|55357.4|Shipped|||C14009|90000000|RS||T7||4|.11|.002|7|7|Y|07-30-2026 10:19:11|07-30-2026 10:16:07||||07-31-2026 16:42:16|08-01-2026 10:43:16|08-01-2026 17:00:13|08-01-2026 17:04:18||08-05-2026 11:27:27|08-05-2026 11:27:27|08-05-2026 11:53:04|145.14|145.56|.43
BRCJM01|BRDUCATIMO|BRDUCATIMO|55367.4|Shipped|||C33947|04794000|SP||T7||1|.165|0|1|1|Y|08-04-2026 11:12:48|08-04-2026 11:07:14||||08-04-2026 12:08:41|08-04-2026 13:27:48|08-04-2026 13:27:48|08-04-2026 18:11:46||08-11-2026 14:01:53|08-11-2026 14:01:53|08-11-2026 14:09:27|170.82|170.94|.13
BRCJM01|BRDUCATIMO|BRDUCATIMO|55368.4|Shipped|||C33947|04794000|SP||T7||1|0|0|1|1|Y|08-04-2026 11:12:50|08-04-2026 11:07:15||||08-04-2026 12:08:41|08-04-2026 13:25:36|08-04-2026 13:25:36|08-04-2026 17:54:14||08-11-2026 14:02:50|08-11-2026 14:02:50|08-11-2026 14:09:27|170.83|170.94|.11
BRCJM01|BRDUCATIMO|BRDUCATIMO|55369.4|Shipped|||C33947|04794000|SP||T7||1|0|0|1|1|Y|08-04-2026 11:12:50|08-04-2026 11:07:26||||08-04-2026 12:08:41|08-04-2026 13:22:29|08-04-2026 13:22:29|08-04-2026 18:15:23||08-11-2026 14:02:50|08-11-2026 14:02:50|08-11-2026 14:09:27|170.83|170.94|.11
BRCJM01|BRDUCATIMO|BRDUCATIMO|55370.4|Shipped|||C13752|04090000|SP||T7||1|0|0|1|1|Y|07-30-2026 10:07:07|07-30-2026 10:03:46||||07-31-2026 16:42:13|08-01-2026 10:11:14|08-01-2026 10:11:14|08-01-2026 11:01:23||08-05-2026 11:27:33|08-05-2026 11:27:33|08-05-2026 11:53:01|145.34|145.77|.42
BRCJM01|BRDUCATIMO|BRDUCATIMO|55371.4|Shipped|||C10528|74210-098|GO|BR|T7||1|0|0|1|1|Y|07-30-2026 10:10:08|07-30-2026 10:07:51||||07-31-2026 16:42:14|07-31-2026 22:46:53|07-31-2026 22:46:53|08-01-2026 04:47:22||08-05-2026 11:27:41|08-05-2026 11:27:41|08-05-2026 11:53:00|145.29|145.71|.42
BRCJM01|BRDUCATIMO|BRDUCATIMO|55372.4|Shipped|||C14091|29060220|ES||T7||12|0|0|12|12|Y|07-30-2026 10:04:06|07-30-2026 09:56:06||||07-31-2026 16:42:11|07-31-2026 22:49:22|07-31-2026 22:58:21|08-01-2026 04:53:47||08-05-2026 11:28:19|08-05-2026 11:28:19|08-05-2026 11:53:04|145.4|145.82|.41
BRCJM01|BRDUCATIMO|BRDUCATIMO|55373.4|Shipped|||C8797|80740-000|PR|BR|T7||7|9.75|.116666|15|15|Y|07-30-2026 10:03:06|07-30-2026 09:56:06||||07-31-2026 16:42:12|07-31-2026 22:29:03|07-31-2026 22:35:37|08-01-2026 05:20:49||08-05-2026 11:28:26|08-05-2026 11:28:26|08-05-2026 11:53:06|145.42|145.83|.41
BRCJM01|BRDUCATIMO|BRDUCATIMO|55374.4|Shipped|||C8302|71200-037|DF|BR|T7||2|.48|.006|7|7|Y|08-05-2026 10:50:09|08-05-2026 10:43:14||||08-05-2026 11:31:39|08-05-2026 18:07:23|08-05-2026 23:21:28|08-05-2026 23:21:53||08-12-2026 09:51:50|08-12-2026 09:51:50|08-12-2026 11:32:22|167.03|168.7|1.68
BRCJM01|BRDUCATIMO|BRDUCATIMO|55375.4|Shipped|||C13752|04090000|SP||T7||18|1.99|.216667|32|32|Y|07-30-2026 10:07:07|07-30-2026 10:04:23||||07-31-2026 16:42:14|08-01-2026 09:33:44|08-01-2026 15:42:38|08-01-2026 16:33:17||08-05-2026 11:29:01|08-05-2026 11:29:01|08-05-2026 11:53:01|145.37|145.77|.4
BRCJM01|BRDUCATIMO|BRDUCATIMO|55377.4|Shipped|||C13963|14026040|SP||T7||7|.74|1|23|23|Y|07-30-2026 09:59:04|07-30-2026 09:56:28||||07-31-2026 16:42:12|08-01-2026 09:14:49|08-01-2026 09:30:53|08-01-2026 11:33:34||08-05-2026 11:29:38|08-05-2026 11:29:38|08-05-2026 11:53:04|145.51|145.9|.39
BRCJM01|BRDUCATIMO|BRDUCATIMO|55378.4|Shipped|||C14797|58039-000|PB|BR|T7||2|.24|.033333|3|3|Y|07-30-2026 10:05:06|07-30-2026 09:56:25||||07-31-2026 16:42:12|07-31-2026 22:43:22|07-31-2026 22:44:19|08-01-2026 09:39:29||08-05-2026 11:30:03|08-05-2026 11:30:03|08-05-2026 11:53:05|145.42|145.8|.38
BRCJM01|BRDUCATIMO|BRDUCATIMO|55379.4|Shipped|||C8302|71200-037|DF|BR|T7||1|0|0|1|1|Y|07-30-2026 10:08:08|07-30-2026 10:03:50||||07-31-2026 16:42:13|08-01-2026 10:12:40|08-01-2026 10:12:40|08-01-2026 10:53:29||08-05-2026 11:30:09|08-05-2026 11:30:09|08-05-2026 11:53:05|145.37|145.75|.38
BRCJM01|BRDUCATIMO|BRDUCATIMO|55380.4|Shipped|||C10528|74210-098|GO|BR|T7||1|0|0|1|1|Y|07-30-2026 10:16:10|07-30-2026 10:11:54||||07-31-2026 16:42:15|07-31-2026 19:02:06|07-31-2026 19:02:06|08-01-2026 01:16:49||08-05-2026 11:30:16|08-05-2026 11:30:16|08-05-2026 11:53:00|145.24|145.61|.38
BRCJM01|BRDUCATIMO|BRDUCATIMO|55381.4|Shipped|||C16336|30494-270|MG|BR|T7||1|.03|.001|1|1|Y|07-30-2026 10:05:06|07-30-2026 09:59:53||||07-31-2026 16:42:13|08-01-2026 10:07:55|08-01-2026 10:07:55|08-01-2026 11:07:43||08-05-2026 11:30:25|08-05-2026 11:30:25|08-05-2026 11:53:05|145.42|145.8|.38
BRCJM01|BRDUCATIMO|BRDUCATIMO|55382.4|Shipped|||C13752|04090000|SP||T7||2|0|0|7|7|Y|08-03-2026 13:28:26|08-03-2026 13:23:25||||08-03-2026 15:12:00|08-03-2026 16:41:27|08-03-2026 16:48:14|08-03-2026 17:21:07||08-05-2026 11:30:31|08-05-2026 11:30:31|08-05-2026 11:53:01|46.03|46.41|.38
BRCJM01|BRDUCATIMO|BRDUCATIMO|55383-4|Shipped|||C33947|04794000|SP||T7||2|.5|.1|6|6|Y|08-13-2026 09:59:45|08-13-2026 08:59:14||||08-13-2026 10:02:11|08-13-2026 12:19:49|08-13-2026 12:21:13|08-13-2026 14:51:17||08-17-2026 14:31:12|08-17-2026 14:31:12|08-17-2026 14:34:05|100.52|100.57|.05
BRCJM01|BRDUCATIMO|BRDUCATIMO|55384.4|Shipped|||C14797|58039-000|PB|BR|T7||10|13.58|.288373|46|46|Y|07-30-2026 10:17:10|07-30-2026 10:12:02|||08-12-2026 10:49:55|08-12-2026 10:57:12|08-12-2026 15:45:48|08-12-2026 22:18:49|08-12-2026 22:24:54||08-14-2026 14:24:58|08-14-2026 14:24:58|08-14-2026 14:37:41|364.13|364.34|.21
BRCJM01|BRDUCATIMO|BRDUCATIMO|55385-4|Shipped|||C33947|04794000|SP||T7||1|0|0|3|3|Y|08-12-2026 10:34:10|08-12-2026 10:19:14||||08-12-2026 10:41:13|08-12-2026 14:00:36|08-12-2026 14:00:36|08-12-2026 17:30:22||08-17-2026 14:30:55|08-17-2026 14:30:55|08-17-2026 14:34:05|123.95|124|.05
BRCJM01|BRDUCATIMO|BRDUCATIMO|55386.4|Shipped|||C9969|13023-075|SP|BR|T7||2|0|0|2|2|Y|07-30-2026 10:08:08|07-30-2026 10:03:58||||07-31-2026 16:42:13|08-01-2026 10:16:57|08-01-2026 10:17:33|08-01-2026 11:54:54||08-05-2026 11:30:38|08-05-2026 11:30:38|08-05-2026 11:53:07|145.38|145.75|.37
BRCJM01|BRDUCATIMO|BRDUCATIMO|55387.4|Shipped|||C13752|04090000|SP||T7||2|0|0|3|3|Y|07-30-2026 10:17:10|07-30-2026 10:12:01||||07-31-2026 16:42:15|07-31-2026 20:16:55|07-31-2026 20:17:53|08-01-2026 04:32:36||08-05-2026 11:30:46|08-05-2026 11:30:46|08-05-2026 11:53:01|145.23|145.6|.37
BRCJM01|BRDUCATIMO|BRDUCATIMO|55388.4|Shipped|||C14797|58039-000|PB|BR|T7||1|0|0|1|1|Y|07-30-2026 10:18:10|07-30-2026 10:12:08||||07-31-2026 16:42:15|07-31-2026 20:20:48|07-31-2026 20:20:48|08-01-2026 04:30:54||08-05-2026 11:30:54|08-05-2026 11:30:54|08-05-2026 11:53:05|145.21|145.58|.37
BRCJM01|BRDUCATIMO|BRDUCATIMO|55389.4|Shipped|||C8302|71200-037|DF|BR|T7||3|0|0|6|6|Y|07-30-2026 10:05:07|07-30-2026 10:00:02||||07-31-2026 16:42:13|08-01-2026 10:04:45|08-01-2026 10:06:35|08-01-2026 10:49:35||08-05-2026 11:31:02|08-05-2026 11:31:02|08-05-2026 11:53:05|145.43|145.8|.37
BRCJM01|BRDUCATIMO|BRDUCATIMO|55390.4|Shipped|||C13752|04090000|SP||T7||5|.4|.083333|13|13|Y|07-30-2026 10:07:07|07-30-2026 10:04:04||||07-31-2026 16:42:13|08-01-2026 10:36:03|08-01-2026 10:38:34|08-01-2026 12:10:40||08-05-2026 11:31:23|08-05-2026 11:31:23|08-05-2026 11:53:02|145.4|145.77|.36
BRCJM01|BRDUCATIMO|BRDUCATIMO|55391.4|Shipped|||C14091|29060220|ES||T7||2|.12|.016667|4|4|Y|07-30-2026 10:18:10|07-30-2026 10:12:14||||07-31-2026 16:42:15|07-31-2026 20:23:33|07-31-2026 20:24:53|08-01-2026 04:26:30||08-05-2026 11:31:30|08-05-2026 11:31:30|08-05-2026 11:53:04|145.22|145.58|.36
BRCJM01|BRDUCATIMO|BRDUCATIMO|55392.4|Shipped|||C9969|13023-075|SP|BR|T7||3|.3|.1|11|11|Y|07-30-2026 10:10:08|07-30-2026 10:07:55||||07-31-2026 16:42:14|08-01-2026 10:23:17|08-01-2026 10:34:45|08-01-2026 11:52:18||08-05-2026 11:35:28|08-05-2026 11:35:28|08-05-2026 11:53:07|145.42|145.72|.29
BRCJM01|BRDUCATIMO|BRDUCATIMO|55393.4|Shipped|||C8305|60182-453|CE|BR|T7||1|.03|.016667|1|1|Y|07-30-2026 10:05:07|07-30-2026 10:00:07||||07-31-2026 16:42:13|08-01-2026 10:09:25|08-01-2026 10:09:25|08-01-2026 11:04:37||08-05-2026 11:35:35|08-05-2026 11:35:35|08-05-2026 11:53:05|145.51|145.8|.29
BRCJM01|BRDUCATIMO|BRDUCATIMO|55394.4|Shipped|||C13752|04090000|SP||T7||1|0|0|4|4|Y|07-30-2026 10:07:07|07-30-2026 10:04:08||||07-31-2026 16:42:14|08-01-2026 10:40:15|08-01-2026 10:41:06|08-01-2026 12:24:37||08-05-2026 11:38:03|08-05-2026 11:38:03|08-05-2026 11:53:02|145.52|145.77|.25
BRCJM01|BRDUCATIMO|BRDUCATIMO|55395.4|Shipped|||C13963|14026040|SP||T7||8|3.7|.083333|33|33|Y|07-30-2026 10:11:09|07-30-2026 10:08:02|||08-10-2026 11:16:37|08-10-2026 12:10:48|08-10-2026 13:55:10|08-10-2026 14:12:28|08-10-2026 18:50:44||08-12-2026 11:20:56|08-12-2026 11:20:56|08-12-2026 11:32:20|313.16|313.35|.19
BRCJM01|BRDUCATIMO|BRDUCATIMO|55396.4|Shipped|||C14091|29060220|ES||T7||1|1.2|.166667|10|10|Y|07-30-2026 10:11:09|07-30-2026 10:08:06||||07-31-2026 16:42:15|07-31-2026 20:09:30|07-31-2026 20:11:43|08-01-2026 04:28:01||08-05-2026 11:36:42|08-05-2026 11:36:42|08-05-2026 11:53:04|145.43|145.7|.27
BRCJM01|BRDUCATIMO|BRDUCATIMO|55397.4|Shipped|||C8302|71200-037|DF|BR|T7||2|0|0|5|5|Y|07-30-2026 10:05:07|07-30-2026 10:00:12||||07-31-2026 16:42:13|08-01-2026 10:19:21|08-01-2026 10:20:06|08-01-2026 11:57:43||08-05-2026 11:37:00|08-05-2026 11:37:00|08-05-2026 11:53:05|145.53|145.8|.27
BRCJM01|BRDUCATIMO|BRDUCATIMO|55398.4|Shipped|||C8797|80740-000|PR|BR|T7||3|0|0|10|10|Y|07-30-2026 09:59:05|07-30-2026 09:56:35||||07-31-2026 16:42:13|08-01-2026 10:00:44|08-01-2026 10:03:26|08-01-2026 11:18:25||08-05-2026 11:37:09|08-05-2026 11:37:09|08-05-2026 11:53:06|145.63|145.9|.27
BRCJM01|BRDUCATIMO|BRDUCATIMO|55399.4|Shipped|||C10528|74210-098|GO|BR|T7||1|0|0|1|1|Y|08-21-2026 09:39:05|08-21-2026 09:33:57||||08-21-2026 09:44:37|08-21-2026 10:08:48|08-21-2026 10:08:48|08-21-2026 10:31:33||08-25-2026 20:39:26|08-25-2026 20:39:26|08-25-2026 20:54:58|107.01|107.26|.26
BRCJM01|BRDUCATIMO|BRDUCATIMO|55400.4|Shipped|||C13963|14026040|SP||T7||5|0|0|16|16|Y|08-03-2026 13:30:28|08-03-2026 13:27:24||||08-03-2026 15:12:01|08-03-2026 15:34:21|08-03-2026 15:46:41|08-03-2026 16:00:22||08-05-2026 11:37:22|08-05-2026 11:37:22|08-05-2026 11:53:04|46.11|46.38|.26
BRCJM01|BRDUCATIMO|BRDUCATIMO|55401.4|Shipped|||C14009|90000000|RS||T7||1|.32|.004|4|4|Y|07-30-2026 10:19:11|07-30-2026 10:16:23||||07-31-2026 16:42:16|07-31-2026 18:12:52|07-31-2026 18:12:52|08-01-2026 03:59:14||08-11-2026 14:03:48|08-11-2026 14:03:48|08-11-2026 14:09:27|291.74|291.84|.09
BRCJM01|BRDUCATIMO|BRDUCATIMO|55402.4|Shipped|||C14091|29060220|ES||T7||6|.12|.003|9|9|Y|08-03-2026 13:30:28|08-03-2026 13:27:25|||08-10-2026 11:16:38|08-10-2026 12:10:49|08-10-2026 13:40:38|08-10-2026 13:48:02|08-10-2026 19:03:10||08-14-2026 14:25:50|08-14-2026 14:25:50|08-14-2026 14:37:41|264.92|265.12|.2
BRCJM01|BRDUCATIMO|BRDUCATIMO|55403.4|Shipped|||C8797|80740-000|PR|BR|T7||2|.16|.016667|7|7|Y|07-30-2026 10:19:11|07-30-2026 10:16:19||||07-31-2026 16:42:16|07-31-2026 20:03:42|07-31-2026 20:05:24|08-01-2026 04:35:11||08-11-2026 14:03:49|08-11-2026 14:03:49|08-11-2026 14:09:27|291.74|291.84|.09
BRCJM01|BRDUCATIMO|BRDUCATIMO|55404.4|Shipped|||C13752|04090000|SP||T7||1|.12|.016667|1|1|Y|07-30-2026 10:19:11|07-30-2026 10:16:32||||07-31-2026 16:42:16|07-31-2026 18:37:55|07-31-2026 18:37:55|08-01-2026 03:46:06||08-12-2026 11:22:01|08-12-2026 11:22:01|08-12-2026 11:32:19|313.05|313.22|.17
BRCJM01|BRDUCATIMO|BRDUCATIMO|55406.4|Shipped|||C8318|38400-702|MG|BR|T7||1|0|0|1|1|Y|08-17-2026 16:07:03|08-17-2026 16:03:13||||08-17-2026 17:26:33|08-19-2026 10:32:29|08-19-2026 10:32:29|08-19-2026 11:09:03||08-19-2026 11:09:26|08-19-2026 11:09:26|08-19-2026 11:09:46|43.04|43.05|.01
BRCJM01|BRDUCATIMO|BRDUCATIMO|55407.4|Shipped|||C14009|90000000|RS||T7||2|3.96|.020699|9|9|Y|08-04-2026 11:13:50|08-04-2026 11:07:28||||08-04-2026 12:08:41|08-04-2026 13:46:17|08-04-2026 13:46:57|08-04-2026 18:24:22||08-12-2026 11:22:11|08-12-2026 11:22:11|08-12-2026 11:32:21|192.14|192.31|.17
BRCJM01|BRDUCATIMO|BRDUCATIMO|55408.4|Shipped|||C13752|04090000|SP||T7||4|.16|.033333|6|6|Y|08-04-2026 11:13:50|08-04-2026 11:07:36||||08-04-2026 12:08:41|08-04-2026 13:36:44|08-04-2026 13:42:46|08-04-2026 18:31:31||08-11-2026 14:04:25|08-11-2026 14:04:25|08-11-2026 14:09:26|170.84|170.93|.08
BRCJM01|BRDUCATIMO|BRDUCATIMO|55409.4|Shipped|||C8797|80740-000|PR|BR|T7||1|0|0|1|1|Y|08-04-2026 11:15:51|08-04-2026 11:11:14||||08-04-2026 12:08:41|08-04-2026 13:29:16|08-04-2026 13:29:16|08-04-2026 18:09:21||08-11-2026 14:04:33|08-11-2026 14:04:33|08-11-2026 14:09:27|170.81|170.89|.08
BRCJM01|BRDUCATIMO|BRDUCATIMO|55410.4|Shipped|||C9969|13023-075|SP|BR|T7||5|.71|.133333|11|11|Y|08-04-2026 11:15:51|08-04-2026 11:11:17||||08-04-2026 12:08:41|08-05-2026 10:26:01|08-05-2026 10:30:22|08-05-2026 17:19:13||08-11-2026 14:20:27|08-11-2026 14:20:27|08-11-2026 15:03:22|171.08|171.79|.72
BRCJM01|BRDUCATIMO|BRDUCATIMO|55411.4|Shipped|||C13963|14026040|SP||T7||1|.16|.016667|1|1|Y|08-03-2026 13:33:29|08-03-2026 13:31:16||||08-03-2026 15:12:02|08-03-2026 17:53:45|08-03-2026 17:53:45|08-03-2026 17:59:48||08-12-2026 09:52:05|08-12-2026 09:52:05|08-12-2026 11:32:20|212.31|213.98|1.67
BRCJM01|BRDUCATIMO|BRDUCATIMO|55412.4|Shipped|||C8302|71200-037|DF|BR|T7||1|0|0|1|1|Y|08-10-2026 10:53:49|08-10-2026 10:51:15||||08-10-2026 10:57:42|08-10-2026 11:07:40|08-10-2026 11:07:40|08-10-2026 11:08:24||08-11-2026 14:56:47|08-11-2026 14:56:47|08-11-2026 15:03:21|28.05|28.16|.11
BRCJM01|BRDUCATIMO|BRDUCATIMO|55413.4|Shipped|||C8302|71200-037|DF|BR|T7||1|0|0|1|1|Y|08-10-2026 10:53:49|08-10-2026 10:51:15||||08-10-2026 10:57:42|08-10-2026 11:04:52|08-10-2026 11:04:52|08-10-2026 11:08:49||08-11-2026 14:57:02|08-11-2026 14:57:02|08-11-2026 15:03:21|28.05|28.16|.11
BRCJM01|BRDUCATIMO|BRDUCATIMO|55414.4|Shipped|||C14127|88090500|SC||T7||1|0|0|1|1|Y|08-11-2026 17:29:25|08-11-2026 17:27:13||||08-11-2026 17:36:59|08-12-2026 04:55:44|08-12-2026 04:55:44|08-12-2026 10:10:29||08-12-2026 13:51:21|08-12-2026 13:51:21|08-13-2026 09:08:55|20.37|39.66|19.29
BRCJM01|BRDUCATIMO|BRDUCATIMO|55415.4|Shipped|||C9969|13023-075|SP|BR|T7||1|0|0|1|1|Y|08-10-2026 16:06:49|08-10-2026 16:03:13||||08-10-2026 16:19:53|08-10-2026 23:14:44|08-10-2026 23:14:44|08-11-2026 07:18:20||08-13-2026 09:09:12|08-13-2026 09:09:12|08-13-2026 09:10:54|65.04|65.07|.03
BRCJM01|BRDUCATIMO|BRDUCATIMO|55417.4|Shipped|||C13752|04090000|SP||T7||1|0|0|1|1|Y|08-17-2026 17:18:41|08-17-2026 17:15:14||||08-17-2026 17:20:31|08-17-2026 21:49:02|08-17-2026 21:49:02|08-18-2026 06:44:49||08-18-2026 11:19:23|08-18-2026 11:19:23|08-21-2026 09:55:17|18.01|88.61|70.6
BRCJM01|BRDUCATIMO|BRDUCATIMO|55419.4|Shipped|||C9969|13023-075|SP|BR|T7||1|0|0|1|1|Y|08-10-2026 16:08:50|08-10-2026 16:07:14||||08-10-2026 16:19:53|08-10-2026 23:25:18|08-10-2026 23:25:18|08-11-2026 07:40:50||08-13-2026 09:09:22|08-13-2026 09:09:22|08-13-2026 09:10:54|65.01|65.03|.03
BRCJM01|BRDUCATIMO|BRDUCATIMO|55420.4|Shipped|||C8797|80740-000|PR|BR|T7||1|0|0|1|1|Y|08-17-2026 08:42:01|08-17-2026 08:41:23||||08-17-2026 08:45:33|08-17-2026 08:51:00|08-17-2026 08:51:00|08-17-2026 08:54:13||08-17-2026 09:10:28|08-17-2026 09:10:28|08-17-2026 10:45:29|.47|2.06|1.58
BRCJM01|BRDUCATIMO|BRDUCATIMO|55421.4|Shipped|||C14091|29060220|ES||T7||1|0|0|1|1|Y|07-31-2026 16:55:47|07-31-2026 16:52:04||||07-31-2026 17:31:16|08-01-2026 10:26:40|08-01-2026 10:26:40|08-03-2026 06:52:51||08-04-2026 17:30:45|08-04-2026 17:30:45|08-05-2026 09:17:35|96.58|112.36|15.78
BRCJM01|BRDUCATIMO|BRDUCATIMO|55423.4|Shipped|||C8302|71200-037|DF|BR|T7||1|0|0|1|1|Y|08-10-2026 10:53:49|08-10-2026 10:51:26||||08-10-2026 10:57:42|08-10-2026 11:02:19|08-10-2026 11:02:19|08-10-2026 11:09:06||08-11-2026 14:57:18|08-11-2026 14:57:18|08-11-2026 15:03:21|28.06|28.16|.1
BRCJM01|BRDUCATIMO|BRDUCATIMO|55424.4|Shipped|||C14127|88090500|SC||T7||2|0|0|4|4|Y|08-03-2026 13:37:30|08-03-2026 13:31:18||||08-03-2026 15:12:02|08-03-2026 22:56:24|08-03-2026 23:13:15|08-03-2026 23:35:24||08-14-2026 14:26:18|08-14-2026 14:26:18|08-14-2026 14:37:41|264.81|265|.19
BRCJM01|BRDUCATIMO|BRDUCATIMO|55425.4|Shipped|||C10528|74210-098|GO|BR|T7||1|.16|.002|2|2|Y|08-03-2026 13:37:30|08-03-2026 13:31:33||||08-03-2026 15:12:02|08-03-2026 17:29:31|08-03-2026 17:29:31|08-03-2026 17:50:53||08-11-2026 14:22:34|08-11-2026 14:22:34|08-11-2026 14:58:52|192.75|193.36|.6
BRCJM01|BRDUCATIMO|BRDUCATIMO|55426.4|Shipped|||C8305|60182-453|CE|BR|T7||1|0|0|1|1|Y|08-03-2026 13:37:30|08-03-2026 13:31:33||||08-03-2026 15:12:02|08-03-2026 17:26:37|08-03-2026 17:26:38|08-03-2026 17:53:59||08-11-2026 14:22:43|08-11-2026 14:22:43|08-11-2026 15:03:22|192.75|193.43|.68
BRCJM01|BRDUCATIMO|BRDUCATIMO|55429.4|Shipped|||C9969|13023-075|SP|BR|T7||8|1.015|.01|13|13|Y|08-03-2026 13:38:30|08-03-2026 13:31:45||||08-03-2026 15:12:02|08-03-2026 17:03:33|08-03-2026 17:20:43|08-03-2026 17:45:18||08-12-2026 09:52:19|08-12-2026 09:52:20|08-12-2026 11:32:24|212.23|213.9|1.67
BRCJM01|BRDUCATIMO|BRDUCATIMO|55430.4|Shipped|||C8797|80740-000|PR|BR|T7||3|.07|.016667|3|3|Y|08-03-2026 13:31:28|08-03-2026 13:27:44||||08-03-2026 15:12:01|08-03-2026 18:51:40|08-03-2026 19:01:31|08-04-2026 08:27:21||08-11-2026 14:24:39|08-11-2026 14:24:39|08-11-2026 15:03:22|192.89|193.53|.65
BRCJM01|BRDUCATIMO|BRDUCATIMO|55431.4|Shipped|||C8302|71200-037|DF|BR|T7||6|0|0|10|10|Y|08-03-2026 13:30:28|08-03-2026 13:27:45||||08-03-2026 15:12:01|08-03-2026 18:04:07|08-03-2026 18:34:39|08-03-2026 21:02:08||08-12-2026 09:52:52|08-12-2026 09:52:52|08-12-2026 11:32:22|212.37|214.03|1.66
BRCJM01|BRDUCATIMO|BRDUCATIMO|55432.4|Shipped|||C14127|88090500|SC||T7||2|0|0|5|5|Y|08-20-2026 11:06:00|08-20-2026 11:02:12||||08-20-2026 12:45:06|08-20-2026 16:48:52|08-20-2026 16:51:38|08-20-2026 22:27:37||08-25-2026 20:40:36|08-25-2026 20:40:36|08-25-2026 20:55:00|129.58|129.82|.24
BRCJM01|BRDUCATIMO|BRDUCATIMO|55433.4|Shipped|||C14797|58039-000|PB|BR|T7||3|.35|.016667|3|3|Y|08-03-2026 13:31:28|08-03-2026 13:27:58||||08-03-2026 15:12:01|08-03-2026 17:57:00|08-03-2026 17:59:59|08-03-2026 18:04:19||08-11-2026 14:43:12|08-11-2026 14:43:12|08-11-2026 15:03:21|193.2|193.53|.34
BRCJM01|BRDUCATIMO|BRDUCATIMO|55434.4|Shipped|||C14009|90000000|RS||T7||2|0|0|5|5|Y|08-03-2026 13:39:30|08-03-2026 13:31:45||||08-03-2026 15:12:02|08-03-2026 22:29:18|08-03-2026 22:34:46|08-03-2026 23:59:09||08-12-2026 09:53:13|08-12-2026 09:53:13|08-12-2026 11:32:21|212.23|213.88|1.65
BRCJM01|BRDUCATIMO|BRDUCATIMO|55435.4|Shipped|||C14091|29060220|ES||T7||1|0|0|2|2|Y|08-03-2026 13:39:30|08-03-2026 13:31:55||||08-03-2026 15:12:02|08-03-2026 16:59:24|08-03-2026 16:59:24|08-03-2026 17:25:21||08-11-2026 14:45:05|08-11-2026 14:45:05|08-11-2026 15:03:20|193.09|193.4|.3
BRCJM01|BRDUCATIMO|BRDUCATIMO|55444.4|Shipped|||C13752|04090000|SP||T7||1|0|0|1|1|Y|08-04-2026 14:15:38|08-04-2026 14:11:15||||08-04-2026 14:26:27|08-04-2026 22:23:41|08-04-2026 22:23:41|08-05-2026 06:59:25||08-05-2026 09:09:27|08-05-2026 09:09:27|08-05-2026 09:17:34|18.9|19.03|.14
BRCJM01|BRDUCATIMO|BRDUCATIMO|55445.4|Shipped|||C13752|04090000|SP||T7||1|0|0|1|1|Y|08-11-2026 17:30:25|08-11-2026 17:27:13||||08-11-2026 17:36:59|08-12-2026 04:10:45|08-12-2026 04:10:46|08-12-2026 07:02:25||08-12-2026 10:32:59|08-12-2026 10:32:59|08-13-2026 09:08:54|17.04|39.64|22.6
BRCJM01|BRDUCATIMO|BRDUCATIMO|55446.4|Shipped|||C9663|06455-000|SP|BR|T7||1|0|0|1|1|Y|08-11-2026 17:30:25|08-11-2026 17:27:23||||08-11-2026 17:36:59|08-12-2026 04:22:25|08-12-2026 04:22:25|08-12-2026 10:09:21||08-12-2026 10:33:19|08-12-2026 10:33:19|08-13-2026 09:08:55|17.05|39.64|22.59
BRCJM01|BRDUCATIMO|BRDUCATIMO|55447.4|Shipped|||C9663|06455-000|SP|BR|T7||1|0|0|1|1|Y|08-17-2026 17:18:41|08-17-2026 17:15:15||||08-17-2026 17:20:31|08-17-2026 22:08:54|08-17-2026 22:08:54|08-18-2026 06:42:55||08-18-2026 11:28:26|08-18-2026 11:28:26|08-21-2026 09:55:17|18.16|88.61|70.45
BRCJM01|BRDUCATIMO|BRDUCATIMO|55448.4|Shipped|||C9663|06455-000|SP|BR|T7||1|0|0|1|1|Y|08-11-2026 17:30:25|08-11-2026 17:27:25||||08-11-2026 17:37:00|08-12-2026 02:56:43|08-12-2026 02:56:43|08-12-2026 07:02:45||08-12-2026 10:33:09|08-12-2026 10:33:09|08-13-2026 09:08:55|17.05|39.64|22.6
BRCJM01|BRDUCATIMO|BRDUCATIMO|55449.4|Shipped|||C9663|06455-000|SP|BR|T7||1|0|0|1|1|Y|08-11-2026 17:30:25|08-11-2026 17:27:33||||08-11-2026 17:37:00|08-12-2026 05:17:18|08-12-2026 05:17:18|08-12-2026 07:02:08||08-12-2026 10:32:50|08-12-2026 10:32:50|08-13-2026 09:08:55|17.04|39.64|22.6
BRCJM01|BRDUCATIMO|BRDUCATIMO|55450.4|Shipped|||C9663|06455-000|SP|BR|T7||1|0|0|1|1|Y|08-31-2026 16:10:30|08-31-2026 16:06:02||||08-31-2026 16:40:24|08-31-2026 22:22:41|09-01-2026 11:13:01|09-01-2026 11:14:35||09-01-2026 11:52:30|09-01-2026 11:52:30|09-02-2026 09:55:22|19.7|41.75|22.05
BRCJM01|BRDUCATIMO|BRDUCATIMO|55451.4|Shipped|||C13752|04090000|SP||T7||1|0|0|1|1|Y|08-31-2026 16:10:30|08-31-2026 16:06:10||||08-31-2026 16:40:24|09-01-2026 11:10:24|09-01-2026 11:10:24|09-01-2026 11:14:12||09-10-2026 09:47:01|09-10-2026 09:47:01|09-10-2026 09:56:57|233.61|233.77|.17
BRCJM01|BRDUCATIMO|BRDUCATIMO|55452.4|Shipped|||C13752|04090000|SP||T7||1|0|0|1|1|Y|08-17-2026 17:18:41|08-17-2026 17:15:25||||08-17-2026 17:20:32|08-17-2026 22:24:19|08-17-2026 22:24:19|08-18-2026 06:41:45||08-18-2026 11:27:49|08-18-2026 11:27:49|08-21-2026 09:55:17|18.15|88.61|70.46
BRCJM01|BRDUCATIMO|BRDUCATIMO|55453.4|Shipped|||C13752|04090000|SP||T7||1|0|0|1|1|Y|08-03-2026 17:55:36|08-03-2026 15:47:13||||08-03-2026 18:01:28|08-03-2026 23:52:24|08-03-2026 23:52:24|08-04-2026 06:50:36||08-04-2026 10:05:19|08-04-2026 10:05:19|08-05-2026 09:17:34|16.16|39.37|23.2
BRCJM01|BRDUCATIMO|BRDUCATIMO|55454.4|Shipped|||C13752|04090000|SP||T7||1|0|0|1|1|Y|08-03-2026 17:56:37|08-03-2026 15:47:15||||08-03-2026 18:01:28|08-04-2026 01:08:16|08-04-2026 01:08:16|08-04-2026 06:35:15||08-04-2026 10:05:09|08-04-2026 10:05:09|08-05-2026 09:17:34|16.14|39.35|23.21
BRCJM01|BRDUCATIMO|BRDUCATIMO|55455.4|Shipped|||C13752|04090000|SP||T7||1|0|0|1|1|Y|08-03-2026 17:46:33|08-03-2026 15:47:24||||08-03-2026 18:01:28|08-04-2026 01:35:45|08-04-2026 01:35:45|08-04-2026 06:42:38||08-04-2026 10:04:00|08-04-2026 10:04:00|08-05-2026 09:17:34|16.29|39.52|23.23
BRCJM01|BRDUCATIMO|BRDUCATIMO|55456.4|Shipped|||C13752|04090000|SP||T7||1|0|0|1|1|Y|08-03-2026 17:56:37|08-03-2026 15:47:25||||08-03-2026 18:01:28|08-04-2026 02:08:06|08-04-2026 02:08:06|08-04-2026 06:35:40||08-04-2026 10:03:33|08-04-2026 10:03:33|08-05-2026 09:17:34|16.12|39.35|23.23
BRCJM01|BRDUCATIMO|BRDUCATIMO|55457.4|Shipped|||C13752|04090000|SP||T7||1|0|0|1|1|Y|08-03-2026 17:56:37|08-03-2026 15:47:32||||08-03-2026 18:01:28|08-04-2026 00:34:32|08-04-2026 00:34:32|08-04-2026 06:51:22||08-04-2026 10:04:18|08-04-2026 10:04:18|08-05-2026 09:17:34|16.13|39.35|23.22
BRCJM01|BRDUCATIMO|BRDUCATIMO|55458.4|Shipped|||C13752|04090000|SP||T7||1|0|0|1|1|Y|08-03-2026 17:56:37|08-03-2026 15:47:32||||08-03-2026 18:01:28|08-04-2026 01:14:35|08-04-2026 01:14:35|08-04-2026 06:50:17||08-04-2026 10:30:21|08-04-2026 10:30:21|08-05-2026 09:17:35|16.56|39.35|22.79
BRCJM01|BRDUCATIMO|BRDUCATIMO|55459.4|Shipped|||C13752|04090000|SP||T7||1|0|0|1|1|Y|08-03-2026 17:56:37|08-03-2026 15:47:38||||08-03-2026 18:01:28|08-04-2026 00:12:04|08-04-2026 00:12:04|08-04-2026 06:51:05||08-04-2026 10:29:52|08-04-2026 10:29:52|08-05-2026 09:17:35|16.55|39.35|22.8
BRCJM01|BRDUCATIMO|BRDUCATIMO|55460.4|Shipped|||C13752|04090000|SP||T7||1|0|0|1|1|Y|08-03-2026 17:55:36|08-03-2026 15:43:14||||08-03-2026 18:01:28|08-04-2026 01:57:45|08-04-2026 01:57:45|08-04-2026 06:42:14||08-04-2026 10:30:39|08-04-2026 10:30:39|08-05-2026 09:17:35|16.58|39.37|22.78
BRCJM01|BRDUCATIMO|BRDUCATIMO|55461.4|Shipped|||C13752|04090000|SP||T7||1|0|0|1|1|Y|08-03-2026 17:55:37|08-03-2026 15:43:25||||08-03-2026 18:01:28|08-04-2026 00:59:50|08-04-2026 00:59:50|08-04-2026 08:58:53||08-04-2026 10:30:09|08-04-2026 10:30:09|08-05-2026 09:17:35|16.58|39.37|22.79
BRCJM01|BRDUCATIMO|BRDUCATIMO|55462.4|Shipped|||C13752|04090000|SP||T7||1|0|0|1|1|Y|08-03-2026 17:57:37|08-03-2026 15:47:39||||08-03-2026 18:01:29|08-04-2026 01:24:54|08-04-2026 01:24:54|08-04-2026 06:43:07||08-04-2026 10:31:03|08-04-2026 10:31:03|08-05-2026 09:17:35|16.56|39.33|22.78
BRCJM01|BRDUCATIMO|BRDUCATIMO|55463.4|Shipped|||C13752|04090000|SP||T7||1|0|0|1|1|Y|08-03-2026 17:57:37|08-03-2026 15:47:46||||08-03-2026 18:01:29|08-04-2026 01:44:14|08-04-2026 01:44:14|08-04-2026 06:41:59||08-04-2026 10:30:51|08-04-2026 10:30:51|08-05-2026 09:17:35|16.55|39.33|22.78
BRCJM01|BRDUCATIMO|BRDUCATIMO|55464.4|Shipped|||C13963|14026040|SP||T7||1|0|0|1|1|Y|08-10-2026 16:11:51|08-10-2026 16:07:15||||08-10-2026 16:19:53|08-11-2026 00:36:01|08-11-2026 00:36:01|08-11-2026 07:22:04||08-11-2026 11:03:04|08-11-2026 11:03:04|08-11-2026 14:09:27|18.85|21.96|3.11
BRCJM01|BRDUCATIMO|BRDUCATIMO|55465.4|Shipped|||C13963|14026040|SP||T7||1|0|0|1|1|Y|08-10-2026 16:11:51|08-10-2026 16:07:27||||08-10-2026 16:19:53|08-11-2026 00:25:12|08-11-2026 00:25:12|08-11-2026 07:23:08||08-11-2026 11:02:56|08-11-2026 11:02:56|08-11-2026 14:09:27|18.85|21.96|3.11
BRCJM01|BRDUCATIMO|BRDUCATIMO|55466.4|Shipped|||C13963|14026040|SP||T7||1|0|0|1|1|Y|08-10-2026 16:11:51|08-10-2026 16:07:28||||08-10-2026 16:19:53|08-11-2026 00:16:46|08-11-2026 00:16:46|08-11-2026 07:21:03||08-11-2026 11:03:23|08-11-2026 11:03:23|08-11-2026 14:09:27|18.86|21.96|3.1
BRCJM01|BRDUCATIMO|BRDUCATIMO|55471.4|Shipped|||C13752|04090000|SP||T7||1|0|0|1|1|Y|08-04-2026 20:55:52|08-04-2026 20:51:14||||08-04-2026 20:59:57|08-04-2026 23:03:18|08-04-2026 23:03:18|08-05-2026 06:58:35||08-05-2026 09:09:08|08-05-2026 09:09:08|08-05-2026 09:17:35|12.22|12.36|.14
BRCJM01|BRDUCATIMO|BRDUCATIMO|55472.4|Shipped|||C13752|04090000|SP||T7||1|0|0|1|1|Y|08-04-2026 14:17:40|08-04-2026 14:15:15||||08-04-2026 14:26:27|08-04-2026 22:56:38|08-04-2026 22:56:38|08-05-2026 06:58:51||08-05-2026 09:08:58|08-05-2026 09:08:58|08-05-2026 09:17:35|18.86|19|.14
BRCJM01|BRDUCATIMO|BRDUCATIMO|55473.4|Shipped|||C13752|04090000|SP||T7||1|0|0|1|1|Y|08-04-2026 14:18:40|08-04-2026 14:15:18||||08-04-2026 14:26:27|08-04-2026 22:08:33|08-04-2026 22:08:33|08-05-2026 06:59:47||08-05-2026 09:09:35|08-05-2026 09:09:35|08-05-2026 09:17:35|18.85|18.98|.13
BRCJM01|BRDUCATIMO|BRDUCATIMO|55474.4|Shipped|||C13752|04090000|SP||T7||1|0|0|1|1|Y|08-04-2026 14:18:41|08-04-2026 14:15:28||||08-04-2026 14:26:27|08-04-2026 21:55:13|08-04-2026 21:55:13|08-05-2026 07:00:08||08-05-2026 09:09:43|08-05-2026 09:09:43|08-05-2026 09:17:35|18.85|18.98|.13
BRCJM01|BRDUCATIMO|BRDUCATIMO|55475.4|Shipped|||C13752|04090000|SP||T7||1|0|0|1|1|Y|08-04-2026 14:18:41|08-04-2026 14:15:29||||08-04-2026 14:26:27|08-04-2026 21:38:54|08-04-2026 21:38:54|08-05-2026 07:02:06||08-05-2026 09:08:49|08-05-2026 09:08:49|08-05-2026 09:17:35|18.84|18.98|.15
BRCJM01|BRDUCATIMO|BRDUCATIMO|55476.4|Shipped|||C9969|13023-075|SP|BR|T7||1|0|0|1|1|Y|08-05-2026 09:22:30|08-05-2026 09:19:12||||08-05-2026 09:52:09|08-05-2026 14:37:54|08-05-2026 14:37:54|08-05-2026 15:51:22||08-11-2026 14:45:11|08-11-2026 14:45:11|08-11-2026 15:03:22|149.38|149.68|.3
BRCJM01|BRDUCATIMO|BRDUCATIMO|55477.4|Shipped|||C14091|29060220|ES||T7||1|0|0|1|1|Y|08-05-2026 15:44:30|08-05-2026 15:43:13||||08-05-2026 15:53:09|08-06-2026 00:16:54|08-06-2026 00:16:54|08-06-2026 07:55:10||08-07-2026 17:27:10|08-07-2026 17:27:10|08-11-2026 14:09:27|49.71|142.42|92.7
BRCJM01|BRDUCATIMO|BRDUCATIMO|55478.4|Shipped|||C8797|80740-000|PR|BR|T7||6|12.85|.029267|44|44|Y|08-05-2026 09:31:36|08-05-2026 09:27:16||||08-05-2026 09:52:10|08-05-2026 12:38:49|08-05-2026 12:48:51|08-05-2026 16:51:02||08-11-2026 14:45:24|08-11-2026 14:45:24|08-11-2026 15:03:22|149.23|149.53|.3
BRCJM01|BRDUCATIMO|BRDUCATIMO|55480.4|Shipped|||C14422|22790-270|RJ|BR|T7||5|.36|.4|66|66|Y|08-05-2026 09:25:34|08-05-2026 09:19:25||||08-05-2026 09:52:09|08-05-2026 11:07:55|08-05-2026 11:22:17|08-05-2026 17:12:37||08-11-2026 14:45:45|08-11-2026 14:45:45|08-11-2026 15:03:21|149.34|149.63|.29
BRCJM01|BRDUCATIMO|BRDUCATIMO|55481.4|Shipped|||C13963|14026040|SP||T7||2|4.9|.00504|11|11|Y|08-05-2026 09:25:34|08-05-2026 09:19:25||||08-05-2026 09:52:09|08-05-2026 14:35:07|08-05-2026 14:35:41|08-05-2026 15:47:47||08-11-2026 14:45:55|08-11-2026 14:45:55|08-11-2026 15:03:20|149.34|149.63|.29
BRCJM01|BRDUCATIMO|BRDUCATIMO|55482.4|Shipped|||C8302|71200-037|DF|BR|T7||3|7.35|.00756|31|31|Y|08-05-2026 09:25:34|08-05-2026 09:19:34||||08-05-2026 09:52:09|08-05-2026 13:47:43|08-05-2026 16:35:55|08-05-2026 16:36:48||08-11-2026 14:46:06|08-11-2026 14:46:06|08-11-2026 15:03:21|149.34|149.63|.29
BRCJM01|BRDUCATIMO|BRDUCATIMO|55483.4|Shipped|||C8302|71200-037|DF|BR|T7||10|.24|.006|152|152|Y|08-05-2026 09:26:34|08-05-2026 09:19:42||||08-05-2026 09:52:09|08-05-2026 10:35:09|08-05-2026 11:02:47|08-05-2026 19:36:27||08-12-2026 09:53:44|08-12-2026 09:53:44|08-12-2026 11:32:22|168.45|170.1|1.64
BRCJM01|BRDUCATIMO|BRDUCATIMO|55484.4|Shipped|||C8412|19470-000|SP|BR|T7||2|0|0|2|2|Y|08-05-2026 09:26:35|08-05-2026 09:19:41||||08-05-2026 09:52:09|08-05-2026 14:32:08|08-05-2026 14:32:35|08-05-2026 15:41:24||08-11-2026 14:46:57|08-11-2026 14:46:57|08-11-2026 15:03:22|149.34|149.61|.27
BRCJM01|BRDUCATIMO|BRDUCATIMO|55485.4|Shipped|||C9663|06455-000|SP|BR|T7||14|0|0|33|33|Y|08-05-2026 09:31:36|08-05-2026 09:27:22||||08-05-2026 09:52:10|08-05-2026 12:57:36|08-05-2026 18:49:23|08-05-2026 18:51:31||08-11-2026 14:47:46|08-11-2026 14:47:46|08-11-2026 15:03:22|149.27|149.53|.26
BRCJM01|BRDUCATIMO|BRDUCATIMO|55486.4|Shipped|||C8797|80740-000|PR|BR|T7||5|0|0|12|12|Y|08-05-2026 09:31:36|08-05-2026 09:27:33||||08-05-2026 09:52:10|08-05-2026 13:17:47|08-05-2026 13:22:52|08-05-2026 16:19:51||08-17-2026 14:30:51|08-17-2026 14:30:51|08-17-2026 14:34:06|292.99|293.04|.05
BRCJM01|BRDUCATIMO|BRDUCATIMO|55487.4|Shipped|||C14009|90000000|RS||T7||1|0|0|1|1|Y|08-05-2026 09:26:35|08-05-2026 09:19:49||||08-05-2026 09:52:10|08-05-2026 13:44:39|08-05-2026 13:44:39|08-05-2026 14:45:26||08-11-2026 14:47:50|08-11-2026 14:47:50|08-11-2026 15:03:20|149.35|149.61|.26
BRCJM01|BRDUCATIMO|BRDUCATIMO|55488.4|Shipped|||C14091|29060220|ES||T7||3|0|0|3|3|Y|08-05-2026 09:32:36|08-05-2026 09:27:43||||08-05-2026 09:52:11|08-05-2026 13:37:50|08-05-2026 13:42:54|08-05-2026 16:26:19||08-12-2026 09:53:56|08-12-2026 09:53:56|08-12-2026 11:32:22|168.36|170|1.64
BRCJM01|BRDUCATIMO|BRDUCATIMO|55489.4|Shipped|||C14422|22790-270|RJ|BR|T7||1|0|0|10|10|Y|08-05-2026 10:50:09|08-05-2026 10:43:14||||08-05-2026 11:31:39|08-05-2026 13:30:34|08-05-2026 13:30:34|08-05-2026 14:21:13||08-11-2026 14:48:08|08-11-2026 14:48:08|08-11-2026 15:03:21|147.97|148.22|.25
BRCJM01|BRDUCATIMO|BRDUCATIMO|55490.4|Shipped|||C13752|04090000|SP||T7||4|0|0|4|4|Y|08-05-2026 10:50:09|08-05-2026 10:43:29||||08-05-2026 11:31:39|08-05-2026 13:32:37|08-05-2026 13:35:12|08-05-2026 14:26:07||08-12-2026 09:54:06|08-12-2026 09:54:06|08-12-2026 11:32:19|167.07|168.7|1.64
BRCJM01|BRDUCATIMO|BRDUCATIMO|55491.4|Shipped|||C10528|74210-098|GO|BR|T7||1|0|0|1|1|Y|08-05-2026 10:39:05|08-05-2026 10:35:14||||08-05-2026 11:31:37|08-05-2026 14:49:37|08-05-2026 14:49:37|08-05-2026 15:57:14||08-12-2026 09:54:12|08-12-2026 09:54:12|08-12-2026 11:32:19|167.25|168.89|1.64
BRCJM01|BRDUCATIMO|BRDUCATIMO|55492.4|Shipped|||C13752|04090000|SP||T7||1|0|0|1|1|Y|08-05-2026 10:43:07|08-05-2026 10:39:13||||08-05-2026 11:31:38|08-05-2026 16:28:42|08-05-2026 16:28:42|08-05-2026 23:25:47||08-11-2026 14:48:38|08-11-2026 14:48:38|08-11-2026 14:59:23|148.09|148.27|.18
BRCJM01|BRDUCATIMO|BRDUCATIMO|55493.4|Shipped|||C8797|80740-000|PR|BR|T7||1|0|0|2|2|Y|08-05-2026 10:43:07|08-05-2026 10:39:14||||08-05-2026 11:31:38|08-05-2026 16:31:36|08-05-2026 16:31:36|08-06-2026 10:10:17||08-12-2026 09:54:24|08-12-2026 09:54:24|08-12-2026 11:32:23|167.19|168.82|1.63
BRCJM01|BRDUCATIMO|BRDUCATIMO|55494.4|Shipped|||C14253|22620-110|RJ|BR|T7||5|.01|.016667|9|9|Y|08-05-2026 10:34:03|08-05-2026 10:31:17||||08-05-2026 11:31:37|08-05-2026 14:39:39|08-05-2026 14:43:15|08-05-2026 15:36:50||08-11-2026 14:48:56|08-11-2026 14:48:56|08-11-2026 15:03:21|148.25|148.49|.24
BRCJM01|BRDUCATIMO|BRDUCATIMO|55495.4|Shipped|||C8302|71200-037|DF|BR|T7||5|1.36|.16|18|18|Y|08-05-2026 10:43:07|08-05-2026 10:39:26||||08-05-2026 11:31:38|08-05-2026 16:35:16|08-05-2026 16:40:20|08-06-2026 09:56:05||08-11-2026 14:49:34|08-11-2026 14:49:34|08-11-2026 15:03:21|148.11|148.34|.23
BRCJM01|BRDUCATIMO|BRDUCATIMO|55496.4|Shipped|||C9969|13023-075|SP|BR|T7||5|.06|.016667|8|8|Y|08-05-2026 10:43:07|08-05-2026 10:39:28||||08-05-2026 11:31:38|08-05-2026 16:42:17|08-05-2026 16:50:04|08-06-2026 10:06:15||08-11-2026 14:49:49|08-11-2026 14:49:49|08-11-2026 15:03:23|148.11|148.34|.23
BRCJM01|BRDUCATIMO|BRDUCATIMO|55497.4|Shipped|||C9969|13023-075|SP|BR|T7||3|2.1|.016667|3|3|Y|08-05-2026 10:42:07|08-05-2026 10:39:46||||08-05-2026 11:31:39|08-05-2026 17:51:06|08-05-2026 17:52:20|08-05-2026 23:15:51||08-11-2026 14:49:58|08-11-2026 14:49:58|08-11-2026 15:03:23|148.13|148.35|.22
BRCJM01|BRDUCATIMO|BRDUCATIMO|55498.4|Shipped|||C9969|13023-075|SP|BR|T7||1|.1|.166667|10|10|Y|08-05-2026 10:39:05|08-05-2026 10:35:15|||08-05-2026 11:31:37|08-06-2026 17:09:55|08-08-2026 11:47:56|08-08-2026 11:53:50|08-08-2026 12:43:27||08-12-2026 09:55:42|08-12-2026 09:55:42|08-12-2026 11:32:24|167.28|168.89|1.61
BRCJM01|BRDUCATIMO|BRDUCATIMO|55499.4|Shipped|||C9969|13023-075|SP|BR|T7||1|0|0|1|1|Y|08-05-2026 10:39:06|08-05-2026 10:35:26||||08-05-2026 11:31:37|08-05-2026 14:51:36|08-05-2026 14:51:36|08-05-2026 16:54:57||08-12-2026 09:55:48|08-12-2026 09:55:48|08-12-2026 11:32:24|167.28|168.89|1.61
BRCJM01|BRDUCATIMO|BRDUCATIMO|55500.4|Shipped|||C13963|14026040|SP||T7||2|0|0|2|2|Y|08-20-2026 11:06:02|08-20-2026 11:02:22||||08-20-2026 12:45:06|08-20-2026 16:54:43|08-20-2026 16:56:26|08-20-2026 22:02:08||08-25-2026 20:40:48|08-25-2026 20:40:48|08-25-2026 20:54:59|129.58|129.82|.24
BRCJM01|BRDUCATIMO|BRDUCATIMO|55501.4|Shipped|||C8302|71200-037|DF|BR|T7||1|0|0|1|1|Y|08-05-2026 10:42:07|08-05-2026 10:39:56||||08-05-2026 11:31:39|08-05-2026 18:18:23|08-05-2026 18:18:23|08-05-2026 22:58:27||08-11-2026 14:50:25|08-11-2026 14:50:25|08-11-2026 15:03:21|148.14|148.35|.22
BRCJM01|BRDUCATIMO|BRDUCATIMO|55502.4|Shipped|||C13752|04090000|SP||T7||2|0|0|4|4|Y|08-05-2026 10:40:06|08-05-2026 10:35:28||||08-05-2026 11:31:37|08-05-2026 14:46:56|08-05-2026 14:47:41|08-05-2026 16:59:09||08-11-2026 14:50:35|08-11-2026 14:50:35|08-11-2026 15:03:20|148.17|148.39|.21
BRCJM01|BRDUCATIMO|BRDUCATIMO|55503.4|Shipped|||C14009|90000000|RS||T7||1|7.35|.00756|15|15|Y|08-05-2026 10:40:06|08-05-2026 10:35:35||||08-05-2026 11:31:37|08-05-2026 15:28:09|08-05-2026 15:28:54|08-05-2026 23:32:52||08-11-2026 14:50:42|08-11-2026 14:50:42|08-11-2026 15:03:20|148.18|148.39|.21
BRCJM01|BRDUCATIMO|BRDUCATIMO|55504.4|Shipped|||C8797|80740-000|PR|BR|T7||2|.265|.083333|6|6|Y|08-05-2026 10:42:07|08-05-2026 10:39:57||||08-05-2026 11:31:39|08-05-2026 17:57:22|08-05-2026 17:58:10|08-05-2026 23:12:40||08-12-2026 09:55:55|08-12-2026 09:55:55|08-12-2026 11:32:23|167.23|168.84|1.61
BRCJM01|BRDUCATIMO|BRDUCATIMO|55505.4|Shipped|||C14253|22620-110|RJ|BR|T7||6|.06|.016667|8|8|Y|08-05-2026 10:45:08|08-05-2026 10:40:15||||08-05-2026 11:31:39|08-05-2026 17:59:51|08-05-2026 18:05:39|08-05-2026 23:10:01||08-11-2026 14:51:08|08-11-2026 14:51:08|08-11-2026 15:03:21|148.1|148.3|.2
BRCJM01|BRDUCATIMO|BRDUCATIMO|55506.4|Shipped|||C9969|13023-075|SP|BR|T7||12|3.56|.233333|71|71|Y|08-05-2026 10:41:06|08-05-2026 10:35:41||||08-05-2026 11:31:37|08-05-2026 15:31:46|08-05-2026 15:54:22|08-06-2026 10:33:55||08-12-2026 09:55:58|08-12-2026 09:55:58|08-12-2026 11:32:24|167.25|168.86|1.61
BRCJM01|BRDUCATIMO|BRDUCATIMO|55507.4|Shipped|||C14253|22620-110|RJ|BR|T7||1|0|0|1|1|Y|08-05-2026 10:43:08|08-05-2026 10:39:43||||08-05-2026 11:31:39|08-05-2026 16:51:57|08-05-2026 16:51:57|08-05-2026 23:27:31||08-12-2026 09:56:00|08-12-2026 09:56:00|08-12-2026 11:32:22|167.21|168.82|1.61
BRCJM01|BRDUCATIMO|BRDUCATIMO|55508.4|Shipped|||C13963|14026040|SP||T7||3|.16|.002|4|4|Y|08-05-2026 10:41:06|08-05-2026 10:35:42||||08-05-2026 11:31:38|08-05-2026 16:22:55|08-05-2026 16:26:32|08-06-2026 10:15:35||08-12-2026 09:56:05|08-12-2026 09:56:05|08-12-2026 11:32:20|167.25|168.85|1.6
BRCJM01|BRDUCATIMO|BRDUCATIMO|55509.4|Shipped|||C8302|71200-037|DF|BR|T7||1|0|0|1|1|Y|08-10-2026 10:53:49|08-10-2026 10:51:27||||08-10-2026 10:57:42|08-10-2026 11:06:29|08-10-2026 11:06:29|08-10-2026 11:09:24||08-11-2026 14:57:27|08-11-2026 14:57:27|08-11-2026 15:03:21|28.06|28.16|.1
BRCJM01|BRDUCATIMO|BRDUCATIMO|55510.4|Shipped|||C13752|04090000|SP||T7||1|0|0|1|1|Y|08-17-2026 17:18:41|08-17-2026 17:15:27||||08-17-2026 17:20:32|08-17-2026 22:40:40|08-17-2026 22:40:40|08-18-2026 06:39:47||09-01-2026 10:15:51|09-01-2026 10:15:51|09-01-2026 10:19:49|352.95|353.02|.07
BRCJM01|BRDUCATIMO|BRDUCATIMO|55511.4|Shipped|||C13963|14026040|SP||T7||27|13.53|.383333|57|57|Y|08-05-2026 15:45:32|08-05-2026 15:43:31||||08-05-2026 16:06:18|08-07-2026 06:53:41|08-07-2026 07:47:53|08-07-2026 18:58:02||08-12-2026 09:56:13|08-12-2026 09:56:13|08-12-2026 11:32:20|162.18|163.78|1.6
BRCJM01|BRDUCATIMO|BRDUCATIMO|55512-4|Shipped|||C33947|04794000|SP||T7||40|8126.015|.575667|370|370|Y|08-08-2026 14:09:19|08-08-2026 12:07:18|||08-10-2026 12:10:51|08-10-2026 12:12:20|08-10-2026 16:35:45|08-10-2026 19:21:15|08-10-2026 21:20:54||08-17-2026 14:30:12|08-17-2026 14:30:12|08-17-2026 14:34:06|216.35|216.41|.07
BRCJM01|BRDUCATIMO|BRDUCATIMO|55513.4|Shipped|||C13963|14026040|SP||T7||22|5409.275|.095|198|198|Y|08-06-2026 09:09:49|08-06-2026 09:07:30||||08-06-2026 09:51:54|08-06-2026 13:03:51|08-06-2026 13:45:14|08-06-2026 19:01:12||08-12-2026 11:31:13|08-12-2026 11:31:13|08-12-2026 11:32:21|146.36|146.38|.02
BRCJM01|BRDUCATIMO|BRDUCATIMO|55514-4|Shipped|||C33947|04794000|SP||T7||7|3286|.002|141|141|Y|08-07-2026 16:20:57|08-07-2026 16:15:15||||08-08-2026 10:00:41|08-08-2026 11:48:07|08-08-2026 12:37:04|08-08-2026 13:50:04||08-17-2026 14:28:59|08-17-2026 14:28:59|08-17-2026 14:34:06|238.13|238.22|.09
BRCJM01|BRDUCATIMO|BRDUCATIMO|55516.4|Shipped|||C16336|30494-270|MG|BR|T7||1|0|0|1|1|Y|08-10-2026 16:35:59|08-10-2026 16:31:31||||08-10-2026 17:03:07|08-12-2026 13:52:40|08-12-2026 13:52:40|08-12-2026 17:25:08||08-14-2026 14:32:15|08-14-2026 14:32:16|08-14-2026 14:37:42|93.94|94.03|.09
BRCJM01|BRDUCATIMO|BRDUCATIMO|55517.4|Shipped|||C9969|13023-075|SP|BR|T7||2|0|0|2|2|Y|08-10-2026 16:35:59|08-10-2026 16:31:38||||08-10-2026 17:03:07|08-13-2026 11:09:09|08-13-2026 11:12:09|08-13-2026 11:32:11||08-17-2026 14:28:15|08-17-2026 14:28:15|08-17-2026 14:34:06|165.87|165.97|.1
BRCJM01|BRDUCATIMO|BRDUCATIMO|55518.4|Shipped|||C14009|90000000|RS||T7||1|0|0|1|1|Y|08-11-2026 17:12:15|08-11-2026 17:07:13||||08-11-2026 17:36:59|08-12-2026 13:48:04|08-12-2026 13:48:04|08-12-2026 17:23:02||08-14-2026 14:09:53|08-14-2026 14:09:53|08-14-2026 14:37:41|68.96|69.42|.46
BRCJM01|BRDUCATIMO|BRDUCATIMO|55519.4|Shipped|||C14009|90000000|RS||T7||3|.4|.216667|13|13|Y|08-11-2026 17:12:17|08-11-2026 17:07:16||||08-11-2026 17:36:59|08-12-2026 14:38:53|08-12-2026 14:42:12|08-12-2026 15:38:13||08-14-2026 14:10:18|08-14-2026 14:10:18|08-14-2026 14:37:41|68.97|69.42|.46
BRCJM01|BRDUCATIMO|BRDUCATIMO|55520.4|Shipped|||C13752|04090000|SP||T7||4|.6|.033333|6|6|Y|08-11-2026 17:12:17|08-11-2026 17:07:30|||08-12-2026 15:48:57|08-12-2026 15:50:13|08-12-2026 18:35:25|08-12-2026 18:41:50|08-12-2026 18:43:54||08-17-2026 14:27:58|08-17-2026 14:27:58|08-17-2026 14:34:04|141.26|141.36|.1
BRCJM01|BRDUCATIMO|BRDUCATIMO|55521.4|Shipped|||C9969|13023-075|SP|BR|T7||5|.77|.166666|20|20|Y|08-11-2026 17:12:17|08-11-2026 17:07:34|||08-12-2026 15:25:56|08-12-2026 16:21:17|08-12-2026 18:19:00|08-12-2026 18:22:01|08-12-2026 18:32:27||08-14-2026 14:32:51|08-14-2026 14:32:51|08-14-2026 14:37:42|69.34|69.42|.08
BRCJM01|BRDUCATIMO|BRDUCATIMO|55522.4|Shipped|||C13752|04090000|SP||T7||3|.08|.033334|3|3|Y|08-06-2026 10:57:24|08-06-2026 10:55:16||||08-06-2026 11:14:03|08-06-2026 12:55:14|08-06-2026 12:57:29|08-06-2026 13:48:58||08-11-2026 14:52:34|08-11-2026 14:52:34|08-11-2026 15:03:20|123.92|124.1|.18
BRCJM01|BRDUCATIMO|BRDUCATIMO|55526.4|Shipped|||C13752|04090000|SP||T7||3|7.515|1.01|3|3|Y|08-07-2026 15:54:48|08-07-2026 15:51:14||||08-07-2026 16:37:54|08-07-2026 20:40:18|08-07-2026 20:47:36|08-08-2026 03:51:25||08-12-2026 09:56:17|08-12-2026 09:56:17|08-12-2026 11:32:19|114.02|115.63|1.6
BRCJM01|BRDUCATIMO|BRDUCATIMO|55527.4|Shipped|||C33947|04794000|SP||T7||1|0|0|3|3|Y|08-07-2026 15:54:49|08-07-2026 15:51:13||||08-07-2026 16:37:54|08-07-2026 18:17:38|08-07-2026 18:17:38|08-08-2026 05:01:26||08-11-2026 14:53:17|08-11-2026 14:53:17|08-11-2026 15:03:21|94.97|95.14|.17
BRCJM01|BRDUCATIMO|BRDUCATIMO|55528.4|Shipped|||C8302|71200-037|DF|BR|T7||52|0|0|183|183|Y|08-07-2026 16:00:51|08-07-2026 15:51:58||||08-07-2026 16:37:55|08-07-2026 18:54:01|08-07-2026 19:52:48|08-07-2026 21:43:53||08-12-2026 09:57:01|08-12-2026 09:57:01|08-12-2026 11:32:23|113.94|115.53|1.59
BRCJM01|BRDUCATIMO|BRDUCATIMO|55529.4|Shipped|||C9969|13023-075|SP|BR|T7||1|0|0|2|2|Y|08-07-2026 16:27:59|08-07-2026 16:23:12||||08-07-2026 16:37:57|08-07-2026 18:19:11|08-07-2026 18:19:23|08-08-2026 05:01:58||08-11-2026 14:55:24|08-11-2026 14:55:24|08-11-2026 15:03:23|94.46|94.59|.13
BRCJM01|BRDUCATIMO|BRDUCATIMO|55530.4|Shipped|||C14091|29060220|ES||T7||1|4.64|.01|1|1|Y|08-07-2026 15:54:50|08-07-2026 15:51:27||||08-07-2026 16:37:54|08-07-2026 20:27:55|08-07-2026 20:27:55|08-08-2026 03:44:23||08-14-2026 11:15:19|08-14-2026 11:15:19|08-14-2026 13:04:44|163.34|165.17|1.82
BRCJM01|BRDUCATIMO|BRDUCATIMO|55531.4|Shipped|||C9969|13023-075|SP|BR|T7||1|0|0|1|1|Y|08-07-2026 15:54:50|08-07-2026 15:51:36||||08-07-2026 16:37:55|08-08-2026 02:22:52|08-08-2026 02:22:52|08-08-2026 04:06:18||08-14-2026 11:15:26|08-14-2026 11:15:26|08-14-2026 13:04:44|163.34|165.17|1.82
BRCJM01|BRDUCATIMO|BRDUCATIMO|55532.4|Shipped|||C13752|04090000|SP||T7||3|1.92|.066667|4|4|Y|08-07-2026 15:54:50|08-07-2026 15:51:44||||08-07-2026 16:37:55|08-07-2026 18:06:32|08-07-2026 18:13:43|08-08-2026 05:08:12||08-11-2026 14:55:45|08-11-2026 14:55:45|08-11-2026 15:03:20|95.02|95.14|.13
BRCJM01|BRDUCATIMO|BRDUCATIMO|55533.4|Shipped|||C14091|29060220|ES||T7||1|0|0|1|1|Y|08-07-2026 16:27:59|08-07-2026 16:23:13||||08-07-2026 16:37:57|08-07-2026 18:22:22|08-07-2026 18:22:22|08-08-2026 04:55:31||08-12-2026 11:30:17|08-12-2026 11:30:17|08-12-2026 11:32:22|115.04|115.07|.03
BRCJM01|BRDUCATIMO|BRDUCATIMO|55534.4|Shipped|||C13752|04090000|SP||T7||1|.15|.016667|1|1|Y|08-25-2026 15:45:41|08-25-2026 15:41:01||||08-25-2026 15:47:08|08-25-2026 22:47:09|08-25-2026 22:47:09|08-26-2026 08:33:06||08-27-2026 10:39:28|08-27-2026 10:39:28|08-27-2026 10:45:05|42.9|42.99|.09
BRCJM01|BRDUCATIMO|BRDUCATIMO|55535.4|Shipped|||C14009|90000000|RS||T7||2|1.13|.084341|7|7|Y|08-07-2026 15:54:50|08-07-2026 15:51:55||||08-07-2026 16:37:55|08-07-2026 18:04:02|08-07-2026 18:04:34|08-08-2026 04:57:37||08-12-2026 11:29:17|08-12-2026 11:29:17|08-12-2026 11:32:21|115.57|115.63|.05
BRCJM01|BRDUCATIMO|BRDUCATIMO|55536.4|Shipped|||C13963|14026040|SP||T7||8|1.075|.05|95|95|Y|08-07-2026 16:00:52|08-07-2026 15:52:08||||08-07-2026 16:37:57|08-07-2026 18:25:37|08-07-2026 18:37:13|08-08-2026 12:36:38||08-12-2026 11:29:50|08-12-2026 11:29:50|08-12-2026 11:32:21|115.48|115.52|.04
BRCJM01|BRDUCATIMO|BRDUCATIMO|55537.4|Shipped|||C8302|71200-037|DF|BR|T7||1|0|0|1|1|Y|08-08-2026 10:52:09|08-08-2026 10:47:13||||08-08-2026 11:16:58|08-08-2026 15:10:33|08-08-2026 15:10:33|08-10-2026 06:41:36||08-13-2026 09:09:29|08-13-2026 09:09:29|08-13-2026 09:10:54|118.29|118.31|.02
BRCJM01|BRDUCATIMO|BRDUCATIMO|55538.4|Shipped|||C8302|71200-037|DF|BR|T7||1|0|0|1|1|Y|08-08-2026 10:52:09|08-08-2026 10:47:13||||08-08-2026 11:16:58|08-08-2026 14:49:56|08-08-2026 14:49:56|08-10-2026 06:40:29||08-11-2026 14:57:42|08-11-2026 14:57:42|08-11-2026 15:03:22|76.09|76.19|.09
BRCJM01|BRDUCATIMO|BRDUCATIMO|55539.4|Shipped|||C8302|71200-037|DF|BR|T7||1|0|0|1|1|Y|08-08-2026 10:52:09|08-08-2026 10:47:24||||08-08-2026 11:16:58|08-08-2026 14:19:10|08-08-2026 14:19:10|08-10-2026 06:41:17||08-11-2026 14:57:51|08-11-2026 14:57:51|08-11-2026 15:03:22|76.1|76.19|.09
BRCJM01|BRDUCATIMO|BRDUCATIMO|55540.4|Shipped|||C13963|14026040|SP||T7||1|0|0|1|1|Y|08-24-2026 12:12:30|08-24-2026 12:08:09||||08-24-2026 12:18:13|08-24-2026 22:27:21|08-24-2026 22:27:21|08-25-2026 07:29:24||08-25-2026 10:21:48|08-25-2026 10:21:48|08-25-2026 11:09:37|22.16|22.95|.8
BRCJM01|BRDUCATIMO|BRDUCATIMO|55543.4|Shipped|||C9969|13023-075|SP|BR|T7||1|0|0|1|1|Y|08-10-2026 16:11:51|08-10-2026 16:07:36||||08-10-2026 16:19:53|08-10-2026 23:35:35|08-10-2026 23:35:35|08-11-2026 07:19:42||08-13-2026 09:09:42|08-13-2026 09:09:42|08-13-2026 09:10:54|64.96|64.98|.02
BRCJM01|BRDUCATIMO|BRDUCATIMO|55544.4|Shipped|||C9969|13023-075|SP|BR|T7||1|0|0|1|1|Y|08-10-2026 16:06:49|08-10-2026 16:03:14||||08-10-2026 16:19:53|08-11-2026 07:15:50|08-11-2026 07:15:50|08-11-2026 07:49:09||08-13-2026 09:09:53|08-13-2026 09:09:53|08-13-2026 09:10:54|65.05|65.07|.02
BRCJM01|BRDUCATIMO|BRDUCATIMO|55546.4|Shipped|||C13963|14026040|SP||T7||7|.32|.016667|100|100|Y|08-17-2026 10:42:00|08-17-2026 10:39:18||||08-17-2026 10:48:46|08-17-2026 11:18:56|08-17-2026 11:58:56|08-17-2026 13:07:45||08-19-2026 10:49:18|08-19-2026 10:49:18|08-19-2026 10:50:08|48.12|48.14|.01
BRCJM01|BRDUCATIMO|BRDUCATIMO|55547.4|Shipped|||C13963|14026040|SP||T7||8|0|0|77|77|Y|08-10-2026 10:18:30|08-10-2026 10:15:28||||08-10-2026 10:25:07|08-10-2026 14:18:44|08-10-2026 14:31:02|08-10-2026 17:15:11||08-12-2026 11:30:34|08-12-2026 11:30:34|08-12-2026 11:32:21|49.2|49.23|.03
BRCJM01|BRDUCATIMO|BRDUCATIMO|55573.4|Shipped|||C13752|04090000|SP||T7||2|0|0|10|10|Y|08-20-2026 11:13:05|08-20-2026 11:08:20||||08-20-2026 12:45:09|08-20-2026 17:50:13|08-20-2026 17:54:30|08-20-2026 21:43:44||08-25-2026 20:41:11|08-25-2026 20:41:11|08-25-2026 20:54:58|129.47|129.7|.23
BRCJM01|BRDUCATIMO|BRDUCATIMO|55574.4|Shipped|||C14797|58039-000|PB|BR|T7||3|0|0|3|3|Y|08-11-2026 17:31:26|08-11-2026 17:27:39||||08-11-2026 17:37:00|08-13-2026 11:17:41|08-19-2026 02:29:22|08-19-2026 02:42:02||08-21-2026 10:17:53|08-21-2026 10:17:53|08-21-2026 10:19:34|232.77|232.8|.03
BRCJM01|BRDUCATIMO|BRDUCATIMO|55575.4|Shipped|||C14422|22790-270|RJ|BR|T7||2|0|0|2|2|Y|08-11-2026 17:31:26|08-11-2026 17:27:41||||08-11-2026 17:37:00|08-12-2026 11:28:59|08-12-2026 11:30:12|08-12-2026 12:03:52||08-17-2026 14:27:48|08-17-2026 14:27:48|08-17-2026 14:34:04|140.94|141.04|.1
BRCJM01|BRDUCATIMO|BRDUCATIMO|55576.4|Shipped|||C33947|04794000|SP||T7||1|0|0|1|1|Y|08-13-2026 10:21:50|08-13-2026 10:19:13||||08-13-2026 10:27:14|08-13-2026 10:44:27|08-13-2026 10:44:27|08-13-2026 10:52:58||08-17-2026 14:27:35|08-17-2026 14:27:35|08-17-2026 14:34:06|100.1|100.2|.11
BRCJM01|BRDUCATIMO|BRDUCATIMO|55577.4|Shipped|||C14127|88090500|SC||T7||1|0|0|10|10|Y|08-20-2026 11:06:02|08-20-2026 11:02:30||||08-20-2026 12:45:06|08-20-2026 16:57:53|08-20-2026 16:57:53|08-20-2026 22:11:23||08-25-2026 20:41:23|08-25-2026 20:41:23|08-25-2026 20:55:00|129.59|129.82|.23
BRCJM01|BRDUCATIMO|BRDUCATIMO|55578.4|Shipped|||C8302|71200-037|DF|BR|T7||6|.3|.016667|15|15|Y|08-20-2026 11:06:01|08-20-2026 11:02:35||||08-20-2026 12:45:06|08-20-2026 15:53:30|08-20-2026 16:27:28|08-20-2026 20:43:55||08-25-2026 20:42:10|08-25-2026 20:42:10|08-25-2026 20:55:01|129.6|129.82|.21
BRCJM01|BRDUCATIMO|BRDUCATIMO|55579.4|Shipped|||C13752|04090000|SP||T7||6|15.255|.596787|71|71|Y|08-13-2026 13:03:17|08-13-2026 12:59:21|||08-17-2026 17:35:46|08-18-2026 10:41:45|08-18-2026 11:04:33|08-18-2026 11:14:09|08-18-2026 11:48:58||08-19-2026 10:49:28|08-19-2026 10:49:28|08-19-2026 10:50:08|141.77|141.78|.01
BRCJM01|BRDUCATIMO|BRDUCATIMO|55580.4|Shipped|||C14009|90000000|RS||T7||3|1.99|.018683|9|9|Y|08-13-2026 13:03:17|08-13-2026 12:59:26||||08-13-2026 15:09:56|08-13-2026 16:29:38|08-13-2026 16:34:46|08-13-2026 16:41:41||08-17-2026 14:27:27|08-17-2026 14:27:27|08-17-2026 14:34:04|97.4|97.51|.11
BRCJM01|BRDUCATIMO|BRDUCATIMO|55581.4|Shipped|||C14127|88090500|SC||T7||2|0|0|3|3|Y|08-13-2026 13:03:17|08-13-2026 12:59:35||||08-13-2026 15:09:56|08-13-2026 16:21:12|08-13-2026 16:23:54|08-13-2026 16:53:00||08-17-2026 14:23:48|08-17-2026 14:23:48|08-17-2026 14:34:04|97.34|97.51|.17
BRCJM01|BRDUCATIMO|BRDUCATIMO|55582.4|Shipped|||C14009|90000000|RS||T7||1|0|0|2|2|Y|08-13-2026 13:03:17|08-13-2026 12:59:35||||08-13-2026 15:09:56|08-13-2026 16:19:39|08-13-2026 16:19:40|08-13-2026 16:48:37||08-19-2026 10:49:44|08-19-2026 10:49:44|08-19-2026 10:50:08|141.77|141.78|.01
BRCJM01|BRDUCATIMO|BRDUCATIMO|55591.4|Shipped|||C13963|14026040|SP||T7||21|0|0|208|208|Y|08-20-2026 11:06:02|08-20-2026 11:02:51||||08-20-2026 12:45:07|08-20-2026 18:29:28|08-21-2026 01:39:52|08-21-2026 05:24:22||08-25-2026 20:42:55|08-25-2026 20:42:55|08-25-2026 20:54:59|129.61|129.82|.2
BRCJM01|BRDUCATIMO|BRDUCATIMO|55592.4|Shipped|||C13752|04090000|SP||T7||1|0|0|1|1|Y|08-12-2026 15:03:47|08-12-2026 14:59:13||||08-12-2026 15:04:56|08-12-2026 15:11:57|08-12-2026 15:11:57|08-12-2026 15:15:07||08-12-2026 16:21:26|08-12-2026 16:21:26|08-13-2026 09:08:55|1.29|18.09|16.79
BRCJM01|BRDUCATIMO|BRDUCATIMO|55594.4|Shipped|||C14009|90000000|RS||T7||1|.48|.016667|1|1|Y|08-12-2026 12:00:41|08-12-2026 11:51:13||||08-12-2026 12:07:01|08-12-2026 14:34:20|08-12-2026 14:34:20|08-12-2026 15:41:39||08-14-2026 14:11:00|08-14-2026 14:11:00|08-14-2026 14:37:41|50.17|50.62|.44
BRCJM01|BRDUCATIMO|BRDUCATIMO|55595.4|Shipped|||C14797|58039-000|PB|BR|T7||4|0|0|4|4|Y|08-20-2026 11:06:02|08-20-2026 11:02:48||||08-20-2026 12:45:07|08-20-2026 17:36:45|08-20-2026 17:40:20|08-20-2026 22:17:43||08-25-2026 20:43:04|08-25-2026 20:43:04|08-25-2026 20:55:00|129.62|129.82|.2
BRCJM01|BRDUCATIMO|BRDUCATIMO|55596.4|Shipped|||C13752|04090000|SP||T7||27|1175.19|.251001|45|45|Y|08-20-2026 11:07:02|08-20-2026 11:03:13||||08-20-2026 12:45:08|08-20-2026 19:53:51|08-20-2026 20:56:27|08-21-2026 03:39:41||08-25-2026 20:43:53|08-25-2026 20:43:53|08-25-2026 20:54:58|129.61|129.8|.18
BRCJM01|BRDUCATIMO|BRDUCATIMO|55597.4|Shipped|||C13963|14026040|SP||T7||1|0|0|1|1|Y|08-12-2026 11:51:37|08-12-2026 11:47:21||||08-12-2026 12:06:59|08-12-2026 14:02:09|08-12-2026 14:02:09|08-12-2026 16:03:18||08-14-2026 14:11:12|08-14-2026 14:11:12|08-14-2026 14:37:41|50.33|50.77|.44
BRCJM01|BRDUCATIMO|BRDUCATIMO|55598.4|Shipped|||C14797|58039-000|PB|BR|T7||1|0|0|1|1|Y|08-12-2026 11:51:37|08-12-2026 11:47:28||||08-12-2026 12:07:00|08-12-2026 14:03:50|08-12-2026 14:03:50|08-12-2026 17:27:27||08-14-2026 14:11:22|08-14-2026 14:11:22|08-14-2026 14:37:42|50.33|50.77|.44
BRCJM01|BRDUCATIMO|BRDUCATIMO|55599.4|Shipped|||C9969|13023-075|SP|BR|T7||9|0|0|12|12|Y|08-12-2026 11:51:37|08-12-2026 11:47:39||||08-12-2026 12:07:00|08-12-2026 13:19:17|08-12-2026 13:29:52|08-12-2026 15:51:15||08-14-2026 14:33:55|08-14-2026 14:33:55|08-14-2026 14:37:42|50.7|50.77|.06
BRCJM01|BRDUCATIMO|BRDUCATIMO|55600.4|Shipped|||C8302|71200-037|DF|BR|T7||4|0|0|10|10|Y|08-12-2026 11:51:37|08-12-2026 11:47:51||||08-12-2026 12:07:00|08-12-2026 14:06:09|08-12-2026 14:08:19|08-12-2026 17:40:11||08-14-2026 14:13:06|08-14-2026 14:13:06|08-14-2026 14:37:42|50.36|50.77|.41
BRCJM01|BRDUCATIMO|BRDUCATIMO|55601.4|Shipped|||C13752|04090000|SP||T7||3|0|0|7|7|Y|08-12-2026 12:00:41|08-12-2026 11:55:16||||08-12-2026 12:07:01|08-12-2026 14:35:34|08-12-2026 14:36:51|08-12-2026 15:30:28||08-14-2026 14:13:27|08-14-2026 14:13:27|08-14-2026 14:37:39|50.21|50.62|.4
BRCJM01|BRDUCATIMO|BRDUCATIMO|55602.4|Shipped|||C13752|04090000|SP||T7||2|0|0|4|4|Y|08-12-2026 11:51:38|08-12-2026 11:47:54||||08-12-2026 12:07:00|08-12-2026 14:10:24|08-12-2026 14:11:18|08-12-2026 16:32:08||08-14-2026 14:13:40|08-14-2026 14:13:40|08-14-2026 14:37:39|50.37|50.77|.4
BRCJM01|BRDUCATIMO|BRDUCATIMO|55603.4|Shipped|||C9969|13023-075|SP|BR|T7||2|0|0|27|27|Y|08-12-2026 11:51:38|08-12-2026 11:48:02||||08-12-2026 12:07:00|08-12-2026 14:14:25|08-12-2026 14:16:38|08-12-2026 16:20:52||08-14-2026 14:14:15|08-14-2026 14:14:15|08-14-2026 14:37:42|50.38|50.77|.39
BRCJM01|BRDUCATIMO|BRDUCATIMO|55604.4|Shipped|||C14422|22790-270|RJ|BR|T7||10|1.39|.217668|18|18|Y|08-12-2026 12:00:41|08-12-2026 11:48:10||||08-12-2026 12:07:00|08-12-2026 18:12:13|08-12-2026 18:37:47|08-12-2026 21:09:14||08-14-2026 14:35:15|08-14-2026 14:35:15|08-14-2026 14:37:41|50.58|50.62|.04
BRCJM01|BRDUCATIMO|BRDUCATIMO|55605.4|Shipped|||C13752|04090000|SP||T7||4|2.02|.020667|6|6|Y|08-13-2026 13:18:24|08-13-2026 13:15:17||||08-13-2026 15:09:56|08-13-2026 16:09:58|08-13-2026 16:16:15|08-13-2026 16:30:59||08-17-2026 14:26:51|08-17-2026 14:26:51|08-17-2026 14:34:04|97.14|97.26|.12
BRCJM01|BRDUCATIMO|BRDUCATIMO|55606.4|Shipped|||C13752|04090000|SP||T7||16|.35|.016667|39|39|Y|08-12-2026 10:15:59|08-12-2026 10:11:23||||08-12-2026 10:20:11|08-12-2026 11:18:12|08-12-2026 11:25:32|08-12-2026 11:43:14||08-14-2026 11:15:43|08-14-2026 11:15:43|08-14-2026 13:04:43|49|50.81|1.82
BRCJM01|BRDUCATIMO|BRDUCATIMO|55607.4|Shipped|||C33947|04794000|SP||T7||1|0|0|2|2|Y|08-14-2026 13:09:19|08-14-2026 13:07:12||||08-14-2026 14:38:06|08-19-2026 12:32:20|08-19-2026 12:32:20|08-19-2026 13:20:18||08-20-2026 10:15:43|08-20-2026 10:15:43|08-20-2026 10:17:08|141.11|141.13|.02
BRCJM01|BRDUCATIMO|BRDUCATIMO|55608.4|Shipped|||C33947|04794000|SP||T7||1|0|0|1|1|Y|08-12-2026 10:19:02|08-12-2026 10:15:14||||08-12-2026 10:20:11|08-12-2026 11:10:13|08-12-2026 11:10:13|08-12-2026 11:20:37||08-14-2026 11:15:47|08-14-2026 11:15:47|08-14-2026 13:04:44|48.95|50.76|1.82
BRCJM01|BRDUCATIMO|BRDUCATIMO|55609.4|Shipped|||C13752|04090000|SP||T7||1|0|0|1|1|Y|08-12-2026 19:18:02|08-12-2026 19:15:13||||08-12-2026 19:22:18|08-13-2026 05:16:24|08-13-2026 05:16:24|08-13-2026 07:21:03||08-13-2026 08:19:18|08-13-2026 08:19:18|08-13-2026 09:08:55|13.02|13.85|.83
BRCJM01|BRDUCATIMO|BRDUCATIMO|55610.4|Shipped|||C13752|04090000|SP||T7||1|0|0|1|1|Y|08-12-2026 19:18:03|08-12-2026 19:15:14||||08-12-2026 19:22:18|08-13-2026 05:32:48|08-13-2026 05:32:48|08-13-2026 07:20:05||08-13-2026 08:19:08|08-13-2026 08:19:08|08-13-2026 09:08:55|13.02|13.85|.83
BRCJM01|BRDUCATIMO|BRDUCATIMO|55611.4|Shipped|||C9663|06455-000|SP|BR|T7||1|0|0|1|1|Y|08-12-2026 19:18:03|08-12-2026 19:15:25||||08-12-2026 19:22:18|08-13-2026 05:02:15|08-13-2026 05:02:15|08-13-2026 07:22:00||08-13-2026 08:19:47|08-13-2026 08:19:47|08-13-2026 09:08:55|13.03|13.85|.82
BRCJM01|BRDUCATIMO|BRDUCATIMO|55612.4|Shipped|||C9663|06455-000|SP|BR|T7||1|0|0|1|1|Y|08-12-2026 19:18:03|08-12-2026 19:15:25||||08-12-2026 19:22:18|08-13-2026 04:54:01|08-13-2026 04:54:01|08-13-2026 07:23:20||08-13-2026 08:20:09|08-13-2026 08:20:09|08-13-2026 09:08:55|13.04|13.85|.81
BRCJM01|BRDUCATIMO|BRDUCATIMO|55613.4|Shipped|||C8797|80740-000|PR|BR|T7||1|0|0|1|1|Y|08-14-2026 16:30:24|08-14-2026 16:27:11||||08-14-2026 17:05:36|08-14-2026 23:29:45|08-14-2026 23:29:45|08-17-2026 06:36:34||08-17-2026 09:11:17|08-17-2026 09:11:17|08-17-2026 10:45:29|64.68|66.25|1.57
BRCJM01|BRDUCATIMO|BRDUCATIMO|55614.4|Shipped|||C14091|29060220|ES||T7||1|0|0|1|1|Y|08-13-2026 16:14:44|08-13-2026 16:11:13||||08-13-2026 16:38:29|08-13-2026 23:08:03|08-13-2026 23:08:03|08-14-2026 06:45:04||08-14-2026 18:36:39|08-14-2026 18:36:39|08-21-2026 09:55:17|26.37|185.68|159.31
BRCJM01|BRDUCATIMO|BRDUCATIMO|55615.4|Shipped|||C9969|13023-075|SP|BR|T7||1|0|0|1|1|Y|08-25-2026 07:42:48|08-25-2026 07:37:34||||08-25-2026 07:45:09|08-25-2026 09:03:33|08-25-2026 09:03:33|08-25-2026 09:10:46||08-25-2026 09:25:26|08-25-2026 09:25:26|08-25-2026 11:09:38|1.71|3.45|1.74
BRCJM01|BRDUCATIMO|BRDUCATIMO|55616.4|Shipped|||C13752|04090000|SP||T7||1|0|0|1|1|Y|08-12-2026 19:18:03|08-12-2026 19:15:32||||08-12-2026 19:22:19|08-12-2026 23:55:12|08-13-2026 08:14:01|08-13-2026 08:14:06||08-13-2026 08:20:34|08-13-2026 08:20:34|08-13-2026 09:08:55|13.04|13.85|.81
BRCJM01|BRDUCATIMO|BRDUCATIMO|55617.4|Shipped|||C9663|06455-000|SP|BR|T7||1|0|0|1|1|Y|08-12-2026 19:18:03|08-12-2026 19:15:32||||08-12-2026 19:22:19|08-13-2026 01:22:13|08-13-2026 01:22:13|08-13-2026 08:14:06||08-13-2026 08:20:34|08-13-2026 08:20:34|08-13-2026 09:08:55|13.04|13.85|.81
BRCJM01|BRDUCATIMO|BRDUCATIMO|55618.4|Shipped|||C13963|14026040|SP||T7||1|0|0|1|1|Y|08-24-2026 12:13:32|08-24-2026 12:08:17||||08-24-2026 12:18:14|08-24-2026 23:27:59|08-24-2026 23:27:59|08-25-2026 07:25:52||08-25-2026 10:21:09|08-25-2026 10:21:10|08-25-2026 11:09:37|22.13|22.93|.81
BRCJM01|BRDUCATIMO|BRDUCATIMO|55619.4|Shipped|||C9969|13023-075|SP|BR|T7||1|0|0|1|1|Y|08-25-2026 07:42:49|08-25-2026 07:37:42||||08-25-2026 07:45:09|08-25-2026 07:59:22|08-25-2026 07:59:22|08-25-2026 08:43:55||08-25-2026 09:25:37|08-25-2026 09:25:37|08-25-2026 11:09:38|1.71|3.45|1.73
BRCJM01|BRDUCATIMO|BRDUCATIMO|55620.4|Shipped|||C8797|80740-000|PR|BR|T7||1|0|0|1|1|Y|08-14-2026 16:30:26|08-14-2026 16:27:12||||08-14-2026 17:05:36|08-14-2026 23:10:25|08-14-2026 23:10:25|08-17-2026 09:05:20||08-17-2026 09:05:22|08-17-2026 09:05:22|08-17-2026 10:45:29|64.58|66.25|1.67
BRCJM01|BRDUCATIMO|BRDUCATIMO|55621.4|Shipped|||C8797|80740-000|PR|BR|T7||1|0|0|1|1|Y|08-14-2026 16:30:26|08-14-2026 16:27:21||||08-14-2026 17:05:36|08-14-2026 22:51:28|08-14-2026 22:51:28|08-17-2026 06:37:38||08-17-2026 09:10:47|08-17-2026 09:10:47|08-17-2026 10:45:29|64.67|66.25|1.58
BRCJM01|BRDUCATIMO|BRDUCATIMO|55622.4|Shipped|||C8797|80740-000|PR|BR|T7||1|0|0|1|1|Y|08-14-2026 16:30:26|08-14-2026 16:27:22||||08-14-2026 17:05:36|08-14-2026 22:35:06|08-14-2026 22:35:06|08-17-2026 06:37:53||08-17-2026 09:11:54|08-17-2026 09:11:54|08-17-2026 10:45:29|64.69|66.25|1.56
BRCJM01|BRDUCATIMO|BRDUCATIMO|55623.4|Shipped|||C8302|71200-037|DF|BR|T7||1|0|0|4|4|Y|08-12-2026 14:44:37|08-12-2026 14:43:14||||08-12-2026 14:58:14|08-13-2026 00:31:12|08-13-2026 00:31:12|08-13-2026 02:21:02||08-14-2026 14:36:09|08-14-2026 14:36:09|08-14-2026 14:37:42|47.86|47.88|.03
BRCJM01|BRDUCATIMO|BRDUCATIMO|55624.4|Shipped|||C10528|74210-098|GO|BR|T7||6|.735|.101|8|8|Y|08-12-2026 14:48:41|08-12-2026 14:43:18||||08-12-2026 14:58:14|08-12-2026 18:43:52|08-12-2026 18:53:41|08-12-2026 20:38:06||08-14-2026 14:36:33|08-14-2026 14:36:33|08-14-2026 14:37:39|47.8|47.82|.02
BRCJM01|BRDUCATIMO|BRDUCATIMO|55625.4|Shipped|||C13752|04090000|SP||T7||6|.96|.083334|10|10|Y|08-12-2026 14:48:41|08-12-2026 14:43:30||||08-12-2026 14:58:15|08-12-2026 19:06:56|08-12-2026 19:18:10|08-12-2026 20:43:54||08-14-2026 14:36:43|08-14-2026 14:36:43|08-14-2026 14:37:39|47.8|47.82|.02
BRCJM01|BRDUCATIMO|BRDUCATIMO|55630.4|Shipped|||C13752|04090000|SP||T7||1|.03|.05|3|3|Y|08-12-2026 14:48:41|08-12-2026 14:43:34||||08-12-2026 14:58:15|08-12-2026 19:51:46|08-12-2026 19:51:46|08-12-2026 20:29:25||08-14-2026 14:15:43|08-14-2026 14:15:43|08-14-2026 14:37:39|47.45|47.82|.37
BRCJM01|BRDUCATIMO|BRDUCATIMO|55631.4|Shipped|||C14422|22790-270|RJ|BR|T7||1|0|0|1|1|Y|08-14-2026 13:12:21|08-14-2026 13:07:12||||08-14-2026 14:38:06|08-19-2026 12:25:30|08-19-2026 12:25:30|08-19-2026 12:28:37||08-20-2026 10:15:49|08-20-2026 10:15:49|08-20-2026 10:17:07|141.06|141.08|.02
BRCJM01|BRDUCATIMO|BRDUCATIMO|55635.4|Shipped|||C13752|04090000|SP||T7||7|.86|.283334|19|19|Y|08-17-2026 15:45:41|08-17-2026 15:43:16||||08-17-2026 15:51:14|08-17-2026 17:09:10|08-17-2026 17:29:33|08-17-2026 22:39:59||08-20-2026 10:16:00|08-20-2026 10:16:00|08-20-2026 10:17:07|66.51|66.52|.02
BRCJM01|BRDUCATIMO|BRDUCATIMO|55636.4|Shipped|||C9969|13023-075|SP|BR|T7||8|2.95|.166667|17|17|Y|08-17-2026 15:48:51|08-17-2026 15:43:17||||08-17-2026 15:51:14|08-17-2026 18:01:09|08-17-2026 18:22:57|08-17-2026 22:23:07||08-20-2026 10:16:07|08-20-2026 10:16:07|08-20-2026 10:17:08|66.45|66.47|.02
BRCJM01|BRDUCATIMO|BRDUCATIMO|55637.4|Shipped|||C14091|29060220|ES||T7||1|0|0|1|1|Y|08-20-2026 13:27:44|08-20-2026 13:21:26||||08-20-2026 13:59:33|08-20-2026 17:56:51|08-20-2026 17:56:51|08-20-2026 21:29:38||08-25-2026 20:44:05|08-25-2026 20:44:05|08-25-2026 20:54:59|127.27|127.45|.18
BRCJM01|BRDUCATIMO|BRDUCATIMO|55638.4|Shipped|||C14422|22790-270|RJ|BR|T7||1|0|0|1|1|Y|08-17-2026 15:48:51|08-17-2026 15:43:31||||08-17-2026 15:51:15|08-17-2026 18:27:29|08-17-2026 18:27:29|08-17-2026 22:42:20||08-20-2026 10:16:16|08-20-2026 10:16:16|08-20-2026 10:17:08|66.46|66.47|.01
BRCJM01|BRDUCATIMO|BRDUCATIMO|55639.4|Shipped|||C14091|29060220|ES||T7||1|0|0|1|1|Y|08-19-2026 15:51:27|08-19-2026 15:47:14||||08-19-2026 17:44:48|08-19-2026 22:29:07|08-19-2026 22:29:07|08-20-2026 07:02:17||08-21-2026 16:20:05|08-21-2026 16:20:05|08-25-2026 11:09:37|48.48|139.3|90.83
BRCJM01|BRDUCATIMO|BRDUCATIMO|55670.4|Shipped|||C14422|22790-270|RJ|BR|T7||2|6|.5|31|31|Y|08-25-2026 15:38:38|08-25-2026 15:34:58||||08-25-2026 15:47:08|08-26-2026 03:37:59|08-26-2026 05:11:02|08-26-2026 10:28:45||08-27-2026 10:39:57|08-27-2026 10:39:57|08-27-2026 10:45:06|43.02|43.11|.09
BRCJM01|BRDUCATIMO|BRDUCATIMO|55671.4|Shipped|||C10528|74210-098|GO|BR|T7||3|0|0|17|17|Y|08-19-2026 17:37:01|08-19-2026 17:27:14||||08-19-2026 17:42:23|08-19-2026 22:51:19|08-19-2026 22:58:05|08-20-2026 02:29:37||08-21-2026 10:18:09|08-21-2026 10:18:09|08-21-2026 10:19:34|40.69|40.71|.02
BRCJM01|BRDUCATIMO|BRDUCATIMO|55672.4|Shipped|||C9969|13023-075|SP|BR|T7||1|0|0|1|1|Y|08-19-2026 17:37:03|08-19-2026 17:27:13||||08-19-2026 17:42:23|08-20-2026 01:13:20|08-20-2026 01:13:20|08-20-2026 01:37:09||08-25-2026 20:44:20|08-25-2026 20:44:20|08-25-2026 20:55:01|147.12|147.3|.18
BRCJM01|BRDUCATIMO|BRDUCATIMO|55673.4|Shipped|||C8797|80740-000|PR|BR|T7||1|0|0|1|1|Y|08-19-2026 17:37:03|08-19-2026 17:27:25||||08-19-2026 17:42:24|08-19-2026 22:27:35|08-19-2026 22:27:35|08-20-2026 03:55:40||08-21-2026 10:18:15|08-21-2026 10:18:15|08-21-2026 10:19:35|40.69|40.71|.02
BRCJM01|BRDUCATIMO|BRDUCATIMO|55674.4|Shipped|||C8302|71200-037|DF|BR|T7||2|0|0|2|2|Y|08-19-2026 17:37:03|08-19-2026 17:27:27||||08-19-2026 17:42:24|08-19-2026 23:12:53|08-20-2026 01:44:19|08-20-2026 03:32:19||08-21-2026 10:18:28|08-21-2026 10:18:28|08-21-2026 10:19:34|40.69|40.71|.02
BRCJM01|BRDUCATIMO|BRDUCATIMO|55675.4|Shipped|||C9663|06455-000|SP|BR|T7||6|0|0|9|9|Y|08-19-2026 17:37:03|08-19-2026 17:27:36||||08-19-2026 17:42:24|08-19-2026 23:06:37|08-19-2026 23:22:27|08-20-2026 02:03:30||08-25-2026 20:45:01|08-25-2026 20:45:01|08-25-2026 20:55:01|147.13|147.3|.17
BRCJM01|BRDUCATIMO|BRDUCATIMO|55676.4|Shipped|||C8412|19470-000|SP|BR|T7||1|0|0|1|1|Y|08-19-2026 17:42:05|08-19-2026 17:39:12||||08-19-2026 18:00:10|08-19-2026 22:41:48|08-19-2026 22:41:48|08-20-2026 03:57:37||08-21-2026 10:18:36|08-21-2026 10:18:36|08-21-2026 10:19:35|40.61|40.62|.02
BRCJM01|BRDUCATIMO|BRDUCATIMO|55677.4|Shipped|||C8797|80740-000|PR|BR|T7||1|0|0|3|3|Y|08-19-2026 17:42:05|08-19-2026 17:39:12||||08-19-2026 18:00:10|08-19-2026 23:07:34|08-19-2026 23:14:22|08-20-2026 03:45:11||08-21-2026 10:18:42|08-21-2026 10:18:42|08-21-2026 10:19:35|40.61|40.62|.01
BRCJM01|BRDUCATIMO|BRDUCATIMO|55678.4|Shipped|||C8302|71200-037|DF|BR|T7||1|0|0|1|1|Y|08-20-2026 13:27:46|08-20-2026 13:21:35||||08-20-2026 13:59:33|08-20-2026 18:00:40|08-20-2026 18:00:40|08-20-2026 21:26:28||08-25-2026 20:45:15|08-25-2026 20:45:15|08-25-2026 20:55:01|127.29|127.45|.16
BRCJM01|BRDUCATIMO|BRDUCATIMO|55679.4|Shipped|||C14127|88090500|SC||T7||1|0|0|1|1|Y|08-20-2026 13:27:46|08-20-2026 13:21:38||||08-20-2026 13:59:33|08-20-2026 18:04:00|08-20-2026 18:04:00|08-20-2026 21:12:17||08-25-2026 20:45:30|08-25-2026 20:45:30|08-25-2026 20:55:00|127.3|127.45|.16
BRCJM01|BRDUCATIMO|BRDUCATIMO|55681.4|Shipped|||C14009|90000000|RS||T7||4|0|0|4|4|Y|08-20-2026 13:27:46|08-20-2026 13:21:44||||08-20-2026 13:59:33|08-20-2026 17:03:13|08-20-2026 17:09:56|08-20-2026 21:04:43||08-25-2026 20:45:42|08-25-2026 20:45:42|08-25-2026 20:54:59|127.3|127.45|.15
BRCJM01|BRDUCATIMO|BRDUCATIMO|55682.4|Shipped|||C14422|22790-270|RJ|BR|T7||1|0|0|2|2|Y|08-19-2026 17:42:05|08-19-2026 17:39:24||||08-19-2026 18:00:10|08-19-2026 22:32:17|08-19-2026 22:32:17|08-20-2026 03:48:11||08-21-2026 10:18:49|08-21-2026 10:18:49|08-21-2026 10:19:34|40.61|40.62|.01
BRCJM01|BRDUCATIMO|BRDUCATIMO|55683.4|Shipped|||C14797|58039-000|PB|BR|T7||1|0|0|2|2|Y|08-19-2026 17:42:05|08-19-2026 17:39:31||||08-19-2026 18:00:10|08-19-2026 22:37:54|08-19-2026 22:37:54|08-20-2026 03:51:23||08-21-2026 10:18:59|08-21-2026 10:18:59|08-21-2026 10:19:34|40.62|40.62|.01
BRCJM01|BRDUCATIMO|BRDUCATIMO|55687.4|Shipped|||C8797|80740-000|PR|BR|T7||2|1.85|.25|15|15|Y|08-20-2026 13:27:46|08-20-2026 13:21:47||||08-20-2026 13:59:34|08-20-2026 17:17:29|08-20-2026 22:32:37|08-20-2026 22:35:52||08-25-2026 20:45:55|08-25-2026 20:45:55|08-25-2026 20:55:01|127.3|127.45|.15
BRCJM01|BRDUCATIMO|BRDUCATIMO|55688.4|Shipped|||C9969|13023-075|SP|BR|T7||2|.86|.033333|3|3|Y|08-19-2026 17:42:05|08-19-2026 17:39:36||||08-19-2026 18:00:10|08-19-2026 22:46:08|08-19-2026 22:48:09|08-20-2026 02:16:17||08-25-2026 20:46:23|08-25-2026 20:46:23|08-25-2026 20:55:01|147.07|147.22|.14
BRCJM01|BRDUCATIMO|BRDUCATIMO|55689.4|Shipped|||C13752|04090000|SP||T7||2|.2|.333333|22|22|Y|08-19-2026 17:42:06|08-19-2026 17:39:37||||08-19-2026 18:00:10|08-19-2026 22:54:25|08-19-2026 23:01:20|08-20-2026 03:40:47||08-21-2026 10:19:05|08-21-2026 10:19:05|08-21-2026 10:19:34|40.62|40.62|.01
BRCJM01|BRDUCATIMO|BRDUCATIMO|55690.4|Shipped|||C14253|22620-110|RJ|BR|T7||1|0|0|1|1|Y|08-20-2026 14:32:08|08-20-2026 14:28:54||||08-20-2026 18:52:44|08-20-2026 21:56:26|08-20-2026 21:56:26|08-21-2026 07:42:41||08-21-2026 16:21:44|08-21-2026 16:21:44|08-25-2026 11:09:38|25.83|116.63|90.8
BRCJM01|BRDUCATIMO|BRDUCATIMO|55691.4|Shipped|||C14253|22620-110|RJ|BR|T7||1|0|0|1|1|Y|08-20-2026 14:32:10|08-20-2026 14:29:02||||08-20-2026 18:52:44|08-20-2026 22:08:51|08-20-2026 22:08:51|08-21-2026 07:41:45||08-21-2026 16:22:09|08-21-2026 16:22:09|08-25-2026 11:09:38|25.83|116.62|90.79
BRCJM01|BRDUCATIMO|BRDUCATIMO|55692.4|Shipped|||C14253|22620-110|RJ|BR|T7||1|0|0|1|1|Y|08-20-2026 14:32:10|08-20-2026 14:29:04||||08-20-2026 18:52:44|08-20-2026 22:25:05|08-20-2026 22:25:05|08-21-2026 07:40:46||08-21-2026 16:22:43|08-21-2026 16:22:43|08-25-2026 11:09:38|25.84|116.62|90.78
BRCJM01|BRDUCATIMO|BRDUCATIMO|55693.4|Shipped|||C14253|22620-110|RJ|BR|T7||1|0|0|1|1|Y|08-20-2026 14:32:10|08-20-2026 14:29:12||||08-20-2026 18:52:44|08-20-2026 22:35:46|08-20-2026 22:35:46|08-21-2026 07:39:37||08-21-2026 16:24:47|08-21-2026 16:24:47|08-25-2026 11:09:38|25.88|116.62|90.75
BRCJM01|BRDUCATIMO|BRDUCATIMO|55694.4|Shipped|||C14253|22620-110|RJ|BR|T7||1|0|0|1|1|Y|08-20-2026 14:32:10|08-20-2026 14:29:13||||08-20-2026 18:52:44|08-20-2026 22:47:25|08-20-2026 22:47:25|08-21-2026 07:38:23||08-21-2026 16:25:11|08-21-2026 16:25:11|08-25-2026 11:09:38|25.88|116.62|90.74
BRCJM01|BRDUCATIMO|BRDUCATIMO|55695.4|Shipped|||C13963|14026040|SP||T7||1|0|0|1|1|Y|08-31-2026 16:10:30|08-31-2026 16:06:12||||08-31-2026 16:40:24|09-01-2026 01:44:44|09-01-2026 01:44:44|09-01-2026 07:12:04||09-02-2026 10:57:43|09-02-2026 10:57:43|09-03-2026 15:00:31|42.79|70.83|28.05
BRCJM01|BRDUCATIMO|BRDUCATIMO|55696.4|Shipped|||C10528|74210-098|GO|BR|T7||2|.12|.033333|3|3|Y|08-24-2026 12:43:40|08-24-2026 12:39:45||||08-24-2026 13:57:44|08-24-2026 19:26:57|08-25-2026 00:16:58|08-25-2026 02:30:13||08-26-2026 09:59:41|08-26-2026 09:59:41|08-26-2026 10:09:06|45.27|45.42|.16
BRCJM01|BRDUCATIMO|BRDUCATIMO|55707.4|Shipped|||C14127|88090500|SC||T7||1|0|0|1|1|Y|08-21-2026 16:05:37|08-21-2026 16:00:59||||08-22-2026 10:45:06|08-22-2026 11:55:35|08-22-2026 11:55:35|08-22-2026 15:23:58||08-25-2026 20:46:38|08-25-2026 20:46:38|08-25-2026 20:55:00|100.68|100.82|.14
BRCJM01|BRDUCATIMO|BRDUCATIMO|55708.4|Shipped|||C14253|22620-110|RJ|BR|T7||5|2.23|2.5|36|36|Y|08-21-2026 16:05:37|08-21-2026 16:01:09||||08-22-2026 10:45:06|08-22-2026 12:00:41|08-22-2026 12:25:17|08-22-2026 14:54:31||08-25-2026 20:46:53|08-25-2026 20:46:53|08-25-2026 20:55:00|100.69|100.82|.14
BRCJM01|BRDUCATIMO|BRDUCATIMO|55709.4|Shipped|||C13752|04090000|SP||T7||3|.165|0|3|3|Y|08-21-2026 16:05:37|08-21-2026 16:01:09||||08-22-2026 10:45:07|08-22-2026 11:46:57|08-22-2026 11:49:50|08-22-2026 14:57:42||08-25-2026 20:47:05|08-25-2026 20:47:05|08-25-2026 20:54:58|100.69|100.82|.13
BRCJM01|BRDUCATIMO|BRDUCATIMO|55710.4|Shipped|||C13963|14026040|SP||T7||2|0|0|3|3|Y|08-21-2026 16:05:38|08-21-2026 16:01:21||||08-22-2026 10:45:07|08-22-2026 12:53:23|08-22-2026 12:57:11|08-22-2026 15:18:27||08-25-2026 20:47:17|08-25-2026 20:47:17|08-25-2026 20:54:59|100.69|100.82|.13
BRCJM01|BRDUCATIMO|BRDUCATIMO|55711.4|Shipped|||C8302|71200-037|DF|BR|T7||4|2.14|.366667|32|32|Y|08-21-2026 16:05:38|08-21-2026 16:01:24||||08-22-2026 10:45:07|08-22-2026 12:39:34|08-22-2026 12:50:37|08-22-2026 14:49:55||08-25-2026 20:47:34|08-25-2026 20:47:34|08-25-2026 20:55:01|100.7|100.82|.12
BRCJM01|BRDUCATIMO|BRDUCATIMO|55712.4|Shipped|||C13752|04090000|SP||T7||3|.32|.004|7|7|Y|08-21-2026 16:05:38|08-21-2026 16:01:31||||08-22-2026 10:45:07|08-22-2026 13:01:06|08-22-2026 13:07:25|08-22-2026 14:22:15||08-25-2026 20:48:00|08-25-2026 20:48:00|08-25-2026 20:54:58|100.71|100.82|.12
BRCJM01|BRDUCATIMO|BRDUCATIMO|55713.4|Shipped|||C9969|13023-075|SP|BR|T7||3|0|0|3|3|Y|08-21-2026 16:05:38|08-21-2026 16:01:35||||08-22-2026 10:45:07|08-22-2026 13:11:26|08-22-2026 13:13:00|08-22-2026 15:21:32||08-25-2026 20:48:12|08-25-2026 20:48:12|08-25-2026 20:55:01|100.71|100.82|.11
BRCJM01|BRDUCATIMO|BRDUCATIMO|55714.4|Shipped|||C14009|90000000|RS||T7||1|0|0|1|1|Y|08-21-2026 16:05:39|08-21-2026 16:01:40||||08-22-2026 10:45:07|08-22-2026 13:32:29|08-22-2026 13:32:29|08-22-2026 14:24:55||08-25-2026 20:48:27|08-25-2026 20:48:27|08-25-2026 20:54:59|100.71|100.82|.11
BRCJM01|BRDUCATIMO|BRDUCATIMO|55715.4|Shipped|||C14797|58039-000|PB|BR|T7||2|5.39|.10252|11|11|Y|08-21-2026 16:10:40|08-21-2026 16:01:45||||08-22-2026 10:45:07|08-22-2026 13:26:09|08-22-2026 13:27:46|08-22-2026 14:28:04||08-25-2026 20:48:37|08-25-2026 20:48:37|08-25-2026 20:55:00|100.63|100.74|.11
BRCJM01|BRDUCATIMO|BRDUCATIMO|55716.4|Shipped|||C14253|22620-110|RJ|BR|T7||3|0|0|4|4|Y|08-21-2026 16:10:40|08-21-2026 16:01:49||||08-22-2026 10:45:07|08-22-2026 13:21:05|08-22-2026 13:22:39|08-22-2026 14:32:56||08-25-2026 20:48:51|08-25-2026 20:48:51|08-25-2026 20:55:00|100.64|100.74|.1
BRCJM01|BRDUCATIMO|BRDUCATIMO|55717.4|Shipped|||C10528|74210-098|GO|BR|T7||4|0|0|4|4|Y|08-21-2026 16:05:38|08-21-2026 16:01:56||||08-22-2026 10:45:08|08-22-2026 15:33:22|08-22-2026 15:41:40|08-22-2026 19:02:05||08-25-2026 20:49:06|08-25-2026 20:49:06|08-25-2026 20:54:58|100.72|100.82|.1
BRCJM01|BRDUCATIMO|BRDUCATIMO|55718.4|Shipped|||C13752|04090000|SP||T7||7|0|0|7|7|Y|08-21-2026 16:05:38|08-21-2026 16:02:04||||08-22-2026 10:45:08|08-25-2026 18:28:00|08-25-2026 18:39:20|08-26-2026 09:08:58||08-27-2026 10:41:09|08-27-2026 10:41:09|08-27-2026 10:45:06|138.59|138.66|.07
BRCJM01|BRDUCATIMO|BRDUCATIMO|55719.4|Shipped|||C14253|22620-110|RJ|BR|T7||1|0|0|1|1|Y|08-21-2026 16:05:38|08-21-2026 16:02:08||||08-22-2026 10:45:08|08-22-2026 15:48:14|08-22-2026 15:48:14|08-22-2026 18:59:49||08-25-2026 20:49:16|08-25-2026 20:49:16|08-25-2026 20:55:00|100.73|100.82|.1
BRCJM01|BRDUCATIMO|BRDUCATIMO|55720.4|Shipped|||C13752|04090000|SP||T7||4|0|0|5|5|Y|08-21-2026 16:05:38|08-21-2026 16:02:22||||08-22-2026 10:45:08|08-22-2026 15:52:41|08-22-2026 15:56:27|08-22-2026 19:14:39||08-25-2026 20:49:43|08-25-2026 20:49:43|08-25-2026 20:54:58|100.73|100.82|.09
BRCJM01|BRDUCATIMO|BRDUCATIMO|55721.4|Shipped|||C14127|88090500|SC||T7||10|.48|.016667|20|20|Y|08-21-2026 16:12:41|08-21-2026 16:02:30||||08-22-2026 10:45:08|08-26-2026 03:14:25|08-26-2026 03:29:28|08-26-2026 10:49:55||08-27-2026 10:41:18|08-27-2026 10:41:18|08-27-2026 10:45:06|138.48|138.54|.06
BRCJM01|BRDUCATIMO|BRDUCATIMO|55722.4|Shipped|||C8302|71200-037|DF|BR|T7||1|0|0|1|1|Y|08-21-2026 16:12:41|08-21-2026 16:02:35||||08-22-2026 10:45:09|08-22-2026 15:44:42|08-22-2026 15:44:42|08-22-2026 19:10:30||08-25-2026 20:49:53|08-25-2026 20:49:53|08-25-2026 20:55:01|100.62|100.71|.09
BRCJM01|BRDUCATIMO|BRDUCATIMO|55723.4|Shipped|||C13752|04090000|SP||T7||7|.605|1.05|8|8|Y|08-21-2026 16:12:41|08-21-2026 16:02:49||||08-22-2026 10:45:09|08-25-2026 22:31:11|08-25-2026 22:44:05|08-26-2026 08:37:41||08-27-2026 10:41:46|08-27-2026 10:41:46|08-27-2026 10:45:06|138.48|138.54|.06
BRCJM01|BRDUCATIMO|BRDUCATIMO|55724.4|Shipped|||C13963|14026040|SP||T7||2|0|0|2|2|Y|08-21-2026 16:12:41|08-21-2026 16:02:49||||08-22-2026 10:45:09|08-22-2026 15:59:45|08-22-2026 16:01:17|08-22-2026 19:33:20||08-25-2026 20:50:18|08-25-2026 20:50:18|08-25-2026 20:54:59|100.63|100.71|.08
BRCJM01|BRDUCATIMO|BRDUCATIMO|55725.4|Shipped|||C14091|29060220|ES||T7||4|0|0|5|5|Y|08-21-2026 16:12:41|08-21-2026 16:02:58||||08-22-2026 10:45:09|08-22-2026 16:10:50|08-22-2026 16:15:21|08-22-2026 19:20:45||08-25-2026 20:51:10|08-25-2026 20:51:10|08-25-2026 20:54:59|100.64|100.71|.06
BRCJM01|BRDUCATIMO|BRDUCATIMO|55726.4|Shipped|||C14253|22620-110|RJ|BR|T7||1|0|0|1|1|Y|08-21-2026 16:12:41|08-21-2026 16:03:03||||08-22-2026 10:45:09|08-22-2026 16:30:43|08-22-2026 16:30:43|08-22-2026 19:06:50||08-25-2026 20:51:33|08-25-2026 20:51:33|08-25-2026 20:55:00|100.65|100.71|.06
BRCJM01|BRDUCATIMO|BRDUCATIMO|55727.4|Shipped|||C13752|04090000|SP||T7||9|0|0|32|32|Y|08-21-2026 16:05:36|08-21-2026 16:03:14||||08-22-2026 10:45:09|08-24-2026 10:05:57|08-24-2026 10:17:16|08-25-2026 04:09:35||08-26-2026 10:00:02|08-26-2026 10:00:02|08-26-2026 10:09:06|113.91|114.06|.15
BRCJM01|BRDUCATIMO|BRDUCATIMO|55728.4|Shipped|||C14009|90000000|RS||T7||1|0|0|4|4|Y|08-21-2026 16:05:37|08-21-2026 16:03:10||||08-22-2026 10:45:09|08-22-2026 16:27:59|08-22-2026 16:27:59|08-22-2026 19:25:01||08-25-2026 20:51:47|08-25-2026 20:51:47|08-25-2026 20:54:59|100.77|100.82|.05
BRCJM01|BRDUCATIMO|BRDUCATIMO|55729.4|Shipped|||C14253|22620-110|RJ|BR|T7||1|0|0|1|1|Y|08-21-2026 16:17:43|08-21-2026 16:03:16||||08-22-2026 10:45:10|08-22-2026 19:32:58|08-22-2026 19:32:58|08-24-2026 06:47:37||08-25-2026 20:52:00|08-25-2026 20:52:00|08-25-2026 20:55:00|100.57|100.62|.05
BRCJM01|BRDUCATIMO|BRDUCATIMO|55730.4|Shipped|||C14253|22620-110|RJ|BR|T7||1|0|0|1|1|Y|08-21-2026 16:17:43|08-21-2026 16:03:26||||08-22-2026 10:45:10|08-22-2026 16:57:37|08-22-2026 16:57:37|08-22-2026 18:56:50||08-25-2026 20:52:10|08-25-2026 20:52:10|08-25-2026 20:55:00|100.57|100.62|.05
BRCJM01|BRDUCATIMO|BRDUCATIMO|55731.4|Shipped|||C14253|22620-110|RJ|BR|T7||3|0|0|4|4|Y|08-21-2026 16:18:45|08-21-2026 16:03:29||||08-22-2026 10:45:10|08-22-2026 19:24:55|08-22-2026 19:31:20|08-24-2026 06:44:20||08-25-2026 20:52:51|08-25-2026 20:52:51|08-25-2026 20:55:00|100.57|100.6|.04
BRCJM01|BRDUCATIMO|BRDUCATIMO|55732.4|Shipped|||C9969|13023-075|SP|BR|T7||7|1.02|.037333|15|15|Y|08-21-2026 11:31:51|08-21-2026 11:26:13||||08-21-2026 11:32:59|08-21-2026 11:41:42|08-21-2026 12:01:17|08-21-2026 12:12:32||08-25-2026 20:53:04|08-25-2026 20:53:04|08-25-2026 20:55:01|105.35|105.39|.03
BRCJM01|BRDUCATIMO|BRDUCATIMO|55733.4|Shipped|||C9969|13023-075|SP|BR|T7||2|0|0|8|8|Y|08-21-2026 16:18:45|08-21-2026 16:03:33|||08-25-2026 07:47:20|08-25-2026 07:49:50|08-25-2026 08:00:02|08-25-2026 08:00:15|08-25-2026 08:03:31||08-26-2026 10:00:57|08-26-2026 10:00:57|08-26-2026 10:09:08|113.7|113.84|.14
BRCJM01|BRDUCATIMO|BRDUCATIMO|55734.4|Shipped|||C13752|04090000|SP||T7||1|.255|.001|1|1|Y|08-21-2026 16:18:45|08-21-2026 16:03:38||||08-22-2026 10:45:10|08-22-2026 16:55:27|08-22-2026 16:55:27|08-22-2026 19:29:52||08-25-2026 20:53:14|08-25-2026 20:53:14|08-25-2026 20:54:58|100.57|100.6|.03
BRCJM01|BRDUCATIMO|BRDUCATIMO|55735.4|Shipped|||C14009|90000000|RS||T7||1|.055|1|1|1|Y|08-21-2026 16:18:45|08-21-2026 16:03:42||||08-22-2026 10:45:10|08-22-2026 19:20:11|08-22-2026 19:20:11|08-24-2026 06:46:06||08-25-2026 20:53:27|08-25-2026 20:53:27|08-25-2026 20:54:59|100.58|100.6|.03
BRCJM01|BRDUCATIMO|BRDUCATIMO|55736.4|Shipped|||C13752|04090000|SP||T7||3|.41|.021667|8|8|Y|08-21-2026 16:12:41|08-21-2026 16:03:46||||08-22-2026 10:45:10|08-22-2026 19:41:49|08-23-2026 23:06:23|08-24-2026 06:35:16||08-25-2026 20:53:41|08-25-2026 20:53:41|08-25-2026 20:54:59|100.68|100.71|.02
BRCJM01|BRDUCATIMO|BRDUCATIMO|55737.4|Shipped|||C8797|80740-000|PR|BR|T7||1|0|0|1|1|Y|08-21-2026 16:12:42|08-21-2026 16:03:50||||08-22-2026 10:45:10|08-24-2026 10:04:03|08-24-2026 10:04:04|08-25-2026 03:01:22||08-26-2026 10:01:08|08-26-2026 10:01:08|08-26-2026 10:09:07|113.81|113.94|.13
BRCJM01|BRDUCATIMO|BRDUCATIMO|55738.4|Shipped|||C9663|06455-000|SP|BR|T7||1|0|0|2|2|Y|08-21-2026 16:12:42|08-21-2026 16:03:58||||08-22-2026 10:45:10|08-22-2026 16:22:44|08-22-2026 16:22:44|08-22-2026 19:23:06||08-25-2026 20:53:53|08-25-2026 20:53:53|08-25-2026 20:55:01|100.69|100.71|.02
BRCJM01|BRDUCATIMO|BRDUCATIMO|55739.4|Shipped|||C9969|13023-075|SP|BR|T7||1|0|0|2|2|Y|08-21-2026 16:12:42|08-21-2026 16:03:59||||08-22-2026 10:45:10|08-22-2026 16:33:26|08-22-2026 16:33:26|08-22-2026 19:27:12||08-25-2026 20:54:07|08-25-2026 20:54:07|08-25-2026 20:55:01|100.69|100.71|.02
BRCJM01|BRDUCATIMO|BRDUCATIMO|55740.4|Shipped|||C13963|14026040|SP||T7||1|0|0|1|1|Y|08-21-2026 16:12:42|08-21-2026 16:04:09||||08-22-2026 10:45:11|08-24-2026 21:46:38|08-24-2026 21:46:38|08-25-2026 07:30:06||08-25-2026 10:21:36|08-25-2026 10:21:36|08-25-2026 11:09:37|90.15|90.95|.8
BRCJM01|BRDUCATIMO|BRDUCATIMO|55741.4|Shipped|||C9969|13023-075|SP|BR|T7||1|0|0|1|1|Y|08-24-2026 16:27:01|08-24-2026 16:23:06||||08-24-2026 16:38:35|08-24-2026 23:12:50|08-24-2026 23:12:50|08-25-2026 07:10:58||09-01-2026 10:16:11|09-01-2026 10:16:11|09-01-2026 10:19:49|185.82|185.88|.06
BRCJM01|BRDUCATIMO|BRDUCATIMO|55742.4|Shipped|||C9969|13023-075|SP|BR|T7||1|0|0|1|1|Y|08-25-2026 07:42:49|08-25-2026 07:37:43||||08-25-2026 07:45:10|08-25-2026 08:12:25|08-25-2026 08:12:25|08-25-2026 08:29:14||08-25-2026 09:25:55|08-25-2026 09:25:55|08-25-2026 11:09:38|1.72|3.45|1.73
BRCJM01|BRDUCATIMO|BRDUCATIMO|55743.4|Shipped|||C9969|13023-075|SP|BR|T7||1|0|0|1|1|Y|08-25-2026 07:42:49|08-25-2026 07:37:50||||08-25-2026 07:45:10|08-25-2026 08:29:24|08-25-2026 08:29:24|08-25-2026 08:43:08||08-25-2026 09:25:45|08-25-2026 09:25:45|08-25-2026 11:09:38|1.72|3.45|1.73
BRCJM01|BRDUCATIMO|BRDUCATIMO|55744.4|Shipped|||C9663|06455-000|SP|BR|T7||4|0|0|5|5|Y|08-24-2026 12:43:41|08-24-2026 12:39:57||||08-24-2026 13:57:44|08-24-2026 15:36:36|08-24-2026 15:40:36|08-24-2026 21:49:50||08-26-2026 10:01:55|08-26-2026 10:01:55|08-26-2026 10:09:07|45.3|45.42|.12
BRCJM01|BRDUCATIMO|BRDUCATIMO|55745.4|Shipped|||C9969|13023-075|SP|BR|T7||8|.63|.017667|8|8|Y|08-24-2026 12:43:41|08-24-2026 12:40:06||||08-24-2026 13:57:44|08-24-2026 16:00:33|08-24-2026 16:20:54|08-24-2026 20:26:45||08-26-2026 10:02:16|08-26-2026 10:02:16|08-26-2026 10:09:08|45.31|45.42|.11
BRCJM01|BRDUCATIMO|BRDUCATIMO|55746.4|Shipped|||C8797|80740-000|PR|BR|T7||4|5505|.000055|5|5|Y|08-25-2026 14:49:14|08-25-2026 14:45:20||||08-25-2026 14:56:07|08-25-2026 18:17:01|08-26-2026 09:30:31|08-26-2026 09:56:24||08-27-2026 10:42:34|08-27-2026 10:42:34|08-27-2026 10:45:07|43.89|43.93|.04
BRCJM01|BRDUCATIMO|BRDUCATIMO|55747.4|Shipped|||C8302|71200-037|DF|BR|T7||8|0|0|8|8|Y|08-24-2026 12:43:40|08-24-2026 12:40:17||||08-24-2026 13:57:44|08-24-2026 15:24:29|08-24-2026 15:58:11|08-24-2026 19:49:56||08-26-2026 10:02:55|08-26-2026 10:02:55|08-26-2026 10:09:07|45.32|45.42|.1
BRCJM01|BRDUCATIMO|BRDUCATIMO|55748.4|Shipped|||C14127|88090500|SC||T7||1|0|0|2|2|Y|08-24-2026 12:43:41|08-24-2026 12:40:20||||08-24-2026 13:57:45|08-24-2026 15:46:04|08-24-2026 15:46:04|08-24-2026 19:14:20||08-26-2026 10:03:23|08-26-2026 10:03:23|08-26-2026 10:09:06|45.33|45.42|.1
BRCJM01|BRDUCATIMO|BRDUCATIMO|55749.4|Shipped|||C14422|22790-270|RJ|BR|T7||1|0|0|1|1|Y|08-24-2026 12:43:41|08-24-2026 12:40:28||||08-24-2026 13:57:45|08-24-2026 15:47:52|08-24-2026 15:47:52|08-24-2026 22:16:11||08-26-2026 10:03:37|08-26-2026 10:03:37|08-26-2026 10:09:06|45.33|45.42|.09
BRCJM01|BRDUCATIMO|BRDUCATIMO|55750.4|Shipped|||C9663|06455-000|SP|BR|T7||6|0|0|18|18|Y|08-25-2026 14:49:14|08-25-2026 14:45:21||||08-25-2026 14:56:08|08-26-2026 02:57:07|08-26-2026 03:05:21|08-26-2026 09:57:38||08-28-2026 09:37:17|08-28-2026 09:37:17|08-28-2026 09:44:36|66.8|66.92|.12
BRCJM01|BRDUCATIMO|BRDUCATIMO|55751.4|Shipped|||C9969|13023-075|SP|BR|T7||10|0|0|19|19|Y|08-24-2026 12:43:41|08-24-2026 12:40:39||||08-24-2026 13:57:45|08-24-2026 19:51:58|08-25-2026 00:08:51|08-25-2026 02:40:32||08-26-2026 10:03:50|08-26-2026 10:03:50|08-26-2026 10:09:08|45.34|45.42|.09
BRCJM01|BRDUCATIMO|BRDUCATIMO|55752.4|Shipped|||C8302|71200-037|DF|BR|T7||6|0|0|72|72|Y|08-24-2026 12:43:41|08-24-2026 12:40:41||||08-24-2026 13:57:45|08-24-2026 18:48:13|08-25-2026 11:01:25|08-25-2026 11:02:16||08-26-2026 10:06:42|08-26-2026 10:06:42|08-26-2026 10:09:07|45.38|45.42|.04
BRCJM01|BRDUCATIMO|BRDUCATIMO|55753.4|Shipped|||C14127|88090500|SC||T7||1|0|0|1|1|Y|08-25-2026 14:49:14|08-25-2026 14:45:35||||08-25-2026 14:56:08|08-25-2026 20:24:55|08-25-2026 20:24:55|08-26-2026 04:02:03||08-27-2026 10:42:44|08-27-2026 10:42:44|08-27-2026 10:45:06|43.89|43.93|.04
BRCJM01|BRDUCATIMO|BRDUCATIMO|55754.4|Shipped|||C10528|74210-098|GO|BR|T7||2|0|0|21|21|Y|08-24-2026 12:43:41|08-24-2026 12:40:55||||08-24-2026 13:57:46|08-24-2026 17:04:17|08-24-2026 17:08:00|08-25-2026 02:26:38||08-26-2026 10:06:50|08-26-2026 10:06:50|08-26-2026 10:09:06|45.39|45.42|.04
BRCJM01|BRDUCATIMO|BRDUCATIMO|55755.4|Shipped|||C14797|58039-000|PB|BR|T7||2|0|0|8|8|Y|08-24-2026 12:44:42|08-24-2026 12:40:56||||08-24-2026 13:57:46|08-24-2026 16:28:19|08-24-2026 16:57:14|08-25-2026 02:34:15||08-26-2026 10:07:01|08-26-2026 10:07:01|08-26-2026 10:09:07|45.37|45.41|.04
BRCJM01|BRDUCATIMO|BRDUCATIMO|55756.4|Shipped|||C14009|90000000|RS||T7||1|0|0|1|1|Y|08-24-2026 12:44:42|08-24-2026 12:41:03||||08-24-2026 13:57:46|08-24-2026 21:48:34|08-24-2026 21:48:34|08-25-2026 01:34:44||08-26-2026 10:07:11|08-26-2026 10:07:11|08-26-2026 10:09:06|45.37|45.41|.03
BRCJM01|BRDUCATIMO|BRDUCATIMO|55757.4|Shipped|||C14422|22790-270|RJ|BR|T7||2|0|0|27|27|Y|08-24-2026 12:44:42|08-24-2026 12:41:04||||08-24-2026 13:57:46|08-24-2026 17:02:09|08-24-2026 17:02:43|08-24-2026 20:05:28||08-26-2026 10:07:38|08-26-2026 10:07:38|08-26-2026 10:09:07|45.38|45.41|.02
BRCJM01|BRDUCATIMO|BRDUCATIMO|55758.4|Shipped|||C9663|06455-000|SP|BR|T7||1|0|0|1|1|Y|08-24-2026 12:44:42|08-24-2026 12:41:11||||08-24-2026 13:57:46|08-24-2026 16:25:18|08-24-2026 16:25:18|08-24-2026 20:12:03||08-26-2026 10:07:48|08-26-2026 10:07:48|08-26-2026 10:09:07|45.39|45.41|.02
BRCJM01|BRDUCATIMO|BRDUCATIMO|55759.4|Shipped|||C13963|14026040|SP||T7||1|0|0|1|1|Y|08-24-2026 12:13:32|08-24-2026 12:08:19||||08-24-2026 12:18:14|08-24-2026 23:39:29|08-24-2026 23:39:29|08-25-2026 07:28:32||08-25-2026 10:21:20|08-25-2026 10:21:20|08-25-2026 11:09:37|22.13|22.93|.8
BRCJM01|BRDUCATIMO|BRDUCATIMO|55760.4|Shipped|||C10528|74210-098|GO|BR|T7||1|0|0|1|1|Y|08-24-2026 16:27:01|08-24-2026 16:23:13||||08-24-2026 16:38:35|08-24-2026 21:59:57|08-24-2026 21:59:57|08-25-2026 07:13:53||08-25-2026 08:55:42|08-25-2026 08:55:42|08-25-2026 11:09:36|16.48|18.71|2.23
BRCJM01|BRDUCATIMO|BRDUCATIMO|55761.4|Shipped|||C10528|74210-098|GO|BR|T7||1|0|0|1|1|Y|08-24-2026 16:27:01|08-24-2026 16:23:15||||08-24-2026 16:38:36|08-24-2026 22:11:57|08-24-2026 22:11:57|08-25-2026 07:15:20||08-25-2026 08:55:59|08-25-2026 08:55:59|08-25-2026 11:09:37|16.48|18.71|2.23
BRCJM01|BRDUCATIMO|BRDUCATIMO|55763.4|Shipped|||C9969|13023-075|SP|BR|T7||1|0|0|1|1|Y|08-24-2026 16:27:01|08-24-2026 16:23:23||||08-24-2026 16:38:36|08-24-2026 22:40:31|08-24-2026 22:40:31|08-25-2026 07:10:40||09-01-2026 10:16:20|09-01-2026 10:16:20|09-01-2026 10:19:49|185.82|185.88|.06
BRCJM01|BRDUCATIMO|BRDUCATIMO|55764.4|Shipped|||C9969|13023-075|SP|BR|T7||1|0|0|1|1|Y|08-24-2026 16:27:01|08-24-2026 16:23:29||||08-24-2026 16:38:36|08-24-2026 22:57:01|08-24-2026 22:57:01|08-25-2026 07:12:19||09-01-2026 10:16:33|09-01-2026 10:16:33|09-01-2026 10:19:49|185.83|185.88|.05
BRCJM01|BRDUCATIMO|BRDUCATIMO|55765.4|Shipped|||C14797|58039-000|PB|BR|T7||5|0|0|6|6|Y|08-24-2026 16:27:01|08-24-2026 16:23:38||||08-24-2026 16:38:36|08-24-2026 18:58:59|08-24-2026 19:05:50|08-24-2026 20:34:53||08-26-2026 10:08:05|08-26-2026 10:08:05|08-26-2026 10:09:07|41.68|41.7|.02
BRCJM01|BRDUCATIMO|BRDUCATIMO|55766.4|Shipped|||C8302|71200-037|DF|BR|T7||1|0|0|2|2|Y|08-24-2026 16:27:02|08-24-2026 16:23:45||||08-24-2026 16:38:36|08-24-2026 19:11:17|08-24-2026 19:11:17|08-24-2026 23:56:31||08-26-2026 10:08:13|08-26-2026 10:08:13|08-26-2026 10:09:07|41.69|41.7|.02
BRCJM01|BRDUCATIMO|BRDUCATIMO|55767.4|Shipped|||C14253|22620-110|RJ|BR|T7||6|.64|.008|13|13|Y|08-26-2026 10:21:59|08-26-2026 10:17:27||||08-26-2026 14:03:59|08-26-2026 16:02:04|08-26-2026 16:11:22|08-26-2026 17:13:26||08-28-2026 09:37:28|08-28-2026 09:37:28|08-28-2026 09:44:35|47.26|47.38|.12
BRCJM01|BRDUCATIMO|BRDUCATIMO|55772.4|Shipped|||C13752|04090000|SP||T7||1|0|0|1|1|Y|08-26-2026 17:46:00|08-26-2026 17:40:36||||08-26-2026 17:52:42|08-26-2026 21:21:20|08-26-2026 21:21:20|08-27-2026 07:45:46||08-27-2026 09:39:29|08-27-2026 09:39:29|08-27-2026 10:23:16|15.89|16.62|.73
BRCJM01|BRDUCATIMO|BRDUCATIMO|55773.4|Shipped|||C13752|04090000|SP||T7||1|0|0|1|1|Y|08-26-2026 17:46:02|08-26-2026 17:40:44||||08-26-2026 17:52:42|08-26-2026 21:45:00|08-26-2026 21:45:00|08-27-2026 07:46:36||08-27-2026 09:39:41|08-27-2026 09:39:41|08-27-2026 10:23:16|15.89|16.62|.73
BRCJM01|BRDUCATIMO|BRDUCATIMO|55777.4|Shipped|||C14009|90000000|RS||T7||3|1|.083333|9|9|Y|08-25-2026 14:55:16|08-25-2026 14:50:52||||08-25-2026 15:09:22|08-25-2026 19:17:27|08-25-2026 19:24:16|08-26-2026 09:37:23||08-28-2026 09:37:37|08-28-2026 09:37:37|08-28-2026 09:44:35|66.71|66.82|.12
BRCJM01|BRDUCATIMO|BRDUCATIMO|55778.4|Shipped|||C14127|88090500|SC||T7||5|.54|.5|44|44|Y|08-25-2026 14:55:16|08-25-2026 14:51:04||||08-25-2026 15:09:22|08-25-2026 19:36:25|08-25-2026 20:01:17|08-26-2026 04:21:26||08-27-2026 10:42:53|08-27-2026 10:42:53|08-27-2026 10:45:06|43.79|43.83|.04
BRCJM01|BRDUCATIMO|BRDUCATIMO|55779.4|Shipped|||C9969|13023-075|SP|BR|T7||2|1.7|.016667|4|4|Y|08-25-2026 14:55:16|08-25-2026 14:51:05||||08-25-2026 15:09:22|08-25-2026 19:26:22|08-25-2026 19:31:36|08-26-2026 04:38:03||08-27-2026 10:43:04|08-27-2026 10:43:04|08-27-2026 10:45:07|43.8|43.83|.03
BRCJM01|BRDUCATIMO|BRDUCATIMO|55780.4|Shipped|||C8302|71200-037|DF|BR|T7||1|.81|.012|6|6|Y|08-25-2026 14:55:16|08-25-2026 14:51:15||||08-25-2026 15:09:22|08-25-2026 20:28:04|08-25-2026 20:28:04|08-26-2026 04:31:42||08-27-2026 10:43:14|08-27-2026 10:43:14|08-27-2026 10:45:07|43.8|43.83|.03
BRCJM01|BRDUCATIMO|BRDUCATIMO|55781.4|Shipped|||C9663|06455-000|SP|BR|T7||1|0|0|1|1|Y|08-25-2026 14:55:16|08-25-2026 14:51:17||||08-25-2026 15:09:23|08-26-2026 05:05:38|08-26-2026 05:05:38|08-27-2026 07:44:44||08-27-2026 09:39:35|08-27-2026 09:39:35|08-27-2026 10:23:16|42.74|43.47|.73
BRCJM01|BRDUCATIMO|BRDUCATIMO|55782.4|Shipped|||C9663|06455-000|SP|BR|T7||1|0|0|1|1|Y|08-25-2026 14:55:16|08-25-2026 14:51:26||||08-25-2026 15:09:23|08-26-2026 05:24:09|08-26-2026 05:24:09|08-27-2026 07:45:14||08-27-2026 09:39:18|08-27-2026 09:39:18|08-27-2026 10:23:16|42.73|43.47|.73
BRCJM01|BRDUCATIMO|BRDUCATIMO|55784.4|Shipped|||C13752|04090000|SP||T7||3|1.79|.06|14|14|Y|08-25-2026 14:55:16|08-25-2026 14:51:27||||08-25-2026 15:09:23|08-25-2026 19:05:47|08-26-2026 09:44:48|08-26-2026 09:45:13||08-28-2026 09:37:43|08-28-2026 09:37:43|08-28-2026 09:44:34|66.71|66.82|.11
BRCJM01|BRDUCATIMO|BRDUCATIMO|55785.4|Shipped|||C13963|14026040|SP||T7||1|0|0|1|1|Y|08-25-2026 14:55:17|08-25-2026 14:51:37||||08-25-2026 15:09:23|08-25-2026 20:37:02|08-25-2026 20:37:02|08-26-2026 09:14:33||08-27-2026 10:43:21|08-27-2026 10:43:21|08-27-2026 10:45:06|43.8|43.83|.03
BRCJM01|BRDUCATIMO|BRDUCATIMO|55786.4|Shipped|||C13752|04090000|SP||T7||3|7.4|.166667|30|30|Y|08-25-2026 14:55:17|08-25-2026 14:51:40||||08-25-2026 15:09:23|08-25-2026 20:34:34|08-25-2026 20:40:08|08-26-2026 09:28:01||08-28-2026 09:38:07|08-28-2026 09:38:07|08-28-2026 09:44:34|66.71|66.82|.11
BRCJM01|BRDUCATIMO|BRDUCATIMO|55787.4|Shipped|||C14422|22790-270|RJ|BR|T7||10|14.17|.76008|124|124|Y|08-25-2026 14:55:16|08-25-2026 14:51:51||||08-25-2026 15:09:23|08-26-2026 02:11:32|08-26-2026 05:15:37|08-26-2026 05:27:38||08-27-2026 10:43:54|08-27-2026 10:43:54|08-27-2026 10:45:07|43.81|43.83|.02
BRCJM01|BRDUCATIMO|BRDUCATIMO|55788.4|Shipped|||C13752|04090000|SP||T7||1|0|0|1|1|Y|08-26-2026 17:46:02|08-26-2026 17:40:47||||08-26-2026 17:52:42|08-26-2026 21:59:20|08-26-2026 21:59:20|08-27-2026 07:46:05||08-27-2026 09:39:49|08-27-2026 09:39:50|08-27-2026 10:23:16|15.9|16.62|.72
BRCJM01|BRDUCATIMO|BRDUCATIMO|55790.4|Shipped|||C9969|13023-075|SP|BR|T7||1|1.2|.166667|10|10|Y|08-26-2026 10:21:59|08-26-2026 10:17:38||||08-26-2026 14:04:00|08-26-2026 16:41:05|08-26-2026 16:41:05|08-26-2026 16:56:50||08-28-2026 09:38:14|08-28-2026 09:38:14|08-28-2026 09:44:36|47.27|47.38|.11
BRCJM01|BRDUCATIMO|BRDUCATIMO|55791.4|Shipped|||C9969|13023-075|SP|BR|T7||1|0|0|1|1|Y|08-26-2026 10:21:59|08-26-2026 10:17:42||||08-26-2026 14:04:00|08-26-2026 16:42:32|08-26-2026 16:42:32|08-27-2026 00:51:26||08-28-2026 09:38:31|08-28-2026 09:38:31|08-28-2026 09:44:36|47.28|47.38|.1
BRCJM01|BRDUCATIMO|BRDUCATIMO|55792.4|Shipped|||C14009|90000000|RS||T7||2|0|0|2|2|Y|08-26-2026 10:21:59|08-26-2026 10:17:44||||08-26-2026 14:04:00|08-26-2026 19:01:27|08-26-2026 19:02:46|08-27-2026 00:34:13||08-28-2026 09:38:48|08-28-2026 09:38:48|08-28-2026 09:44:35|47.28|47.38|.1
BRCJM01|BRDUCATIMO|BRDUCATIMO|55793.4|Shipped|||C14091|29060220|ES||T7||22|0|0|32|32|Y|08-26-2026 10:22:00|08-26-2026 10:18:01||||08-26-2026 14:04:00|08-26-2026 15:26:02|08-26-2026 15:53:39|08-26-2026 16:35:48||08-28-2026 09:40:20|08-28-2026 09:40:20|08-28-2026 09:44:35|47.31|47.38|.07
BRCJM01|BRDUCATIMO|BRDUCATIMO|55794.4|Shipped|||C9969|13023-075|SP|BR|T7||5|.9|.1|19|19|Y|08-26-2026 10:22:00|08-26-2026 10:17:53||||08-26-2026 14:04:00|08-27-2026 01:32:39|08-27-2026 01:41:01|08-27-2026 02:24:02||08-28-2026 09:40:29|08-28-2026 09:40:29|08-28-2026 09:44:36|47.31|47.38|.07
BRCJM01|BRDUCATIMO|BRDUCATIMO|55795.4|Shipped|||C8797|80740-000|PR|BR|T7||6|.24|.017667|6|6|Y|08-26-2026 10:28:04|08-26-2026 10:18:06||||08-26-2026 14:04:01|08-26-2026 18:54:06|08-26-2026 18:58:47|08-27-2026 00:48:03||08-28-2026 09:40:41|08-28-2026 09:40:41|08-28-2026 09:44:36|47.21|47.28|.07
BRCJM01|BRDUCATIMO|BRDUCATIMO|55796.4|Shipped|||C8302|71200-037|DF|BR|T7||2|1.975|.031|4|4|Y|08-26-2026 10:28:05|08-26-2026 10:18:22||||08-26-2026 14:04:02|08-26-2026 18:19:52|08-26-2026 18:21:51|08-27-2026 01:03:53||08-28-2026 09:40:48|08-28-2026 09:40:48|08-28-2026 09:44:35|47.21|47.28|.06
BRCJM01|BRDUCATIMO|BRDUCATIMO|55797.4|Shipped|||C13752|04090000|SP||T7||3|0|0|3|3|Y|08-26-2026 10:28:05|08-26-2026 10:18:33||||08-26-2026 14:04:02|08-26-2026 18:06:02|08-26-2026 18:16:00|08-27-2026 01:10:48||08-28-2026 09:41:00|08-28-2026 09:41:00|08-28-2026 09:44:34|47.22|47.27|.06
BRCJM01|BRDUCATIMO|BRDUCATIMO|55798.4|Shipped|||C14091|29060220|ES||T7||1|0|0|1|1|Y|08-26-2026 10:28:05|08-26-2026 10:18:35||||08-26-2026 14:04:02|08-26-2026 16:29:21|08-26-2026 16:29:21|08-27-2026 00:55:18||08-28-2026 09:41:09|08-28-2026 09:41:09|08-28-2026 09:44:35|47.22|47.28|.06
BRCJM01|BRDUCATIMO|BRDUCATIMO|55799.4|Shipped|||C8797|80740-000|PR|BR|T7||1|0|0|1|1|Y|08-26-2026 10:28:05|08-26-2026 10:18:41||||08-26-2026 14:04:02|08-26-2026 16:31:20|08-26-2026 16:31:20|08-27-2026 00:53:49||08-28-2026 09:41:17|08-28-2026 09:41:17|08-28-2026 09:44:36|47.22|47.28|.06
BRCJM01|BRDUCATIMO|BRDUCATIMO|55800.4|Shipped|||C13752|04090000|SP||T7||6|0|0|11|11|Y|08-26-2026 10:28:05|08-26-2026 10:18:46||||08-26-2026 14:04:02|08-26-2026 17:54:47|08-26-2026 18:01:11|08-27-2026 01:08:23||08-28-2026 09:41:25|08-28-2026 09:41:25|08-28-2026 09:44:34|47.22|47.27|.05
BRCJM01|BRDUCATIMO|BRDUCATIMO|55801.4|Shipped|||C9969|13023-075|SP|BR|T7||3|.78|.1|13|13|Y|08-26-2026 10:22:00|08-26-2026 10:18:49||||08-26-2026 14:04:02|08-26-2026 17:35:41|08-26-2026 19:17:11|08-27-2026 00:26:09||08-28-2026 09:41:34|08-28-2026 09:41:34|08-28-2026 09:44:36|47.33|47.38|.05
BRCJM01|BRDUCATIMO|BRDUCATIMO|55802.4|Shipped|||C8302|71200-037|DF|BR|T7||3|.3|.499999|37|37|Y|08-26-2026 10:22:00|08-26-2026 10:18:59||||08-26-2026 14:04:02|08-26-2026 17:07:37|08-26-2026 17:22:14|08-27-2026 01:01:34||08-28-2026 09:42:00|08-28-2026 09:42:00|08-28-2026 09:44:35|47.33|47.38|.04
BRCJM01|BRDUCATIMO|BRDUCATIMO|55803.4|Shipped|||C16336|30494-270|MG|BR|T7||1|0|0|1|1|Y|08-26-2026 10:22:00|08-26-2026 10:18:58||||08-26-2026 14:04:02|08-26-2026 16:32:43|08-26-2026 16:32:43|08-26-2026 17:00:09||08-28-2026 09:42:22|08-28-2026 09:42:22|08-28-2026 09:44:35|47.34|47.38|.04
BRCJM01|BRDUCATIMO|BRDUCATIMO|55804.4|Shipped|||C13752|04090000|SP||T7||3|7.46|10.016667|12|12|Y|08-26-2026 10:22:00|08-26-2026 10:19:07||||08-26-2026 14:04:03|08-26-2026 17:28:26|08-26-2026 17:30:07|08-27-2026 01:06:13||08-28-2026 09:42:37|08-28-2026 09:42:37|08-28-2026 09:44:34|47.34|47.38|.03
BRCJM01|BRDUCATIMO|BRDUCATIMO|55805.4|Shipped|||C14253|22620-110|RJ|BR|T7||1|0|0|1|1|Y|08-26-2026 10:28:04|08-26-2026 10:19:07||||08-26-2026 14:04:03|08-26-2026 16:34:39|08-26-2026 16:34:39|08-26-2026 16:54:52||08-28-2026 09:42:50|08-28-2026 09:42:50|08-28-2026 09:44:35|47.25|47.28|.03
BRCJM01|BRDUCATIMO|BRDUCATIMO|55812.4|Shipped|||C9969|13023-075|SP|BR|T7||2|.64|.066667|5|5|Y|08-26-2026 17:57:06|08-26-2026 17:52:30||||08-27-2026 08:00:30|08-27-2026 08:26:53|08-27-2026 08:28:34|08-27-2026 08:55:00||08-28-2026 09:42:59|08-28-2026 09:42:59|08-28-2026 09:44:36|39.76|39.79|.03
BRCJM01|BRDUCATIMO|BRDUCATIMO|55813.4|Shipped|||C14009|90000000|RS||T7||3|2.4|.268667|18|18|Y|08-26-2026 17:57:06|08-26-2026 17:52:37||||08-27-2026 08:00:30|08-27-2026 08:30:19|08-27-2026 08:32:35|08-27-2026 09:05:28||08-28-2026 09:43:14|08-28-2026 09:43:14|08-28-2026 09:44:35|39.77|39.79|.02
BRCJM01|BRDUCATIMO|BRDUCATIMO|55814.4|Shipped|||C10528|74210-098|GO|BR|T7||1|0|0|5|5|Y|08-26-2026 17:57:06|08-26-2026 17:52:39||||08-27-2026 08:00:30|08-27-2026 08:36:57|08-27-2026 08:36:57|08-27-2026 08:56:26||08-28-2026 09:43:22|08-28-2026 09:43:22|08-28-2026 09:44:34|39.77|39.79|.02
BRCJM01|BRDUCATIMO|BRDUCATIMO|55815.4|Shipped|||C8302|71200-037|DF|BR|T7||1|7.35|.00756|15|15|Y|08-26-2026 17:58:07|08-26-2026 17:52:45||||08-27-2026 08:00:30|08-27-2026 08:39:03|08-27-2026 08:39:03|08-27-2026 08:58:46||08-28-2026 09:43:36|08-28-2026 09:43:36|08-28-2026 09:44:35|39.76|39.77|.02
BRCJM01|BRDUCATIMO|BRDUCATIMO|55816.4|Shipped|||C14127|88090500|SC||T7||6|0|0|41|41|Y|08-26-2026 17:58:07|08-26-2026 17:52:48|||08-28-2026 10:01:36|08-28-2026 10:05:08|08-28-2026 19:16:33|08-28-2026 19:52:48|08-29-2026 11:23:34||09-02-2026 10:44:15|09-02-2026 10:44:15|09-02-2026 10:55:51|160.77|160.96|.19
BRCJM01|BRDUCATIMO|BRDUCATIMO|55817.4|Shipped|||C14091|29060220|ES||T7||1|17.15|.01764|35|35|Y|08-26-2026 17:58:07|08-26-2026 17:52:50||||08-27-2026 08:00:31|08-27-2026 08:41:21|08-27-2026 08:42:26|08-27-2026 09:09:10||08-28-2026 09:43:55|08-28-2026 09:43:55|08-28-2026 09:44:35|39.76|39.77|.01
BRCJM01|BRDUCATIMO|BRDUCATIMO|55818.4|Shipped|||C13752|04090000|SP||T7||1|0|0|1|1|Y|08-27-2026 15:26:11|08-27-2026 15:22:15||||08-27-2026 16:27:25|08-28-2026 08:55:50|08-28-2026 08:55:50|08-29-2026 13:47:48||09-10-2026 09:48:13|09-10-2026 09:48:13|09-10-2026 09:56:58|330.37|330.51|.15
BRCJM01|BRDUCATIMO|BRDUCATIMO|55819.4|Shipped|||C9663|06455-000|SP|BR|T7||3|0|0|3|3|Y|08-27-2026 15:26:12|08-27-2026 15:22:24||||08-27-2026 16:27:25|08-28-2026 10:42:29|08-28-2026 19:01:52|08-29-2026 10:37:27||09-02-2026 10:44:46|09-02-2026 10:44:46|09-02-2026 10:55:52|139.31|139.49|.19
BRCJM01|BRDUCATIMO|BRDUCATIMO|55821.4|Shipped|||C8302|71200-037|DF|BR|T7||2|0|0|2|2|Y|08-27-2026 15:26:13|08-27-2026 15:22:35||||08-27-2026 16:27:25|08-28-2026 10:41:15|08-28-2026 15:52:00|08-29-2026 10:28:40||09-02-2026 10:45:05|09-02-2026 10:45:05|09-02-2026 10:55:52|139.31|139.49|.18
BRCJM01|BRDUCATIMO|BRDUCATIMO|55822.4|Shipped|||C14127|88090500|SC||T7||1|0|0|1|1|Y|08-27-2026 15:26:13|08-27-2026 15:22:36||||08-27-2026 16:27:25|08-28-2026 08:58:02|08-28-2026 08:58:02|08-29-2026 13:45:49||09-02-2026 10:45:12|09-02-2026 10:45:12|09-02-2026 10:55:51|139.32|139.49|.18
BRCJM01|BRDUCATIMO|BRDUCATIMO|55823.4|Shipped|||C14009|90000000|RS||T7||1|0|0|1|1|Y|08-27-2026 15:26:13|08-27-2026 15:22:44||||08-27-2026 16:27:25|08-28-2026 09:00:32|08-28-2026 09:00:32|08-29-2026 12:26:56||09-02-2026 10:45:20|09-02-2026 10:45:20|09-02-2026 10:55:50|139.32|139.49|.18
BRCJM01|BRDUCATIMO|BRDUCATIMO|55825.4|Shipped|||C14091|29060220|ES||T7||1|.2|.333333|20|20|Y|08-27-2026 15:26:13|08-27-2026 15:22:52||||08-27-2026 16:27:25|08-28-2026 08:49:10|08-28-2026 08:49:10|08-29-2026 13:42:17||09-02-2026 10:45:35|09-02-2026 10:45:35|09-02-2026 10:55:50|139.32|139.49|.17
BRCJM01|BRDUCATIMO|BRDUCATIMO|55826.4|Shipped|||C13963|14026040|SP||T7||1|0|0|1|1|Y|08-31-2026 16:11:31|08-31-2026 16:06:19||||08-31-2026 16:40:24|09-01-2026 01:31:29|09-01-2026 01:31:29|09-01-2026 07:12:20||09-02-2026 10:57:56|09-02-2026 10:57:56|09-03-2026 15:00:31|42.77|70.82|28.04
BRCJM01|BRDUCATIMO|BRDUCATIMO|55827.4|Shipped|||C14091|29060220|ES||T7||1|0|0|1|1|Y|08-27-2026 21:23:16|08-27-2026 21:19:40||||08-27-2026 21:30:35|08-28-2026 02:17:21|08-28-2026 02:17:21|08-28-2026 07:02:40||09-10-2026 09:48:39|09-10-2026 09:48:39|09-10-2026 09:56:58|324.42|324.56|.14
BRCJM01|BRDUCATIMO|BRDUCATIMO|55828.4|Shipped|||C8797|80740-000|PR|BR|T7||7|.68|.043333|10|10|Y|08-27-2026 15:26:13|08-27-2026 15:23:02||||08-27-2026 16:27:26|08-28-2026 09:25:05|08-28-2026 09:28:50|08-29-2026 13:39:19||09-02-2026 10:45:46|09-02-2026 10:45:46|09-02-2026 10:55:52|139.33|139.49|.17
BRCJM01|BRDUCATIMO|BRDUCATIMO|55829.4|Shipped|||C8302|71200-037|DF|BR|T7||1|.02|.016667|1|1|Y|08-27-2026 15:26:13|08-27-2026 15:23:00||||08-27-2026 16:27:26|08-28-2026 09:03:04|08-28-2026 09:03:04|08-29-2026 13:43:49||09-02-2026 10:46:57|09-02-2026 10:46:57|09-02-2026 10:55:52|139.35|139.49|.15
BRCJM01|BRDUCATIMO|BRDUCATIMO|55830.4|Shipped|||C16336|30494-270|MG|BR|T7||3|0|0|3|3|Y|08-27-2026 15:26:13|08-27-2026 15:23:10||||08-27-2026 16:27:26|08-28-2026 10:36:25|08-28-2026 10:37:22|08-29-2026 13:29:27||09-02-2026 10:47:58|09-02-2026 10:47:58|09-02-2026 10:55:52|139.36|139.49|.13
BRCJM01|BRDUCATIMO|BRDUCATIMO|55831.4|Shipped|||C13752|04090000|SP||T7||5|.96|.1|21|21|Y|08-27-2026 15:27:14|08-27-2026 15:23:19||||08-27-2026 16:27:26|08-28-2026 10:06:18|08-28-2026 10:10:03|08-29-2026 13:41:08||09-02-2026 10:48:08|09-02-2026 10:48:08|09-02-2026 10:55:50|139.35|139.48|.13
BRCJM01|BRDUCATIMO|BRDUCATIMO|55832.4|Shipped|||C14091|29060220|ES||T7||6|4.26|.066666|11|11|Y|08-27-2026 15:27:14|08-27-2026 15:23:23||||08-27-2026 16:27:26|08-28-2026 10:12:32|08-28-2026 10:26:09|08-29-2026 01:29:14||09-02-2026 10:49:04|09-02-2026 10:49:04|09-02-2026 10:55:51|139.36|139.48|.11
BRCJM01|BRDUCATIMO|BRDUCATIMO|55833.4|Shipped|||C14009|90000000|RS||T7||1|0|0|1|1|Y|08-27-2026 15:27:14|08-27-2026 15:23:31||||08-27-2026 16:27:27|08-28-2026 09:04:30|08-28-2026 09:04:30|08-29-2026 12:50:07||09-02-2026 10:49:14|09-02-2026 10:49:14|09-02-2026 10:55:50|139.37|139.48|.11
BRCJM01|BRDUCATIMO|BRDUCATIMO|55834.4|Shipped|||C14253|22620-110|RJ|BR|T7||8|6.2|.833333|65|65|Y|08-27-2026 15:28:14|08-27-2026 15:23:40||||08-27-2026 16:27:27|08-28-2026 09:30:27|08-28-2026 09:51:22|08-29-2026 12:38:48||09-02-2026 10:49:29|09-02-2026 10:49:29|09-02-2026 10:55:52|139.35|139.46|.11
BRCJM01|BRDUCATIMO|BRDUCATIMO|55835.4|Shipped|||C8302|71200-037|DF|BR|T7||2|0|0|9|9|Y|08-27-2026 15:28:14|08-27-2026 15:23:38||||08-27-2026 16:27:27|08-28-2026 10:30:57|08-29-2026 12:12:46|08-29-2026 12:17:59||09-04-2026 10:57:32|09-04-2026 10:57:32|09-04-2026 10:58:57|187.49|187.51|.02
BRCJM01|BRDUCATIMO|BRDUCATIMO|55836.4|Shipped|||C9969|13023-075|SP|BR|T7||1|2.7|.04|20|20|Y|08-27-2026 15:28:15|08-27-2026 15:23:46||||08-27-2026 16:27:27|08-28-2026 09:08:22|08-28-2026 09:23:17|08-29-2026 13:31:49||09-02-2026 10:49:35|09-02-2026 10:49:36|09-02-2026 10:55:53|139.36|139.46|.11
BRCJM01|BRDUCATIMO|BRDUCATIMO|55837.4|Shipped|||C13752|04090000|SP||T7||1|.54|.008|4|4|Y|08-27-2026 15:28:15|08-27-2026 15:23:52||||08-27-2026 16:27:27|08-28-2026 07:07:55|08-28-2026 07:07:55|08-29-2026 15:39:35||09-02-2026 10:49:44|09-02-2026 10:49:44|09-02-2026 10:55:50|139.36|139.46|.1
BRCJM01|BRDUCATIMO|BRDUCATIMO|55838.4|Shipped|||C14091|29060220|ES||T7||1|7.9|.033333|2|2|Y|08-27-2026 15:28:15|08-27-2026 15:23:54||||08-27-2026 16:27:27|08-28-2026 10:21:05|08-28-2026 10:23:23|08-29-2026 15:32:25||09-02-2026 10:49:55|09-02-2026 10:49:55|09-02-2026 10:55:51|139.36|139.46|.1
BRCJM01|BRDUCATIMO|BRDUCATIMO|55839.4|Shipped|||C13752|04090000|SP||T7||4|2.73|0|9|9|Y|08-27-2026 15:28:15|08-27-2026 15:24:02||||08-27-2026 16:27:27|08-28-2026 08:28:06|08-28-2026 08:34:19|08-29-2026 15:42:40||09-02-2026 10:50:24|09-02-2026 10:50:24|09-02-2026 10:55:50|139.37|139.46|.09
BRCJM01|BRDUCATIMO|BRDUCATIMO|55840.4|Shipped|||C8797|80740-000|PR|BR|T7||5|1.98|.1|16|16|Y|08-27-2026 15:28:15|08-27-2026 15:24:03||||08-27-2026 16:27:28|08-28-2026 07:54:45|08-28-2026 08:05:53|08-29-2026 16:02:52||09-02-2026 10:50:45|09-02-2026 10:50:45|09-02-2026 10:55:52|139.38|139.46|.09
BRCJM01|BRDUCATIMO|BRDUCATIMO|55841.4|Shipped|||C8797|80740-000|PR|BR|T7||1|0|0|1|1|Y|08-27-2026 15:28:15|08-27-2026 15:24:15||||08-27-2026 16:27:28|08-28-2026 07:20:09|08-28-2026 07:20:09|08-29-2026 16:01:12||09-02-2026 10:51:01|09-02-2026 10:51:02|09-02-2026 10:55:52|139.38|139.46|.08
BRCJM01|BRDUCATIMO|BRDUCATIMO|55842.4|Shipped|||C13963|14026040|SP||T7||2|0|0|2|2|Y|08-27-2026 15:28:15|08-27-2026 15:24:16||||08-27-2026 16:27:28|08-28-2026 08:35:31|08-28-2026 08:36:18|08-29-2026 15:29:31||09-02-2026 10:51:46|09-02-2026 10:51:46|09-02-2026 10:55:50|139.39|139.46|.07
BRCJM01|BRDUCATIMO|BRDUCATIMO|55843.4|Shipped|||C14127|88090500|SC||T7||11|.45|.166666|29|29|Y|08-27-2026 15:33:21|08-27-2026 15:24:33||||08-27-2026 16:27:28|08-28-2026 07:25:11|08-28-2026 07:45:54|08-29-2026 15:57:40||09-02-2026 10:52:11|09-02-2026 10:52:11|09-02-2026 10:55:51|139.31|139.38|.06
BRCJM01|BRDUCATIMO|BRDUCATIMO|55844.4|Shipped|||C8302|71200-037|DF|BR|T7||4|.04|.016667|4|4|Y|08-27-2026 15:28:14|08-27-2026 15:24:28||||08-27-2026 16:27:28|08-28-2026 08:07:46|08-28-2026 08:10:58|08-29-2026 15:37:14||09-02-2026 10:52:32|09-02-2026 10:52:32|09-02-2026 10:55:52|139.41|139.46|.06
BRCJM01|BRDUCATIMO|BRDUCATIMO|55845.4|Shipped|||C16336|30494-270|MG|BR|T7||1|2.1|.016667|1|1|Y|08-27-2026 15:28:15|08-27-2026 15:24:41||||08-27-2026 16:27:29|08-28-2026 07:06:07|08-28-2026 07:06:07|08-29-2026 15:34:00||09-02-2026 10:52:40|09-02-2026 10:52:40|09-02-2026 10:55:52|139.41|139.46|.05
BRCJM01|BRDUCATIMO|BRDUCATIMO|55849.4|Shipped|||C13752|04090000|SP||T7||1|0|0|1|1|Y|09-01-2026 16:06:19|09-01-2026 16:01:16||||09-01-2026 16:12:32|09-01-2026 22:56:28|09-01-2026 22:56:28|09-01-2026 23:14:20||09-04-2026 10:36:05|09-04-2026 10:36:05|09-04-2026 10:37:45|66.5|66.52|.03
BRCJM01|BRDUCATIMO|BRDUCATIMO|55850.4|Shipped|||C8302|71200-037|DF|BR|T7||2|.18|.035333|4|4|Y|09-01-2026 16:06:21|09-01-2026 16:01:23||||09-01-2026 16:12:33|09-01-2026 22:49:06|09-01-2026 22:52:17|09-02-2026 08:11:41||09-04-2026 10:36:20|09-04-2026 10:36:20|09-04-2026 10:37:45|66.5|66.52|.02
BRCJM01|BRDUCATIMO|BRDUCATIMO|55851.4|Shipped|||C14009|90000000|RS||T7||2|4|.333333|24|24|Y|09-01-2026 16:06:21|09-01-2026 16:01:26||||09-01-2026 16:12:33|09-01-2026 22:55:49|09-01-2026 22:57:51|09-02-2026 08:15:18||09-04-2026 10:36:47|09-04-2026 10:36:47|09-04-2026 10:37:45|66.51|66.52|.02
BRCJM01|BRDUCATIMO|BRDUCATIMO|55852.4|Shipped|||C8797|80740-000|PR|BR|T7||1|.16|.002|2|2|Y|09-01-2026 16:06:21|09-01-2026 16:01:33||||09-01-2026 16:12:33|09-01-2026 23:05:18|09-01-2026 23:05:18|09-02-2026 11:08:31||09-04-2026 10:36:59|09-04-2026 10:36:59|09-04-2026 10:37:45|66.51|66.52|.01
BRCJM01|BRDUCATIMO|BRDUCATIMO|55854.4|Shipped|||C14127|88090500|SC||T7||1|0|0|1|1|Y|08-27-2026 15:33:21|08-27-2026 15:24:51||||08-27-2026 16:27:29|08-28-2026 07:02:21|08-28-2026 07:02:22|08-29-2026 15:38:40||09-02-2026 10:52:54|09-02-2026 10:52:54|09-02-2026 10:55:51|139.33|139.38|.05
BRCJM01|BRDUCATIMO|BRDUCATIMO|55855.4|Shipped|||C13963|14026040|SP||T7||1|0|0|1|1|Y|09-03-2026 14:31:23|09-03-2026 14:28:23||||09-03-2026 14:38:03|09-04-2026 07:57:22|09-04-2026 07:57:22|09-04-2026 08:00:32||09-04-2026 08:00:52|09-04-2026 08:00:52|09-04-2026 08:01:08|17.49|17.5|0
BRCJM01|BRDUCATIMO|BRDUCATIMO|55858.4|Shipped|||C13752|04090000|SP||T7||3|2.1|.016667|3|3|Y|08-28-2026 16:11:03|08-28-2026 16:06:36||||08-28-2026 16:14:04|08-28-2026 19:44:22|08-28-2026 19:55:41|08-29-2026 11:43:13||09-01-2026 10:17:19|09-01-2026 10:17:19|09-01-2026 10:19:49|90.1|90.15|.04
BRCJM01|BRDUCATIMO|BRDUCATIMO|55859.4|Shipped|||C9663|06455-000|SP|BR|T7||1|0|0|1|1|Y|08-28-2026 09:38:21|08-28-2026 09:27:55||||08-28-2026 10:10:50|08-28-2026 14:41:20|08-28-2026 14:41:20|08-29-2026 12:44:52||09-02-2026 10:53:07|09-02-2026 10:53:07|09-02-2026 10:55:52|121.25|121.29|.05
BRCJM01|BRDUCATIMO|BRDUCATIMO|55860.4|Shipped|||C13752|04090000|SP||T7||3|3.15|.5|34|34|Y|08-28-2026 09:38:23|08-28-2026 09:28:04||||08-28-2026 10:10:50|08-28-2026 14:08:24|08-28-2026 14:26:07|08-29-2026 13:24:19||09-02-2026 10:53:17|09-02-2026 10:53:17|09-02-2026 10:55:50|121.25|121.29|.04
BRCJM01|BRDUCATIMO|BRDUCATIMO|55861.4|Shipped|||C14091|29060220|ES||T7||7|.04|.066668|18|18|Y|08-28-2026 09:38:23|08-28-2026 09:28:07||||08-28-2026 10:10:50|08-28-2026 10:52:13|08-28-2026 13:10:55|08-29-2026 13:28:18||09-02-2026 10:53:24|09-02-2026 10:53:24|09-02-2026 10:55:51|121.25|121.29|.04
BRCJM01|BRDUCATIMO|BRDUCATIMO|55862.4|Shipped|||C13752|04090000|SP||T7||1|0|0|1|1|Y|08-31-2026 16:10:27|08-31-2026 16:06:37||||08-31-2026 16:40:24|08-31-2026 23:13:54|08-31-2026 23:13:54|09-01-2026 07:22:32||09-01-2026 11:52:13|09-01-2026 11:52:13|09-02-2026 09:55:21|19.7|41.75|22.05
BRCJM01|BRDUCATIMO|BRDUCATIMO|55863.4|Shipped|||C14127|88090500|SC||T7||2|.02|.033333|3|3|Y|08-28-2026 09:38:23|08-28-2026 09:28:18||||08-28-2026 10:10:50|08-28-2026 10:49:02|08-28-2026 10:49:22|08-29-2026 12:43:08||09-02-2026 10:53:36|09-02-2026 10:53:36|09-02-2026 10:55:51|121.25|121.29|.04
BRCJM01|BRDUCATIMO|BRDUCATIMO|55866.4|Shipped|||C14009|90000000|RS||T7||6|0|0|86|86|Y|08-28-2026 14:04:08|08-28-2026 14:00:57||||08-28-2026 15:49:40|08-28-2026 19:13:34|08-29-2026 12:54:36|08-29-2026 13:10:07||09-02-2026 10:55:10|09-02-2026 10:55:10|09-02-2026 10:55:50|116.85|116.86|.01
BRCJM01|BRDUCATIMO|BRDUCATIMO|55867.4|Shipped|||C13963|14026040|SP||T7||1|0|0|1|1|Y|08-31-2026 16:11:31|08-31-2026 16:06:23||||08-31-2026 16:40:24|08-31-2026 21:55:00|08-31-2026 21:55:00|09-01-2026 07:21:21||09-02-2026 08:53:27|09-02-2026 08:53:27|09-02-2026 09:55:21|40.7|41.73|1.03
BRCJM01|BRDUCATIMO|BRDUCATIMO|55868.4|Shipped|||C13963|14026040|SP||T7||1|0|0|1|1|Y|08-31-2026 16:10:30|08-31-2026 16:06:37||||08-31-2026 16:40:25|09-01-2026 00:22:54|09-01-2026 00:22:54|09-01-2026 07:13:30||09-02-2026 08:53:52|09-02-2026 08:53:52|09-02-2026 09:55:22|40.72|41.75|1.03
BRCJM01|BRDUCATIMO|BRDUCATIMO|55869.4|Shipped|||C13963|14026040|SP||T7||1|0|0|1|1|Y|08-31-2026 16:10:30|08-31-2026 16:06:45||||08-31-2026 16:40:25|09-01-2026 00:34:59|09-01-2026 00:34:59|09-01-2026 07:13:08||09-02-2026 08:54:04|09-02-2026 08:54:04|09-02-2026 09:55:22|40.73|41.75|1.02
BRCJM01|BRDUCATIMO|BRDUCATIMO|55870.4|Shipped|||C13963|14026040|SP||T7||1|0|0|1|1|Y|08-31-2026 16:16:33|08-31-2026 16:06:27||||08-31-2026 16:40:24|09-01-2026 00:48:47|09-01-2026 00:48:47|09-01-2026 07:12:43||09-02-2026 08:53:37|09-02-2026 08:53:37|09-02-2026 09:55:22|40.62|41.65|1.03
BRCJM01|BRDUCATIMO|BRDUCATIMO|55871.4|Shipped|||C9969|13023-075|SP|BR|T7||18|39.2|.04032|204|204|Y|08-28-2026 16:04:57|08-28-2026 16:00:32||||08-28-2026 16:14:04|08-28-2026 21:09:21|08-28-2026 21:53:35|08-29-2026 11:16:26||09-01-2026 10:19:04|09-01-2026 10:19:05|09-01-2026 10:19:50|90.24|90.25|.01
BRCJM01|BRDUCATIMO|BRDUCATIMO|55874.4|Shipped|||C13963|14026040|SP||T7||1|0|0|1|1|Y|08-31-2026 16:16:33|08-31-2026 16:06:30||||08-31-2026 16:40:24|09-01-2026 01:17:09|09-01-2026 01:17:09|09-02-2026 07:38:04||09-02-2026 08:53:14|09-02-2026 08:53:15|09-02-2026 09:55:22|40.61|41.65|1.04
BRCJM01|BRDUCATIMO|BRDUCATIMO|55875.4|Shipped|||C10528|74210-098|GO|BR|T7||1|0|0|1|1|Y|09-02-2026 13:49:08|09-02-2026 13:44:07||||09-02-2026 14:46:42|09-02-2026 22:34:06|09-02-2026 22:34:06|09-03-2026 07:46:31||09-03-2026 10:35:21|09-03-2026 10:35:21|09-03-2026 15:00:30|20.77|25.19|4.42
BRCJM01|BRDUCATIMO|BRDUCATIMO|55876.4|Shipped|||C10528|74210-098|GO|BR|T7||1|0|0|1|1|Y|09-02-2026 13:49:10|09-02-2026 13:44:19||||09-02-2026 14:46:42|09-03-2026 01:23:12|09-03-2026 01:23:12|09-03-2026 07:42:18||09-03-2026 10:33:44|09-03-2026 10:33:44|09-03-2026 15:00:31|20.74|25.19|4.45
BRCJM01|BRDUCATIMO|BRDUCATIMO|55877.4|Shipped|||C10528|74210-098|GO|BR|T7||1|0|0|1|1|Y|09-02-2026 13:51:10|09-02-2026 13:44:19||||09-02-2026 14:46:42|09-02-2026 22:55:35|09-02-2026 22:55:35|09-03-2026 07:45:00||09-03-2026 10:34:31|09-03-2026 10:34:31|09-03-2026 15:00:31|20.72|25.16|4.43
BRCJM01|BRDUCATIMO|BRDUCATIMO|55878.4|Shipped|||C13752|04090000|SP||T7||1|0|0|1|1|Y|08-31-2026 16:10:30|08-31-2026 16:06:46||||08-31-2026 16:40:25|08-31-2026 23:40:47|08-31-2026 23:40:47|09-01-2026 07:20:12||09-01-2026 11:51:49|09-01-2026 11:51:49|09-02-2026 09:55:21|19.69|41.75|22.06
BRCJM01|BRDUCATIMO|BRDUCATIMO|55879.4|Shipped|||C13752|04090000|SP||T7||1|0|0|1|1|Y|08-31-2026 16:10:30|08-31-2026 16:06:55||||08-31-2026 16:40:25|08-31-2026 22:10:22|08-31-2026 22:10:22|09-01-2026 07:20:51||09-01-2026 11:52:40|09-01-2026 11:52:40|09-02-2026 09:55:21|19.7|41.75|22.04
BRCJM01|BRDUCATIMO|BRDUCATIMO|55884.4|Shipped|||C13752|04090000|SP||T7||1|0|0|1|1|Y|09-10-2026 15:51:42|09-10-2026 15:46:05||||09-10-2026 16:20:57|09-10-2026 21:52:52|09-10-2026 21:52:52|09-11-2026 07:32:49||09-11-2026 09:35:37|09-11-2026 09:35:37|09-11-2026 12:13:02|17.73|20.36|2.62
BRCJM01|BRDUCATIMO|BRDUCATIMO|55885.4|Shipped|||C13752|04090000|SP||T7||1|0|0|1|1|Y|09-10-2026 22:51:11|09-10-2026 22:46:10||||09-10-2026 22:57:12|09-11-2026 01:15:37|09-11-2026 01:15:37|09-11-2026 07:31:42||09-11-2026 09:00:08|09-11-2026 09:00:08|09-11-2026 12:13:02|10.15|13.36|3.22
BRCJM01|BRDUCATIMO|BRDUCATIMO|55888.4|Shipped|||C9663|06455-000|SP|BR|T7||1|0|0|1|1|Y|09-10-2026 15:51:44|09-10-2026 15:46:12||||09-10-2026 16:20:57|09-10-2026 21:41:57|09-10-2026 21:41:57|09-11-2026 07:34:14||09-11-2026 09:34:05|09-11-2026 09:34:05|09-11-2026 12:13:02|17.71|20.36|2.65
BRCJM01|BRDUCATIMO|BRDUCATIMO|55891.4|Shipped|||C9663|06455-000|SP|BR|T7||1|0|0|1|1|Y|09-10-2026 15:51:44|09-10-2026 15:46:15||||09-10-2026 16:20:57|09-10-2026 20:59:59|09-10-2026 20:59:59|09-11-2026 08:11:02||09-12-2026 11:20:20|09-12-2026 11:20:20|09-12-2026 11:27:42|43.48|43.6|.12
BRCJM01|BRDUCATIMO|BRDUCATIMO|55892.4|Shipped|||C9663|06455-000|SP|BR|T7||1|0|0|1|1|Y|09-10-2026 15:51:44|09-10-2026 15:46:19||||09-10-2026 16:20:57|09-10-2026 21:25:54|09-10-2026 21:25:54|09-11-2026 08:10:20||09-12-2026 11:20:40|09-12-2026 11:20:40|09-12-2026 11:27:42|43.48|43.6|.12
BRCJM01|BRDUCATIMO|BRDUCATIMO|55893.4|Shipped|||C8302|71200-037|DF|BR|T7||1|0|0|1|1|Y|09-02-2026 13:51:11|09-02-2026 13:44:29||||09-02-2026 14:46:42|09-02-2026 23:19:39|09-02-2026 23:19:40|09-03-2026 07:48:40||09-03-2026 10:34:01|09-03-2026 10:34:01|09-03-2026 15:00:31|20.71|25.16|4.44
BRCJM01|BRDUCATIMO|BRDUCATIMO|55894.4|Shipped|||C8302|71200-037|DF|BR|T7||1|0|0|1|1|Y|09-02-2026 13:51:11|09-02-2026 13:44:30||||09-02-2026 14:46:42|09-02-2026 23:31:09|09-02-2026 23:31:09|09-03-2026 07:47:43||09-03-2026 10:34:07|09-03-2026 10:34:07|09-03-2026 15:00:31|20.72|25.16|4.44
BRCJM01|BRDUCATIMO|BRDUCATIMO|55895.4|Shipped|||C8302|71200-037|DF|BR|T7||1|0|0|1|1|Y|09-02-2026 13:51:11|09-02-2026 13:44:38||||09-02-2026 14:46:42|09-03-2026 09:10:47|09-03-2026 09:10:47|09-03-2026 09:12:00||09-03-2026 10:33:52|09-03-2026 10:33:52|09-03-2026 15:00:31|20.71|25.16|4.44
BRCJM01|BRDUCATIMO|BRDUCATIMO|55896.4|Shipped|||C8302|71200-037|DF|BR|T7||1|0|0|1|1|Y|09-02-2026 13:51:11|09-02-2026 13:44:39||||09-02-2026 14:46:42|09-03-2026 00:48:53|09-03-2026 00:48:53|09-03-2026 07:44:40||09-03-2026 10:34:21|09-03-2026 10:34:21|09-03-2026 15:00:31|20.72|25.16|4.44
BRCJM01|BRDUCATIMO|BRDUCATIMO|55897.4|Shipped|||C14009|90000000|RS||T7||1|0|0|1|1|Y|09-05-2026 13:34:08|09-05-2026 13:29:06||||09-05-2026 13:59:18|09-07-2026 12:19:54|09-07-2026 12:19:54|09-08-2026 07:36:22||09-08-2026 09:52:38|09-08-2026 09:52:38|09-08-2026 10:04:45|68.31|68.51|.2
BRCJM01|BRDUCATIMO|BRDUCATIMO|55898.4|Shipped|||C14009|90000000|RS||T7||1|0|0|1|1|Y|09-05-2026 13:34:10|09-05-2026 13:29:15||||09-05-2026 13:59:18|09-07-2026 12:28:39|09-07-2026 12:28:40|09-08-2026 07:36:02||09-08-2026 09:52:49|09-08-2026 09:52:49|09-08-2026 10:04:45|68.31|68.51|.2
BRCJM01|BRDUCATIMO|BRDUCATIMO|55899.4|Shipped|||C14127|88090500|SC||T7||1|0|0|1|1|Y|09-08-2026 08:45:11|09-08-2026 08:40:19||||09-08-2026 08:47:46|09-08-2026 08:50:49|09-08-2026 08:50:49|09-08-2026 08:52:26||09-08-2026 09:52:57|09-08-2026 09:52:57|09-08-2026 10:04:45|1.13|1.33|.2
BRCJM01|BRDUCATIMO|BRDUCATIMO|55900.4|Shipped|||C14127|88090500|SC||T7||1|0|0|1|1|Y|09-05-2026 13:34:10|09-05-2026 13:29:18||||09-05-2026 13:59:18|09-07-2026 12:36:03|09-07-2026 12:36:03|09-08-2026 07:32:44||09-08-2026 09:53:07|09-08-2026 09:53:07|09-08-2026 10:04:45|68.32|68.51|.19
BRCJM01|BRDUCATIMO|BRDUCATIMO|55901.4|Shipped|||C14127|88090500|SC||T7||1|0|0|1|1|Y|09-05-2026 13:34:10|09-05-2026 13:29:25||||09-05-2026 13:59:19|09-07-2026 12:43:13|09-07-2026 12:43:13|09-08-2026 07:43:11||09-08-2026 09:53:25|09-08-2026 09:53:25|09-08-2026 10:04:45|68.32|68.51|.19
BRCJM01|BRDUCATIMO|BRDUCATIMO|55902.4|Shipped|||C14127|88090500|SC||T7||1|0|0|1|1|Y|09-05-2026 13:34:10|09-05-2026 13:29:26||||09-05-2026 13:59:19|09-07-2026 12:50:35|09-07-2026 12:50:35|09-08-2026 07:33:09||09-08-2026 09:53:36|09-08-2026 09:53:36|09-08-2026 10:04:45|68.32|68.51|.19
BRCJM01|BRDUCATIMO|BRDUCATIMO|55911.4|Shipped|||C14253|22620-110|RJ|BR|T7||1|0|0|1|1|Y|09-09-2026 15:09:38|09-09-2026 15:04:43||||09-09-2026 16:32:57|09-09-2026 21:10:33|09-09-2026 21:10:33|09-10-2026 07:33:10||09-10-2026 18:02:27|09-10-2026 18:02:27|09-11-2026 12:13:02|26.88|45.06|18.18
BRCJM01|BRDUCATIMO|BRDUCATIMO|55912.4|Shipped|||C14253|22620-110|RJ|BR|T7||1|0|0|1|1|Y|09-09-2026 15:09:39|09-09-2026 15:04:51||||09-09-2026 16:32:57|09-09-2026 21:28:03|09-09-2026 21:28:03|09-10-2026 07:49:42||09-10-2026 18:05:29|09-10-2026 18:05:29|09-11-2026 12:13:02|26.93|45.06|18.13
BRCJM01|BRDUCATIMO|BRDUCATIMO|55913.4|Shipped|||C14253|22620-110|RJ|BR|T7||1|0|0|1|1|Y|09-09-2026 15:09:39|09-09-2026 15:04:51||||09-09-2026 16:32:57|09-09-2026 21:37:59|09-09-2026 21:37:59|09-10-2026 07:43:00||09-10-2026 18:02:45|09-10-2026 18:02:45|09-11-2026 12:13:02|26.88|45.06|18.17
BRCJM01|BRDUCATIMO|BRDUCATIMO|55914.4|Shipped|||C9969|13023-075|SP|BR|T7||1|0|0|1|1|Y|09-08-2026 11:57:20|09-08-2026 11:50:29||||09-08-2026 12:03:24|09-09-2026 00:31:38|09-09-2026 00:31:39|09-09-2026 07:52:26||09-09-2026 09:18:37|09-09-2026 09:18:37|09-09-2026 11:33:13|21.35|23.6|2.24
BRCJM01|BRDUCATIMO|BRDUCATIMO|55921.4|Shipped|||C9969|13023-075|SP|BR|T7||1|0|0|1|1|Y|09-08-2026 11:57:21|09-08-2026 11:50:37||||09-08-2026 12:03:24|09-09-2026 00:22:27|09-09-2026 00:22:27|09-09-2026 07:54:05||09-09-2026 09:18:53|09-09-2026 09:18:53|09-09-2026 11:33:39|21.36|23.61|2.25
BRCJM01|BRDUCATIMO|BRDUCATIMO|55922.4|Shipped|||C9969|13023-075|SP|BR|T7||1|0|0|1|1|Y|09-08-2026 11:57:21|09-08-2026 11:50:38||||09-08-2026 12:03:24|09-08-2026 23:57:48|09-08-2026 23:57:48|09-09-2026 07:55:13||09-09-2026 11:34:40|09-09-2026 11:34:40|09-09-2026 11:34:56|23.62|23.63|0
BRCJM01|BRDUCATIMO|BRDUCATIMO|55923.4|Shipped|||C9969|13023-075|SP|BR|T7||1|0|0|1|1|Y|09-08-2026 11:57:21|09-08-2026 11:50:46||||09-08-2026 12:03:24|09-09-2026 01:04:57|09-09-2026 01:04:57|09-09-2026 07:47:54||09-09-2026 14:21:22|09-09-2026 14:21:22|09-09-2026 14:40:40|26.4|26.72|.32
BRCJM01|BRDUCATIMO|BRDUCATIMO|55924.4|Shipped|||C9969|13023-075|SP|BR|T7||1|0|0|1|1|Y|09-08-2026 11:57:21|09-08-2026 11:50:46||||09-08-2026 12:03:24|09-09-2026 00:53:03|09-09-2026 00:53:03|09-09-2026 07:48:14||09-09-2026 14:21:09|09-09-2026 14:21:09|09-09-2026 14:40:40|26.4|26.72|.33
BRCJM01|BRDUCATIMO|BRDUCATIMO|55925.4|Shipped|||C9969|13023-075|SP|BR|T7||1|0|0|1|1|Y|09-08-2026 11:57:21|09-08-2026 11:50:54||||09-08-2026 12:03:25|09-09-2026 00:43:29|09-09-2026 00:43:29|09-09-2026 07:56:32||09-09-2026 14:22:41|09-09-2026 14:22:41|09-09-2026 14:40:40|26.42|26.72|.3
BRCJM01|BRDUCATIMO|BRDUCATIMO|55927.4|Shipped|||C16336|30494-270|MG|BR|T7||1|0|0|1|1|Y|09-02-2026 17:12:35|09-02-2026 17:08:25||||09-02-2026 17:25:57|09-02-2026 19:03:30|09-02-2026 19:03:30|09-02-2026 20:54:34||09-04-2026 10:57:41|09-04-2026 10:57:41|09-04-2026 10:58:57|41.75|41.77|.02
BRCJM01|BRDUCATIMO|BRDUCATIMO|55928.4|Shipped|||C8318|38400-702|MG|BR|T7||2|2.94|.003024|7|7|Y|09-02-2026 17:12:35|09-02-2026 17:08:34||||09-02-2026 17:25:58|09-02-2026 19:06:34|09-02-2026 19:08:19|09-02-2026 20:45:36||09-04-2026 10:57:52|09-04-2026 10:57:52|09-04-2026 10:58:57|41.75|41.77|.02
BRCJM01|BRDUCATIMO|BRDUCATIMO|55929.4|Shipped|||C14127|88090500|SC||T7||3|.42|.170667|22|22|Y|09-02-2026 17:12:35|09-02-2026 17:08:37||||09-02-2026 17:25:58|09-02-2026 19:18:16|09-02-2026 21:37:32|09-02-2026 22:47:47||09-04-2026 10:58:01|09-04-2026 10:58:01|09-04-2026 10:58:57|41.76|41.77|.02
BRCJM01|BRDUCATIMO|BRDUCATIMO|55930.4|Shipped|||C8797|80740-000|PR|BR|T7||1|.32|.004|4|4|Y|09-02-2026 17:13:35|09-02-2026 17:08:50||||09-02-2026 17:25:58|09-02-2026 19:37:32|09-02-2026 19:37:32|09-02-2026 20:42:49||09-04-2026 10:58:10|09-04-2026 10:58:10|09-04-2026 10:58:57|41.74|41.76|.01
BRCJM01|BRDUCATIMO|BRDUCATIMO|55931.4|Shipped|||C14091|29060220|ES||T7||1|0|0|5|5|Y|09-03-2026 11:17:03|09-03-2026 11:11:35||||09-03-2026 11:22:15|09-03-2026 22:17:08|09-03-2026 22:17:08|09-04-2026 05:23:37||09-08-2026 09:46:44|09-08-2026 09:46:44|09-08-2026 09:48:55|118.49|118.53|.04
BRCJM01|BRDUCATIMO|BRDUCATIMO|55932.4|Shipped|||C13963|14026040|SP||T7||5|15.71|.774227|81|81|Y|09-08-2026 09:42:31|09-08-2026 09:28:56||||09-08-2026 09:50:03|09-08-2026 11:08:25|09-08-2026 11:21:28|09-08-2026 14:01:31||09-10-2026 09:49:31|09-10-2026 09:49:31|09-10-2026 09:56:58|48.12|48.24|.12
BRCJM01|BRDUCATIMO|BRDUCATIMO|55933.4|Shipped|||C9969|13023-075|SP|BR|T7||6|9.99|.255333|20|20|Y|09-02-2026 17:13:35|09-02-2026 17:09:01||||09-02-2026 17:25:58|09-02-2026 19:43:37|09-02-2026 19:57:16|09-02-2026 23:25:09||09-04-2026 10:58:19|09-04-2026 10:58:19|09-04-2026 10:58:57|41.75|41.76|.01
BRCJM01|BRDUCATIMO|BRDUCATIMO|55934.4|Shipped|||C13752|04090000|SP||T7||2|.27|.283333|17|17|Y|09-02-2026 17:13:36|09-02-2026 17:08:59||||09-02-2026 17:25:58|09-02-2026 22:09:18|09-02-2026 22:19:25|09-03-2026 01:29:48||09-04-2026 10:58:28|09-04-2026 10:58:28|09-04-2026 10:58:57|41.75|41.76|.01
BRCJM01|BRDUCATIMO|BRDUCATIMO|55935.4|Shipped|||C8302|71200-037|DF|BR|T7||4|2.31|.029683|7|7|Y|09-02-2026 17:13:36|09-02-2026 17:09:12||||09-02-2026 17:25:58|09-02-2026 22:35:08|09-02-2026 22:41:55|09-03-2026 01:00:17||09-04-2026 10:58:38|09-04-2026 10:58:38|09-04-2026 10:58:57|41.75|41.76|.01
BRCJM01|BRDUCATIMO|BRDUCATIMO|55936.4|Shipped|||C9663|06455-000|SP|BR|T7||8|0|0|19|19|Y|09-02-2026 17:07:32|09-02-2026 17:02:14||||09-02-2026 17:25:57|09-02-2026 22:48:55|09-04-2026 00:46:42|09-04-2026 02:29:17||09-09-2026 14:36:49|09-09-2026 14:36:49|09-09-2026 14:40:39|165.49|165.55|.06
BRCJM01|BRDUCATIMO|BRDUCATIMO|55937.4|Shipped|||C13752|04090000|SP||T7||3|0|0|4|4|Y|09-02-2026 17:07:33|09-02-2026 17:02:20||||09-02-2026 17:25:57|09-08-2026 11:51:03|09-08-2026 11:54:23|09-08-2026 17:46:51||09-10-2026 09:49:46|09-10-2026 09:49:46|09-10-2026 09:56:58|184.7|184.82|.12
BRCJM01|BRDUCATIMO|BRDUCATIMO|55938.4|Shipped|||C9969|13023-075|SP|BR|T7||1|0|0|2|2|Y|09-02-2026 17:07:33|09-02-2026 17:02:27||||09-02-2026 17:25:57|09-02-2026 22:01:34|09-02-2026 22:01:34|09-03-2026 01:32:17||09-09-2026 14:37:07|09-09-2026 14:37:07|09-09-2026 14:40:40|165.49|165.55|.06
BRCJM01|BRDUCATIMO|BRDUCATIMO|55939.4|Shipped|||C14091|29060220|ES||T7||1|.12|.003|3|3|Y|09-02-2026 17:07:33|09-02-2026 17:02:28||||09-02-2026 17:25:57|09-02-2026 22:04:08|09-02-2026 22:04:08|09-03-2026 01:36:22||09-08-2026 09:44:41|09-08-2026 09:44:41|09-08-2026 09:48:55|136.62|136.69|.07
BRCJM01|BRDUCATIMO|BRDUCATIMO|55940.4|Shipped|||C14091|29060220|ES||T7||1|.5|.016667|1|1|Y|09-02-2026 17:13:36|09-02-2026 17:09:19||||09-02-2026 17:25:58|09-02-2026 22:22:39|09-02-2026 22:22:40|09-03-2026 01:06:24||09-08-2026 09:44:50|09-08-2026 09:44:50|09-08-2026 09:48:55|136.52|136.59|.07
BRCJM01|BRDUCATIMO|BRDUCATIMO|55941.4|Shipped|||C14009|90000000|RS||T7||1|0|0|2|2|Y|09-02-2026 17:13:36|09-02-2026 17:09:26||||09-02-2026 17:25:59|09-03-2026 01:44:19|09-03-2026 01:44:19|09-03-2026 05:10:01||09-08-2026 09:45:04|09-08-2026 09:45:04|09-08-2026 09:48:55|136.52|136.59|.06
BRCJM01|BRDUCATIMO|BRDUCATIMO|55942.4|Shipped|||C13963|14026040|SP||T7||1|0|0|40|40|Y|09-02-2026 17:36:42|09-02-2026 17:33:38||||09-02-2026 17:39:25|09-08-2026 12:09:05|09-08-2026 12:13:18|09-08-2026 17:32:49||09-10-2026 09:59:27|09-10-2026 09:59:27|09-10-2026 10:03:19|184.38|184.44|.06
BRCJM01|BRDUCATIMO|BRDUCATIMO|55944.4|Shipped|||C13752|04090000|SP||T7||5|1.46|.06|25|25|Y|09-02-2026 17:37:42|09-02-2026 17:33:50|||09-04-2026 13:50:06|09-04-2026 14:36:46|09-04-2026 14:42:38|09-04-2026 14:47:16|09-04-2026 14:51:25||09-08-2026 09:45:24|09-08-2026 09:45:24|09-08-2026 09:48:55|136.13|136.19|.06
BRCJM01|BRDUCATIMO|BRDUCATIMO|55945.4|Shipped|||C14009|90000000|RS||T7||3|.98|.001008|5|5|Y|09-03-2026 15:50:56|09-03-2026 15:45:53||||09-03-2026 15:55:13|09-03-2026 22:36:53|09-03-2026 22:39:54|09-03-2026 23:27:24||09-09-2026 14:37:39|09-09-2026 14:37:39|09-09-2026 14:40:39|142.78|142.83|.05
BRCJM01|BRDUCATIMO|BRDUCATIMO|55946.4|Shipped|||C9663|06455-000|SP|BR|T7||25|4.35|.126|155|155|Y|09-03-2026 15:50:57|09-03-2026 15:46:18||||09-03-2026 15:55:13|09-03-2026 21:58:35|09-04-2026 03:00:30|09-04-2026 03:30:20||09-09-2026 14:39:06|09-09-2026 14:39:06|09-09-2026 14:40:40|142.8|142.83|.03
BRCJM01|BRDUCATIMO|BRDUCATIMO|55947.4|Shipped|||C14422|22790-270|RJ|BR|T7||2|1.2|.5|21|21|Y|09-03-2026 15:50:58|09-03-2026 15:46:03||||09-03-2026 15:55:13|09-03-2026 22:21:28|09-03-2026 22:27:36|09-04-2026 00:01:23||09-09-2026 14:39:16|09-09-2026 14:39:16|09-09-2026 14:40:39|142.81|142.83|.02
BRCJM01|BRDUCATIMO|BRDUCATIMO|55948.4|Shipped|||C8797|80740-000|PR|BR|T7||2|7.515|1.01|2|2|Y|09-03-2026 17:05:20|09-03-2026 17:01:07||||09-03-2026 17:14:35|09-04-2026 00:43:27|09-04-2026 00:47:47|09-04-2026 00:58:13||09-09-2026 14:39:37|09-09-2026 14:39:37|09-09-2026 14:40:39|141.57|141.59|.02
BRCJM01|BRDUCATIMO|BRDUCATIMO|55949.4|Shipped|||C14009|90000000|RS||T7||1|0|0|1|1|Y|09-03-2026 17:05:21|09-03-2026 17:01:15||||09-03-2026 17:14:35|09-03-2026 22:34:11|09-03-2026 22:34:11|09-03-2026 23:36:16||09-09-2026 14:39:49|09-09-2026 14:39:49|09-09-2026 14:40:39|141.57|141.59|.01
BRCJM01|BRDUCATIMO|BRDUCATIMO|55951.4|Shipped|||C8797|80740-000|PR|BR|T7||1|0|0|1|1|Y|09-03-2026 17:05:21|09-03-2026 17:01:20||||09-03-2026 17:14:35|09-04-2026 00:59:20|09-04-2026 00:59:20|09-04-2026 05:26:58||09-08-2026 09:45:43|09-08-2026 09:45:43|09-08-2026 09:48:55|112.67|112.73|.05
BRCJM01|BRDUCATIMO|BRDUCATIMO|55955.4|Shipped|||C8841|04794-000|SP|BR|T7||1|0|0|1|1|Y|09-05-2026 13:34:10|09-05-2026 13:29:34||||09-05-2026 14:04:51|09-08-2026 17:06:55|09-08-2026 17:06:55|09-08-2026 17:10:14||09-10-2026 09:51:50|09-10-2026 09:51:50|09-10-2026 09:56:58|116.29|116.38|.09
BRCJM01|BRDUCATIMO|BRDUCATIMO|55956.4|Shipped|||C13752|04090000|SP||T7||2|0|0|2|2|Y|09-08-2026 16:17:28|09-08-2026 16:11:48||||09-08-2026 16:23:44|09-08-2026 21:52:43|09-08-2026 21:53:36|09-09-2026 13:20:12||09-12-2026 11:26:35|09-12-2026 11:26:35|09-12-2026 11:27:41|91.15|91.17|.02
BRCJM01|BRDUCATIMO|BRDUCATIMO|55958.4|Shipped|||C13963|14026040|SP||T7||2|1.63|.018179|4|4|Y|09-08-2026 16:17:28|09-08-2026 16:11:58||||09-08-2026 16:23:44|09-08-2026 22:25:15|09-08-2026 22:26:19|09-09-2026 08:46:01||09-10-2026 09:52:03|09-10-2026 09:52:03|09-10-2026 09:56:58|41.58|41.66|.08
BRCJM01|BRDUCATIMO|BRDUCATIMO|55959.4|Shipped|||C8797|80740-000|PR|BR|T7||5|.16|.033333|9|9|Y|09-08-2026 16:17:28|09-08-2026 16:12:10||||09-08-2026 16:23:44|09-08-2026 22:27:59|09-08-2026 22:35:00|09-09-2026 08:41:54||09-10-2026 09:52:20|09-10-2026 09:52:20|09-10-2026 09:56:58|41.58|41.66|.08
BRCJM01|BRDUCATIMO|BRDUCATIMO|55960.4|Shipped|||C9969|13023-075|SP|BR|T7||2|5505|.000055|2|2|Y|09-08-2026 16:17:28|09-08-2026 16:12:10||||09-08-2026 16:23:44|09-08-2026 22:41:00|09-08-2026 22:42:10|09-09-2026 08:55:22||09-10-2026 09:59:56|09-10-2026 09:59:56|09-10-2026 10:03:20|41.71|41.76|.06
BRCJM01|BRDUCATIMO|BRDUCATIMO|55961.4|Shipped|||C14422|22790-270|RJ|BR|T7||3|0|0|3|3|Y|09-08-2026 16:18:29|09-08-2026 16:12:22||||09-08-2026 16:23:44|09-08-2026 22:44:08|09-08-2026 22:50:09|09-09-2026 08:51:00||09-10-2026 09:53:42|09-10-2026 09:53:42|09-10-2026 09:56:58|41.59|41.64|.05
BRCJM01|BRDUCATIMO|BRDUCATIMO|55962.4|Shipped|||C14091|29060220|ES||T7||1|0|0|1|1|Y|09-09-2026 15:09:39|09-09-2026 15:05:02||||09-09-2026 16:32:57|09-09-2026 22:03:46|09-09-2026 22:03:46|09-10-2026 07:54:03||09-10-2026 09:54:01|09-10-2026 09:54:01|09-10-2026 09:56:58|18.74|18.79|.05
BRCJM01|BRDUCATIMO|BRDUCATIMO|55963.4|Shipped|||C8797|80740-000|PR|BR|T7||16|0|0|20|20|Y|09-08-2026 15:34:53|09-08-2026 15:29:49||||09-08-2026 16:23:41|09-08-2026 23:34:28|09-09-2026 00:16:18|09-09-2026 09:38:54||09-10-2026 10:00:06|09-10-2026 10:00:06|09-10-2026 10:03:20|42.42|42.47|.05
BRCJM01|BRDUCATIMO|BRDUCATIMO|55964.4|Shipped|||C8302|71200-037|DF|BR|T7||35|0|0|199|199|Y|09-08-2026 15:34:55|09-08-2026 15:30:11||||09-08-2026 16:23:42|09-08-2026 18:23:34|09-08-2026 19:56:07|09-09-2026 13:12:24||09-10-2026 10:00:47|09-10-2026 10:00:47|09-10-2026 10:03:19|42.43|42.47|.04
BRCJM01|BRDUCATIMO|BRDUCATIMO|55966.4|Shipped|||C14091|29060220|ES||T7||1|0|0|1|1|Y|09-08-2026 15:53:13|09-08-2026 15:47:37||||09-08-2026 16:23:43|09-08-2026 22:06:45|09-08-2026 22:06:45|09-09-2026 13:34:30||09-12-2026 11:26:25|09-12-2026 11:26:25|09-12-2026 11:27:42|91.55|91.57|.02
BRCJM01|BRDUCATIMO|BRDUCATIMO|55967.4|Shipped|||C8797|80740-000|PR|BR|T7||2|7.515|1.01|2|2|Y|09-08-2026 15:53:13|09-08-2026 15:47:45||||09-08-2026 16:23:43|09-08-2026 23:49:04|09-09-2026 00:07:07|09-09-2026 11:39:44||09-10-2026 09:55:57|09-10-2026 09:55:57|09-10-2026 09:56:58|42.05|42.06|.02
BRCJM01|BRDUCATIMO|BRDUCATIMO|55968.4|Shipped|||C16336|30494-270|MG|BR|T7||1|.49|.016667|1|1|Y|09-08-2026 15:53:13|09-08-2026 15:47:46||||09-08-2026 16:23:44|09-08-2026 21:57:45|09-08-2026 21:57:45|09-09-2026 13:23:29||09-12-2026 11:26:14|09-12-2026 11:26:14|09-12-2026 11:27:42|91.55|91.57|.02
BRCJM01|BRDUCATIMO|BRDUCATIMO|55969.4|Shipped|||C8302|71200-037|DF|BR|T7||3|0|0|3|3|Y|09-08-2026 15:53:13|09-08-2026 15:47:59||||09-08-2026 16:23:44|09-08-2026 21:46:39|09-08-2026 21:48:03|09-09-2026 13:30:36||09-12-2026 11:26:04|09-12-2026 11:26:04|09-12-2026 11:27:42|91.55|91.57|.03
BRCJM01|BRDUCATIMO|BRDUCATIMO|55983.4|Shipped|||C14009|90000000|RS||T7||2|6|.5|31|31|Y|09-09-2026 11:32:52|09-09-2026 11:28:28||||09-09-2026 12:39:42|09-10-2026 00:33:17|09-10-2026 00:38:25|09-10-2026 02:32:43||09-11-2026 17:59:30|09-11-2026 17:59:30|09-11-2026 18:00:36|54.44|54.46|.02
BRCJM01|BRDUCATIMO|BRDUCATIMO|55984.4|Shipped|||C13752|04090000|SP||T7||3|.8|.01|12|12|Y|09-09-2026 11:38:58|09-09-2026 11:34:51||||09-09-2026 12:39:43|09-10-2026 00:47:13|09-10-2026 00:49:21|09-10-2026 02:44:06||09-11-2026 17:59:38|09-11-2026 17:59:38|09-11-2026 18:00:35|54.34|54.36|.02
BRCJM01|BRDUCATIMO|BRDUCATIMO|55985.4|Shipped|||C9969|13023-075|SP|BR|T7||18|1.935|.314333|48|48|Y|09-09-2026 11:32:52|09-09-2026 11:28:48||||09-09-2026 12:39:42|09-09-2026 22:52:52|09-09-2026 23:23:25|09-10-2026 02:58:27||09-11-2026 18:00:13|09-11-2026 18:00:13|09-11-2026 18:00:36|54.46|54.46|.01
BRCJM01|BRDUCATIMO|BRDUCATIMO|55986.4|Shipped|||C14009|90000000|RS||T7||1|0|0|1|1|Y|09-09-2026 11:32:52|09-09-2026 11:28:40||||09-09-2026 12:39:42|09-09-2026 23:49:40|09-09-2026 23:49:40|09-10-2026 03:05:30||09-11-2026 17:57:15|09-11-2026 17:57:15|09-11-2026 18:00:36|54.41|54.46|.06
BRCJM01|BRDUCATIMO|BRDUCATIMO|55987.4|Shipped|||C8797|80740-000|PR|BR|T7||2|0|0|2|2|Y|09-09-2026 11:32:53|09-09-2026 11:28:49||||09-09-2026 12:39:43|09-10-2026 00:45:10|09-10-2026 00:45:53|09-10-2026 02:36:44||09-11-2026 17:57:22|09-11-2026 17:57:22|09-11-2026 18:00:36|54.41|54.46|.05
BRCJM01|BRDUCATIMO|BRDUCATIMO|55988.4|Shipped|||C10528|74210-098|GO|BR|T7||2|0|0|6|6|Y|09-09-2026 11:32:53|09-09-2026 11:28:57||||09-09-2026 12:39:43|09-10-2026 00:31:17|09-10-2026 00:31:56|09-10-2026 02:29:34||09-11-2026 17:57:33|09-11-2026 17:57:33|09-11-2026 18:00:35|54.41|54.46|.05
BRCJM01|BRDUCATIMO|BRDUCATIMO|55989.4|Shipped|||C13963|14026040|SP||T7||11|4.15|.416666|42|42|Y|09-09-2026 11:32:53|09-09-2026 11:29:15||||09-09-2026 12:39:43|09-09-2026 23:27:47|09-09-2026 23:42:57|09-10-2026 03:14:22||09-11-2026 17:57:45|09-11-2026 17:57:45|09-11-2026 18:00:35|54.41|54.46|.05
BRCJM01|BRDUCATIMO|BRDUCATIMO|55991.4|Shipped|||C14253|22620-110|RJ|BR|T7||1|0|0|1|1|Y|09-09-2026 11:32:53|09-09-2026 11:29:19||||09-09-2026 12:39:43|09-10-2026 00:43:21|09-10-2026 00:43:21|09-10-2026 03:08:42||09-11-2026 17:57:47|09-11-2026 17:57:47|09-11-2026 18:00:36|54.42|54.46|.05
BRCJM01|BRDUCATIMO|BRDUCATIMO|55992.4|Shipped|||C9969|13023-075|SP|BR|T7||1|0|0|1|1|Y|09-09-2026 11:38:58|09-09-2026 11:34:53||||09-09-2026 12:39:44|09-10-2026 00:40:41|09-10-2026 00:40:41|09-10-2026 02:39:11||09-11-2026 17:57:58|09-11-2026 17:57:58|09-11-2026 18:00:36|54.32|54.36|.04
BRCJM01|BRDUCATIMO|BRDUCATIMO|55993.4|Shipped|||C14009|90000000|RS||T7||1|0|0|2|2|Y|09-09-2026 11:32:53|09-09-2026 11:29:29||||09-09-2026 12:39:43|09-09-2026 23:45:22|09-09-2026 23:45:22|09-10-2026 02:46:36||09-11-2026 17:59:05|09-11-2026 17:59:05|09-11-2026 18:00:36|54.44|54.46|.03
BRCJM01|BRDUCATIMO|BRDUCATIMO|55994.4|Shipped|||C13963|14026040|SP||T7||3|6|.5|40|40|Y|09-09-2026 11:27:48|09-09-2026 11:22:33||||09-09-2026 12:39:42|09-09-2026 23:14:26|09-09-2026 23:25:47|09-10-2026 09:39:17||09-12-2026 11:22:55|09-12-2026 11:22:55|09-12-2026 11:27:42|71.92|72|.08
BRCJM01|BRDUCATIMO|BRDUCATIMO|55995.4|Shipped|||C9969|13023-075|SP|BR|T7||6|0|0|9|9|Y|09-09-2026 11:32:53|09-09-2026 11:29:35||||09-09-2026 12:39:43|09-10-2026 00:58:10|09-10-2026 01:02:06|09-10-2026 02:50:09||09-11-2026 17:58:09|09-11-2026 17:58:09|09-11-2026 18:00:36|54.42|54.46|.04
BRCJM01|BRDUCATIMO|BRDUCATIMO|55996.4|Shipped|||C8302|71200-037|DF|BR|T7||7|2.4|.016667|12|12|Y|09-09-2026 11:38:58|09-09-2026 11:35:08||||09-09-2026 12:39:44|09-10-2026 00:50:43|09-10-2026 00:56:15|09-10-2026 03:02:17||09-11-2026 17:58:42|09-11-2026 17:58:42|09-11-2026 18:00:36|54.33|54.36|.03
BRCJM01|BRDUCATIMO|BRDUCATIMO|56000.4|Shipped|||C13752|04090000|SP||T7||4|.48|.05|10|10|Y|09-09-2026 17:51:33|09-09-2026 17:47:36||||09-10-2026 08:32:41|09-10-2026 09:56:13|09-10-2026 10:10:12|09-10-2026 11:12:53||09-12-2026 11:25:48|09-12-2026 11:25:48|09-12-2026 11:27:42|65.57|65.6|.03
BRCJM01|BRDUCATIMO|BRDUCATIMO|56001.4|Shipped|||C9969|13023-075|SP|BR|T7||5|.6|.2|25|25|Y|09-09-2026 17:51:35|09-09-2026 17:47:45||||09-10-2026 08:32:41|09-10-2026 09:24:23|09-10-2026 09:43:37|09-10-2026 11:20:13||09-12-2026 11:25:39|09-12-2026 11:25:39|09-12-2026 11:27:43|65.57|65.6|.03
BRCJM01|BRDUCATIMO|BRDUCATIMO|56005.4|Shipped|||C9663|06455-000|SP|BR|T7||1|0|0|1|1|Y|09-11-2026 09:17:21|09-11-2026 09:12:29||||09-11-2026 09:24:13|09-11-2026 09:33:38|09-11-2026 09:33:38|09-11-2026 09:41:49||09-12-2026 11:26:59|09-12-2026 11:26:59|09-12-2026 11:27:43|26.16|26.17|.01
BRCJM01|BRDUCATIMO|BRDUCATIMO|56008.4|Shipped|||C14091|29060220|ES||T7||2|.54|.033333|6|6|Y|09-10-2026 16:34:01|09-10-2026 16:28:50||||09-10-2026 16:38:14|09-10-2026 18:08:52|09-10-2026 18:19:58|09-10-2026 18:58:18||09-12-2026 11:24:56|09-12-2026 11:24:56|09-12-2026 11:27:42|42.85|42.89|.05
BRCJM01|BRDUCATIMO|BRDUCATIMO|56009.4|Shipped|||C9969|13023-075|SP|BR|T7||4|7.14|.51|36|36|Y|09-10-2026 16:34:01|09-10-2026 16:29:03||||09-10-2026 16:38:14|09-10-2026 18:48:19|09-10-2026 19:04:57|09-10-2026 19:24:11||09-12-2026 11:24:05|09-12-2026 11:24:05|09-12-2026 11:27:43|42.83|42.9|.06
BRCJM01|BRDUCATIMO|BRDUCATIMO|56010.4|Shipped|||C14009|90000000|RS||T7||4|1.2|.034334|4|4|Y|09-10-2026 16:34:02|09-10-2026 16:29:05||||09-10-2026 16:38:15|09-10-2026 18:26:10|09-10-2026 18:44:14|09-10-2026 19:04:29||09-12-2026 11:25:27|09-12-2026 11:25:27|09-12-2026 11:27:42|42.86|42.89|.04
BRCJM01|BRDUCATIMO|BRDUCATIMO|DUCA-2508|Shipped|||C33947|04794000|SP||T7||2|0|0|2|2|Y|08-25-2026 14:11:58|08-25-2026 13:49:17||||08-25-2026 14:41:18|08-26-2026 09:57:10|08-26-2026 09:57:20|08-26-2026 09:58:17||08-26-2026 09:58:17|08-26-2026 09:58:17|08-26-2026 09:58:29|19.77|19.78|0
BRCJM01|BRDUCATIMO|BRDUCATIMO|DUCA55026|Shipped|||C33947|04794000|SP||T7||1|.81|.012|6|6|Y|07-16-2026 20:15:03|07-16-2026 19:51:11|||07-16-2026 20:22:58|07-16-2026 20:25:16|07-16-2026 23:19:45|07-16-2026 23:19:45|07-16-2026 23:22:35||07-16-2026 23:22:35|07-16-2026 23:22:35|07-16-2026 23:23:14|3.13|3.14|.01
BRCJM01|BRDUCATIMO|BRDUCATIMO|DUCA55089|Shipped|||C33947|04794000|SP||T7||2|.02|.033333|3|3|Y|07-28-2026 09:02:58|07-27-2026 23:03:14|||07-28-2026 23:08:06|07-28-2026 23:16:39|07-28-2026 23:31:57|07-28-2026 23:32:04|07-28-2026 23:33:09||07-28-2026 23:33:09|07-28-2026 23:33:09|07-31-2026 10:06:13|14.5|73.05|58.55
BRCJM01|BRDUCATIMO|BRDUCATIMO|DUCA55542|Shipped|||C33947|04794000|SP||T7||3|0|0|24|24|Y|08-21-2026 11:43:56|08-21-2026 11:00:52||||08-21-2026 12:10:49|08-25-2026 11:35:18|08-25-2026 11:35:38|08-25-2026 11:37:01||08-25-2026 11:37:01|08-25-2026 11:37:01|08-25-2026 11:37:25|95.88|95.89|.01
BRCJM01|BRDUCATIMO|BRDUCATIMO|DUCA55775|Shipped|||C33947|04794000|SP||T7||2|.17|.066667|4|4|Y|09-14-2026 10:51:21|09-14-2026 10:40:58||||09-14-2026 12:37:02|09-14-2026 16:09:13|09-14-2026 16:09:36|09-14-2026 16:13:40||09-14-2026 16:13:40|09-14-2026 16:13:40|09-14-2026 16:14:24|5.37|5.38|.01
