Site|Client|Owner|Order Id|Status|Order Type|Retailer Id|Address id|To Postal code|To County|To Country|Carrier Id|Dispatch Method|Lines|Total weight|Total volume|Qty ordered|Qty shipped|Shipped in full|Creation Date|Order Date|Ship By Date|Deliver By Date|Released|Allocated|In Progress|Picked|Packed|Awaiting|Ready To Load|Complete|Shipped|Creation to Ready to Load|Creation to Shipped|Ready to Load to Shipped
BRCJM01|BRGACMES|BRGACMES|4328|Shipped|NORMAL||54930335000480||||TAC DSV||2|.4|.004|9|9|Y|08-06-2026 14:16:28|08-06-2026 14:16:28||||08-06-2026 14:19:24|08-06-2026 15:04:52|08-06-2026 15:05:59|08-06-2026 15:07:14||08-06-2026 15:08:13|08-06-2026 15:08:13|08-06-2026 15:08:47|.86|.87|.01
BRCJM01|BRGACMES|BRGACMES|8000009266|Shipped|NORMAL||598953850226||||DSV||1|.1|.001|1|1|Y|06-02-2026 13:25:30|08-24-2026 15:42:44|||08-28-2026 08:59:18|08-28-2026 11:17:21|08-28-2026 14:20:36|08-28-2026 15:19:59|08-28-2026 15:21:17||08-28-2026 15:21:49|08-28-2026 15:21:49|09-04-2026 14:36:30|2089.94|2257.18|167.24
BRCJM01|BRGACMES|BRGACMES|8000012286|Shipped|NORMAL||60279014000118|54315-570|PE|BR|TERMACO||1|.1|.001|1|1|Y|07-08-2026 15:39:31|07-08-2026 15:39:31|||07-20-2026 16:28:07|07-20-2026 16:28:21|08-03-2026 08:50:26|08-03-2026 08:50:26|08-03-2026 10:03:36||08-03-2026 10:04:10|08-03-2026 10:04:10|08-15-2026 11:50:20|618.41|908.18|289.77
BRCJM01|BRGACMES|BRGACMES|8000012287|Shipped|NORMAL||59895385000145|80240-545|PR|BR|TAC CWB||1|.1|.001|1|1|Y|07-08-2026 15:39:31|07-08-2026 15:39:31|||08-11-2026 21:37:41|08-12-2026 10:41:01|08-12-2026 13:46:25|08-12-2026 13:46:25|08-12-2026 14:12:10||08-12-2026 14:12:27|08-12-2026 14:12:27|08-18-2026 09:46:09|838.55|978.11|139.56
BRCJM01|BRGACMES|BRGACMES|8000012288|Shipped|NORMAL||60402973000260|89204-004|SC|BR|TAC CWB||13|.9|.009|13|13|Y|07-08-2026 15:39:31|07-08-2026 15:39:31||||07-08-2026 16:00:24|07-09-2026 06:12:01|07-09-2026 06:32:15|07-09-2026 10:20:29||07-09-2026 10:21:10|07-09-2026 10:21:10|08-04-2026 15:16:53|18.69|647.62|628.93
BRCJM01|BRGACMES|BRGACMES|8000012882|Shipped|NORMAL||59895385000145|80240-545|PR|BR|TAC CWB||19|0|0|19|19|Y|07-06-2026 10:16:35|07-06-2026 10:16:35||||07-06-2026 10:32:20|07-07-2026 08:11:27|07-09-2026 12:29:23|07-11-2026 18:24:04||07-11-2026 18:26:58|07-11-2026 18:26:58|08-04-2026 15:16:51|128.17|701|572.83
BRCJM01|BRGACMES|BRGACMES|8000012932|Shipped|NORMAL||45180696000466|12246-876|SP|BR|TAC SJC/GRU||3|4|.04|170|170|Y|07-06-2026 10:17:38|07-06-2026 10:17:38||||07-06-2026 10:32:24|07-07-2026 20:13:30|07-10-2026 10:54:19|07-11-2026 09:08:42||07-11-2026 09:12:52|07-11-2026 09:12:52|08-04-2026 15:16:42|118.92|700.98|582.06
BRCJM01|BRGACMES|BRGACMES|8000012935|Shipped|NORMAL||45180696000113|08735-000|SP|BR|TAC SJC/GRU||3|4|.04|170|170|Y|07-06-2026 10:16:34|07-06-2026 10:16:34||||07-06-2026 10:32:19|07-07-2026 08:49:33|07-10-2026 08:16:55|07-10-2026 18:17:30||07-10-2026 18:22:32|07-10-2026 18:22:32|08-04-2026 15:16:42|104.1|701|596.9
BRCJM01|BRGACMES|BRGACMES|8000012984|Shipped|RUSH||582679190207||||DSV||4|.3|.003|8|8|Y|07-06-2026 10:16:33|08-24-2026 15:41:42|||08-27-2026 09:05:07|08-27-2026 09:29:44|08-27-2026 10:29:21|08-27-2026 10:53:32|08-27-2026 11:09:17||08-27-2026 11:10:50|08-27-2026 11:10:50|08-31-2026 10:39:12|1248.9|1344.38|95.47
BRCJM01|BRGACMES|BRGACMES|8000013136|Shipped|NORMAL||59895385000145|80240-545|PR|BR|TAC CWB||6|.1|.001|6|6|Y|07-06-2026 10:17:41|07-06-2026 10:17:41||||07-06-2026 10:32:26|07-07-2026 10:26:02|07-08-2026 13:18:03|07-08-2026 13:31:18||07-10-2026 11:39:43|07-10-2026 11:39:43|08-18-2026 09:46:09|97.37|1031.47|934.11
BRCJM01|BRGACMES|BRGACMES|8000013205|Shipped|NORMAL||59895385000145|80240-545|PR|BR|TAC CWB||1|0|0|1|0|N|07-06-2026 10:17:41|07-06-2026 10:17:41||||07-06-2026 10:32:26|07-07-2026 11:20:38|07-07-2026 11:20:38|07-07-2026 11:46:28||07-07-2026 11:47:35|07-07-2026 11:47:35|08-21-2026 16:10:22|25.5|1109.88|1084.38
BRCJM01|BRGACMES|BRGACMES|8000013206|Shipped|NORMAL||59895385000145|80240-545|PR|BR|DSV||2|.2|.002|2|2|Y|07-06-2026 10:17:41|07-06-2026 10:17:41||||07-06-2026 10:32:27|07-07-2026 20:21:58|07-07-2026 22:27:49|07-08-2026 05:47:42||07-08-2026 06:56:06|07-08-2026 06:56:06|08-31-2026 10:39:24|44.64|1344.36|1299.72
BRCJM01|BRGACMES|BRGACMES|8000013207|Shipped|NORMAL||59039599000543|66053-180|PA|BR|NORTEX||3|1.5|.015|30|30|Y|07-06-2026 10:17:41|07-06-2026 10:17:41||||07-06-2026 10:32:27|07-09-2026 02:58:56|07-09-2026 03:18:13|07-09-2026 10:25:04||07-09-2026 10:25:45|07-09-2026 10:25:45|08-04-2026 15:16:47|72.13|700.99|628.85
BRCJM01|BRGACMES|BRGACMES|8000014065|Shipped|NORMAL||59286249000158|90240-620|RS|BR|TRANSTRY||9|0|0|9|9|Y|07-06-2026 10:18:43|07-06-2026 10:18:43||||07-06-2026 10:32:28|07-07-2026 20:27:27|07-13-2026 09:16:53|07-13-2026 09:53:56||07-13-2026 10:03:21|07-13-2026 10:03:21|08-04-2026 15:16:48|167.74|700.97|533.22
BRCJM01|BRGACMES|BRGACMES|8000014074|Shipped|NORMAL||60348857000129|49097-510|SE|BR|TERMACO||10|.6|.006|10|10|Y|07-06-2026 10:18:43|07-06-2026 10:18:43||||07-06-2026 10:32:28|07-09-2026 09:00:23|07-09-2026 12:19:54|07-09-2026 12:41:18||07-09-2026 12:46:10|07-09-2026 12:46:10|08-06-2026 11:02:16|74.46|744.73|670.27
BRCJM01|BRGACMES|BRGACMES|8000014076|Shipped|NORMAL||59405379000243||||TAC DSV||16|0|0|16|16|Y|07-06-2026 10:23:50|07-06-2026 10:23:50||||07-06-2026 10:32:35|07-06-2026 13:47:30|07-06-2026 22:06:16|07-07-2026 02:36:46||07-07-2026 05:58:55|07-07-2026 05:58:55|08-18-2026 09:46:05|19.58|1031.37|1011.79
BRCJM01|BRGACMES|BRGACMES|8000014077|Shipped|NORMAL||60348857000129|49097-510|SE|BR|TERMACO||9|.1|.001|9|9|Y|07-06-2026 10:18:44|07-06-2026 10:18:44||||07-06-2026 10:32:29|07-08-2026 06:19:54|07-10-2026 17:04:00|07-11-2026 19:48:16||07-11-2026 19:53:16|07-11-2026 19:53:16|08-06-2026 11:02:16|129.58|744.73|615.15
BRCJM01|BRGACMES|BRGACMES|8000014565|Shipped|NORMAL||59895385000226|86072-000|PR|BR|ALL IN||1|.1|.001|1|1|Y|07-06-2026 10:19:47|07-06-2026 10:19:47||||07-06-2026 10:32:32|07-06-2026 16:39:07|07-06-2026 16:39:07|07-08-2026 06:43:47||07-08-2026 06:57:55|07-08-2026 06:57:55|08-04-2026 15:16:52|44.64|700.95|656.32
BRCJM01|BRGACMES|BRGACMES|8000014566|Shipped|NORMAL||59895385000145|80240-545|PR|BR|TAC CWB||1|.1|.001|1|1|Y|07-06-2026 10:19:47|07-06-2026 10:19:47||||07-06-2026 10:32:32|07-06-2026 16:38:27|07-06-2026 16:38:27|07-08-2026 06:46:38||07-08-2026 06:57:17|07-08-2026 06:57:17|08-04-2026 15:16:51|44.63|700.95|656.33
BRCJM01|BRGACMES|BRGACMES|8000014574|Shipped|NORMAL||59895385000145|80240-545|PR|BR|TAC CWB||1|.1|.001|1|1|Y|07-06-2026 10:19:47|07-06-2026 10:19:47||||07-06-2026 10:32:32|07-06-2026 14:28:20|07-06-2026 14:28:20|07-06-2026 20:19:39||07-06-2026 20:24:11|07-06-2026 20:24:11|08-06-2026 11:02:15|10.07|744.71|734.63
BRCJM01|BRGACMES|BRGACMES|8000014604|Shipped|NORMAL||58957368000394|58028-880|PB|BR|TERMACO||16|.1|.001|39|39|Y|07-06-2026 10:19:48|07-06-2026 10:19:48||||07-06-2026 10:32:33|07-08-2026 08:47:30|07-09-2026 07:13:58|07-09-2026 07:34:32||07-09-2026 07:36:18|07-09-2026 07:36:18|08-04-2026 15:16:46|69.27|700.95|631.67
BRCJM01|BRGACMES|BRGACMES|8000014605|Shipped|NORMAL||58957368000394|58028-880|PB|BR|TERMACO||1|0|0|1|1|Y|07-06-2026 10:18:45|07-06-2026 10:18:45||||07-06-2026 10:32:30|07-08-2026 18:21:30|07-08-2026 18:21:30|07-09-2026 06:50:10||07-09-2026 06:50:36|07-09-2026 06:50:36|08-06-2026 11:02:14|68.53|744.72|676.19
BRCJM01|BRGACMES|BRGACMES|8000014606|Shipped|NORMAL||45180696000202|65071-380|MA|BR|TERMACO||3|4|.04|90|90|Y|07-06-2026 10:18:46|07-06-2026 10:18:46||||07-06-2026 10:32:31|07-09-2026 02:33:01|07-09-2026 02:50:17|07-09-2026 10:30:05||07-09-2026 10:30:43|07-09-2026 10:30:43|08-06-2026 11:02:13|72.2|744.72|672.53
BRCJM01|BRGACMES|BRGACMES|8000014630|Shipped|NORMAL||59523091000354|09521-040|SP|BR|TAC DSV||6|0|0|6|6|Y|07-06-2026 10:19:48|07-06-2026 10:19:48||||07-06-2026 10:32:32|07-08-2026 07:00:25|07-10-2026 12:08:40|07-11-2026 08:31:13||07-11-2026 09:12:22|07-11-2026 09:12:22|08-04-2026 15:16:50|118.88|700.95|582.07
BRCJM01|BRGACMES|BRGACMES|8000014762|Shipped|NORMAL||29177311000102|05016-090|SP|BR|TRANSP DSV||15|.1|.001|15|0|N|07-06-2026 10:19:49|07-06-2026 10:19:49||||07-06-2026 10:32:34|07-08-2026 07:19:51|07-09-2026 08:22:27|07-09-2026 08:46:11||07-09-2026 08:47:44|07-09-2026 08:47:44|08-11-2026 14:26:21|70.47|868.11|797.64
BRCJM01|BRGACMES|BRGACMES|8000014763|Shipped|NORMAL||59871299000100|14021-610|SP|BR|ALL IN||3|1|.01|18|18|Y|07-06-2026 10:19:49|07-06-2026 10:19:49||||07-06-2026 10:32:33|07-07-2026 20:49:44|07-10-2026 10:04:46|07-10-2026 16:53:31||07-10-2026 16:54:22|07-10-2026 16:54:22|08-06-2026 11:02:15|102.58|744.71|642.13
BRCJM01|BRGACMES|BRGACMES|8000014992|Shipped|NORMAL||58956147000130|60810-786|CE|BR|DSV||1|0|0|50|50|Y|07-08-2026 15:40:33|07-08-2026 15:40:33||||07-08-2026 16:00:26|07-08-2026 23:03:01|07-08-2026 23:03:01|07-08-2026 23:09:14||07-08-2026 23:10:18|07-08-2026 23:10:18|08-31-2026 10:39:12|7.5|1290.98|1283.48
BRCJM01|BRGACMES|BRGACMES|8000015040|Shipped|NORMAL||29177311000102|05016-090|SP|BR|TRANSP DSV||14|.3|.003|14|14|Y|07-10-2026 16:21:02|07-10-2026 16:21:02||||07-10-2026 16:27:35|07-10-2026 20:53:43|07-10-2026 22:05:59|07-13-2026 07:12:07||07-13-2026 07:16:18|07-13-2026 07:16:18|08-11-2026 14:26:15|62.92|766.09|703.17
BRCJM01|BRGACMES|BRGACMES|8000015047|Shipped|NORMAL||29177311000102|05016-090|SP|BR|TRANSP DSV||6|2|.02|161|161|Y|07-10-2026 16:21:04|07-10-2026 16:21:03||||07-10-2026 16:27:37|07-10-2026 22:35:12|07-10-2026 23:21:37|07-13-2026 08:24:47||07-13-2026 08:41:20|07-13-2026 08:41:20|08-06-2026 11:02:12|64.34|642.69|578.35
BRCJM01|BRGACMES|BRGACMES|8000015048|Shipped|NORMAL||58957368000394|58028-880|PB|BR|TERMACO||8|0|0|8|8|Y|07-10-2026 16:21:04|07-10-2026 16:21:04||||07-10-2026 16:27:38|07-10-2026 23:26:25|07-11-2026 01:47:37|07-11-2026 10:52:19||07-13-2026 11:48:28|07-13-2026 11:48:28|08-06-2026 11:02:14|67.46|642.69|575.23
BRCJM01|BRGACMES|BRGACMES|8000015143|Shipped|NORMAL||60348857000129|49097-510|SE|BR|TERMACO||1|0|0|1|1|Y|07-14-2026 15:35:24|07-14-2026 15:35:24||||07-15-2026 18:26:57|07-15-2026 20:12:20|07-15-2026 20:12:20|07-15-2026 21:48:55||07-15-2026 22:25:35|07-15-2026 22:25:35|08-04-2026 15:16:53|30.84|503.69|472.86
BRCJM01|BRGACMES|BRGACMES|8000015147|Shipped|NORMAL||59219965000112|18013-003|SP|BR|TAC SOR||4|0|0|4|4|Y|07-14-2026 15:35:25|07-14-2026 15:35:25||||07-15-2026 18:26:57|07-15-2026 22:09:05|07-15-2026 22:47:36|07-18-2026 11:31:59||07-18-2026 11:39:59|07-18-2026 11:39:59|08-06-2026 11:02:15|92.08|547.45|455.37
BRCJM01|BRGACMES|BRGACMES|8000015148|Shipped|NORMAL||59630650000163|40276-200|BA|BR|TERMACO||1|0|0|1|1|Y|07-14-2026 15:35:26|07-14-2026 15:35:26||||07-15-2026 18:26:58|07-15-2026 22:50:56|07-15-2026 22:50:56|07-16-2026 01:22:57||07-16-2026 01:24:26|07-16-2026 01:24:26|08-04-2026 15:16:50|33.82|503.69|469.87
BRCJM01|BRGACMES|BRGACMES|8000015151|Shipped|NORMAL||59895385000145|80240-545|PR|BR|TAC CWB||1|0|0|1|1|Y|07-14-2026 15:36:27|07-14-2026 15:36:27||||07-15-2026 18:27:00|07-17-2026 11:35:01|07-17-2026 11:35:01|07-18-2026 04:50:46||07-18-2026 06:13:01|07-18-2026 06:13:02|08-04-2026 15:16:51|86.61|503.67|417.06
BRCJM01|BRGACMES|BRGACMES|8000015152|Shipped|NORMAL||59895385000145|80240-545|PR|BR|DSV||1|.1|.001|1|1|Y|07-14-2026 15:36:28|07-14-2026 15:36:28||||07-15-2026 18:27:00|07-16-2026 01:29:42|07-16-2026 01:29:42|07-18-2026 00:01:30||07-18-2026 01:59:52|07-18-2026 01:59:52|08-31-2026 10:39:24|82.39|1147.05|1064.66
BRCJM01|BRGACMES|BRGACMES|8000015163|Shipped|NORMAL||29177311000102|05016-090|SP|BR|TRANSP DSV||7|0|0|17|17|Y|07-14-2026 15:36:28|07-14-2026 15:36:28||||07-15-2026 18:27:00|07-15-2026 23:01:49|07-15-2026 23:19:28|07-16-2026 13:44:20||07-16-2026 13:44:53|07-16-2026 13:44:53|08-11-2026 14:26:15|46.14|670.83|624.69
BRCJM01|BRGACMES|BRGACMES|8000015237|Shipped|NORMAL||59219965000112|18013-003|SP|BR|TAC SOR||1|0|0|25|0|N|07-14-2026 15:35:25|07-14-2026 15:35:25||||07-15-2026 18:26:58|07-16-2026 11:15:11|07-16-2026 16:41:41|07-16-2026 17:14:37||07-20-2026 16:09:18|07-20-2026 16:09:18|08-11-2026 14:26:21|144.56|670.85|526.28
BRCJM01|BRGACMES|BRGACMES|8000015239|Shipped|NORMAL||59895385000145|80240-545|PR|BR|TAC CWB||3|5|.05|250|250|Y|07-14-2026 15:36:26|07-14-2026 15:36:26||||07-15-2026 18:26:59|07-15-2026 23:35:28|07-15-2026 23:39:56|07-16-2026 14:19:48||07-16-2026 14:21:24|07-16-2026 14:21:24|08-06-2026 11:02:15|46.75|547.43|500.68
BRCJM01|BRGACMES|BRGACMES|8000015240|Shipped|NORMAL||58873822000248|88331-490|SC|BR|TAC CWB||5|0|0|6|6|Y|07-14-2026 15:36:27|07-14-2026 15:36:27||||07-15-2026 18:26:59|07-16-2026 11:18:39|07-16-2026 18:39:44|07-16-2026 19:00:23||07-16-2026 19:02:03|07-16-2026 19:02:03|08-04-2026 15:16:45|51.43|503.67|452.25
BRCJM01|BRGACMES|BRGACMES|8000015266|Shipped|NORMAL||59895385000145|80240-545|PR|BR|TAC CWB||1|.1|.001|1|1|Y|07-14-2026 15:36:28|07-14-2026 15:36:28||||07-15-2026 18:27:00|07-17-2026 14:13:59|07-17-2026 14:13:59|07-17-2026 16:24:48||07-17-2026 16:25:49|07-17-2026 16:25:49|08-04-2026 15:16:51|72.82|503.67|430.85
BRCJM01|BRGACMES|BRGACMES|8000015271|Shipped|NORMAL||59895385000145|80240-545|PR|BR|TAC CWB||2|.1|.001|2|2|Y|07-14-2026 15:35:26|07-14-2026 15:35:26||||07-15-2026 18:26:58|07-15-2026 22:54:42|07-15-2026 23:00:46|07-16-2026 08:14:04||07-16-2026 08:15:16|07-16-2026 08:15:16|08-07-2026 10:15:12|40.66|570.66|530
BRCJM01|BRGACMES|BRGACMES|8000015272|Shipped|NORMAL||59286249000158|90240-620|RS|BR|DSV||1|.1|.001|1|1|Y|07-14-2026 15:36:26|07-14-2026 15:36:26|||08-28-2026 09:20:59|08-28-2026 09:24:04|08-28-2026 15:14:53|08-28-2026 15:14:53|08-28-2026 15:30:34||08-28-2026 15:33:32|08-28-2026 15:33:32|09-04-2026 14:36:24|1079.95|1247|167.05
BRCJM01|BRGACMES|BRGACMES|8000015276|Shipped|NORMAL||29177311000102|05016-090|SP|BR|TRANSP DSV||1|0|0|1|1|Y|07-14-2026 15:36:28|07-14-2026 15:36:28||||07-15-2026 18:27:00|07-15-2026 22:53:18|07-15-2026 22:53:18|07-16-2026 08:23:25||07-16-2026 08:24:06|07-16-2026 08:24:06|08-11-2026 14:26:15|40.79|670.83|630.04
BRCJM01|BRGACMES|BRGACMES|8000015281|Shipped|NORMAL||60259875000134|17012-648|SP|BR|TRANSTRY||1|4|.04|40|40|Y|07-14-2026 15:35:26|07-14-2026 15:35:26||||07-15-2026 18:26:58|07-15-2026 22:53:50|07-15-2026 22:53:50|07-16-2026 01:46:39||07-16-2026 05:49:04|07-16-2026 05:49:04|08-04-2026 15:16:52|38.23|503.69|465.46
BRCJM01|BRGACMES|BRGACMES|8000015307|Shipped|NORMAL||29177311000102|05016-090|SP|BR|TRANSP DSV||17|0|0|17|17|Y|07-14-2026 16:16:03|07-14-2026 16:16:03||||07-15-2026 18:27:12|07-16-2026 10:09:41|07-17-2026 03:03:14|07-17-2026 04:31:46||07-17-2026 05:30:13|07-17-2026 05:30:13|08-21-2026 16:10:18|61.24|911.9|850.67
BRCJM01|BRGACMES|BRGACMES|8000015308|Shipped|NORMAL||59871299000100|14021-610|SP|BR|ALL IN||4|1.1|.011|22|22|Y|07-14-2026 15:36:28|07-14-2026 15:36:28||||07-15-2026 18:27:01|07-15-2026 23:22:06|07-15-2026 23:29:37|07-16-2026 01:07:56||07-16-2026 01:10:07|07-16-2026 01:10:07|08-05-2026 10:12:25|33.56|522.6|489.04
BRCJM01|BRGACMES|BRGACMES|8000015310|Shipped|NORMAL||60279014000118|54315-570|PE|BR|DSV||1|0|0|4|4|Y|07-14-2026 15:36:29|07-14-2026 15:36:29||||07-15-2026 18:27:01|07-16-2026 01:55:57|07-16-2026 01:55:57|07-16-2026 14:31:38||08-31-2026 10:39:34|07-16-2026 14:32:08|08-31-2026 10:39:34|1147.05|1147.05|0
BRCJM01|BRGACMES|BRGACMES|8000015315|Shipped|NORMAL||59895385000226|86072-000|PR|BR|ALL IN||1|0|0|50|50|Y|07-14-2026 15:36:31|07-14-2026 15:36:31||||07-15-2026 18:27:02|07-17-2026 07:09:52|07-17-2026 07:13:54|07-18-2026 12:09:59||07-20-2026 16:09:25|07-20-2026 16:09:25|08-21-2026 16:10:36|144.55|912.57|768.02
BRCJM01|BRGACMES|BRGACMES|8000015470|Shipped|RUSH||59039599000462|77023-002|TO|BR|DSV||1|.1|.001|1|1|Y|07-14-2026 15:36:32|07-14-2026 15:36:32||||07-14-2026 16:26:26|07-14-2026 20:00:36|07-14-2026 20:00:36|07-14-2026 23:29:10||07-15-2026 03:02:25|07-15-2026 03:02:25|08-31-2026 10:39:14|11.43|1147.05|1135.61
BRCJM01|BRGACMES|BRGACMES|8000015473|Shipped|RUSH||59039599000110|78115-005|MT|BR|FAVORITA||1|.1|.001|1|1|Y|07-14-2026 15:36:33|07-14-2026 15:36:33||||07-15-2026 18:24:17|07-15-2026 19:11:16|07-15-2026 19:11:16|07-16-2026 00:58:53||07-16-2026 01:01:54|07-16-2026 01:01:54|08-21-2026 16:10:26|33.42|912.56|879.14
BRCJM01|BRGACMES|BRGACMES|8000015476|Shipped|NORMAL||59039599000110|78115-005|MT|BR|FAVORITA||1|.1|.001|1|1|Y|07-14-2026 15:36:30|07-14-2026 15:36:30||||07-15-2026 18:27:01|07-17-2026 14:17:55|07-17-2026 14:17:55|07-17-2026 15:40:33||07-17-2026 15:41:40|07-17-2026 15:41:40|08-04-2026 15:16:46|72.09|503.67|431.59
BRCJM01|BRGACMES|BRGACMES|8000015489|Shipped|NORMAL||59895385000145|80240-545|PR|BR|TAC CWB||1|3.6|.036|36|36|Y|07-14-2026 15:36:31|07-14-2026 15:36:31||||07-17-2026 11:44:55|07-17-2026 16:40:24|07-17-2026 16:40:24|07-17-2026 19:44:18||07-17-2026 19:46:51|07-17-2026 19:46:51|08-04-2026 15:16:52|76.17|503.67|427.5
BRCJM01|BRGACMES|BRGACMES|8000015490|Shipped|NORMAL||29177311000102|05016-090|SP|BR|TRANSP DSV||1|3|.03|30|30|Y|07-14-2026 15:36:32|07-14-2026 15:36:32||||07-17-2026 11:44:55|07-17-2026 16:42:13|07-17-2026 16:42:13|08-03-2026 13:42:12||08-03-2026 13:44:14|08-03-2026 13:44:14|08-11-2026 14:26:15|478.13|670.83|192.7
BRCJM01|BRGACMES|BRGACMES|8000015496|Shipped|NORMAL||59871299000100|14021-610|SP|BR|ALL IN||1|1.5|.015|15|15|Y|07-14-2026 15:36:30|07-14-2026 15:36:30||||07-17-2026 11:44:55|07-17-2026 17:03:51|07-17-2026 17:03:52|07-18-2026 01:53:32||07-18-2026 02:08:06|07-18-2026 02:08:06|08-07-2026 10:15:12|82.53|570.65|488.12
BRCJM01|BRGACMES|BRGACMES|8000015516|Shipped|NORMAL||59895385000307|87070-000|PR|BR|ALL IN||1|.6|.006|6|6|Y|07-14-2026 15:37:34|07-14-2026 15:37:34||||07-17-2026 11:44:56|07-17-2026 16:36:06|07-17-2026 16:36:06|07-17-2026 16:59:29||07-17-2026 17:02:31|07-17-2026 17:02:31|08-05-2026 10:12:26|73.42|522.58|449.17
BRCJM01|BRGACMES|BRGACMES|8000015520|Shipped|NORMAL||59039599000462|77023-002|TO|BR|FAVORITA||1|.5|.005|5|5|Y|07-14-2026 15:37:35|07-14-2026 15:37:35||||07-17-2026 11:44:57|07-17-2026 16:41:51|07-17-2026 16:41:51|07-18-2026 01:02:14||07-18-2026 01:23:31|07-18-2026 01:23:31|08-05-2026 10:12:24|81.77|522.58|440.81
BRCJM01|BRGACMES|BRGACMES|8000015547|Shipped|NORMAL||59052866000270|03340-000|SP|BR|TRANSP DSV||1|.1|.001|1|1|Y|07-14-2026 15:37:37|07-14-2026 15:37:37||||07-15-2026 18:27:03|07-16-2026 02:17:48|07-16-2026 02:17:48|07-16-2026 14:24:28||07-16-2026 14:25:26|07-16-2026 14:25:26|08-05-2026 10:12:24|46.8|522.58|475.78
BRCJM01|BRGACMES|BRGACMES|8000015549|Shipped|NORMAL||58267919000479|71608-900|DF|BR|ALL IN||1|.1|.001|1|1|Y|07-14-2026 15:38:38|07-14-2026 15:38:38||||07-15-2026 18:27:04|07-16-2026 07:02:08|07-16-2026 07:02:08|07-16-2026 08:28:21||07-16-2026 08:30:30|07-16-2026 08:30:30|08-21-2026 16:10:22|40.86|912.53|871.66
BRCJM01|BRGACMES|BRGACMES|8000015551|Shipped|NORMAL||59219965000112|18013-003|SP|BR|TAC SOR||1|.1|.001|1|1|Y|07-14-2026 15:38:39|07-14-2026 15:38:39||||07-15-2026 18:27:04|07-16-2026 07:10:01|07-16-2026 07:10:01|07-16-2026 08:11:17||07-16-2026 08:14:22|07-16-2026 08:14:22|08-05-2026 10:12:24|40.6|522.56|481.97
BRCJM01|BRGACMES|BRGACMES|8000015554|Shipped|NORMAL||60348857000129|49097-510|SE|BR|TERMACO||1|.1|.001|1|1|Y|07-14-2026 15:37:36|07-14-2026 15:37:36||||07-15-2026 18:27:03|07-17-2026 10:56:42|07-17-2026 10:56:42|07-18-2026 04:24:17||07-18-2026 05:58:55|07-18-2026 05:58:55|08-18-2026 09:46:11|86.36|834.14|747.79
BRCJM01|BRGACMES|BRGACMES|8000015556|Shipped|NORMAL||29177311000102|05016-090|SP|BR|TRANSP DSV||1|.1|.001|1|1|Y|07-14-2026 15:37:37|07-14-2026 15:37:37||||07-15-2026 18:27:03|07-17-2026 08:09:51|07-17-2026 08:09:51|07-17-2026 11:10:57||07-17-2026 11:11:40|07-17-2026 11:11:40|08-18-2026 09:45:57|67.57|834.14|766.57
BRCJM01|BRGACMES|BRGACMES|8000015557|Shipped|NORMAL||29177311000102|05016-090|SP|BR|TRANSP DSV||1|.1|.001|1|1|Y|07-14-2026 15:37:37|07-14-2026 15:37:37||||07-15-2026 18:27:03|07-17-2026 08:11:52|07-17-2026 08:11:52|07-17-2026 11:15:04||07-17-2026 11:16:02|07-17-2026 11:16:02|08-05-2026 10:12:22|67.64|522.58|454.94
BRCJM01|BRGACMES|BRGACMES|8000015558|Shipped|RUSH||59895385000226|86072-000|PR|BR|DSV||1|.1|.001|1|1|Y|07-14-2026 15:38:38|07-14-2026 15:38:38||||07-15-2026 18:24:17|07-15-2026 19:21:41|07-15-2026 19:21:41|07-18-2026 14:53:22||07-18-2026 14:57:12|07-18-2026 14:57:12|08-31-2026 10:39:27|95.31|1147.01|1051.7
BRCJM01|BRGACMES|BRGACMES|8000015561|Shipped|RUSH||68639251001711|22631-000|RJ|BR|ANDRE/TRANSP||1|.1|.001|1|1|Y|07-14-2026 15:38:39|07-14-2026 15:38:39||||07-15-2026 18:24:17|07-15-2026 19:14:48|07-15-2026 19:14:48|07-16-2026 00:44:38||07-16-2026 00:46:46|07-16-2026 00:46:46|08-04-2026 15:16:53|33.14|503.64|470.5
BRCJM01|BRGACMES|BRGACMES|8000015562|Shipped|NORMAL||59039599000110|78115-005|MT|BR|FAVORITA||1|.1|.001|1|1|Y|07-14-2026 15:38:39|07-14-2026 15:38:39||||07-15-2026 18:27:04|07-16-2026 07:18:26|07-16-2026 07:18:26|07-16-2026 08:26:04||07-16-2026 08:27:03|07-16-2026 08:27:03|08-04-2026 15:16:46|40.81|503.64|462.83
BRCJM01|BRGACMES|BRGACMES|8000015563|Shipped|NORMAL||60402973000189|89051-000|SC|BR|TAC CWB||1|.1|.001|1|1|Y|07-14-2026 15:38:40|07-14-2026 15:38:40||||07-15-2026 18:27:04|07-16-2026 07:24:23|07-16-2026 07:24:23|07-16-2026 08:22:24||07-20-2026 16:09:39|07-20-2026 16:09:39|08-04-2026 15:16:53|144.52|503.64|359.12
BRCJM01|BRGACMES|BRGACMES|8000015564|Shipped|NORMAL||59871299000100|14021-610|SP|BR|ALL IN||1|0|0|1|1|Y|07-14-2026 15:38:40|07-14-2026 15:38:40||||07-15-2026 18:27:04|07-17-2026 13:50:27|07-17-2026 13:50:27|07-17-2026 13:52:40||07-17-2026 13:53:29|07-17-2026 13:53:29|08-05-2026 10:12:25|70.25|522.56|452.32
BRCJM01|BRGACMES|BRGACMES|8000015565|Shipped|NORMAL||59039599000543|66053-180|PA|BR|NORTEX||1|.1|.001|1|1|Y|07-14-2026 15:37:36|07-14-2026 15:37:36||||07-15-2026 18:27:03|07-17-2026 10:58:54|07-17-2026 10:58:54|07-18-2026 04:22:17||07-18-2026 05:59:46|07-18-2026 05:59:46|08-04-2026 15:16:47|86.37|503.65|417.28
BRCJM01|BRGACMES|BRGACMES|8000015566|Shipped|NORMAL||59219965000112|18013-003|SP|BR|TAC SOR||1|.1|.001|1|1|Y|07-14-2026 15:37:37|07-14-2026 15:37:37||||07-15-2026 18:27:03|07-16-2026 01:59:00|07-16-2026 01:59:00|07-16-2026 14:33:31||07-16-2026 14:34:11|07-16-2026 14:34:11|08-05-2026 10:12:24|46.94|522.58|475.64
BRCJM01|BRGACMES|BRGACMES|8000015567|Shipped|NORMAL||59286249000158|90240-620|RS|BR|TRANSTRY||1|.1|.001|1|1|Y|07-14-2026 15:37:37|07-14-2026 15:37:37||||07-15-2026 18:27:03|07-16-2026 02:09:45|07-16-2026 02:09:45|07-16-2026 14:35:57||07-16-2026 14:36:29|07-16-2026 14:36:29|08-04-2026 15:16:48|46.98|503.65|456.67
BRCJM01|BRGACMES|BRGACMES|8000015568|Shipped|NORMAL||68639251001711|22631-000|RJ|BR|ANDRE/TRANSP||1|.2|.002|2|2|Y|07-14-2026 15:37:37|07-14-2026 15:37:37||||07-15-2026 18:27:03|07-16-2026 02:14:12|07-16-2026 02:14:12|07-16-2026 14:38:55||07-16-2026 14:39:53|07-16-2026 14:39:53|08-11-2026 14:26:21|47.04|670.81|623.77
BRCJM01|BRGACMES|BRGACMES|8000015569|Shipped|NORMAL||59523091000273|06465-100|SP|BR|TRANSP DSV||2|.5|.005|5|5|Y|07-14-2026 15:38:38|07-14-2026 15:38:38||||07-15-2026 18:27:04|07-16-2026 06:54:33|07-16-2026 06:59:15|07-16-2026 07:57:19||07-16-2026 08:06:30|07-16-2026 08:06:30|08-05-2026 10:12:25|40.46|522.56|482.1
BRCJM01|BRGACMES|BRGACMES|8000015570|Shipped|NORMAL||68639251001711|22631-000|RJ|BR|ANDRE/TRANSP||1|.1|.001|1|1|Y|07-14-2026 15:38:38|07-14-2026 15:38:38||||07-15-2026 18:27:04|07-16-2026 07:05:27|07-16-2026 07:05:27|07-16-2026 08:21:54||07-16-2026 08:25:34|07-16-2026 08:25:34|08-04-2026 15:16:53|40.78|503.64|462.86
BRCJM01|BRGACMES|BRGACMES|8000015571|Shipped|NORMAL||59286249000158|90240-620|RS|BR|TRANSTRY||1|.1|.001|1|1|Y|07-14-2026 15:38:39|07-14-2026 15:38:39||||07-15-2026 18:27:04|07-17-2026 07:51:14|07-17-2026 07:51:14|07-18-2026 11:10:01||07-18-2026 11:10:31|07-18-2026 11:10:31|08-04-2026 15:16:48|91.53|503.64|412.1
BRCJM01|BRGACMES|BRGACMES|8000015572|Shipped|NORMAL||59871299000100|14021-610|SP|BR|ALL IN||1|1|.01|10|10|Y|07-14-2026 15:38:39|07-14-2026 15:38:39||||07-15-2026 18:27:04|07-16-2026 07:21:51|07-16-2026 07:21:51|07-16-2026 08:10:15||07-16-2026 08:14:30|07-16-2026 08:14:30|08-05-2026 10:12:25|40.6|522.56|481.97
BRCJM01|BRGACMES|BRGACMES|8000015573|Shipped|NORMAL||59895385000226|86072-000|PR|BR|ALL IN||7|.6|.006|7|0|N|07-14-2026 15:38:39|07-14-2026 15:38:39||||07-15-2026 18:27:04|07-16-2026 09:26:37|07-17-2026 01:36:15|07-17-2026 02:17:41||07-17-2026 05:52:00|07-17-2026 05:52:00|08-11-2026 14:26:21|62.22|670.8|608.57
BRCJM01|BRGACMES|BRGACMES|8000015574|Shipped|NORMAL||59039599000110|78115-005|MT|BR|FAVORITA||1|.1|.001|1|1|Y|07-14-2026 15:38:40|07-14-2026 15:38:40||||07-15-2026 18:27:05|07-16-2026 07:28:07|07-16-2026 07:28:07|07-16-2026 08:16:28||07-16-2026 08:19:48|07-16-2026 08:19:48|08-05-2026 10:12:23|40.69|522.56|481.88
BRCJM01|BRGACMES|BRGACMES|8000015575|Shipped|NORMAL||59630650000163|40276-200|BA|BR|TERMACO||1|.1|.001|1|1|Y|07-14-2026 15:37:37|07-14-2026 15:37:37||||07-15-2026 18:27:03|07-17-2026 11:04:13|07-17-2026 11:04:13|07-18-2026 04:49:38||07-18-2026 06:14:20|07-18-2026 06:14:20|08-04-2026 15:16:50|86.61|503.65|417.04
BRCJM01|BRGACMES|BRGACMES|8000015576|Shipped|NORMAL||59338607000390|89056-083|ES|BR|TAC VIX||1|2.5|.025|25|25|Y|07-14-2026 15:37:37|07-14-2026 15:37:37||||07-15-2026 18:27:03|07-16-2026 02:07:05|07-16-2026 02:07:05|07-16-2026 23:13:51||07-16-2026 23:14:40|07-16-2026 23:14:40|08-04-2026 15:16:49|55.62|503.65|448.04
BRCJM01|BRGACMES|BRGACMES|8000015578|Shipped|NORMAL||45180696000466|12246-876|SP|BR|TAC SJC/GRU||1|.1|.001|1|1|Y|07-14-2026 15:38:38|07-14-2026 15:38:38||||07-15-2026 18:27:03|07-16-2026 06:49:25|07-16-2026 06:49:25|07-16-2026 08:10:46||07-16-2026 08:14:39|07-16-2026 08:14:39|08-05-2026 10:12:23|40.6|522.56|481.96
BRCJM01|BRGACMES|BRGACMES|8000015579|Shipped|NORMAL||59630650000163|40276-200|BA|BR|TERMACO||1|0|0|12|12|Y|07-14-2026 15:38:38|07-14-2026 15:38:38||||07-15-2026 18:27:04|07-16-2026 08:57:00|07-17-2026 02:09:49|07-17-2026 07:32:53||07-17-2026 07:34:49|07-17-2026 07:34:49|08-04-2026 15:16:50|63.94|503.64|439.7
BRCJM01|BRGACMES|BRGACMES|8000015580|Shipped|NORMAL||59405379000243||||DSV||1|0|0|1|1|Y|07-14-2026 15:43:55|07-14-2026 15:43:55|||08-11-2026 21:37:40|08-12-2026 10:41:03|08-12-2026 14:31:35|08-12-2026 14:31:35|08-13-2026 05:06:47||08-13-2026 05:07:21|08-13-2026 05:07:21|08-31-2026 10:39:19|709.39|1146.92|437.53
BRCJM01|BRGACMES|BRGACMES|8000015581|Shipped|NORMAL||59039599000462|77023-002|TO|BR|FAVORITA||2|.2|.002|2|2|Y|07-14-2026 15:38:39|07-14-2026 15:38:39||||07-15-2026 18:27:04|07-16-2026 07:13:13|07-16-2026 07:14:38|07-16-2026 08:03:50||07-16-2026 08:06:11|07-16-2026 08:06:11|08-04-2026 15:16:47|40.46|503.64|463.18
BRCJM01|BRGACMES|BRGACMES|8000015582|Shipped|NORMAL||68639251001711|22631-000|RJ|BR|ANDRE/TRANSP||1|0|0|15|15|Y|07-14-2026 15:38:39|07-14-2026 15:38:39||||07-15-2026 18:27:04|07-16-2026 13:35:42|07-16-2026 13:37:09|07-16-2026 14:09:14||07-16-2026 14:09:43|07-16-2026 14:09:43|08-04-2026 15:16:53|46.52|503.64|457.12
BRCJM01|BRGACMES|BRGACMES|8000015584|Shipped|NORMAL||45180696000466|12246-876|SP|BR|TAC SJC/GRU||1|.1|.001|1|1|Y|07-14-2026 15:38:40|07-14-2026 15:38:40|||07-21-2026 16:10:03|07-22-2026 17:46:09|07-23-2026 08:50:56|07-23-2026 08:50:56|07-23-2026 12:28:31||07-23-2026 12:29:03|07-23-2026 12:29:03|08-04-2026 15:16:43|212.84|503.63|290.79
BRCJM01|BRGACMES|BRGACMES|8000015585|Shipped|NORMAL||58267919000479|71608-900|DF|BR|ALL IN||1|0|0|1|1|Y|07-14-2026 15:38:40|07-14-2026 15:38:40||||07-15-2026 18:27:05|07-17-2026 09:28:35|07-17-2026 09:28:35|07-17-2026 11:05:31||07-20-2026 16:09:46|07-20-2026 16:09:47|08-04-2026 15:16:43|144.52|503.63|359.12
BRCJM01|BRGACMES|BRGACMES|8000015586|Shipped|NORMAL||45180696000466|12246-876|SP|BR|TAC SJC/GRU||1|.1|.001|1|1|Y|07-14-2026 15:38:41|07-14-2026 15:38:41||||07-15-2026 18:27:05|07-16-2026 06:42:04|07-16-2026 06:42:04|07-16-2026 14:42:19||07-16-2026 14:42:59|07-16-2026 14:42:59|08-05-2026 10:12:23|47.07|522.56|475.49
BRCJM01|BRGACMES|BRGACMES|8000015587|Shipped|RUSH||58267919000207|31255-234|MG|BR|ANDRE/TRANSP||1|0|0|1|1|Y|07-14-2026 15:38:41|07-14-2026 15:38:41||||07-15-2026 18:27:05|07-29-2026 16:54:03|07-29-2026 16:54:03|07-29-2026 17:14:12||07-29-2026 17:14:59|07-29-2026 17:14:59|08-04-2026 15:16:43|361.61|503.63|142.03
BRCJM01|BRGACMES|BRGACMES|8000015588|Shipped|NORMAL||59523091000273|06465-100|SP|BR|TRANSP DSV||1|0|0|1|1|Y|07-14-2026 15:38:42|07-14-2026 15:38:42|||07-30-2026 10:56:16|07-30-2026 10:58:51|07-30-2026 12:12:15|07-30-2026 12:12:15|07-30-2026 14:27:53||07-30-2026 14:29:19|07-30-2026 14:29:19|08-11-2026 14:26:19|382.84|670.79|287.95
BRCJM01|BRGACMES|BRGACMES|8000015589|Shipped|RUSH||58267919000207|31255-234|MG|BR|ANDRE/TRANSP||2|.1|.001|2|2|Y|07-14-2026 15:38:42|07-14-2026 15:38:42|||07-29-2026 13:31:32|07-29-2026 13:31:59|07-29-2026 13:45:36|07-29-2026 13:52:53|07-29-2026 16:37:00||07-29-2026 16:38:11|07-29-2026 16:38:11|08-04-2026 15:16:43|360.99|503.63|142.64
BRCJM01|BRGACMES|BRGACMES|8000015590|Shipped|NORMAL||59630650000163|40276-200|BA|BR|TERMACO||1|.3|.003|3|3|Y|07-14-2026 15:38:42|07-14-2026 15:38:42||||07-15-2026 18:27:06|07-16-2026 07:16:30|07-16-2026 07:16:30|07-16-2026 19:14:40||07-16-2026 19:15:49|07-16-2026 19:15:49|08-04-2026 15:16:50|51.62|503.64|452.02
BRCJM01|BRGACMES|BRGACMES|8000015591|Shipped|NORMAL||59039599000110|78115-005|MT|BR|FAVORITA||1|0|0|10|10|Y|07-14-2026 15:38:43|07-14-2026 15:38:43||||07-15-2026 18:27:06|07-17-2026 09:36:03|07-17-2026 09:36:03|07-18-2026 12:24:38||07-18-2026 12:25:39|07-18-2026 12:25:39|08-05-2026 10:12:24|92.78|522.56|429.78
BRCJM01|BRGACMES|BRGACMES|8000015592|Shipped|NORMAL||59223839000301|05319-070|SP|BR|TRANSP DSV||1|.1|.001|1|1|Y|07-14-2026 15:39:43|07-14-2026 15:39:43||||07-15-2026 18:27:06|07-16-2026 07:32:05|07-16-2026 07:32:05|07-16-2026 19:39:45||07-16-2026 19:40:23|07-16-2026 19:40:23|08-05-2026 10:12:24|52.01|522.54|470.53
BRCJM01|BRGACMES|BRGACMES|8000015593|Shipped|NORMAL||59039599000381|69053-355|AM|BR|NORTEX||1|0|0|10|10|Y|07-14-2026 15:39:44|07-14-2026 15:39:44||||07-15-2026 18:27:06|07-17-2026 09:43:58|07-17-2026 09:43:58|07-18-2026 11:46:45||07-18-2026 11:47:24|07-18-2026 11:47:24|08-04-2026 15:16:46|92.13|503.62|411.49
BRCJM01|BRGACMES|BRGACMES|8000015594|Shipped|NORMAL||58267919000207|31255-234|MG|BR|ANDRE/TRANSP||1|.1|.001|1|1|Y|07-14-2026 15:39:44|07-14-2026 15:39:44||||07-15-2026 18:27:06|07-16-2026 07:50:38|07-16-2026 07:50:38|07-16-2026 08:50:06||07-16-2026 08:56:25|07-16-2026 08:56:25|08-04-2026 15:16:43|41.28|503.62|462.34
BRCJM01|BRGACMES|BRGACMES|8000015595|Shipped|NORMAL||59223839000301|05319-070|SP|BR|TRANSP DSV||1|.1|.001|1|1|Y|07-14-2026 15:38:40|07-14-2026 15:38:40||||07-15-2026 18:27:05|07-16-2026 07:31:44|07-16-2026 07:31:44|07-16-2026 08:16:58||07-16-2026 08:20:02|07-16-2026 08:20:02|08-05-2026 10:12:24|40.69|522.56|481.87
BRCJM01|BRGACMES|BRGACMES|8000015596|Shipped|NORMAL||58873822000248|88331-490|SC|BR|TAC CWB||1|.1|.001|1|1|Y|07-14-2026 15:38:41|07-14-2026 15:38:41||||07-15-2026 18:27:05|07-16-2026 06:46:12|07-16-2026 06:46:12|07-16-2026 23:18:27||07-16-2026 23:18:48|07-16-2026 23:18:48|08-21-2026 16:10:23|55.67|912.53|856.86
BRCJM01|BRGACMES|BRGACMES|8000015597|Shipped|NORMAL||59223839000301|05319-070|SP|BR|TRANSP DSV||1|.1|.001|1|1|Y|07-14-2026 15:38:41|07-14-2026 15:38:41||||07-15-2026 18:27:05|07-16-2026 06:50:14|07-16-2026 06:50:14|07-16-2026 19:42:43||07-16-2026 19:47:01|07-16-2026 19:47:01|08-05-2026 10:12:24|52.14|522.56|470.42
BRCJM01|BRGACMES|BRGACMES|8000015598|Shipped|NORMAL||58267919000479|71608-900|DF|BR|ALL IN||1|.2|.002|2|2|Y|07-14-2026 15:38:42|07-14-2026 15:38:42||||07-15-2026 18:27:05|07-17-2026 14:32:22|07-17-2026 14:38:03|07-17-2026 22:57:59||07-20-2026 16:10:03|07-20-2026 16:10:03|08-04-2026 15:16:44|144.52|503.63|359.11
BRCJM01|BRGACMES|BRGACMES|8000015600|Shipped|NORMAL||59052866000270|03340-000|SP|BR|TRANSP DSV||1|0|0|20|20|Y|07-14-2026 15:38:42|07-14-2026 15:38:42||||07-15-2026 18:27:06|07-16-2026 08:48:07|07-17-2026 02:01:40|07-17-2026 07:21:34||07-17-2026 07:22:37|07-17-2026 07:22:37|08-05-2026 10:12:24|63.73|522.56|458.83
BRCJM01|BRGACMES|BRGACMES|8000015601|Shipped|NORMAL||58267919000479|71608-900|DF|BR|ALL IN||1|0|0|19|19|Y|07-14-2026 15:38:43|07-14-2026 15:38:43||||07-15-2026 18:27:06|07-17-2026 09:43:17|07-17-2026 09:43:17|07-18-2026 11:50:16||07-18-2026 11:50:59|07-18-2026 11:50:59|08-04-2026 15:16:44|92.2|503.63|411.43
BRCJM01|BRGACMES|BRGACMES|8000015602|Shipped|NORMAL||59405379000243||||TAC DSV||1|.1|.001|1|1|Y|07-14-2026 15:43:55|07-14-2026 15:43:55||||07-15-2026 18:27:12|07-16-2026 08:20:50|07-16-2026 08:20:50|07-16-2026 08:52:41||07-16-2026 08:52:59|07-16-2026 08:52:59|08-06-2026 11:02:15|41.15|547.31|506.15
BRCJM01|BRGACMES|BRGACMES|8000015604|Shipped|NORMAL||59052866000270|03340-000|SP|BR|TRANSP DSV||1|.1|.001|1|1|Y|07-14-2026 15:39:44|07-14-2026 15:39:44||||07-15-2026 18:27:06|07-16-2026 07:54:35|07-16-2026 07:54:35|07-16-2026 08:51:22||07-16-2026 08:55:05|07-16-2026 08:55:05|08-05-2026 10:12:24|41.26|522.54|481.29
BRCJM01|BRGACMES|BRGACMES|8000015605|Shipped|NORMAL||68639251001711|22631-000|RJ|BR|DSV||1|.1|.001|1|1|Y|07-14-2026 15:38:40|07-14-2026 15:38:40||||07-15-2026 18:27:05|07-16-2026 07:33:13|07-16-2026 07:33:13|07-16-2026 08:29:23||08-31-2026 10:39:36|07-16-2026 08:30:40|08-31-2026 10:39:36|1147.02|1147.02|0
BRCJM01|BRGACMES|BRGACMES|8000015607|Shipped|NORMAL||60348857000129|49097-510|SE|BR|TERMACO||1|.1|.001|1|1|Y|07-14-2026 15:38:41|07-14-2026 15:38:41||||07-15-2026 18:27:05|07-17-2026 11:14:25|07-17-2026 11:14:25|07-18-2026 04:47:49||07-18-2026 06:14:57|07-18-2026 06:14:57|08-05-2026 10:12:26|86.6|522.56|435.96
BRCJM01|BRGACMES|BRGACMES|8000015608|Shipped|NORMAL||58267919000207|31255-234|MG|BR|ANDRE/TRANSP||1|2.5|.025|25|25|Y|07-14-2026 15:38:42|07-14-2026 15:38:42||||07-15-2026 18:27:05|07-16-2026 06:58:40|07-16-2026 06:58:40|07-22-2026 02:26:55||07-22-2026 04:21:44|07-22-2026 04:21:44|08-05-2026 10:12:23|180.72|522.56|341.84
BRCJM01|BRGACMES|BRGACMES|8000015609|Shipped|NORMAL||59338607000390|89056-083|ES|BR|TAC VIX||1|.1|.001|1|1|Y|07-14-2026 15:38:42|07-14-2026 15:38:42||||07-15-2026 18:27:05|07-17-2026 14:43:20|07-17-2026 14:43:20|07-17-2026 16:38:27||07-17-2026 16:38:57|07-17-2026 16:38:57|08-04-2026 15:16:49|73|503.64|430.63
BRCJM01|BRGACMES|BRGACMES|8000015610|Shipped|NORMAL||58267919000207|31255-234|MG|BR|ANDRE/TRANSP||1|3|.03|30|30|Y|07-14-2026 15:38:43|07-14-2026 15:38:43||||07-15-2026 18:27:06|07-16-2026 07:19:10|07-16-2026 07:20:57|07-16-2026 22:27:57||07-16-2026 22:28:31|07-16-2026 22:28:31|08-05-2026 10:12:23|54.83|522.56|467.73
BRCJM01|BRGACMES|BRGACMES|8000015611|Shipped|NORMAL||59039599000462|77023-002|TO|BR|DSV||1|.1|.001|1|1|Y|07-14-2026 15:39:43|07-14-2026 15:39:43||||07-15-2026 18:27:06|07-16-2026 07:26:42|07-16-2026 07:26:42|07-16-2026 08:41:50||07-16-2026 08:43:04|07-16-2026 08:43:04|08-31-2026 10:39:14|41.06|1146.99|1105.94
BRCJM01|BRGACMES|BRGACMES|8000015612|Shipped|NORMAL||59338607000390|89056-083|ES|BR|TAC VIX||1|0|0|20|20|Y|07-14-2026 15:39:44|07-14-2026 15:39:44||||07-15-2026 18:27:06|07-17-2026 09:35:20|07-17-2026 09:35:20|07-18-2026 12:27:28||07-18-2026 12:29:07|07-18-2026 12:29:07|08-04-2026 15:16:49|92.82|503.62|410.8
BRCJM01|BRGACMES|BRGACMES|8000015613|Shipped|NORMAL||59338607000390|89056-083|ES|BR|TAC VIX||1|.1|.001|1|1|Y|07-14-2026 15:39:44|07-14-2026 15:39:44||||07-15-2026 18:27:06|07-16-2026 08:59:57|07-16-2026 08:59:57|07-18-2026 01:14:49||07-18-2026 06:22:59|07-18-2026 06:22:59|08-04-2026 15:16:49|86.72|503.62|416.9
BRCJM01|BRGACMES|BRGACMES|8000015614|Shipped|NORMAL||59871299000100|14021-610|SP|BR|ALL IN||1|.5|.005|5|5|Y|07-14-2026 15:39:44|07-14-2026 15:39:44||||07-15-2026 18:27:06|07-16-2026 07:59:34|07-16-2026 07:59:34|07-16-2026 23:16:14||07-16-2026 23:17:53|07-16-2026 23:17:53|08-11-2026 14:26:19|55.64|670.78|615.14
BRCJM01|BRGACMES|BRGACMES|8000015615|Shipped|NORMAL||45180696000113|08735-000|SP|BR|TAC SJC/GRU||1|0|0|34|34|Y|07-14-2026 15:38:41|07-14-2026 15:38:41||||07-15-2026 18:27:05|07-17-2026 09:31:12|07-17-2026 09:31:12|07-18-2026 11:44:10||07-18-2026 11:44:38|07-18-2026 11:44:38|08-05-2026 10:12:23|92.1|522.56|430.46
BRCJM01|BRGACMES|BRGACMES|8000015616|Shipped|NORMAL||45180696000113|08735-000|SP|BR|TAC SJC/GRU||1|.1|.001|1|1|Y|07-14-2026 15:38:41|07-14-2026 15:38:41|||07-21-2026 16:10:03|07-22-2026 17:46:09|07-23-2026 08:47:38|07-23-2026 08:47:38|07-23-2026 12:27:07||07-23-2026 12:29:15|07-23-2026 12:29:15|08-05-2026 10:12:23|212.84|522.56|309.72
BRCJM01|BRGACMES|BRGACMES|8000015617|Shipped|NORMAL||59216158000146|11050-201|SP|BR|TAC DSV||1|.1|.001|1|1|Y|07-14-2026 15:38:41|07-14-2026 15:38:41||||07-15-2026 18:27:05|07-16-2026 07:05:50|07-16-2026 07:05:50|07-16-2026 08:43:44||07-16-2026 08:44:44|07-16-2026 08:44:44|08-05-2026 10:12:24|41.1|522.56|481.46
BRCJM01|BRGACMES|BRGACMES|8000015618|Shipped|NORMAL||59039599000110|78115-005|MT|BR|FAVORITA||1|0|0|10|10|Y|07-14-2026 15:38:42|07-14-2026 15:38:42||||07-15-2026 18:27:05|07-17-2026 09:33:04|07-17-2026 09:33:04|07-18-2026 11:41:13||07-18-2026 11:42:02|07-18-2026 11:42:02|08-04-2026 15:16:46|92.06|503.63|411.58
BRCJM01|BRGACMES|BRGACMES|8000015619|Shipped|NORMAL||59871299000100|14021-610|SP|BR|ALL IN||1|0|0|3|3|Y|07-14-2026 15:38:42|07-14-2026 15:38:42||||07-15-2026 18:27:06|07-20-2026 01:34:38|07-20-2026 01:34:38|07-20-2026 01:38:31||07-20-2026 01:40:01|07-20-2026 01:40:01|08-05-2026 10:12:25|130.02|522.56|392.54
BRCJM01|BRGACMES|BRGACMES|8000015620|Shipped|NORMAL||59223839000301|05319-070|SP|BR|TRANSP DSV||1|.1|.001|1|1|Y|07-14-2026 15:38:43|07-14-2026 15:38:43||||07-15-2026 18:27:06|07-16-2026 07:23:57|07-16-2026 07:23:57|07-16-2026 23:22:58||07-16-2026 23:23:22|07-16-2026 23:23:22|08-05-2026 10:12:24|55.74|522.56|466.82
BRCJM01|BRGACMES|BRGACMES|8000015621|Shipped|NORMAL||58957368000122|59063-200|RN|BR|TERMACO||1|0|0|20|20|Y|07-14-2026 15:39:44|07-14-2026 15:39:44||||07-15-2026 18:27:06|07-17-2026 09:36:42|07-17-2026 09:36:42|07-18-2026 12:21:00||07-18-2026 12:21:37|07-18-2026 12:21:37|08-04-2026 15:16:45|92.7|503.62|410.92
BRCJM01|BRGACMES|BRGACMES|8000015622|Shipped|NORMAL||59871299000100|14021-610|SP|BR|ALL IN||1|.1|.001|1|1|Y|07-14-2026 15:39:44|07-14-2026 15:39:44||||07-15-2026 18:27:06|07-17-2026 14:48:33|07-17-2026 14:48:33|07-17-2026 15:56:49||07-17-2026 15:59:41|07-17-2026 15:59:41|08-04-2026 15:16:51|72.33|503.62|431.29
BRCJM01|BRGACMES|BRGACMES|8000015623|Shipped|NORMAL||58957368000122|59063-200|RN|BR|TERMACO||1|.1|.001|1|1|Y|07-14-2026 15:39:44|07-14-2026 15:39:44||||07-15-2026 18:27:06|07-16-2026 07:46:32|07-16-2026 07:46:32|07-16-2026 08:51:56||07-16-2026 08:56:51|07-16-2026 08:56:51|08-04-2026 15:16:45|41.29|503.62|462.33
BRCJM01|BRGACMES|BRGACMES|8000015624|Shipped|NORMAL||59039599000381|69053-355|AM|BR|NORTEX||2|0|0|30|30|Y|07-14-2026 15:39:44|07-14-2026 15:39:44||||07-15-2026 18:27:06|07-16-2026 08:45:26|07-17-2026 01:50:33|07-17-2026 02:51:26||07-17-2026 05:30:01|07-17-2026 05:30:01|08-04-2026 15:16:46|61.84|503.62|441.78
BRCJM01|BRGACMES|BRGACMES|8000015626|Shipped|NORMAL||59223839000301|05319-070|SP|BR|TRANSP DSV||1|0|0|10|10|Y|07-14-2026 15:39:45|07-14-2026 15:39:45||||07-15-2026 18:27:07|07-17-2026 09:41:55|07-17-2026 09:41:55|07-18-2026 11:58:32||07-18-2026 11:59:11|07-18-2026 11:59:11|08-06-2026 11:02:15|92.32|547.38|455.05
BRCJM01|BRGACMES|BRGACMES|8000015627|Shipped|NORMAL||60402973000189|89051-000|SC|BR|TAC CWB||1|0|0|5|5|Y|07-14-2026 15:39:45|07-14-2026 15:39:45||||07-15-2026 18:27:07|07-17-2026 09:40:33|07-17-2026 09:40:33|07-18-2026 12:00:36||07-18-2026 12:01:12|07-18-2026 12:01:12|08-04-2026 15:16:53|92.36|503.62|411.26
BRCJM01|BRGACMES|BRGACMES|8000015628|Shipped|NORMAL||60348857000129|49097-510|SE|BR|TERMACO||1|.1|.001|1|1|Y|07-14-2026 15:39:46|07-14-2026 15:39:46||||07-15-2026 18:27:07|07-16-2026 07:59:13|07-16-2026 07:59:13|07-16-2026 08:36:51||07-16-2026 08:38:34|07-16-2026 08:38:34|08-06-2026 11:02:16|40.98|547.38|506.4
BRCJM01|BRGACMES|BRGACMES|8000015629|Shipped|NORMAL||59630650000163|40276-200|BA|BR|TERMACO||1|.1|.001|1|1|Y|07-14-2026 15:39:46|07-14-2026 15:39:46||||07-15-2026 18:27:08|07-16-2026 08:20:00|07-16-2026 08:20:00|07-16-2026 08:34:07||07-16-2026 08:34:43|07-16-2026 08:34:43|08-04-2026 15:16:50|40.92|503.62|462.7
BRCJM01|BRGACMES|BRGACMES|8000015630|Shipped|NORMAL||58267919000479|71608-900|DF|BR|ALL IN||2|.2|.002|2|2|Y|07-14-2026 15:39:47|07-14-2026 15:39:47||||07-15-2026 18:27:08|07-16-2026 07:56:17|07-16-2026 07:57:05|07-16-2026 08:26:32||07-20-2026 16:10:10|07-20-2026 16:10:10|08-21-2026 16:10:22|144.51|912.51|768
BRCJM01|BRGACMES|BRGACMES|8000015631|Shipped|NORMAL||59039599000381|69053-355|AM|BR|NORTEX||1|.1|.001|1|1|Y|07-14-2026 15:39:47|07-14-2026 15:39:47|||08-11-2026 21:37:39|08-12-2026 10:41:01|08-13-2026 09:43:53|08-13-2026 09:43:53|08-13-2026 10:36:18||08-13-2026 10:37:16|08-13-2026 10:37:16|08-18-2026 09:46:02|714.96|834.1|119.15
BRCJM01|BRGACMES|BRGACMES|8000015632|Shipped|NORMAL||59039599000462|77023-002|TO|BR|FAVORITA||1|0|0|20|20|Y|07-14-2026 15:39:47|07-14-2026 15:39:47||||07-15-2026 18:27:08|07-17-2026 09:00:28|07-17-2026 09:00:29|07-18-2026 02:31:13||07-18-2026 06:20:15|07-18-2026 06:20:15|08-04-2026 15:16:47|86.67|503.62|416.94
BRCJM01|BRGACMES|BRGACMES|8000015634|Shipped|NORMAL||59630650000163|40276-200|BA|BR|TERMACO||1|.1|.001|1|1|Y|07-14-2026 15:39:48|07-14-2026 15:39:48||||07-15-2026 18:27:09|07-15-2026 23:44:39|07-15-2026 23:44:39|07-16-2026 02:13:56||07-16-2026 02:15:09|07-16-2026 02:15:09|08-04-2026 15:16:50|34.59|503.62|469.03
BRCJM01|BRGACMES|BRGACMES|8000015635|Shipped|NORMAL||59630650000163|40276-200|BA|BR|TERMACO||1|0|0|37|37|Y|07-14-2026 15:39:45|07-14-2026 15:39:45||||07-15-2026 18:27:07|07-16-2026 08:01:26|07-16-2026 08:05:18|07-16-2026 14:46:34||07-20-2026 16:10:16|07-20-2026 16:10:17|08-05-2026 10:12:25|144.51|522.54|378.04
BRCJM01|BRGACMES|BRGACMES|8000015636|Shipped|NORMAL||68639251001711|22631-000|RJ|BR|ANDRE/TRANSP||2|2|.02|40|40|Y|07-14-2026 15:39:45|07-14-2026 15:39:45||||07-15-2026 18:27:07|07-16-2026 08:24:38|07-16-2026 08:28:23|07-18-2026 01:11:22||07-18-2026 03:01:06|07-18-2026 03:01:06|08-11-2026 14:26:21|83.36|670.78|587.42
BRCJM01|BRGACMES|BRGACMES|8000015637|Shipped|NORMAL||59630650000163|40276-200|BA|BR|TERMACO||1|0|0|40|40|Y|07-14-2026 15:39:46|07-14-2026 15:39:46||||07-15-2026 18:27:07|07-16-2026 06:42:33|07-16-2026 06:42:33|07-16-2026 08:01:17||07-16-2026 08:02:45|07-16-2026 08:02:45|08-05-2026 10:12:25|40.38|522.54|482.16
BRCJM01|BRGACMES|BRGACMES|8000015638|Shipped|NORMAL||59338607000200|24030-211|RJ|BR|ANDRE/TRANSP||1|.1|.001|1|1|Y|07-14-2026 15:39:46|07-14-2026 15:39:46||||07-15-2026 18:27:07|07-16-2026 08:22:06|07-16-2026 08:22:06|07-16-2026 08:42:07||07-16-2026 08:45:36|07-16-2026 08:45:36|08-04-2026 15:16:49|41.1|503.62|462.52
BRCJM01|BRGACMES|BRGACMES|8000015639|Shipped|NORMAL||58873822000248|88331-490|SC|BR|TAC CWB||1|.1|.001|1|1|Y|07-14-2026 15:39:46|07-14-2026 15:39:46||||07-15-2026 18:27:08|07-16-2026 08:09:42|07-16-2026 08:09:42|07-16-2026 08:40:40||07-16-2026 08:45:30|07-16-2026 08:45:30|08-04-2026 15:16:45|41.1|503.62|462.52
BRCJM01|BRGACMES|BRGACMES|8000015640|Shipped|NORMAL||59052866000270|03340-000|SP|BR|TRANSP DSV||1|.1|.001|1|1|Y|07-14-2026 15:39:47|07-14-2026 15:39:47||||07-15-2026 18:27:08|07-16-2026 08:33:41|07-16-2026 08:33:41|07-18-2026 00:56:41||07-18-2026 02:00:15|07-18-2026 02:00:15|08-06-2026 11:02:14|82.34|547.37|465.03
BRCJM01|BRGACMES|BRGACMES|8000015641|Shipped|NORMAL||59523091000354|09521-040|SP|BR|TAC DSV||1|0|0|20|20|Y|07-14-2026 15:39:47|07-14-2026 15:39:47||||07-15-2026 18:27:08|07-16-2026 06:47:50|07-16-2026 06:47:50|07-16-2026 07:52:50||07-16-2026 07:53:57|07-16-2026 07:53:57|08-11-2026 14:26:19|40.24|670.78|630.54
BRCJM01|BRGACMES|BRGACMES|8000015642|Shipped|NORMAL||59523091000273|06465-100|SP|BR|TRANSP DSV||1|.1|.001|1|1|Y|07-14-2026 15:39:48|07-14-2026 15:39:48||||07-15-2026 18:27:08|07-16-2026 07:12:19|07-16-2026 07:12:19|07-16-2026 07:54:48||07-16-2026 07:56:06|07-16-2026 07:56:06|08-06-2026 11:02:15|40.27|547.37|507.1
BRCJM01|BRGACMES|BRGACMES|8000015643|Shipped|NORMAL||58873822000248|88331-490|SC|BR|TAC CWB||1|0|0|30|30|Y|07-14-2026 15:39:48|07-14-2026 15:39:48||||07-15-2026 18:27:09|07-15-2026 23:04:28|07-15-2026 23:04:28|07-16-2026 02:50:54||07-16-2026 05:53:40|07-16-2026 05:53:40|08-04-2026 15:16:45|38.23|503.62|465.38
BRCJM01|BRGACMES|BRGACMES|8000015644|Shipped|RUSH||59286249000158|90240-620|RS|BR|TRANSTRY||2|.2|.002|2|2|Y|07-14-2026 15:39:48|07-14-2026 15:39:48|||07-30-2026 12:37:14|07-30-2026 12:37:35|07-30-2026 13:37:50|07-30-2026 13:39:49|07-30-2026 14:24:43||07-30-2026 14:25:23|07-30-2026 14:25:23|08-04-2026 15:16:48|382.76|503.62|120.86
BRCJM01|BRGACMES|BRGACMES|8000015645|Shipped|NORMAL||59039599000381|69053-355|AM|BR|NORTEX||1|.1|.001|1|1|Y|07-14-2026 15:39:45|07-14-2026 15:39:45|||08-11-2026 21:37:39|08-12-2026 10:41:01|08-12-2026 19:10:03|08-12-2026 19:10:03|08-12-2026 20:49:06||08-12-2026 20:55:58|08-12-2026 20:55:58|08-18-2026 09:46:02|701.27|834.1|132.83
BRCJM01|BRGACMES|BRGACMES|8000015646|Shipped|NORMAL||58267919000479|71608-900|DF|BR|ALL IN||2|.2|.002|2|2|Y|07-14-2026 15:39:45|07-14-2026 15:39:45||||07-15-2026 18:27:07|07-16-2026 08:11:48|07-16-2026 08:14:53|07-16-2026 08:38:39||07-16-2026 08:40:21|07-16-2026 08:40:21|08-21-2026 16:10:22|41.01|912.51|871.5
BRCJM01|BRGACMES|BRGACMES|8000015647|Shipped|NORMAL||59405379000243||||TAC DSV||1|0|0|10|10|Y|07-14-2026 15:43:55|07-14-2026 15:43:55||||07-15-2026 18:27:12|07-16-2026 08:09:39|07-16-2026 08:09:39|07-16-2026 23:26:55||07-16-2026 23:27:28|07-16-2026 23:27:28|08-04-2026 15:16:49|55.73|503.55|447.82
BRCJM01|BRGACMES|BRGACMES|8000015648|Shipped|NORMAL||59052866000270|03340-000|SP|BR|TRANSP DSV||2|0|0|54|54|Y|07-14-2026 15:39:46|07-14-2026 15:39:46||||07-15-2026 18:27:07|07-16-2026 08:02:24|07-16-2026 08:06:04|07-16-2026 08:32:34||07-16-2026 08:33:34|07-16-2026 08:33:34|08-06-2026 11:02:14|40.9|547.37|506.48
BRCJM01|BRGACMES|BRGACMES|8000015649|Shipped|NORMAL||59523091000354|09521-040|SP|BR|TAC DSV||2|0|0|40|40|Y|07-14-2026 15:39:46|07-14-2026 15:39:46||||07-15-2026 18:27:08|07-17-2026 09:02:45|07-17-2026 09:27:14|07-18-2026 02:57:07||07-18-2026 06:18:42|07-18-2026 06:18:42|08-11-2026 14:26:19|86.65|670.78|584.13
BRCJM01|BRGACMES|BRGACMES|8000015650|Shipped|NORMAL||59039599000543|66053-180|PA|BR|NORTEX||2|0|0|25|25|Y|07-14-2026 15:39:47|07-14-2026 15:39:47||||07-15-2026 18:27:08|07-16-2026 07:49:05|07-16-2026 07:50:38|07-16-2026 08:39:59||07-16-2026 08:41:58|07-16-2026 08:41:58|08-07-2026 10:15:10|41.04|570.59|529.55
BRCJM01|BRGACMES|BRGACMES|8000015651|Shipped|NORMAL||59338607000200|24030-211|RJ|BR|ANDRE/TRANSP||1|0|0|10|10|Y|07-14-2026 15:39:47|07-14-2026 15:39:47||||07-15-2026 18:27:08|07-17-2026 08:50:45|07-17-2026 08:50:45|07-18-2026 02:06:56||07-18-2026 02:58:48|07-18-2026 02:58:48|08-07-2026 10:15:11|83.32|570.59|487.27
BRCJM01|BRGACMES|BRGACMES|8000015652|Shipped|NORMAL||60402973000189|89051-000|SC|BR|TAC CWB||1|.2|.002|2|2|Y|07-14-2026 15:39:48|07-14-2026 15:39:48||||07-15-2026 18:27:08|07-16-2026 07:15:40|07-16-2026 07:15:40|07-16-2026 08:03:02||07-16-2026 08:03:51|07-16-2026 08:03:51|08-07-2026 10:15:13|40.4|570.59|530.19
BRCJM01|BRGACMES|BRGACMES|8000015653|Shipped|NORMAL||60402973000260|89204-004|SC|BR|TAC CWB||1|.2|.002|2|2|Y|07-14-2026 15:39:48|07-14-2026 15:39:48||||07-15-2026 18:27:09|07-15-2026 23:17:16|07-15-2026 23:17:16|07-16-2026 02:55:36||07-16-2026 05:55:27|07-16-2026 05:55:27|08-07-2026 10:15:13|38.26|570.59|532.33
BRCJM01|BRGACMES|BRGACMES|8000015654|Shipped|NORMAL||58267919000479|71608-900|DF|BR|ALL IN||2|0|0|100|100|Y|07-14-2026 15:39:48|07-14-2026 15:39:48||||07-15-2026 18:27:09|07-15-2026 23:58:52|07-16-2026 00:04:32|07-16-2026 02:46:10||07-16-2026 05:53:03|07-16-2026 05:53:03|08-21-2026 16:10:22|38.22|912.51|874.29
BRCJM01|BRGACMES|BRGACMES|8000015655|Shipped|NORMAL||60348857000129|49097-510|SE|BR|TERMACO||1|.1|.001|1|1|Y|07-14-2026 15:39:45|07-14-2026 15:39:45||||07-15-2026 18:27:07|07-16-2026 08:08:39|07-16-2026 08:08:39|07-16-2026 08:38:12||07-16-2026 08:40:27|07-16-2026 08:40:27|08-05-2026 10:12:26|41.01|522.54|481.53
BRCJM01|BRGACMES|BRGACMES|8000015656|Shipped|NORMAL||58267919000479|71608-900|DF|BR|ALL IN||2|.2|.002|2|2|Y|07-14-2026 15:39:45|07-14-2026 15:39:45||||07-15-2026 18:27:07|07-18-2026 04:45:22|07-18-2026 04:50:12|07-20-2026 00:22:35||07-20-2026 01:37:34|07-20-2026 01:37:34|08-04-2026 15:16:44|129.96|503.62|373.65
BRCJM01|BRGACMES|BRGACMES|8000015657|Shipped|NORMAL||45180696000202|65071-380|MA|BR|TERMACO||2|0|0|40|40|Y|07-14-2026 15:39:46|07-14-2026 15:39:46||||07-15-2026 18:27:07|07-16-2026 08:31:31|07-16-2026 08:33:49|07-18-2026 01:01:55||07-18-2026 01:59:44|07-18-2026 01:59:44|08-07-2026 10:15:09|82.33|570.59|488.26
BRCJM01|BRGACMES|BRGACMES|8000015658|Shipped|NORMAL||59338607000200|24030-211|RJ|BR|ANDRE/TRANSP||1|0|0|20|20|Y|07-14-2026 15:39:46|07-14-2026 15:39:46||||07-15-2026 18:27:07|07-16-2026 06:44:25|07-16-2026 06:44:25|07-16-2026 07:59:52||07-16-2026 08:01:14|07-16-2026 08:01:14|08-07-2026 10:15:11|40.36|570.59|530.23
BRCJM01|BRGACMES|BRGACMES|8000015659|Shipped|NORMAL||59338607000200|24030-211|RJ|BR|ANDRE/TRANSP||1|0|0|20|20|Y|07-14-2026 15:39:46|07-14-2026 15:39:46||||07-15-2026 18:27:08|07-16-2026 06:45:47|07-16-2026 06:45:47|07-16-2026 07:57:36||07-20-2026 16:10:27|07-20-2026 16:10:27|08-07-2026 10:15:11|144.51|570.59|426.08
BRCJM01|BRGACMES|BRGACMES|8000015660|Shipped|NORMAL||59286249000158|90240-620|RS|BR|TRANSTRY||1|.1|.001|1|1|Y|07-14-2026 15:39:47|07-14-2026 15:39:47||||07-15-2026 18:27:08|07-16-2026 07:54:16|07-16-2026 07:54:16|07-16-2026 08:37:48||07-16-2026 08:39:10|07-16-2026 08:39:10|08-04-2026 15:16:48|40.99|503.62|462.63
BRCJM01|BRGACMES|BRGACMES|8000015661|Shipped|NORMAL||59039599000110|78115-005|MT|BR|FAVORITA||1|.1|.001|1|1|Y|07-14-2026 15:39:47|07-14-2026 15:39:47||||07-15-2026 18:27:08|07-16-2026 07:09:58|07-16-2026 07:09:58|07-16-2026 08:11:00||07-16-2026 08:15:06|07-16-2026 08:15:06|08-07-2026 10:15:09|40.59|570.59|530
BRCJM01|BRGACMES|BRGACMES|8000015662|Shipped|NORMAL||58873822000248|88331-490|SC|BR|TAC CWB||1|.1|.001|1|1|Y|07-14-2026 15:39:48|07-14-2026 15:39:48||||07-15-2026 18:27:08|07-16-2026 07:17:03|07-16-2026 07:17:03|07-18-2026 11:49:29||07-20-2026 16:10:32|07-20-2026 16:10:32|08-04-2026 15:16:45|144.51|503.62|359.1
BRCJM01|BRGACMES|BRGACMES|8000015663|Shipped|NORMAL||58267919000479|71608-900|DF|BR|ALL IN||1|.1|.001|1|1|Y|07-14-2026 15:39:48|07-14-2026 15:39:48||||07-15-2026 18:27:09|07-16-2026 07:30:44|07-16-2026 08:08:24|07-16-2026 08:08:43||07-16-2026 08:09:38|07-16-2026 08:09:38|08-04-2026 15:16:44|40.5|503.62|463.12
BRCJM01|BRGACMES|BRGACMES|8000015664|Shipped|NORMAL||58957368000394|58028-880|PB|BR|TERMACO||1|.1|.001|1|1|Y|07-14-2026 15:39:49|07-14-2026 15:39:49||||07-15-2026 18:27:09|07-18-2026 05:05:56|07-18-2026 05:05:56|07-19-2026 23:59:15||07-20-2026 01:37:03|07-20-2026 01:37:03|08-07-2026 10:15:09|129.95|570.59|440.64
BRCJM01|BRGACMES|BRGACMES|8000015665|Shipped|NORMAL||68639251001711|22631-000|RJ|BR|ANDRE/TRANSP||2|0|0|100|100|Y|07-14-2026 15:39:49|07-14-2026 15:39:49||||07-15-2026 18:27:09|07-15-2026 23:49:10|07-15-2026 23:54:58|07-16-2026 02:36:41||08-11-2026 14:26:22|07-16-2026 05:58:35|08-11-2026 14:26:22|670.78|670.78|0
BRCJM01|BRGACMES|BRGACMES|8000015666|Shipped|NORMAL||59630650000163|40276-200|BA|BR|TERMACO||1|.1|.001|1|1|Y|07-14-2026 15:39:49|07-14-2026 15:39:49||||07-15-2026 18:27:09|07-16-2026 07:47:08|07-16-2026 07:47:08|07-16-2026 08:35:31||07-16-2026 08:37:06|07-16-2026 08:37:06|08-04-2026 15:16:50|40.95|503.62|462.66
BRCJM01|BRGACMES|BRGACMES|8000015667|Shipped|NORMAL||59219965000112|18013-003|SP|BR|DSV||1|0|0|23|23|Y|07-14-2026 15:39:50|07-14-2026 15:39:50||||07-15-2026 18:27:10|07-17-2026 10:46:36|07-17-2026 10:46:36|07-17-2026 17:01:18||07-17-2026 17:02:05|07-17-2026 17:02:05|08-31-2026 10:39:15|73.37|1146.99|1073.62
BRCJM01|BRGACMES|BRGACMES|8000015668|Shipped|NORMAL||58957368000122|59063-200|RN|BR|TERMACO||1|0|0|10|10|Y|07-14-2026 15:39:50|07-14-2026 15:39:50||||07-15-2026 18:27:10|07-17-2026 09:13:37|07-17-2026 09:13:37|07-18-2026 02:22:34||07-18-2026 02:59:23|07-18-2026 02:59:23|08-04-2026 15:16:45|83.33|503.62|420.29
BRCJM01|BRGACMES|BRGACMES|8000015669|Shipped|NORMAL||58267919000207|31255-234|MG|BR|ANDRE/TRANSP||1|.1|.001|1|1|Y|07-14-2026 15:40:51|07-14-2026 15:40:51||||07-15-2026 18:27:10|07-16-2026 06:58:18|07-16-2026 06:58:19|07-16-2026 08:04:20||07-16-2026 08:05:40|07-16-2026 08:05:40|08-04-2026 15:16:43|40.41|503.6|463.18
BRCJM01|BRGACMES|BRGACMES|8000015671|Shipped|NORMAL||59039599000381|69053-355|AM|BR|NORTEX||1|.1|.001|1|1|Y|07-14-2026 15:40:52|07-14-2026 15:40:52||||07-15-2026 18:27:11|07-16-2026 07:01:32|07-16-2026 07:01:32|07-16-2026 07:56:18||07-16-2026 07:58:03|07-16-2026 07:58:03|08-05-2026 10:12:24|40.29|522.53|482.24
BRCJM01|BRGACMES|BRGACMES|8000015672|Shipped|NORMAL||59039599000381|69053-355|AM|BR|NORTEX||3|.2|.002|6|6|Y|07-14-2026 15:40:52|07-14-2026 15:40:52||||07-15-2026 18:27:11|07-16-2026 09:43:00|07-17-2026 00:45:21|07-17-2026 01:48:21||07-17-2026 05:51:10|07-17-2026 05:51:10|08-04-2026 15:16:46|62.17|503.6|441.43
BRCJM01|BRGACMES|BRGACMES|8000015678|Shipped|NORMAL||59523091000354|09521-040|SP|BR|TAC DSV||5|4|.04|145|145|Y|07-14-2026 15:40:51|07-14-2026 15:40:51||||07-15-2026 18:27:10|07-16-2026 11:10:25|07-16-2026 19:30:21|07-17-2026 00:20:50||07-17-2026 05:47:17|07-17-2026 05:47:17|08-05-2026 10:12:25|62.11|522.53|460.42
BRCJM01|BRGACMES|BRGACMES|8000015680|Shipped|NORMAL||59216158000146|11050-201|SP|BR|TAC DSV||1|0|0|1|1|Y|07-14-2026 15:40:51|07-14-2026 15:40:51||||07-15-2026 18:27:11|07-17-2026 08:17:01|07-17-2026 08:17:01|07-18-2026 11:36:55||07-18-2026 11:37:45|07-18-2026 11:37:46|08-04-2026 15:16:47|91.95|503.6|411.65
BRCJM01|BRGACMES|BRGACMES|8000015681|Shipped|NORMAL||59871299000100|14021-610|SP|BR|DSV||3|.4|.004|8|8|Y|07-14-2026 15:40:52|07-14-2026 15:40:52|||08-21-2026 14:23:05|08-21-2026 14:24:42|08-21-2026 14:30:28|08-21-2026 14:31:44|08-21-2026 14:46:21||08-31-2026 10:39:22|08-21-2026 14:47:19|08-31-2026 10:39:22|1146.98|1146.98|0
BRCJM01|BRGACMES|BRGACMES|8000015683|Shipped|NORMAL||60259875000134|17012-648|SP|BR|TRANSTRY||2|.2|.002|2|2|Y|07-14-2026 15:40:53|07-14-2026 15:40:53||||07-15-2026 18:27:11|07-16-2026 08:15:17|07-16-2026 08:18:07|07-16-2026 08:54:42||07-16-2026 08:55:18|07-16-2026 08:55:18|08-06-2026 11:02:15|41.24|547.36|506.12
BRCJM01|BRGACMES|BRGACMES|8000015684|Shipped|NORMAL||58956147000130|60810-786|CE|BR|TERMACO||1|0|0|1|1|Y|07-14-2026 15:40:53|07-14-2026 15:40:53|||08-11-2026 09:43:36|08-11-2026 09:46:25|08-11-2026 14:26:46|08-11-2026 14:26:46|08-11-2026 22:17:29||08-11-2026 22:19:24|08-11-2026 22:19:24|08-15-2026 11:50:16|678.64|764.16|85.51
BRCJM01|BRGACMES|BRGACMES|8000015685|Shipped|NORMAL||58956147000130|60810-786|CE|BR|TERMACO||2|0|0|7|7|Y|07-14-2026 15:40:53|07-14-2026 15:40:53||||07-15-2026 18:27:12|07-17-2026 09:01:59|07-17-2026 09:16:40|07-18-2026 02:42:41||07-18-2026 06:19:51|07-18-2026 06:19:51|08-11-2026 14:26:16|86.65|670.76|584.11
BRCJM01|BRGACMES|BRGACMES|8000015687|Shipped|NORMAL||60279014000118|54315-570|PE|BR|DSV||5|0|0|8|8|Y|07-14-2026 15:39:49|07-14-2026 15:39:49|||08-28-2026 08:59:18|08-28-2026 09:20:15|08-28-2026 14:11:56|08-28-2026 14:19:23|08-28-2026 15:14:10||08-28-2026 15:17:36|08-28-2026 15:17:36|09-04-2026 14:36:33|1079.63|1246.95|167.32
BRCJM01|BRGACMES|BRGACMES|8000015689|Shipped|NORMAL||59895385000145|80240-545|PR|BR|TAC CWB||1|.1|.001|1|1|Y|07-14-2026 15:40:50|07-14-2026 15:40:50||||07-15-2026 18:27:10|07-16-2026 08:13:27|07-16-2026 08:13:27|07-16-2026 08:34:46||07-16-2026 08:35:31|07-16-2026 08:35:31|08-11-2026 14:26:20|40.91|670.76|629.85
BRCJM01|BRGACMES|BRGACMES|8000015690|Shipped|NORMAL||29177311000102|05016-090|SP|BR|TRANSP DSV||3|.3|.003|3|3|Y|07-14-2026 15:40:51|07-14-2026 15:40:51||||07-15-2026 18:27:10|07-16-2026 08:15:33|07-16-2026 08:18:04|07-16-2026 08:45:09||07-16-2026 08:45:23|07-16-2026 08:45:23|08-07-2026 10:15:08|41.08|570.57|529.5
BRCJM01|BRGACMES|BRGACMES|8000015692|Shipped|RUSH||59895385000145|80240-545|PR|BR|TAC CWB||1|.1|.001|1|1|Y|07-14-2026 15:40:52|07-14-2026 15:40:52||||07-15-2026 18:27:11|07-16-2026 07:05:41|07-16-2026 07:05:41|07-18-2026 11:39:16||07-18-2026 11:47:20|07-18-2026 11:47:20|08-04-2026 15:16:52|92.11|503.6|411.49
BRCJM01|BRGACMES|BRGACMES|8000015694|Shipped|NORMAL||58956147000130|60810-786|CE|BR|TERMACO||1|.5|.005|5|5|Y|07-14-2026 15:40:53|07-14-2026 15:40:53||||07-15-2026 18:27:11|07-16-2026 09:51:42|07-17-2026 00:58:09|07-17-2026 01:18:42||07-17-2026 05:50:25|07-17-2026 05:50:25|08-21-2026 16:10:24|62.16|912.49|850.33
BRCJM01|BRGACMES|BRGACMES|8000015695|Shipped|NORMAL||60259875000134|17012-648|SP|BR|TRANSTRY||1|0|0|1|1|Y|07-14-2026 15:40:53|07-14-2026 15:40:53||||07-15-2026 18:27:12|07-17-2026 09:14:58|07-17-2026 09:14:58|07-18-2026 02:17:06||07-18-2026 02:59:41|07-18-2026 02:59:41|08-07-2026 10:15:13|83.31|570.57|487.26
BRCJM01|BRGACMES|BRGACMES|8000015696|Shipped|NORMAL||59895385000145|80240-545|PR|BR|TAC CWB||1|5|.05|50|50|Y|07-14-2026 15:40:53|07-14-2026 15:40:53||||07-15-2026 18:27:12|07-16-2026 11:01:21|07-16-2026 17:18:31|07-16-2026 18:03:37||07-16-2026 18:04:59|07-16-2026 18:04:59|08-11-2026 14:26:20|50.4|670.76|620.36
BRCJM01|BRGACMES|BRGACMES|8000015697|Shipped|NORMAL||29177311000102|05016-090|SP|BR|TRANSP DSV||1|0|0|30|30|Y|07-14-2026 15:39:49|07-14-2026 15:39:49||||07-15-2026 18:27:09|07-16-2026 06:50:17|07-16-2026 06:50:17|07-16-2026 07:48:04||07-16-2026 07:52:46|07-16-2026 07:52:46|08-07-2026 10:15:08|40.22|570.59|530.37
BRCJM01|BRGACMES|BRGACMES|8000015698|Shipped|NORMAL||29177311000102|05016-090|SP|BR|TRANSP DSV||1|0|0|20|20|Y|07-14-2026 15:39:50|07-14-2026 15:39:50||||07-15-2026 18:27:10|07-16-2026 06:52:11|07-16-2026 06:52:11|07-16-2026 08:09:32||07-16-2026 08:11:03|07-16-2026 08:11:03|08-07-2026 10:15:08|40.52|570.59|530.07
BRCJM01|BRGACMES|BRGACMES|8000015699|Shipped|NORMAL||60279014000118|54315-570|PE|BR|TERMACO||3|0|0|30|30|Y|07-14-2026 15:39:50|07-14-2026 15:39:50||||07-15-2026 18:27:10|07-16-2026 10:56:01|07-16-2026 16:25:54|07-16-2026 16:47:12||07-16-2026 16:58:53|07-16-2026 16:58:53|08-04-2026 15:16:53|49.32|503.62|454.3
BRCJM01|BRGACMES|BRGACMES|8000015700|Shipped|NORMAL||60259875000134|17012-648|SP|BR|TRANSTRY||1|.1|.001|1|1|Y|07-14-2026 15:40:51|07-14-2026 15:40:51||||07-15-2026 18:27:10|07-16-2026 06:56:12|07-16-2026 06:56:12|07-18-2026 11:46:26||07-18-2026 11:47:29|07-18-2026 11:47:29|08-07-2026 10:15:13|92.11|570.57|478.46
BRCJM01|BRGACMES|BRGACMES|8000015701|Shipped|NORMAL||59895385000145|80240-545|PR|BR|DSV||4|0|0|237|237|Y|07-14-2026 15:40:51|07-14-2026 15:40:51|||08-28-2026 09:26:32|08-28-2026 09:33:09|08-28-2026 16:21:17|08-31-2026 11:49:22|08-31-2026 13:53:36||08-31-2026 14:16:25|08-31-2026 14:16:25|09-04-2026 14:36:28|1150.59|1246.93|96.33
BRCJM01|BRGACMES|BRGACMES|8000015702|Shipped|NORMAL||58956147000130|60810-786|CE|BR|TERMACO||2|0|0|100|100|Y|07-14-2026 15:40:52|07-14-2026 15:40:52||||07-15-2026 18:27:11|07-16-2026 00:15:47|07-16-2026 00:19:27|07-16-2026 02:25:57||07-16-2026 05:57:36|07-16-2026 05:57:36|08-11-2026 14:26:16|38.28|670.76|632.48
BRCJM01|BRGACMES|BRGACMES|8000015703|Shipped|NORMAL||59895385000145|80240-545|PR|BR|TAC CWB||2|0|0|200|200|Y|07-14-2026 15:40:52|07-14-2026 15:40:52||||07-15-2026 18:27:11|07-16-2026 09:49:01|07-17-2026 11:51:20|07-17-2026 21:01:09||07-17-2026 21:03:29|07-17-2026 21:03:29|08-11-2026 14:26:20|77.38|670.76|593.38
BRCJM01|BRGACMES|BRGACMES|8000015739|Shipped|NORMAL||59338607000390|89056-083|ES|BR|DSV||1|.1|.001|1|1|Y|07-16-2026 13:34:42|07-16-2026 13:34:42||||07-16-2026 14:05:17|07-17-2026 05:11:27|07-17-2026 05:11:29|07-17-2026 09:53:20||07-17-2026 09:54:44|07-17-2026 09:54:44|08-31-2026 10:39:18|20.33|1101.08|1080.74
BRCJM01|BRGACMES|BRGACMES|8000015740|Shipped|NORMAL||5987129901||||DSV||5|.3|.003|5|5|Y|07-16-2026 13:34:41|08-24-2026 15:42:43|||08-28-2026 10:45:16|08-28-2026 10:45:37|08-28-2026 15:34:12|08-28-2026 16:01:10|08-28-2026 17:57:33||08-28-2026 17:58:16|08-28-2026 17:58:16|09-04-2026 14:36:28|1036.39|1201.03|164.64
BRCJM01|BRGACMES|BRGACMES|8000015741|Shipped|NORMAL||58267919000479|71608-900|DF|BR|ALL IN||1|.1|.001|1|1|Y|07-16-2026 13:34:41|07-16-2026 13:34:41||||07-16-2026 14:05:17|07-16-2026 17:30:41|07-16-2026 17:30:41|07-16-2026 17:55:00||07-16-2026 17:55:23|07-16-2026 17:55:23|08-04-2026 15:16:44|4.35|457.7|453.36
BRCJM01|BRGACMES|BRGACMES|8000015742|Shipped|NORMAL||59286249000158|90240-620|RS|BR|DSV||2|.2|.002|2|2|Y|07-16-2026 13:34:40|07-16-2026 13:34:40||||07-16-2026 14:05:17|07-16-2026 15:33:34|07-16-2026 15:34:15|07-16-2026 15:52:55||07-20-2026 16:11:02|07-20-2026 16:11:02|08-31-2026 10:39:17|98.61|1101.08|1002.47
BRCJM01|BRGACMES|BRGACMES|8000015743|Shipped|NORMAL||59907917000117|64051-005|PI|BR|TERMACO||1|.1|.001|1|1|Y|07-16-2026 13:34:42|07-16-2026 13:34:42||||07-16-2026 14:05:18|07-16-2026 17:47:13|07-16-2026 17:47:13|07-17-2026 09:12:21||08-11-2026 14:26:20|07-20-2026 16:11:11|08-11-2026 14:26:20|624.86|624.86|0
BRCJM01|BRGACMES|BRGACMES|8000015744|Shipped|NORMAL||59871299000100|14021-610|SP|BR|DSV||2|.2|.002|2|2|Y|07-16-2026 13:34:42|07-16-2026 13:34:42||||07-16-2026 14:05:18|07-16-2026 17:49:42|07-16-2026 17:50:41|07-16-2026 20:16:44||07-16-2026 20:24:37|07-16-2026 20:24:37|09-04-2026 14:36:27|6.83|1201.03|1194.2
BRCJM01|BRGACMES|BRGACMES|8000015745|Shipped|NORMAL||68639251001711|22631-000|RJ|BR|ANDRE/TRANSP||1|1.5|.015|15|15|Y|07-16-2026 13:34:42|07-16-2026 13:34:42||||07-16-2026 14:05:18|07-16-2026 17:54:45|07-16-2026 17:57:13|07-16-2026 22:02:52||08-11-2026 14:26:22|07-16-2026 22:31:48|08-11-2026 14:26:22|624.86|624.86|0
BRCJM01|BRGACMES|BRGACMES|8000015746|Shipped|NORMAL||60348857000129|49097-510|SE|BR|TERMACO||1|.1|.001|1|1|Y|07-16-2026 13:34:42|07-16-2026 13:34:42||||07-16-2026 14:05:18|07-16-2026 18:02:23|07-16-2026 20:11:51|07-16-2026 20:12:15||08-11-2026 14:26:20|07-16-2026 20:17:24|08-11-2026 14:26:20|624.86|624.86|0
BRCJM01|BRGACMES|BRGACMES|8000015747|Shipped|NORMAL||60348857000129|49097-510|SE|BR|TERMACO||1|.1|.001|1|1|Y|07-16-2026 13:34:42|07-16-2026 13:34:42||||07-16-2026 14:05:18|07-16-2026 18:05:51|07-16-2026 18:05:51|07-16-2026 20:19:05||08-11-2026 14:26:20|07-16-2026 20:24:18|08-11-2026 14:26:20|624.86|624.86|0
BRCJM01|BRGACMES|BRGACMES|8000015748|Shipped|NORMAL||60348857000129|49097-510|SE|BR|DSV||3|0|0|3|3|Y|07-16-2026 13:34:42|07-16-2026 13:34:42|||08-28-2026 09:34:00|08-28-2026 09:36:40|08-28-2026 16:56:08|08-29-2026 01:44:59|08-29-2026 16:30:33||08-29-2026 16:33:39|08-29-2026 16:33:39|09-04-2026 14:36:33|1058.98|1201.03|142.05
BRCJM01|BRGACMES|BRGACMES|8000015749|Shipped|NORMAL||59895385000226|86072-000|PR|BR|ALL IN||1|.1|.001|1|1|Y|07-16-2026 13:34:42|07-16-2026 13:34:42||||07-16-2026 14:05:18|07-16-2026 18:09:15|07-16-2026 18:09:15|07-16-2026 20:21:31||08-11-2026 14:26:20|07-16-2026 20:24:08|08-11-2026 14:26:20|624.86|624.86|0
BRCJM01|BRGACMES|BRGACMES|8000015751|Shipped|NORMAL||60402973000260|89204-004|SC|BR|TAC CWB||1|0|0|5|5|Y|07-16-2026 13:34:43|07-16-2026 13:34:43||||07-16-2026 14:05:19|07-17-2026 05:18:33|07-17-2026 05:18:33|07-17-2026 09:59:41||08-11-2026 14:26:21|07-17-2026 10:00:30|08-11-2026 14:26:21|624.86|624.86|0
BRCJM01|BRGACMES|BRGACMES|8000015752|Shipped|NORMAL||59223839000301|05319-070|SP|BR|TRANSP DSV||1|.1|.001|1|1|Y|07-16-2026 13:34:43|07-16-2026 13:34:43||||07-16-2026 14:05:19|07-16-2026 18:14:21|07-16-2026 18:14:21|07-17-2026 09:20:37||07-17-2026 09:21:26|07-17-2026 09:21:26|08-07-2026 10:15:10|19.78|524.67|504.9
BRCJM01|BRGACMES|BRGACMES|8000015755|Shipped|NORMAL||59223839000301|05319-070|SP|BR|DSV||1|.1|.001|1|1|Y|07-16-2026 13:34:43|07-16-2026 13:34:43||||07-16-2026 14:05:19|07-16-2026 23:29:53|07-16-2026 23:29:53|07-17-2026 07:45:05||07-17-2026 07:46:02|07-17-2026 07:46:02|08-31-2026 10:39:15|18.19|1101.08|1082.89
BRCJM01|BRGACMES|BRGACMES|8000015756|Shipped|NORMAL||59523091000273|06465-100|SP|BR|TRANSP DSV||9|3|.03|158|158|Y|07-16-2026 13:34:43|07-16-2026 13:34:43||||07-16-2026 14:05:19|07-17-2026 01:20:20|07-17-2026 01:47:34|07-17-2026 08:48:15||07-20-2026 16:11:20|07-20-2026 16:11:20|08-07-2026 10:15:12|98.61|524.67|426.06
BRCJM01|BRGACMES|BRGACMES|8000015757|Shipped|NORMAL||59897625000302||||TAC DSV||4|2.9|.029|29|29|Y|07-16-2026 13:48:55|07-16-2026 13:48:55||||07-16-2026 14:05:25|07-18-2026 12:49:55|07-22-2026 17:40:55|07-24-2026 02:28:38||07-24-2026 02:29:42|07-24-2026 02:29:42|08-04-2026 15:16:52|180.68|457.47|276.79
BRCJM01|BRGACMES|BRGACMES|8000015760|Shipped|NORMAL||03649560000593||||TAC DSV||1|0|0|2|2|Y|07-16-2026 13:48:55|07-16-2026 13:48:55||||07-16-2026 14:05:25|07-16-2026 23:39:15|07-16-2026 23:39:15|07-17-2026 07:43:05||07-17-2026 07:43:36|07-17-2026 07:43:36|08-04-2026 15:16:41|17.91|457.46|439.55
BRCJM01|BRGACMES|BRGACMES|8000015844|Shipped|NORMAL||59039599000543|66053-180|PA|BR|NORTEX||3|0|0|6|6|Y|07-16-2026 13:34:43|07-16-2026 13:34:43||||07-16-2026 14:05:20|07-17-2026 01:05:45|07-17-2026 01:09:52|07-17-2026 09:07:05||07-17-2026 09:08:44|07-17-2026 09:08:44|08-11-2026 14:26:17|19.57|624.86|605.29
BRCJM01|BRGACMES|BRGACMES|8000015846|Shipped|NORMAL||58267919000207|31255-234|MG|BR|ANDRE/TRANSP||2|.9|.009|9|0|N|07-16-2026 13:34:44|07-16-2026 13:34:44||||07-16-2026 14:05:20|07-16-2026 23:49:18|07-16-2026 23:54:16|07-17-2026 07:49:49||07-17-2026 07:50:45|07-17-2026 07:50:45|08-11-2026 14:26:21|18.27|624.86|606.59
BRCJM01|BRGACMES|BRGACMES|8000015848|Shipped|NORMAL||59600427000173|38408-144|MG|BR|TAC UBA-UDE||1|0|0|10|10|Y|07-16-2026 13:34:44|07-16-2026 13:34:44||||07-20-2026 16:14:47|07-29-2026 13:27:08|07-29-2026 13:27:08|07-29-2026 18:43:13||07-29-2026 18:44:00|07-29-2026 18:44:00|08-11-2026 14:26:19|317.15|624.86|307.71
BRCJM01|BRGACMES|BRGACMES|8000015851|Shipped|NORMAL||59338607000390|89056-083|ES|BR|TAC VIX||6|.2|.002|6|6|Y|07-16-2026 13:34:44|07-16-2026 13:34:44||||07-16-2026 14:05:20|07-18-2026 15:28:39|07-22-2026 18:02:33|07-24-2026 02:04:03||08-11-2026 14:26:18|07-24-2026 02:10:43|08-11-2026 14:26:18|624.86|624.86|0
BRCJM01|BRGACMES|BRGACMES|8000015853|Shipped|NORMAL||59338607000390|89056-083|ES|BR|TAC VIX||4|.1|.001|4|4|Y|07-16-2026 13:34:44|07-16-2026 13:34:44||||07-16-2026 14:05:20|07-18-2026 17:35:06|07-21-2026 07:16:20|07-21-2026 11:32:29||07-21-2026 11:38:09|07-21-2026 11:38:09|08-04-2026 15:16:49|118.06|457.7|339.64
BRCJM01|BRGACMES|BRGACMES|8000015854|Shipped|NORMAL||59039599000110|78115-005|MT|BR|DSV||3|.1|.001|3|3|Y|07-16-2026 13:34:44|07-16-2026 13:34:44||||07-16-2026 14:05:21|07-17-2026 07:26:21|07-17-2026 07:45:21|07-18-2026 11:22:16||07-18-2026 11:23:31|07-18-2026 11:23:31|09-10-2026 10:07:58|45.81|1340.55|1294.74
BRCJM01|BRGACMES|BRGACMES|8000015858|Shipped|NORMAL||59039599000110|78115-005|MT|BR|FAVORITA||7|.5|.005|125|125|Y|07-16-2026 13:35:45|07-16-2026 13:35:45||||07-16-2026 14:05:21|07-18-2026 12:07:26|07-24-2026 15:30:51|07-24-2026 19:24:16||07-24-2026 19:27:05|07-24-2026 19:27:05|08-07-2026 10:15:09|197.86|524.66|326.8
BRCJM01|BRGACMES|BRGACMES|8000015864|Shipped|RUSH||59895385000145|80240-545|PR|BR|TAC CWB||1|.1|.001|1|1|Y|07-16-2026 13:35:45|07-16-2026 13:35:45||||07-16-2026 14:05:21|07-16-2026 15:31:00|07-16-2026 15:31:00|07-16-2026 15:45:09||07-16-2026 15:46:04|07-16-2026 15:46:04|08-04-2026 15:16:52|2.17|457.69|455.51
BRCJM01|BRGACMES|BRGACMES|8000015871|Shipped|NORMAL||29177311000102|05016-090|SP|BR|TRANSP DSV||1|.1|.001|1|1|Y|07-16-2026 13:35:45|07-16-2026 13:35:45||||07-16-2026 14:05:22|07-17-2026 13:49:02|07-17-2026 13:49:02|07-17-2026 16:05:31||07-20-2026 16:11:49|07-20-2026 16:11:49|08-07-2026 10:15:09|98.6|524.66|426.06
BRCJM01|BRGACMES|BRGACMES|8000015873|Shipped|NORMAL||59895385000145|80240-545|PR|BR|TAC CWB||2|.1|.001|2|2|Y|07-16-2026 13:35:45|07-16-2026 13:35:45|||07-21-2026 16:10:33|07-22-2026 17:46:09|07-28-2026 08:30:17|07-28-2026 08:41:46|07-28-2026 09:43:02||07-28-2026 09:45:45|07-28-2026 09:45:45|08-05-2026 10:12:26|284.17|476.61|192.44
BRCJM01|BRGACMES|BRGACMES|8000015874|Shipped|NORMAL||60279014000118|54315-570|PE|BR|TERMACO||3|0|0|3|3|Y|07-16-2026 13:35:46|07-16-2026 13:35:46||||07-16-2026 14:05:22|07-27-2026 18:06:58|07-27-2026 18:15:44|07-28-2026 07:19:13||08-03-2026 09:45:40|08-03-2026 09:45:40|08-07-2026 10:15:13|428.17|524.66|96.49
BRCJM01|BRGACMES|BRGACMES|8000015875|Shipped|NORMAL||59219965000112|18013-003|SP|BR|TAC SOR||1|0|0|1|1|Y|07-16-2026 13:35:46|07-16-2026 13:35:46||||07-16-2026 14:05:22|07-17-2026 13:40:31|07-17-2026 13:40:31|07-18-2026 01:30:42||07-18-2026 03:00:08|07-18-2026 03:00:08|08-04-2026 15:16:47|37.41|457.68|420.28
BRCJM01|BRGACMES|BRGACMES|8000015877|Shipped|NORMAL||59523091000273|06465-100|SP|BR|TRANSP DSV||1|0|0|1|1|Y|07-16-2026 13:35:46|07-16-2026 13:35:46||||07-16-2026 14:05:22|07-20-2026 01:30:09|07-20-2026 01:30:09|07-20-2026 01:35:45||07-20-2026 01:36:28|07-20-2026 01:36:28|08-07-2026 10:15:12|84.01|524.66|440.65
BRCJM01|BRGACMES|BRGACMES|8000015896|Shipped|NORMAL||59895385000226|86072-000|PR|BR|ALL IN||3|.1|.001|3|3|Y|07-16-2026 13:35:46|07-16-2026 13:35:46||||07-16-2026 14:05:23|07-16-2026 23:58:28|07-17-2026 00:19:32|07-17-2026 10:08:24||07-17-2026 10:11:16|07-17-2026 10:11:16|08-04-2026 15:16:52|20.59|457.69|437.09
BRCJM01|BRGACMES|BRGACMES|8000015897|Shipped|NORMAL||59052866000270|03340-000|SP|BR|TRANSP DSV||27|0|0|108|108|Y|07-16-2026 13:35:46|07-16-2026 13:35:46||||07-16-2026 14:05:23|07-18-2026 15:53:43|07-21-2026 08:14:37|07-21-2026 15:06:38||07-21-2026 15:08:44|07-21-2026 15:08:44|08-07-2026 10:15:10|121.55|524.66|403.11
BRCJM01|BRGACMES|BRGACMES|8000015899|Shipped|NORMAL||59630650000163|40276-200|BA|BR|TERMACO||1|0|0|10|10|Y|07-16-2026 13:35:47|07-16-2026 13:35:47||||07-16-2026 14:05:24|07-16-2026 23:45:48|07-16-2026 23:45:48|07-17-2026 07:36:56||07-17-2026 07:37:32|07-17-2026 07:37:32|08-04-2026 15:16:50|18.03|457.68|439.66
BRCJM01|BRGACMES|BRGACMES|8000015900|Shipped|NORMAL||59286249000158|90240-620|RS|BR|TRANSTRY||21|.2|.002|21|21|Y|07-16-2026 13:35:47|07-16-2026 13:35:47||||07-16-2026 14:05:24|07-18-2026 12:09:58|07-21-2026 08:57:00|07-21-2026 11:07:59||07-23-2026 10:24:01|07-23-2026 10:24:01|08-07-2026 10:15:11|164.8|524.66|359.85
BRCJM01|BRGACMES|BRGACMES|8000015901|Shipped|NORMAL||59286249000158|90240-620|RS|BR|TRANSTRY||2|0|0|22|22|Y|07-16-2026 13:35:47|07-16-2026 13:35:47||||07-16-2026 14:05:25|07-17-2026 00:48:07|07-17-2026 00:52:34|07-17-2026 08:59:31||07-17-2026 09:00:23|07-17-2026 09:00:23|08-04-2026 15:16:49|19.41|457.68|438.27
BRCJM01|BRGACMES|BRGACMES|8000015915|Shipped|NORMAL||59895385000145|80240-545|PR|BR|TAC CWB||1|.1|.001|1|1|Y|07-17-2026 16:22:13|07-17-2026 16:22:13||||07-17-2026 16:39:32|07-18-2026 02:25:34|07-18-2026 02:25:34|07-18-2026 12:35:55||07-18-2026 12:36:53|07-18-2026 12:36:53|08-21-2026 16:10:31|20.24|839.81|819.56
BRCJM01|BRGACMES|BRGACMES|8000015916|Shipped|NORMAL||58956147000130|60810-786|CE|BR|TERMACO||3|.3|.003|3|3|Y|07-17-2026 16:22:15|07-17-2026 16:22:15||||07-17-2026 16:39:32|07-17-2026 19:30:30|07-17-2026 19:35:17|07-19-2026 12:47:24||07-20-2026 16:12:07|07-20-2026 16:12:07|08-06-2026 11:02:13|71.83|474.67|402.84
BRCJM01|BRGACMES|BRGACMES|8000015917|Shipped|RUSH||59895385000145|80240-545|PR|BR|TAC CWB||1|0|0|1|1|Y|07-17-2026 16:22:14|07-17-2026 16:22:14||||07-17-2026 16:39:32|07-18-2026 02:17:04|07-18-2026 02:17:04|07-18-2026 13:03:44||07-20-2026 16:12:12|07-20-2026 16:12:12|08-04-2026 15:16:52|71.83|430.91|359.08
BRCJM01|BRGACMES|BRGACMES|8000015918|Shipped|RUSH||59895385000145|80240-545|PR|BR|TAC CWB||1|0|0|1|1|Y|07-17-2026 16:22:14|07-17-2026 16:22:14||||07-17-2026 16:39:32|07-17-2026 18:36:09|07-17-2026 18:36:09|07-18-2026 15:24:39||07-19-2026 09:24:44|07-19-2026 09:24:44|08-04-2026 15:16:52|41.04|430.91|389.87
BRCJM01|BRGACMES|BRGACMES|8000015934|Shipped|NORMAL||59895385000145|80240-545|PR|BR|DSV||1|0|0|1|1|Y|07-17-2026 16:22:15|07-17-2026 16:22:15||||07-17-2026 16:39:32|07-17-2026 18:16:48|07-17-2026 18:16:48|07-18-2026 15:19:29||07-18-2026 15:20:58|07-18-2026 15:20:58|08-31-2026 10:39:24|22.98|1074.29|1051.31
BRCJM01|BRGACMES|BRGACMES|8000015935|Shipped|RUSH||58267919000479|71608-900|DF|BR|ALL IN||1|.1|.001|1|1|Y|08-17-2026 14:05:25|08-17-2026 14:05:25||||08-17-2026 14:06:21|08-17-2026 14:16:19|08-17-2026 14:16:19|08-17-2026 14:21:14||08-17-2026 14:21:55|08-17-2026 14:21:55|08-21-2026 16:10:22|.27|98.08|97.81
BRCJM01|BRGACMES|BRGACMES|8000015936|Shipped|NORMAL||59897625000221|13420-355|SP|BR|TAC CPQ||4|.4|.004|4|4|Y|07-17-2026 16:22:15|07-17-2026 16:22:15||||07-17-2026 16:39:32|07-17-2026 17:26:21|07-18-2026 14:55:30|07-18-2026 15:07:30||07-20-2026 16:12:26|07-20-2026 16:12:26|08-15-2026 11:50:19|71.84|691.47|619.63
BRCJM01|BRGACMES|BRGACMES|8000015937|Shipped|NORMAL||58957368000203|57037-345|AL|BR|TERMACO||1|.2|.002|2|2|Y|07-17-2026 16:22:15|07-17-2026 16:22:15||||07-17-2026 16:39:33|07-17-2026 19:11:24|07-17-2026 21:59:44|07-18-2026 12:11:41||07-20-2026 16:12:35|07-20-2026 16:12:35|08-04-2026 15:16:45|71.84|430.91|359.07
BRCJM01|BRGACMES|BRGACMES|8000015938|Shipped|NORMAL||68639251001711|22631-000|RJ|BR|ANDRE/TRANSP||1|1|.01|10|10|Y|07-17-2026 16:22:15|07-17-2026 16:22:15||||07-17-2026 16:39:33|07-20-2026 01:27:58|07-20-2026 01:27:58|07-20-2026 01:30:22||07-20-2026 01:36:02|07-20-2026 01:36:02|08-05-2026 10:12:26|57.23|449.84|392.61
BRCJM01|BRGACMES|BRGACMES|8000015939|Shipped|NORMAL||58267919000207|31255-234|MG|BR|ANDRE/TRANSP||3|.2|.002|3|3|Y|07-17-2026 16:22:15|07-17-2026 16:22:15||||07-17-2026 16:39:33|07-17-2026 18:15:45|07-17-2026 18:32:39|07-18-2026 10:59:43||07-18-2026 11:00:22|07-18-2026 11:00:22|08-05-2026 10:12:23|18.64|449.84|431.2
BRCJM01|BRGACMES|BRGACMES|8000015941|Shipped|NORMAL||59223839000301|05319-070|SP|BR|TRANSP DSV||1|0|0|15|15|Y|07-17-2026 16:22:15|07-17-2026 16:22:15||||07-17-2026 16:39:33|07-17-2026 21:27:42|07-17-2026 21:27:42|07-18-2026 01:33:47||07-18-2026 06:21:50|07-18-2026 06:21:50|08-07-2026 10:15:11|13.99|497.88|483.89
BRCJM01|BRGACMES|BRGACMES|8000015942|Shipped|NORMAL||59523091000273|06465-100|SP|BR|TRANSP DSV||5|1.6|.016|33|33|Y|07-17-2026 16:22:15|07-17-2026 16:22:15||||07-17-2026 16:39:33|07-18-2026 15:08:16|07-21-2026 10:16:47|07-21-2026 14:31:35||07-21-2026 14:34:17|07-21-2026 14:34:17|08-07-2026 10:15:12|94.2|497.88|403.68
BRCJM01|BRGACMES|BRGACMES|8000015945|Shipped|NORMAL||58267919000479|71608-900|DF|BR|ALL IN||1|0|0|1|1|Y|07-17-2026 16:22:16|07-17-2026 16:22:16||||07-17-2026 16:39:34|07-19-2026 13:37:47|07-19-2026 13:37:47|07-20-2026 00:26:55||07-20-2026 01:36:51|07-20-2026 01:36:51|08-04-2026 15:16:44|57.24|430.91|373.66
BRCJM01|BRGACMES|BRGACMES|8000015947|Shipped|NORMAL||58267919000479|71608-900|DF|BR|ALL IN||1|.1|.001|1|1|Y|07-17-2026 16:22:16|07-17-2026 16:22:16||||07-17-2026 16:39:34|07-17-2026 17:38:09|07-17-2026 17:38:09|07-19-2026 12:35:20||07-20-2026 16:12:41|07-20-2026 16:12:41|08-04-2026 15:16:44|71.84|430.91|359.07
BRCJM01|BRGACMES|BRGACMES|8000015949|Shipped|NORMAL||59216158000146|11050-201|SP|BR|TAC DSV||2|0|0|2|2|Y|07-17-2026 16:22:16|07-17-2026 16:22:16||||07-17-2026 16:39:34|07-17-2026 18:08:36|07-17-2026 18:10:15|07-18-2026 10:30:10||07-18-2026 10:30:41|07-18-2026 10:30:41|08-04-2026 15:16:47|18.14|430.91|412.77
BRCJM01|BRGACMES|BRGACMES|8000015950|Shipped|NORMAL||57615766000106||||TAC DSV||9|.7|.007|151|151|Y|07-17-2026 16:25:18|07-17-2026 16:25:18||||07-17-2026 16:39:36|07-18-2026 11:35:15|07-21-2026 15:55:22|07-23-2026 09:38:09||07-23-2026 10:24:40|07-23-2026 10:24:40|08-18-2026 09:45:59|137.99|761.34|623.36
BRCJM01|BRGACMES|BRGACMES|8000015955|Shipped|NORMAL||59223839000301|05319-070|SP|BR|TRANSP DSV||7|.5|.005|7|7|Y|07-17-2026 16:22:16|07-17-2026 16:22:16||||07-17-2026 16:39:34|07-18-2026 12:32:58|07-20-2026 17:51:12|07-20-2026 23:36:01||07-20-2026 23:41:37|07-20-2026 23:41:37|08-04-2026 15:16:48|79.32|430.91|351.59
BRCJM01|BRGACMES|BRGACMES|8000016085|Shipped|NORMAL||58956147000130|60810-786|CE|BR|TERMACO||6|5|.05|250|250|Y|07-17-2026 16:22:17|07-17-2026 16:22:17||||07-17-2026 16:39:35|07-18-2026 11:58:27|07-21-2026 12:13:43|07-23-2026 08:32:46||07-23-2026 10:25:38|07-23-2026 10:25:38|08-06-2026 11:02:14|138.06|474.67|336.61
BRCJM01|BRGACMES|BRGACMES|8000016091|Shipped|RUSH||57615766000106||||TAC DSV||6|.6|.006|6|6|Y|07-17-2026 16:25:19|07-17-2026 16:25:19|||08-11-2026 09:43:35|08-11-2026 09:46:26|08-11-2026 12:18:19|08-12-2026 07:46:27|08-12-2026 08:56:03||08-12-2026 08:58:01|08-12-2026 08:58:01|08-21-2026 16:10:21|616.55|839.75|223.21
BRCJM01|BRGACMES|BRGACMES|8000016093|Shipped|NORMAL||60279014000118|54315-570|PE|BR|TERMACO||5|1.6|.016|76|76|Y|07-17-2026 16:22:17|07-17-2026 16:22:17||||07-17-2026 16:39:35|07-17-2026 19:39:19|07-17-2026 22:04:08|07-18-2026 11:08:22||07-20-2026 16:12:54|07-20-2026 16:12:54|08-05-2026 10:12:26|71.84|449.84|377.99
BRCJM01|BRGACMES|BRGACMES|8000016225|Shipped|NORMAL||59897625000302||||TAC DSV||1|1.2|.012|12|12|Y|07-20-2026 17:29:19|07-20-2026 17:29:19||||07-20-2026 17:42:07|07-21-2026 06:28:11|07-21-2026 06:28:11|07-21-2026 06:45:23||07-21-2026 06:47:03|07-21-2026 06:47:03|08-07-2026 10:15:13|13.3|424.77|411.47
BRCJM01|BRGACMES|BRGACMES|8000016226|Shipped|NORMAL||59523091000354|09521-040|SP|BR|TAC DSV||2|.2|.002|2|2|Y|07-20-2026 17:23:10|07-20-2026 17:23:10||||07-20-2026 17:42:01|07-20-2026 19:15:28|07-20-2026 19:16:34|07-20-2026 19:23:56||07-20-2026 19:24:24|07-20-2026 19:24:24|08-21-2026 16:10:30|2.02|766.79|764.77
BRCJM01|BRGACMES|BRGACMES|8000016227|Shipped|NORMAL||59286249000158|90240-620|RS|BR|TRANSTRY||2|0|0|4|4|Y|07-20-2026 17:23:11|07-20-2026 17:23:11||||07-20-2026 17:42:01|07-20-2026 19:20:22|07-20-2026 19:21:57|07-20-2026 19:31:56||07-20-2026 19:32:20|07-20-2026 19:32:20|08-07-2026 10:15:11|2.15|424.87|422.71
BRCJM01|BRGACMES|BRGACMES|8000016427|Shipped|NORMAL||58873822000248|88331-490|SC|BR|TAC CWB||4|0|0|4|4|Y|07-20-2026 17:23:11|07-20-2026 17:23:11||||07-20-2026 17:42:01|07-20-2026 19:42:13|07-21-2026 05:45:34|07-21-2026 14:03:40||07-21-2026 14:06:15|07-21-2026 14:06:15|08-15-2026 11:50:15|20.72|618.45|597.73
BRCJM01|BRGACMES|BRGACMES|8000016436|Shipped|NORMAL||59871299000100|14021-610|SP|BR|ALL IN||3|.3|.003|3|3|Y|07-20-2026 17:23:12|07-20-2026 17:23:12||||07-20-2026 17:42:04|07-20-2026 19:26:14|07-20-2026 19:29:23|07-20-2026 19:44:19||07-20-2026 19:45:33|07-20-2026 19:45:33|08-11-2026 14:26:19|2.37|525.05|522.68
BRCJM01|BRGACMES|BRGACMES|8000016437|Shipped|NORMAL||58957368000394|58028-880|PB|BR|TERMACO||2|2|.02|35|35|Y|07-20-2026 17:23:12|07-20-2026 17:23:12||||07-20-2026 17:42:04|07-21-2026 04:28:39|07-21-2026 05:19:42|07-21-2026 14:48:54||07-21-2026 14:56:40|07-21-2026 14:56:40|08-07-2026 10:15:09|21.56|424.87|403.31
BRCJM01|BRGACMES|BRGACMES|8000016474|Shipped|NORMAL||59223839000565|06707-000|SP|BR|TAC DSV||1|.5|.005|5|5|Y|07-20-2026 17:24:15|07-20-2026 17:24:15||||07-20-2026 17:42:06|07-20-2026 23:35:37|07-20-2026 23:35:37|07-21-2026 02:48:59||07-21-2026 04:14:39|07-21-2026 04:14:39|08-04-2026 15:16:48|10.84|357.88|347.04
BRCJM01|BRGACMES|BRGACMES|8000016488|Shipped|NORMAL||59523091000354|09521-040|SP|BR|TAC DSV||1|.4|.004|4|4|Y|07-20-2026 17:24:16|07-20-2026 17:24:16||||07-20-2026 17:42:06|07-20-2026 19:24:06|07-20-2026 19:24:06|07-20-2026 22:40:36||07-23-2026 10:27:35|07-23-2026 10:27:35|08-04-2026 15:16:50|65.06|357.88|292.82
BRCJM01|BRGACMES|BRGACMES|8000016614|Shipped|NORMAL||60279014000118|54315-570|PE|BR|TERMACO||1|.6|.006|6|6|Y|07-22-2026 17:38:46|07-22-2026 17:38:46||||07-22-2026 17:44:00|07-23-2026 08:35:05|07-23-2026 08:35:05|07-23-2026 12:12:44||07-23-2026 12:13:58|07-23-2026 12:13:58|08-06-2026 11:02:15|18.59|353.39|334.8
BRCJM01|BRGACMES|BRGACMES|8000016616|Shipped|NORMAL||60259875000134|17012-648|SP|BR|TRANSTRY||1|0|0|1|0|N|07-22-2026 17:38:46|07-22-2026 17:38:46||||07-22-2026 17:44:00|07-23-2026 07:25:28|07-23-2026 07:25:28|07-25-2026 01:28:28||07-25-2026 03:50:09|07-25-2026 03:50:09|08-11-2026 14:26:21|58.19|476.79|418.6
BRCJM01|BRGACMES|BRGACMES|8000016617|Shipped|NORMAL||59286249000158|90240-620|RS|BR|TRANSTRY||2|.2|.002|2|2|Y|07-22-2026 17:38:46|07-22-2026 17:38:46||||07-22-2026 17:44:00|07-27-2026 17:05:04|07-29-2026 02:08:53|07-29-2026 02:18:11||07-29-2026 02:19:44|07-29-2026 02:19:44|08-04-2026 15:16:49|152.68|309.63|156.95
BRCJM01|BRGACMES|BRGACMES|8000016618|Shipped|NORMAL||59895385000145|80240-545|PR|BR|TAC CWB||17|.3|.003|17|17|Y|07-22-2026 17:38:46|07-22-2026 17:38:46||||07-22-2026 17:44:01|07-27-2026 19:06:21|07-27-2026 23:26:35|07-28-2026 16:25:04||07-28-2026 16:28:41|07-28-2026 16:28:41|08-07-2026 10:15:13|142.83|376.61|233.78
BRCJM01|BRGACMES|BRGACMES|8000016630|Shipped|NORMAL||60402973000260|89204-004|SC|BR|TAC CWB||4|.4|.004|4|4|Y|07-22-2026 17:38:47|07-22-2026 17:38:47|||07-22-2026 17:46:09|07-27-2026 14:15:14|07-29-2026 10:49:57|07-29-2026 14:02:13|07-29-2026 16:28:10||07-29-2026 16:28:30|07-29-2026 16:28:30|08-05-2026 10:17:44|166.83|328.65|161.82
BRCJM01|BRGACMES|BRGACMES|8000016632|Shipped|NORMAL||59523091000354|09521-040|SP|BR|TAC DSV||2|0|0|2|2|Y|07-22-2026 17:38:47|07-22-2026 17:38:47||||07-22-2026 17:44:02|07-23-2026 07:35:26|07-23-2026 07:39:40|07-25-2026 01:36:21||07-25-2026 03:50:48|07-25-2026 03:50:48|08-11-2026 14:26:19|58.2|476.79|418.59
BRCJM01|BRGACMES|BRGACMES|8000016633|Shipped|NORMAL||45180696000202|65071-380|MA|BR|TERMACO||5|.1|.001|5|5|Y|07-22-2026 17:38:47|07-22-2026 17:38:47||||07-22-2026 17:44:02|07-28-2026 07:48:51|07-28-2026 08:19:14|07-28-2026 10:04:05||07-28-2026 10:06:24|07-28-2026 10:06:24|08-06-2026 11:02:13|136.46|353.39|216.93
BRCJM01|BRGACMES|BRGACMES|8000016680|Shipped|NORMAL||59039599000110|78115-005|MT|BR|FAVORITA||1|.1|.001|1|1|Y|07-22-2026 17:38:47|07-22-2026 17:38:47||||07-22-2026 17:44:03|07-29-2026 13:04:34|07-29-2026 13:04:34|07-29-2026 18:35:55||07-29-2026 18:36:27|07-29-2026 18:36:27|08-06-2026 11:02:14|168.96|353.39|184.43
BRCJM01|BRGACMES|BRGACMES|8000016684|Shipped|NORMAL||45180696000466|12246-876|SP|BR|TAC SJC/GRU||2|.1|.001|2|2|Y|07-22-2026 17:38:47|07-22-2026 17:38:47||||07-22-2026 17:44:03|07-28-2026 08:47:46|07-28-2026 09:02:39|07-28-2026 14:54:21||07-28-2026 14:54:50|07-28-2026 14:54:50|08-04-2026 15:16:43|141.27|309.63|168.36
BRCJM01|BRGACMES|BRGACMES|8000016685|Shipped|NORMAL||59223839000301|05319-070|SP|BR|TRANSP DSV||1|0|0|1|1|Y|07-22-2026 17:38:47|07-22-2026 17:38:47||||07-22-2026 17:44:03|07-23-2026 07:45:16|07-23-2026 07:45:16|07-23-2026 16:15:57||07-23-2026 16:43:33|07-23-2026 16:43:33|08-05-2026 10:17:44|23.08|328.65|305.57
BRCJM01|BRGACMES|BRGACMES|8000016686|Shipped|NORMAL||59871299000100|14021-610|SP|BR|ALL IN||1|0|0|1|1|Y|07-22-2026 17:38:47|07-22-2026 17:38:47||||07-22-2026 17:44:03|07-23-2026 08:23:16|07-23-2026 08:23:16|07-28-2026 11:31:37||07-28-2026 11:33:26|07-28-2026 11:33:26|08-07-2026 10:15:12|137.91|376.61|238.7
BRCJM01|BRGACMES|BRGACMES|8000016688|Shipped|NORMAL||59523091000273|06465-100|SP|BR|TRANSP DSV||1|0|0|1|1|Y|07-22-2026 17:38:47|07-22-2026 17:38:47||||07-22-2026 17:44:03|07-23-2026 07:23:57|07-23-2026 07:23:57|07-25-2026 00:50:51||07-25-2026 05:45:35|07-25-2026 05:45:35|08-07-2026 10:15:12|60.11|376.61|316.49
BRCJM01|BRGACMES|BRGACMES|8000016802|Shipped|RUSH||57615766000106||||TAC DSV||1|0|0|3|3|Y|07-27-2026 15:05:10|07-27-2026 15:05:10|||07-30-2026 12:37:14|07-30-2026 12:37:35|07-30-2026 13:46:05|07-30-2026 13:46:05|07-30-2026 14:13:45||07-30-2026 14:14:12|07-30-2026 14:14:12|08-04-2026 15:16:43|71.15|192.19|121.04
BRCJM01|BRGACMES|BRGACMES|8000016803|Shipped|NORMAL||59039599000381|69053-355|AM|BR|NORTEX||1|.1|.001|1|1|Y|07-27-2026 14:58:00|07-27-2026 14:58:00|||08-11-2026 21:37:39|08-12-2026 10:41:04|08-12-2026 19:09:29|08-12-2026 19:09:29|08-12-2026 20:51:40||08-12-2026 20:55:54|08-12-2026 20:55:54|08-18-2026 09:46:02|389.97|522.8|132.84
BRCJM01|BRGACMES|BRGACMES|8000016804|Shipped|NORMAL||59871299000100|14021-610|SP|BR|ALL IN||1|0|0|1|1|Y|07-27-2026 14:57:58|07-27-2026 14:57:58|||08-11-2026 21:37:41|08-12-2026 10:41:04|08-12-2026 13:52:43|08-12-2026 13:52:43|08-12-2026 14:16:54||08-12-2026 14:17:16|08-12-2026 14:17:16|08-18-2026 09:46:06|383.32|522.8|139.48
BRCJM01|BRGACMES|BRGACMES|8000016805|Shipped|NORMAL||59338607000390|89056-083|ES|BR|TAC VIX||1|.2|.002|2|2|Y|07-27-2026 14:58:00|07-27-2026 14:58:00|||08-11-2026 21:37:40|08-12-2026 10:41:04|08-12-2026 13:57:42|08-12-2026 13:57:42|08-19-2026 04:54:21||08-19-2026 04:54:46|08-19-2026 04:54:46|08-21-2026 16:10:29|541.95|601.21|59.26
BRCJM01|BRGACMES|BRGACMES|8000016806|Shipped|NORMAL||68639251001711|22631-000|RJ|BR|ANDRE/TRANSP||1|.1|.001|1|1|Y|07-27-2026 14:58:00|07-27-2026 14:58:00|||08-11-2026 21:37:43|08-12-2026 10:41:04|08-12-2026 14:01:15|08-12-2026 14:01:15|08-12-2026 14:19:09||08-12-2026 14:20:12|08-12-2026 14:20:12|08-18-2026 09:46:11|383.37|522.8|139.43
BRCJM01|BRGACMES|BRGACMES|8000016807|Shipped|NORMAL||59630650000163|40276-200|BA|BR|TERMACO||1|.1|.001|1|1|Y|07-27-2026 14:58:00|07-27-2026 14:58:00|||08-11-2026 09:43:35|08-11-2026 09:46:26|08-11-2026 14:13:13|08-11-2026 14:13:13|08-11-2026 21:24:43||08-11-2026 21:25:27|08-11-2026 21:25:27|08-18-2026 09:46:06|366.46|522.8|156.34
BRCJM01|BRGACMES|BRGACMES|8000016831|Shipped|RUSH||29177311000102|05016-090|SP|BR|DSV||2|0|0|2|2|Y|07-27-2026 14:58:00|07-27-2026 14:58:00|||08-07-2026 17:05:06|08-07-2026 17:06:44|08-07-2026 21:42:57|08-07-2026 21:44:02|08-08-2026 13:43:38||08-08-2026 13:44:26|08-08-2026 13:44:26|08-31-2026 10:39:04|286.77|835.68|548.91
BRCJM01|BRGACMES|BRGACMES|8000016832|Shipped|NORMAL||59895385000145|80240-545|PR|BR|DSV||10|.3|.003|10|10|Y|07-27-2026 14:58:00|07-27-2026 14:58:00|||08-11-2026 21:37:41|08-12-2026 10:41:04|08-13-2026 07:37:49|08-13-2026 11:41:35|08-13-2026 12:20:14||08-31-2026 10:39:24|08-13-2026 12:23:15|08-31-2026 10:39:24|835.69|835.69|0
BRCJM01|BRGACMES|BRGACMES|8000016833|Shipped|NORMAL||59895385000145|80240-545|PR|BR|TAC CWB||2|0|0|2|2|Y|07-27-2026 14:58:01|07-27-2026 14:58:01|||08-11-2026 21:37:41|08-12-2026 10:41:04|08-12-2026 14:07:43|08-12-2026 14:08:46|08-12-2026 15:38:26||08-12-2026 15:40:52|08-12-2026 15:40:52|08-18-2026 09:46:09|384.71|522.8|138.09
BRCJM01|BRGACMES|BRGACMES|8000016835|Shipped|NORMAL||291773110102||||DSV||18|.4|.004|18|18|Y|07-27-2026 14:58:01|08-24-2026 15:42:44|||08-28-2026 10:41:56|08-28-2026 10:42:19|08-28-2026 15:29:36|08-31-2026 08:05:26|08-31-2026 08:26:21||08-31-2026 10:49:28|08-31-2026 10:49:28|09-04-2026 14:36:20|835.86|935.64|99.78
BRCJM01|BRGACMES|BRGACMES|8000016836|Shipped|NORMAL||60259875000134|17012-648|SP|BR|TRANSTRY||1|0|0|50|50|Y|07-27-2026 14:58:01|07-27-2026 14:58:01|||08-11-2026 21:37:42|08-12-2026 10:41:07|08-12-2026 14:05:43|08-12-2026 14:05:43|08-12-2026 15:34:53||08-12-2026 15:41:03|08-12-2026 15:41:03|08-18-2026 09:46:10|384.72|522.8|138.09
BRCJM01|BRGACMES|BRGACMES|8000016874|Shipped|RUSH||59039599000110|78115-005|MT|BR|FAVORITA||10|.6|.006|19|19|Y|07-27-2026 14:58:01|07-27-2026 14:58:01|||08-11-2026 21:37:39|08-12-2026 10:41:07|08-13-2026 07:54:01|08-13-2026 18:01:03|08-13-2026 19:05:18||08-13-2026 19:23:40|08-13-2026 19:23:40|08-18-2026 09:46:01|412.43|522.8|110.37
BRCJM01|BRGACMES|BRGACMES|8000016875|Shipped|NORMAL||58957368000122|59063-200|RN|BR|TERMACO||4|.1|.001|4|4|Y|07-27-2026 14:58:02|07-27-2026 14:58:02|||08-11-2026 21:37:38|08-12-2026 10:41:07|08-12-2026 21:19:58|08-13-2026 00:01:47|08-13-2026 03:46:00||08-13-2026 05:44:01|08-13-2026 05:44:01|08-18-2026 09:46:01|398.77|522.8|124.03
BRCJM01|BRGACMES|BRGACMES|8000016877|Shipped|NORMAL||59223839000301|05319-070|SP|BR|TRANSP DSV||1|0|0|1|1|Y|07-27-2026 14:58:02|07-27-2026 14:58:02|||08-11-2026 21:37:40|08-12-2026 10:41:07|08-13-2026 08:54:44|08-13-2026 08:54:44|08-13-2026 10:05:49||08-13-2026 10:06:12|08-13-2026 10:06:12|08-18-2026 09:46:03|403.14|522.8|119.66
BRCJM01|BRGACMES|BRGACMES|8000016878|Shipped|NORMAL||59223839000301|05319-070|SP|BR|DSV||9|.2|.002|9|9|Y|07-27-2026 14:58:02|07-27-2026 14:58:02|||08-11-2026 09:43:35|08-11-2026 09:46:28|08-11-2026 11:59:09|08-11-2026 23:10:25|08-12-2026 08:26:54||08-12-2026 08:31:19|08-12-2026 08:31:19|08-31-2026 10:39:16|377.55|835.69|458.13
BRCJM01|BRGACMES|BRGACMES|8000016879|Shipped|NORMAL||59223839000301|05319-070|SP|BR|DSV||2|0|0|2|2|Y|07-27-2026 14:58:02|07-27-2026 14:58:02|||08-11-2026 21:37:40|08-12-2026 10:41:07|08-12-2026 14:42:53|08-12-2026 14:45:53|08-12-2026 20:03:52||08-12-2026 20:05:09|08-12-2026 20:05:09|08-31-2026 10:39:16|389.12|835.69|446.57
BRCJM01|BRGACMES|BRGACMES|8000016880|Shipped|RUSH||59223839000301|05319-070|SP|BR|TRANSP DSV||6|0|0|6|6|Y|07-27-2026 14:58:02|07-27-2026 14:58:02|||08-05-2026 16:00:20|08-05-2026 16:01:35|08-05-2026 17:19:12|08-05-2026 17:28:40|08-05-2026 19:56:21||08-05-2026 19:57:44|08-05-2026 19:57:44|08-11-2026 14:26:17|221|359.47|138.48
BRCJM01|BRGACMES|BRGACMES|8000016881|Shipped|RUSH||45180696000113|08735-000|SP|BR|TAC SJC/GRU||5|.1|.001|5|5|Y|07-27-2026 14:58:02|07-27-2026 14:58:02|||07-31-2026 10:04:53|07-31-2026 10:05:19|07-31-2026 13:56:07|07-31-2026 14:11:52|07-31-2026 14:30:12||07-31-2026 14:38:59|07-31-2026 14:38:59|08-18-2026 09:45:58|95.68|522.8|427.12
BRCJM01|BRGACMES|BRGACMES|8000016882|Shipped|RUSH||58267919000479|71608-900|DF|BR|ALL IN||1|0|0|60|60|Y|07-27-2026 14:58:02|07-27-2026 14:58:02|||07-28-2026 17:39:58|07-28-2026 17:41:30|07-28-2026 19:27:16|07-28-2026 19:27:17|07-28-2026 20:16:14||07-28-2026 20:17:31|07-28-2026 20:17:31|08-04-2026 15:16:44|29.32|192.31|162.99
BRCJM01|BRGACMES|BRGACMES|8000016889|Shipped|RUSH||29177311000102|05016-090|SP|BR|TRANSP DSV||3|.1|.001|4|4|Y|07-27-2026 14:58:02|07-27-2026 14:58:02|||07-31-2026 10:04:53|07-31-2026 10:05:19|07-31-2026 13:52:59|07-31-2026 13:54:27|07-31-2026 14:24:21||07-31-2026 14:25:21|07-31-2026 14:25:21|08-04-2026 15:16:42|95.46|192.31|96.86
BRCJM01|BRGACMES|BRGACMES|8000016890|Shipped|NORMAL||59286249000158|90240-620|RS|BR|TRANSTRY||7|.1|.001|7|7|Y|07-27-2026 11:23:37|07-27-2026 14:58:03|||08-11-2026 21:37:40|08-12-2026 10:41:08|08-13-2026 07:19:59|08-14-2026 01:55:13|08-14-2026 03:14:32||08-14-2026 03:16:26|08-14-2026 03:16:26|08-18-2026 09:46:04|423.88|526.37|102.49
BRCJM01|BRGACMES|BRGACMES|8000016891|Shipped|NORMAL||58956147000130|60810-786|CE|BR|TERMACO||6|.1|.001|6|6|Y|07-27-2026 11:23:37|07-27-2026 14:58:03|||08-11-2026 21:37:38|08-12-2026 10:41:08|08-12-2026 21:29:47|08-13-2026 02:20:19|08-13-2026 05:18:28||08-13-2026 05:47:44|08-13-2026 05:47:44|08-21-2026 16:10:24|402.4|604.78|202.38
BRCJM01|BRGACMES|BRGACMES|8000016892|Shipped|NORMAL||29177311000102|05016-090|SP|BR|TRANSP DSV||1|.2|.002|2|2|Y|07-27-2026 11:23:37|07-27-2026 14:58:03|||08-11-2026 09:43:35|08-11-2026 09:46:28|08-11-2026 14:10:48|08-11-2026 14:10:48|08-11-2026 22:24:12||08-11-2026 22:25:18|08-11-2026 22:25:18|08-18-2026 09:45:57|371.03|526.37|155.34
BRCJM01|BRGACMES|BRGACMES|8000016993|Shipped|NORMAL||59223839000301|05319-070|SP|BR|DSV||3|0|0|3|3|Y|07-27-2026 11:23:36|07-27-2026 14:58:03|||08-11-2026 21:37:40|08-12-2026 10:41:08|08-13-2026 07:45:43|08-13-2026 12:11:40|08-13-2026 12:35:32||08-13-2026 12:36:15|08-13-2026 12:36:15|08-31-2026 10:39:16|409.21|839.26|430.05
BRCJM01|BRGACMES|BRGACMES|8000017027|Shipped|NORMAL||59405379000243||||TAC DSV||1|0|0|1|1|Y|07-27-2026 11:25:40|07-28-2026 16:52:35|||07-30-2026 10:53:45|07-30-2026 10:55:18|07-30-2026 11:51:45|07-30-2026 11:51:45|07-30-2026 13:35:29||07-30-2026 13:35:41|07-30-2026 13:35:41|08-11-2026 14:26:18|74.17|363.01|288.84
BRCJM01|BRGACMES|BRGACMES|8000017028|Shipped|NORMAL||60402973000189|89051-000|SC|BR|TAC CWB||1|0|0|10|10|Y|07-27-2026 11:23:38|07-27-2026 14:58:03|||08-11-2026 21:37:42|08-12-2026 10:41:08|08-12-2026 14:38:18|08-12-2026 14:38:18|08-12-2026 15:37:02||08-12-2026 15:41:11|08-12-2026 15:41:11|08-18-2026 09:46:11|388.29|526.38|138.08
BRCJM01|BRGACMES|BRGACMES|8000017029|Shipped|NORMAL||58267919000479|71608-900|DF|BR|ALL IN||1|0|0|1|1|Y|07-27-2026 11:23:38|07-27-2026 14:58:03|||08-11-2026 21:37:38|08-12-2026 10:41:08|08-12-2026 19:23:40|08-12-2026 19:23:40|08-12-2026 19:25:20||08-12-2026 19:54:51|08-12-2026 19:54:51|08-18-2026 09:45:59|392.52|526.37|133.85
BRCJM01|BRGACMES|BRGACMES|8000017030|Shipped|NORMAL||58267919000479|71608-900|DF|BR|ALL IN||4|.4|.004|4|4|Y|07-27-2026 11:23:38|07-27-2026 14:58:04|||08-11-2026 21:37:38|08-12-2026 10:41:08|08-12-2026 15:06:34|08-13-2026 03:32:34|08-13-2026 03:48:35||08-13-2026 03:50:42|08-13-2026 03:50:42|08-18-2026 09:45:59|400.45|526.37|125.92
BRCJM01|BRGACMES|BRGACMES|8000017031|Shipped|NORMAL||59223839000301|05319-070|SP|BR|TRANSP DSV||1|0|0|1|1|Y|07-27-2026 11:23:38|07-27-2026 14:58:03|||08-11-2026 21:37:40|08-12-2026 10:41:08|08-12-2026 19:50:26|08-12-2026 19:50:26|08-12-2026 20:08:30||08-12-2026 20:14:03|08-12-2026 20:14:03|08-18-2026 09:46:03|392.84|526.37|133.53
BRCJM01|BRGACMES|BRGACMES|8000017032|Shipped|NORMAL||59338607000390|89056-083|ES|BR|TAC VIX||8|.1|.001|8|8|Y|07-27-2026 11:23:38|07-27-2026 14:58:04|||08-11-2026 21:37:40|08-12-2026 10:41:09|08-12-2026 22:33:04|08-13-2026 15:27:23|08-13-2026 17:53:10||08-13-2026 17:53:40|08-13-2026 17:53:40|08-18-2026 09:46:04|414.5|526.37|111.87
BRCJM01|BRGACMES|BRGACMES|8000017033|Shipped|NORMAL||59216158000146|11050-201|SP|BR|TAC DSV||2|0|0|2|2|Y|07-27-2026 11:23:38|07-27-2026 14:58:04|||08-11-2026 21:37:39|08-12-2026 10:41:09|08-13-2026 07:39:21|08-13-2026 15:31:10|08-13-2026 16:57:45||08-13-2026 16:59:31|08-13-2026 16:59:31|08-18-2026 09:46:03|413.6|526.37|112.78
BRCJM01|BRGACMES|BRGACMES|8000017057|Shipped|NORMAL||59523091000354|09521-040|SP|BR|TAC DSV||1|0|0|1|1|Y|07-27-2026 11:23:38|07-27-2026 14:59:04|||08-11-2026 21:37:41|08-12-2026 10:41:09|08-12-2026 15:05:09|08-12-2026 15:05:09|08-12-2026 16:46:10||08-12-2026 16:47:05|08-12-2026 16:47:05|08-18-2026 09:46:06|389.39|526.37|136.98
BRCJM01|BRGACMES|BRGACMES|8000017262|Shipped|NORMAL||68639251001711|22631-000|RJ|BR|ANDRE/TRANSP||1|.1|.001|1|1|Y|07-27-2026 11:23:38|07-27-2026 14:59:04|||08-11-2026 21:37:43|08-12-2026 10:41:09|08-12-2026 19:08:37|08-12-2026 19:08:37|08-12-2026 20:54:21||08-12-2026 20:55:44|08-12-2026 20:55:44|08-18-2026 09:46:11|393.54|526.38|132.84
BRCJM01|BRGACMES|BRGACMES|8000017263|Shipped|NORMAL||59338607000390|89056-083|ES|BR|TAC VIX||1|.1|.001|1|1|Y|07-27-2026 11:23:38|07-27-2026 14:59:04|||08-11-2026 21:37:40|08-12-2026 10:41:09|08-13-2026 09:36:30|08-13-2026 09:36:30|08-13-2026 10:11:08||08-13-2026 10:11:34|08-13-2026 10:11:34|08-18-2026 09:46:05|406.8|526.37|119.58
BRCJM01|BRGACMES|BRGACMES|8000017264|Shipped|NORMAL||58267919000207|31255-234|MG|BR|ANDRE/TRANSP||1|.1|.001|1|1|Y|07-27-2026 11:23:39|07-27-2026 14:59:05|||08-11-2026 21:37:37|08-12-2026 10:41:09|08-12-2026 15:02:29|08-12-2026 15:02:29|08-12-2026 16:42:02||08-12-2026 16:43:29|08-12-2026 16:43:29|08-18-2026 09:45:59|389.33|526.37|137.04
BRCJM01|BRGACMES|BRGACMES|8000017266|Shipped|NORMAL||59216158000146|11050-201|SP|BR|TAC DSV||1|.1|.001|1|1|Y|07-27-2026 11:23:39|07-27-2026 14:59:05|||08-11-2026 21:37:39|08-12-2026 10:41:09|08-12-2026 15:00:14|08-12-2026 16:39:05|08-12-2026 16:39:34||08-12-2026 16:40:29|08-12-2026 16:40:29|08-18-2026 09:46:03|389.28|526.37|137.09
BRCJM01|BRGACMES|BRGACMES|8000017268|Shipped|NORMAL||59895385000145|80240-545|PR|BR|DSV||5|.1|.001|5|5|Y|07-27-2026 11:23:39|07-27-2026 14:59:05|||08-11-2026 21:37:41|08-12-2026 10:41:09|08-12-2026 22:07:42|08-12-2026 22:58:03|08-12-2026 23:29:12||08-31-2026 10:39:25|08-12-2026 23:31:48|08-31-2026 10:39:25|839.26|839.26|0
BRCJM01|BRGACMES|BRGACMES|8000017269|Shipped|NORMAL||59286249000158|90240-620|RS|BR|DSV||1|0|0|1|1|Y|07-27-2026 11:23:39|07-27-2026 14:59:05|||08-11-2026 21:37:40|08-12-2026 10:41:09|08-12-2026 18:52:14|08-12-2026 18:52:14|08-12-2026 20:40:29||08-12-2026 20:44:14|08-12-2026 20:44:14|08-31-2026 10:39:17|393.34|839.26|445.92
BRCJM01|BRGACMES|BRGACMES|8000017271|Shipped|NORMAL||29177311000102|05016-090|SP|BR|TRANSP DSV||1|0|0|1|1|Y|07-27-2026 11:23:39|07-27-2026 14:59:05|||08-11-2026 21:37:37|08-12-2026 10:41:10|08-12-2026 14:54:20|08-12-2026 14:54:20|08-12-2026 15:50:20||08-12-2026 15:58:57|08-12-2026 15:58:57|08-18-2026 09:45:57|388.59|526.37|137.78
BRCJM01|BRGACMES|BRGACMES|8000017272|Shipped|NORMAL||59895385000145|80240-545|PR|BR|TAC CWB||2|2|.02|20|20|Y|07-27-2026 11:23:39|07-27-2026 14:59:05|||08-11-2026 21:37:41|08-12-2026 10:41:10|08-13-2026 20:33:11|08-13-2026 20:53:05|08-13-2026 21:31:35||08-13-2026 21:34:19|08-13-2026 21:34:19|08-18-2026 09:46:09|418.18|526.38|108.2
BRCJM01|BRGACMES|BRGACMES|8000017273|Shipped|NORMAL||59895385000145|80240-545|PR|BR|TAC CWB||1|0|0|1|1|Y|07-27-2026 11:23:39|07-27-2026 14:59:05|||08-11-2026 21:37:41|08-12-2026 10:41:10|08-13-2026 08:50:27|08-13-2026 08:50:27|08-13-2026 10:02:44||08-13-2026 10:03:20|08-13-2026 10:03:20|08-18-2026 09:46:09|406.66|526.38|119.71
BRCJM01|BRGACMES|BRGACMES|8000017274|Shipped|NORMAL||59895385000145|80240-545|PR|BR|TAC CWB||1|0|0|1|1|Y|07-27-2026 11:23:40|07-27-2026 14:59:06|||08-11-2026 21:37:41|08-12-2026 10:41:10|08-12-2026 20:08:55|08-12-2026 20:08:55|08-12-2026 22:37:18||08-12-2026 22:37:47|08-12-2026 22:37:47|08-18-2026 09:46:09|395.24|526.37|131.14
BRCJM01|BRGACMES|BRGACMES|8000017275|Shipped|RUSH||45180696000202|65071-380|MA|BR|TERMACO||1|0|0|1|1|Y|07-27-2026 11:23:40|07-27-2026 14:59:06|||08-05-2026 16:31:57|08-05-2026 16:32:45|08-05-2026 17:08:26|08-05-2026 17:08:26|08-05-2026 20:09:56||08-05-2026 20:10:29|08-05-2026 20:10:29|08-11-2026 14:26:15|224.78|363.04|138.26
BRCJM01|BRGACMES|BRGACMES|8000017276|Shipped|NORMAL||60259875000134|17012-648|SP|BR|TRANSTRY||1|0|0|3|3|Y|07-27-2026 11:23:40|07-27-2026 14:59:06|||08-11-2026 21:37:42|08-12-2026 10:41:10|08-12-2026 20:18:29|08-12-2026 20:18:29|08-13-2026 02:10:19||08-13-2026 02:15:19|08-13-2026 02:15:19|08-18-2026 09:46:10|398.86|526.38|127.51
BRCJM01|BRGACMES|BRGACMES|8000017277|Shipped|NORMAL||59895385000145|80240-545|PR|BR|TAC CWB||1|0|0|5|5|Y|07-27-2026 11:23:40|07-27-2026 14:59:06|||08-11-2026 21:37:41|08-12-2026 10:41:10|08-12-2026 20:12:26|08-12-2026 20:12:27|08-13-2026 02:04:34||08-13-2026 02:13:36|08-13-2026 02:13:36|08-18-2026 09:46:09|398.83|526.37|127.54
BRCJM01|BRGACMES|BRGACMES|8000017357|Shipped|NORMAL||59338607000390|89056-083|ES|BR|TAC VIX||1|.1|.001|1|1|Y|07-31-2026 09:32:02|07-31-2026 09:32:02|||08-11-2026 21:37:40|08-12-2026 10:41:10|08-13-2026 05:09:02|08-13-2026 05:09:02|08-13-2026 05:33:18||08-13-2026 05:35:15|08-13-2026 05:35:15|08-18-2026 09:46:05|308.05|432.23|124.18
BRCJM01|BRGACMES|BRGACMES|8000017359|Shipped|NORMAL||58267919000479|71608-900|DF|BR|ALL IN||1|0|0|1|1|Y|07-31-2026 09:32:04|07-31-2026 09:32:04|||08-11-2026 21:37:37|08-12-2026 10:41:10|08-13-2026 05:28:23|08-13-2026 05:28:23|08-13-2026 05:36:35||08-13-2026 05:37:58|08-13-2026 05:37:58|08-18-2026 09:45:59|308.1|432.23|124.13
BRCJM01|BRGACMES|BRGACMES|8000017360|Shipped|NORMAL||59052866000270|03340-000|SP|BR|DSV||1|0|0|1|1|Y|07-31-2026 09:32:04|07-31-2026 09:32:04|||08-11-2026 21:37:39|08-12-2026 10:41:10|08-12-2026 17:00:18|08-12-2026 17:00:18|08-12-2026 19:51:24||08-12-2026 19:52:44|08-12-2026 19:52:44|08-31-2026 10:39:14|298.34|745.12|446.78
BRCJM01|BRGACMES|BRGACMES|8000017361|Shipped|NORMAL||68639251001711|22631-000|RJ|BR|ANDRE/TRANSP||2|0|0|26|26|Y|07-31-2026 09:32:05|07-31-2026 09:32:05|||08-11-2026 21:37:43|08-12-2026 10:41:10|08-12-2026 21:16:52|08-12-2026 23:56:02|08-13-2026 01:55:27||08-13-2026 05:37:23|08-13-2026 05:37:23|08-18-2026 09:46:11|308.09|432.24|124.15
BRCJM01|BRGACMES|BRGACMES|8000017362|Shipped|RUSH||58267919000126|71200-022|DF|BR|ALL IN||6|0|0|360|360|Y|07-31-2026 09:32:05|07-31-2026 09:32:05||||07-31-2026 10:05:19|07-31-2026 14:18:27|07-31-2026 18:49:01|07-31-2026 21:40:14||07-31-2026 21:47:42|07-31-2026 21:47:42|08-05-2026 10:17:44|12.26|120.76|108.5
BRCJM01|BRGACMES|BRGACMES|8000017363|Shipped|NORMAL||58267919000479|71608-900|DF|BR|ALL IN||1|.1|.001|1|1|Y|07-31-2026 09:32:05|07-31-2026 09:32:05|||08-11-2026 21:37:37|08-12-2026 10:41:11|08-14-2026 03:21:32|08-14-2026 03:21:33|08-14-2026 03:26:11||08-14-2026 03:28:25|08-14-2026 03:28:25|08-18-2026 09:45:59|329.94|432.23|102.29
BRCJM01|BRGACMES|BRGACMES|8000017364|Shipped|NORMAL||58267919000479|71608-900|DF|BR|ALL IN||1|.1|.001|1|1|Y|07-31-2026 09:32:06|07-31-2026 09:32:06|||08-11-2026 21:37:38|08-12-2026 10:41:11|08-12-2026 16:49:11|08-12-2026 16:49:11|08-12-2026 19:14:00||08-12-2026 19:15:12|08-12-2026 19:15:12|08-18-2026 09:45:59|297.72|432.23|134.51
BRCJM01|BRGACMES|BRGACMES|8000017365|Shipped|NORMAL||58267919000479|71608-900|DF|BR|ALL IN||1|0|0|1|1|Y|07-31-2026 09:32:06|07-31-2026 09:32:06|||08-11-2026 21:37:38|08-12-2026 10:41:11|08-12-2026 16:46:17|08-12-2026 16:46:17|08-12-2026 19:57:23||08-12-2026 19:58:06|08-12-2026 19:58:06|08-18-2026 09:45:59|298.43|432.23|133.8
BRCJM01|BRGACMES|BRGACMES|8000017366|Shipped|NORMAL||59871299000100|14021-610|SP|BR|ALL IN||1|0|0|20|20|Y|07-31-2026 09:32:06|07-31-2026 09:32:06|||08-11-2026 21:37:41|08-12-2026 10:41:11|08-13-2026 12:34:39|08-13-2026 12:34:39|08-13-2026 12:43:46||08-13-2026 12:44:25|08-13-2026 12:44:25|08-18-2026 09:46:06|315.21|432.23|117.03
BRCJM01|BRGACMES|BRGACMES|8000017430|Shipped|RUSH||29177311000102|05016-090|SP|BR|TRANSP DSV||1|0|0|1|1|Y|07-31-2026 09:32:06|07-31-2026 09:32:06||||07-31-2026 10:05:20|07-31-2026 13:51:14|07-31-2026 13:51:14|07-31-2026 14:19:33||07-31-2026 14:20:03|07-31-2026 14:20:03|08-06-2026 11:02:13|4.8|145.5|140.7
BRCJM01|BRGACMES|BRGACMES|8000017431|Shipped|NORMAL||59895385000145|80240-545|PR|BR|TAC CWB||1|0|0|1|1|Y|07-31-2026 09:32:04|07-31-2026 09:32:04|||08-11-2026 21:37:41|08-12-2026 10:41:10|08-12-2026 20:22:31|08-12-2026 20:22:31|08-13-2026 02:00:21||08-13-2026 02:14:49|08-13-2026 02:14:49|08-18-2026 09:46:09|304.71|432.23|127.52
BRCJM01|BRGACMES|BRGACMES|8000017432|Shipped|RUSH||45180696000202|65071-380|MA|BR|TERMACO||1|0|0|1|1|Y|07-31-2026 09:32:04|07-31-2026 09:32:04|||08-05-2026 16:31:57|08-05-2026 16:32:45|08-05-2026 17:14:10|08-05-2026 17:14:10|08-05-2026 20:05:11||08-05-2026 20:05:36|08-05-2026 20:05:36|08-11-2026 14:26:15|130.56|268.9|138.34
BRCJM01|BRGACMES|BRGACMES|8000017433|Shipped|NORMAL||59039599000543|66053-180|PA|BR|NORTEX||1|0|0|1|1|Y|07-31-2026 09:32:04|07-31-2026 09:32:04|||08-11-2026 21:37:39|08-12-2026 10:41:10|08-12-2026 17:04:16|08-12-2026 17:04:16|08-12-2026 19:44:47||08-12-2026 19:55:32|08-12-2026 19:55:32|08-18-2026 09:46:02|298.39|432.23|133.84
BRCJM01|BRGACMES|BRGACMES|8000017434|Shipped|NORMAL||59039599000543|66053-180|PA|BR|NORTEX||1|.1|.001|1|1|Y|07-31-2026 09:32:04|07-31-2026 09:32:04|||08-11-2026 21:37:39|08-12-2026 10:41:10|08-12-2026 17:01:57|08-12-2026 17:01:57|08-12-2026 19:47:57||08-12-2026 19:55:42|08-12-2026 19:55:43|08-18-2026 09:46:02|298.39|432.23|133.84
BRCJM01|BRGACMES|BRGACMES|8000017435|Shipped|NORMAL||58873822000248|88331-490|SC|BR|TAC CWB||1|0|0|50|50|Y|07-31-2026 09:32:05|07-31-2026 09:32:05|||08-11-2026 21:37:38|08-12-2026 10:41:11|08-12-2026 19:36:55|08-12-2026 19:36:55|08-12-2026 22:01:12||08-12-2026 22:25:19|08-12-2026 22:25:19|08-18-2026 09:46:00|300.89|432.23|131.34
BRCJM01|BRGACMES|BRGACMES|8000017436|Shipped|NORMAL||58873822000248|88331-490|SC|BR|TAC CWB||3|2|.02|30|30|Y|07-31-2026 09:32:05|07-31-2026 09:32:05|||08-11-2026 21:37:38|08-12-2026 10:41:11|08-12-2026 21:05:33|08-12-2026 23:51:35|08-13-2026 02:00:32||08-13-2026 05:42:29|08-13-2026 05:42:29|08-18-2026 09:46:00|308.17|432.23|124.06
BRCJM01|BRGACMES|BRGACMES|8000017451|Shipped|RUSH||59897625000221|13420-355|SP|BR|TAC CPQ||1|.1|.001|1|1|Y|07-31-2026 09:32:05|07-31-2026 09:32:05|||08-07-2026 17:05:06|08-07-2026 17:06:45|08-07-2026 21:39:25|08-07-2026 21:39:25|08-08-2026 13:37:29||08-08-2026 13:38:06|08-08-2026 13:38:06|08-18-2026 09:46:10|196.1|432.23|236.13
BRCJM01|BRGACMES|BRGACMES|8000017583|Shipped|NORMAL||59895385000145|80240-545|PR|BR|TAC CWB||1|0|0|1|1|Y|07-31-2026 09:32:06|07-31-2026 09:32:06|||08-11-2026 21:37:41|08-12-2026 10:41:11|08-13-2026 08:41:40|08-13-2026 08:41:40|08-13-2026 09:57:04||08-13-2026 09:57:22|08-13-2026 09:57:22|08-18-2026 09:46:09|312.42|432.23|119.81
BRCJM01|BRGACMES|BRGACMES|8000017657|Shipped|NORMAL||59907917000117|64051-005|PI|BR|TERMACO||1|.1|.001|1|1|Y|07-31-2026 09:32:06|07-31-2026 09:32:06|||08-11-2026 09:43:35|08-11-2026 09:46:28|08-11-2026 14:05:09|08-11-2026 17:56:56|08-11-2026 17:57:44||08-11-2026 18:08:34|08-11-2026 18:08:34|08-15-2026 11:50:19|272.61|362.3|89.7
BRCJM01|BRGACMES|BRGACMES|8000017658|Shipped|RUSH||68639251001711|22631-000|RJ|BR|DSV||1|.1|.001|1|1|Y|07-31-2026 09:32:06|07-31-2026 09:32:06|||08-11-2026 09:43:35|08-11-2026 09:46:28|08-14-2026 03:38:49|08-14-2026 03:38:49|08-14-2026 05:16:39||08-14-2026 05:16:56|08-14-2026 05:16:56|08-31-2026 10:39:37|331.75|745.13|413.38
BRCJM01|BRGACMES|BRGACMES|8000017660|Shipped|NORMAL||58873822000248|88331-490|SC|BR|TAC CWB||1|.1|.001|1|1|Y|07-31-2026 09:32:04|07-31-2026 09:32:04|||08-11-2026 21:37:38|08-12-2026 10:41:10|08-13-2026 04:16:37|08-13-2026 04:16:37|08-13-2026 04:54:17||08-13-2026 04:55:19|08-13-2026 04:55:19|08-21-2026 16:10:23|307.39|510.64|203.25
BRCJM01|BRGACMES|BRGACMES|8000017661|Shipped|NORMAL||59039599000110|78115-005|MT|BR|FAVORITA||1|.1|.001|1|1|Y|07-31-2026 09:32:04|07-31-2026 09:32:04|||08-11-2026 21:37:39|08-12-2026 10:41:10|08-12-2026 19:10:39|08-12-2026 19:10:39|08-12-2026 20:34:10||08-12-2026 20:35:59|08-12-2026 20:35:59|08-18-2026 09:46:01|299.07|432.23|133.17
BRCJM01|BRGACMES|BRGACMES|8000017662|Shipped|NORMAL||58873822000248|88331-490|SC|BR|TAC CWB||1|0|0|30|30|Y|07-31-2026 09:32:04|07-31-2026 09:32:04|||08-11-2026 21:37:38|08-12-2026 10:41:10|08-12-2026 16:57:19|08-12-2026 16:57:19|08-12-2026 19:10:59||08-12-2026 19:11:41|08-12-2026 19:11:42|08-18-2026 09:46:00|297.66|432.23|134.57
BRCJM01|BRGACMES|BRGACMES|8000017663|Shipped|NORMAL||58873822000248|88331-490|SC|BR|TAC CWB||1|0|0|60|60|Y|07-31-2026 09:32:05|07-31-2026 09:32:05|||08-11-2026 21:37:38|08-12-2026 10:41:11|08-12-2026 20:29:44|08-12-2026 20:29:44|08-12-2026 21:00:11||08-12-2026 21:01:36|08-12-2026 21:01:36|08-18-2026 09:46:00|299.49|432.23|132.74
BRCJM01|BRGACMES|BRGACMES|8000017664|Shipped|NORMAL||59405379000243||||TAC DSV||1|0|0|1|1|Y|07-31-2026 09:38:13|07-31-2026 09:38:13|||08-11-2026 21:37:40|08-12-2026 10:41:11|08-12-2026 16:40:05|08-12-2026 16:40:05|08-12-2026 19:28:46||08-12-2026 19:54:34|08-12-2026 19:54:34|08-18-2026 09:46:05|298.27|432.13|133.86
BRCJM01|BRGACMES|BRGACMES|8000017665|Shipped|RUSH||59871299000100|14021-610|SP|BR|ALL IN||1|.1|.001|1|1|Y|07-31-2026 09:32:05|07-31-2026 09:32:05|||08-05-2026 16:00:20|08-05-2026 16:01:35|08-05-2026 16:45:43|08-05-2026 16:45:43|08-05-2026 20:18:13||08-05-2026 20:20:34|08-05-2026 20:20:34|08-11-2026 14:26:20|130.81|268.9|138.1
BRCJM01|BRGACMES|BRGACMES|8000017666|Shipped|NORMAL||59871299000100|14021-610|SP|BR|ALL IN||6|0|0|24|24|Y|07-31-2026 09:32:06|07-31-2026 09:32:06|||08-11-2026 21:37:41|08-12-2026 10:41:11|08-13-2026 07:15:23|08-13-2026 16:56:16|08-13-2026 17:36:57||08-13-2026 17:41:30|08-13-2026 17:41:30|08-18-2026 09:46:07|320.16|432.23|112.08
BRCJM01|BRGACMES|BRGACMES|8000017667|Shipped|RUSH||59871299000100|14021-610|SP|BR|ALL IN||1|0|0|1|1|Y|07-31-2026 09:32:06|07-31-2026 09:32:06|||08-03-2026 14:05:45|08-03-2026 14:06:31|08-03-2026 14:21:01|08-03-2026 14:21:01|08-03-2026 14:25:13||08-03-2026 14:25:27|08-03-2026 14:25:27|08-05-2026 10:17:44|76.89|120.76|43.87
BRCJM01|BRGACMES|BRGACMES|8000017668|Shipped|NORMAL||58267919000479|71608-900|DF|BR|ALL IN||1|0|0|1|1|Y|07-31-2026 09:32:06|07-31-2026 09:32:06|||08-11-2026 21:37:38|08-12-2026 10:41:11|08-12-2026 19:46:41|08-12-2026 19:46:41|08-12-2026 20:18:39||08-12-2026 20:19:32|08-12-2026 20:19:32|08-18-2026 09:45:59|298.79|432.23|133.44
BRCJM01|BRGACMES|BRGACMES|8000017670|Shipped|NORMAL||59039599000381|69053-355|AM|BR|NORTEX||1|0|0|2|2|Y|07-31-2026 09:32:00|07-31-2026 09:32:00|||08-11-2026 21:37:39|08-12-2026 10:44:30|08-13-2026 08:43:46|08-13-2026 08:43:46|08-13-2026 09:54:08||08-13-2026 09:54:27|08-13-2026 09:54:27|08-18-2026 09:46:02|312.37|432.23|119.86
BRCJM01|BRGACMES|BRGACMES|8000017671|Shipped|RUSH||58267919000126|71200-022|DF|BR|ALL IN||1|0|0|1|1|Y|07-31-2026 09:32:04|07-31-2026 09:32:04|||08-05-2026 16:00:20|08-05-2026 16:01:35|08-05-2026 17:04:11|08-05-2026 17:04:11|08-05-2026 20:16:00||08-05-2026 20:16:27|08-05-2026 20:16:27|08-11-2026 14:26:16|130.74|268.9|138.16
BRCJM01|BRGACMES|BRGACMES|8000017781|Shipped|NORMAL||59039599000462|77023-002|TO|BR|FAVORITA||3|0|0|26|26|Y|07-31-2026 09:32:04|07-31-2026 09:32:04|||08-11-2026 21:37:39|08-12-2026 10:44:30|08-13-2026 07:21:00|08-13-2026 10:09:36|08-14-2026 00:20:28||08-14-2026 00:53:46|08-14-2026 00:53:46|08-21-2026 16:10:26|327.36|510.64|183.28
BRCJM01|BRGACMES|BRGACMES|8000017782|Shipped|NORMAL||59039599000110|78115-005|MT|BR|DSV||4|.3|.003|83|83|Y|07-31-2026 09:32:04|07-31-2026 09:32:04|||08-11-2026 21:37:39|08-12-2026 10:44:30|08-13-2026 19:21:23|08-13-2026 19:33:54|08-13-2026 20:16:33||08-13-2026 20:17:08|08-13-2026 20:17:08|08-31-2026 10:39:13|322.75|745.12|422.37
BRCJM01|BRGACMES|BRGACMES|8000017783|Shipped|NORMAL||59405379000243||||TAC DSV||1|.1|.001|1|1|Y|07-31-2026 09:38:13|07-31-2026 09:38:13|||08-11-2026 21:37:40|08-12-2026 10:44:33|08-12-2026 18:25:59|08-12-2026 18:26:00|08-12-2026 21:57:04||08-12-2026 22:25:08|08-12-2026 22:25:08|08-18-2026 09:46:05|300.78|432.13|131.35
BRCJM01|BRGACMES|BRGACMES|8000017784|Shipped|RUSH||59223839000301|05319-070|SP|BR|TRANSP DSV||4|2|.02|144|144|Y|07-31-2026 09:32:05|07-31-2026 09:32:05|||08-11-2026 09:43:35|08-11-2026 09:46:28|08-11-2026 11:43:54|08-11-2026 13:13:13|08-11-2026 14:45:43||08-11-2026 14:46:38|08-11-2026 14:46:38|08-18-2026 09:46:03|269.24|432.23|162.99
BRCJM01|BRGACMES|BRGACMES|8000017786|Shipped|NORMAL||58267919000479|71608-900|DF|BR|DSV||23|.6|.006|25|25|Y|07-31-2026 09:32:05|07-31-2026 09:32:05|||08-11-2026 21:37:37|08-12-2026 10:44:30|08-13-2026 08:03:52|08-14-2026 08:15:11|08-14-2026 09:45:25||08-31-2026 10:34:08|08-31-2026 10:34:08|08-31-2026 10:39:11|745.03|745.12|.08
BRCJM01|BRGACMES|BRGACMES|8000017802|Shipped|NORMAL||45180696000466|12246-876|SP|BR|TAC SJC/GRU||1|0|0|1|1|Y|07-31-2026 09:32:06|07-31-2026 09:32:06|||08-11-2026 21:37:37|08-12-2026 10:44:31|08-13-2026 08:40:20|08-13-2026 08:40:20|08-13-2026 09:59:37||08-13-2026 09:59:56|08-13-2026 09:59:56|08-18-2026 09:45:58|312.46|432.23|119.77
BRCJM01|BRGACMES|BRGACMES|8000017931|Shipped|NORMAL||59286249000158|90240-620|RS|BR|TRANSTRY||4|.4|.004|9|9|Y|07-31-2026 09:32:06|07-31-2026 09:32:06|||08-11-2026 21:37:40|08-12-2026 10:44:31|08-13-2026 04:36:27|08-13-2026 04:44:56|08-13-2026 05:10:44||08-13-2026 05:11:48|08-13-2026 05:11:48|08-18-2026 09:46:04|307.66|432.23|124.57
BRCJM01|BRGACMES|BRGACMES|8000017932|Shipped|NORMAL||59039599000462|77023-002|TO|BR|FAVORITA||4|.1|.001|4|4|Y|07-31-2026 09:32:06|07-31-2026 09:32:06|||08-11-2026 21:37:39|08-12-2026 10:44:31|08-13-2026 07:35:34|08-13-2026 10:22:01|08-13-2026 11:27:54||08-13-2026 11:30:28|08-13-2026 11:30:28|08-21-2026 16:10:27|313.97|510.64|196.67
BRCJM01|BRGACMES|BRGACMES|8000017933|Shipped|NORMAL||58267919000479|71608-900|DF|BR|ALL IN||1|.1|.001|1|1|Y|07-31-2026 09:33:07|07-31-2026 09:33:07|||08-11-2026 21:37:38|08-12-2026 10:44:31|08-12-2026 16:38:19|08-12-2026 16:38:19|08-12-2026 19:41:48||08-12-2026 19:53:34|08-12-2026 19:53:34|08-18-2026 09:46:00|298.34|432.21|133.87
BRCJM01|BRGACMES|BRGACMES|8000017934|Shipped|NORMAL||60348857000129|49097-510|SE|BR|TERMACO||1|.1|.001|1|1|Y|07-31-2026 09:33:07|07-31-2026 09:33:07|||08-11-2026 21:37:42|08-12-2026 10:44:32|08-12-2026 16:34:48|08-12-2026 16:34:48|08-12-2026 19:37:27||08-12-2026 19:53:53|08-12-2026 19:53:53|08-21-2026 16:10:37|298.35|510.63|212.28
BRCJM01|BRGACMES|BRGACMES|8000017935|Shipped|RUSH||59286249000158|90240-620|RS|BR|TRANSTRY||1|0|0|1|1|Y|08-07-2026 17:01:11|08-07-2026 17:01:11||||08-07-2026 17:06:47|08-07-2026 21:50:04|08-07-2026 21:50:04|08-08-2026 13:39:49||08-08-2026 13:40:39|08-08-2026 13:40:39|08-11-2026 14:26:17|20.66|93.42|72.76
BRCJM01|BRGACMES|BRGACMES|8000017936|Shipped|NORMAL||59039599000543|66053-180|PA|BR|NORTEX||5|.2|.002|5|5|Y|07-31-2026 09:33:07|07-31-2026 09:33:07|||08-11-2026 21:37:39|08-12-2026 10:44:32|08-12-2026 17:22:43|08-12-2026 19:22:25|08-12-2026 20:27:59||08-12-2026 20:31:34|08-12-2026 20:31:34|08-21-2026 16:10:27|298.97|510.62|211.65
BRCJM01|BRGACMES|BRGACMES|8000017937|Shipped|NORMAL||59286249000158|90240-620|RS|BR|TRANSTRY||1|0|0|1|1|Y|07-31-2026 09:33:08|07-31-2026 09:33:08|||08-11-2026 21:37:40|08-12-2026 10:44:32|08-12-2026 18:20:24|08-12-2026 18:20:24|08-12-2026 21:59:30||08-12-2026 22:25:25|08-12-2026 22:25:25|08-21-2026 16:10:28|300.87|510.62|209.75
BRCJM01|BRGACMES|BRGACMES|8000017938|Shipped|RUSH||59286249000158|90240-620|RS|BR|TRANSTRY||2|0|0|51|51|Y|07-31-2026 09:33:08|07-31-2026 09:33:08|||08-07-2026 17:05:06|08-07-2026 17:06:45|08-07-2026 21:11:06|08-07-2026 21:14:49|08-08-2026 12:53:46||08-11-2026 14:19:37|08-11-2026 14:19:37|08-11-2026 14:26:17|268.77|268.89|.11
BRCJM01|BRGACMES|BRGACMES|8000018070|Shipped|NORMAL||59895385000145|80240-545|PR|BR|TAC CWB||1|.2|.002|2|2|Y|07-31-2026 09:33:09|07-31-2026 09:33:09|||08-11-2026 21:37:41|08-12-2026 10:44:32|08-12-2026 15:35:46|08-12-2026 15:35:46|08-12-2026 15:56:46||08-12-2026 15:58:43|08-12-2026 15:58:43|08-18-2026 09:46:09|294.43|432.22|137.79
BRCJM01|BRGACMES|BRGACMES|8000018071|Shipped|RUSH||29177311000102|05016-090|SP|BR|TRANSP DSV||1|.1|.001|1|1|Y|07-31-2026 09:33:09|07-31-2026 09:33:09|||08-11-2026 09:43:35|08-11-2026 09:46:29|08-11-2026 20:54:34|08-11-2026 20:54:34|08-11-2026 22:34:48||08-11-2026 22:35:06|08-11-2026 22:35:06|08-12-2026 16:57:07|277.03|295.4|18.37
BRCJM01|BRGACMES|BRGACMES|8000018072|Shipped|NORMAL||60279014000118|54315-570|PE|BR|TERMACO||8|0|0|8|8|Y|07-31-2026 09:33:09|07-31-2026 09:33:09|||08-11-2026 21:37:42|08-12-2026 10:44:32|08-13-2026 07:59:57|08-13-2026 09:54:43|08-13-2026 11:07:59||08-13-2026 11:08:24|08-13-2026 11:08:24|08-21-2026 16:10:37|313.59|510.62|197.04
BRCJM01|BRGACMES|BRGACMES|8000018073|Shipped|NORMAL||60279014000118|54315-570|PE|BR|TERMACO||1|0|0|1|1|Y|07-31-2026 09:33:09|07-31-2026 09:33:09|||08-11-2026 21:37:42|08-12-2026 10:44:33|08-12-2026 20:35:58|08-12-2026 20:35:58|08-13-2026 04:53:50||08-13-2026 04:55:27|08-13-2026 04:55:27|08-21-2026 16:10:37|307.37|510.62|203.25
BRCJM01|BRGACMES|BRGACMES|8000018074|Shipped|NORMAL||59895385000145|80240-545|PR|BR|TAC CWB||1|0|0|5|5|Y|07-31-2026 09:33:10|07-31-2026 09:33:10|||08-11-2026 21:37:41|08-12-2026 10:44:33|08-12-2026 20:39:40|08-12-2026 20:39:40|08-13-2026 04:57:42||08-13-2026 04:58:39|08-13-2026 04:58:39|08-18-2026 09:46:09|307.42|432.22|124.79
BRCJM01|BRGACMES|BRGACMES|8000018075|Shipped|NORMAL||59895385000145|80240-545|PR|BR|TAC CWB||5|0|0|5|5|Y|07-31-2026 09:33:07|07-31-2026 09:33:07|||08-11-2026 21:37:41|08-12-2026 10:44:32|08-13-2026 07:23:23|08-14-2026 09:37:22|08-14-2026 10:32:17||08-14-2026 10:33:55|08-14-2026 10:33:55|08-21-2026 16:10:31|337.01|510.62|173.61
BRCJM01|BRGACMES|BRGACMES|8000018076|Shipped|NORMAL||59895385000145|80240-545|PR|BR|TAC CWB||2|0|0|2|2|Y|07-31-2026 09:33:07|07-31-2026 09:33:07|||08-11-2026 21:37:41|08-12-2026 10:44:32|08-13-2026 05:09:11|08-13-2026 05:28:17|08-13-2026 05:52:26||08-13-2026 05:53:52|08-13-2026 05:53:52|08-18-2026 09:46:10|308.35|432.22|123.87
BRCJM01|BRGACMES|BRGACMES|8000018077|Shipped|NORMAL||59039599000462|77023-002|TO|BR|FAVORITA||1|0|0|5|5|Y|07-31-2026 09:33:07|07-31-2026 09:33:07|||08-11-2026 21:37:39|08-12-2026 10:44:32|08-12-2026 16:32:28|08-12-2026 16:32:28|08-12-2026 19:39:45||08-12-2026 19:53:23|08-12-2026 19:53:23|08-21-2026 16:10:27|298.34|510.62|212.28
BRCJM01|BRGACMES|BRGACMES|8000018079|Shipped|RUSH||59223839000301|05319-070|SP|BR|TRANSP DSV||1|0|0|10|10|Y|07-31-2026 09:33:08|07-31-2026 09:33:08|||08-11-2026 09:43:35|08-11-2026 09:46:29|08-11-2026 11:33:41|08-11-2026 11:33:41|08-11-2026 11:50:32||08-11-2026 11:51:03|08-11-2026 11:51:03|08-18-2026 09:46:04|266.3|432.22|165.92
BRCJM01|BRGACMES|BRGACMES|8000018080|Shipped|NORMAL||59039599000462|77023-002|TO|BR|FAVORITA||1|0|0|10|10|Y|07-31-2026 09:33:09|07-31-2026 09:33:09|||08-11-2026 21:37:39|08-12-2026 10:44:32|08-12-2026 15:31:08|08-12-2026 15:31:08|08-12-2026 16:29:31||08-12-2026 16:31:13|08-12-2026 16:31:13|08-18-2026 09:46:02|294.97|432.21|137.25
BRCJM01|BRGACMES|BRGACMES|8000018085|Shipped|NORMAL||58873822000248|88331-490|SC|BR|TAC CWB||1|0|0|30|30|Y|07-31-2026 09:33:10|07-31-2026 09:33:10|||08-11-2026 21:37:38|08-12-2026 10:44:33|08-12-2026 15:24:54|08-12-2026 15:24:54|08-12-2026 15:53:42||08-12-2026 15:58:49|08-12-2026 15:58:49|08-18-2026 09:46:00|294.43|432.21|137.79
BRCJM01|BRGACMES|BRGACMES|8000018086|Shipped|NORMAL||59039599000462|77023-002|TO|BR|FAVORITA||1|0|0|10|10|Y|07-31-2026 09:33:07|07-31-2026 09:33:07|||08-11-2026 21:37:39|08-12-2026 10:44:32|08-12-2026 16:36:15|08-12-2026 16:36:15|08-12-2026 19:31:17||08-12-2026 19:54:19|08-12-2026 19:54:19|08-18-2026 09:46:02|298.35|432.22|133.86
BRCJM01|BRGACMES|BRGACMES|8000018087|Shipped|NORMAL||59039599000110|78115-005|MT|BR|FAVORITA||1|0|0|20|20|Y|07-31-2026 09:33:07|07-31-2026 09:33:07|||08-11-2026 21:37:39|08-13-2026 10:30:38|08-13-2026 12:31:09|08-13-2026 12:31:09|08-13-2026 14:42:30||08-13-2026 14:42:55|08-13-2026 14:42:55|08-18-2026 09:46:01|317.16|432.22|115.05
BRCJM01|BRGACMES|BRGACMES|8000018088|Shipped|RUSH||59223839000301|05319-070|SP|BR|TRANSP DSV||1|0|0|24|24|Y|07-31-2026 09:33:08|07-31-2026 09:33:08|||08-11-2026 09:43:35|08-11-2026 09:46:29|08-11-2026 11:11:45|08-11-2026 11:11:45|08-11-2026 11:53:23||08-11-2026 11:54:15|08-11-2026 11:54:15|08-18-2026 09:46:04|266.35|432.22|165.86
BRCJM01|BRGACMES|BRGACMES|8000018089|Shipped|RUSH||59338607000200|24030-211|RJ|BR|ANDRE/TRANSP||4|.1|.001|33|33|Y|07-31-2026 09:33:08|07-31-2026 09:33:08|||08-11-2026 21:37:40|08-12-2026 15:38:07|08-12-2026 16:08:52|08-12-2026 16:20:25|08-12-2026 19:02:33||08-12-2026 19:03:47|08-12-2026 19:03:47|08-18-2026 09:46:04|297.51|432.22|134.7
BRCJM01|BRGACMES|BRGACMES|8000018090|Shipped|NORMAL||59523091000273|06465-100|SP|BR|TRANSP DSV||6|.2|.002|6|6|Y|07-31-2026 09:33:09|07-31-2026 09:33:09|||08-11-2026 21:37:41|08-13-2026 10:30:38|08-13-2026 12:39:56|08-13-2026 15:38:28|08-13-2026 17:20:27||08-13-2026 17:23:50|08-13-2026 17:23:50|08-18-2026 09:46:06|319.84|432.22|112.37
BRCJM01|BRGACMES|BRGACMES|8000018091|Shipped|NORMAL||59523091000354|09521-040|SP|BR|TAC DSV||2|0|0|60|60|Y|07-31-2026 09:33:09|07-31-2026 09:33:09|||08-11-2026 21:37:41|08-13-2026 10:30:39|08-13-2026 14:26:57|08-14-2026 01:34:45|08-14-2026 02:11:07||08-14-2026 02:57:01|08-14-2026 02:57:01|08-18-2026 09:46:06|329.4|432.22|102.82
BRCJM01|BRGACMES|BRGACMES|8000018108|Shipped|RUSH||58873822000248|88331-490|SC|BR|TAC CWB||1|.1|.001|1|1|Y|07-31-2026 09:33:09|07-31-2026 09:33:09||||07-31-2026 10:05:20|07-31-2026 13:49:43|07-31-2026 13:49:44|07-31-2026 14:13:38||07-31-2026 14:16:24|07-31-2026 14:16:24|08-04-2026 15:16:45|4.72|101.73|97.01
BRCJM01|BRGACMES|BRGACMES|8000018114|Shipped|NORMAL||58956147000130|60810-786|CE|BR|TERMACO||1|2|.02|20|20|Y|07-31-2026 09:33:10|07-31-2026 09:33:10|||08-11-2026 21:37:38|08-13-2026 10:30:39|08-14-2026 01:24:55|08-14-2026 01:24:56|08-14-2026 02:21:40||08-14-2026 02:56:20|08-14-2026 02:56:20|08-18-2026 09:46:01|329.39|432.21|102.83
BRCJM01|BRGACMES|BRGACMES|8000018115|Shipped|NORMAL||58956147000130|60810-786|CE|BR|TERMACO||1|0|0|20|20|Y|07-31-2026 09:33:10|07-31-2026 09:33:10|||08-11-2026 21:37:38|08-13-2026 10:30:39|08-14-2026 01:05:24|08-14-2026 01:05:24|08-14-2026 02:28:27||08-14-2026 02:55:45|08-14-2026 02:55:45|08-21-2026 16:10:24|329.38|510.62|181.24
BRCJM01|BRGACMES|BRGACMES|8000018116|Shipped|NORMAL||58267919000479|71608-900|DF|BR|ALL IN||1|.1|.001|1|1|Y|07-31-2026 09:33:10|07-31-2026 09:33:10|||08-11-2026 21:37:37|08-13-2026 10:30:39|08-13-2026 13:18:15|08-13-2026 13:18:15|08-13-2026 14:44:34||08-13-2026 14:45:39|08-13-2026 14:45:39|08-18-2026 09:46:00|317.21|432.21|115.01
BRCJM01|BRGACMES|BRGACMES|8000018117|Shipped|NORMAL||58267919000479|71608-900|DF|BR|ALL IN||1|.1|.001|1|1|Y|07-31-2026 09:33:07|07-31-2026 09:33:07|||08-11-2026 21:37:38|08-13-2026 10:30:38|08-13-2026 12:26:12|08-13-2026 12:26:12|08-13-2026 14:48:57||08-13-2026 14:49:12|08-13-2026 14:49:13|08-18-2026 09:46:00|317.27|432.21|114.95
BRCJM01|BRGACMES|BRGACMES|8000018118|Shipped|NORMAL||60348857000129|49097-510|SE|BR|TERMACO||1|.1|.001|1|1|Y|07-31-2026 09:33:07|07-31-2026 09:33:07|||08-11-2026 21:37:42|08-13-2026 10:30:38|08-14-2026 00:17:17|08-14-2026 00:17:17|08-14-2026 01:06:14||08-14-2026 01:50:34|08-14-2026 01:50:34|08-21-2026 16:10:37|328.29|510.63|182.33
BRCJM01|BRGACMES|BRGACMES|8000018119|Shipped|NORMAL||45180696000113|08735-000|SP|BR|TAC SJC/GRU||2|0|0|2|2|Y|07-31-2026 09:33:07|07-31-2026 09:33:07|||08-11-2026 21:37:37|08-13-2026 10:30:38|08-13-2026 12:34:36|08-14-2026 02:52:37|08-14-2026 03:18:12||08-14-2026 03:19:21|08-14-2026 03:19:21|08-18-2026 09:45:58|329.77|432.21|102.44
BRCJM01|BRGACMES|BRGACMES|8000018120|Shipped|RUSH||59338607000552||||TAC DSV||2|0|0|2|2|Y|07-31-2026 09:38:13|07-31-2026 09:38:13|||08-11-2026 21:37:40|08-12-2026 08:57:38|08-12-2026 09:13:11|08-12-2026 09:21:37|08-12-2026 09:33:05||08-12-2026 09:35:46|08-12-2026 09:35:46|08-18-2026 09:46:05|287.96|432.13|144.17
BRCJM01|BRGACMES|BRGACMES|8000018233|Shipped|NORMAL||59223839000212|05650-002|SP|BR|TRANSP DSV||2|3|.03|30|30|Y|07-31-2026 12:07:00|07-31-2026 12:07:00|||08-10-2026 09:51:34|08-10-2026 09:53:05|08-10-2026 11:46:02|08-10-2026 11:46:49|08-10-2026 16:41:28||08-10-2026 16:43:16|08-10-2026 16:43:16|08-15-2026 11:50:17|244.6|359.72|115.12
BRCJM01|BRGACMES|BRGACMES|8000018234|Shipped|NORMAL||29177311000102|05016-090|SP|BR|TRANSP DSV||2|8.8|.088|88|88|Y|07-31-2026 12:07:00|07-31-2026 12:07:00|||08-10-2026 09:51:34|08-10-2026 09:53:05|08-10-2026 11:52:52|08-10-2026 11:53:06|08-10-2026 16:52:46||08-10-2026 16:54:01|08-10-2026 16:54:01|08-18-2026 09:45:57|244.78|429.65|184.87
BRCJM01|BRGACMES|BRGACMES|8000018235|Shipped|NORMAL||59052866000199|02065-000|SP|BR|TRANSP DSV||1|.2|.002|2|2|Y|07-31-2026 12:07:00|07-31-2026 12:07:00|||08-10-2026 09:51:34|08-10-2026 09:53:05|08-10-2026 11:48:55|08-10-2026 11:48:55|08-10-2026 16:26:13||08-10-2026 16:26:51|08-10-2026 16:26:51|08-15-2026 11:50:16|244.33|359.72|115.39
BRCJM01|BRGACMES|BRGACMES|8000018237|Shipped|NORMAL||45180696000113|08735-000|SP|BR|TAC SJC/GRU||2|2.3|.023|23|23|Y|07-31-2026 12:07:00|07-31-2026 12:07:00|||08-10-2026 09:51:34|08-10-2026 09:53:05|08-10-2026 11:50:49|08-10-2026 11:51:00|08-10-2026 16:29:51||08-11-2026 14:20:01|08-11-2026 14:20:01|08-15-2026 11:50:14|266.22|359.72|93.5
BRCJM01|BRGACMES|BRGACMES|8000018238|Shipped|NORMAL||59223839000565|06707-000|SP|BR|TAC DSV||2|1.9|.019|19|19|Y|07-31-2026 12:08:01|07-31-2026 12:08:01|||08-10-2026 09:51:34|08-10-2026 09:53:05|08-10-2026 11:55:15|08-10-2026 11:55:20|08-10-2026 16:37:08||08-10-2026 16:38:02|08-10-2026 16:38:02|08-15-2026 11:50:17|244.5|359.7|115.2
BRCJM01|BRGACMES|BRGACMES|8000018239|Shipped|NORMAL||59523091000273|06465-100|SP|BR|TRANSP DSV||2|1.7|.017|17|17|Y|07-31-2026 12:08:01|07-31-2026 12:08:01|||08-10-2026 09:51:35|08-10-2026 09:53:05|08-10-2026 11:54:21|08-10-2026 11:54:28|08-10-2026 16:32:44||08-10-2026 16:33:14|08-10-2026 16:33:14|08-15-2026 11:50:18|244.42|359.7|115.28
BRCJM01|BRGACMES|BRGACMES|8000018240|Shipped|NORMAL||59052866000270|03340-000|SP|BR|TRANSP DSV||2|3|.03|30|30|Y|07-31-2026 12:08:01|07-31-2026 12:08:01|||08-10-2026 09:51:35|08-10-2026 09:53:05|08-10-2026 11:59:17|08-10-2026 11:59:24|08-10-2026 16:49:22||08-10-2026 16:50:25|08-10-2026 16:50:25|08-15-2026 11:50:16|244.71|359.7|115
BRCJM01|BRGACMES|BRGACMES|8000018242|Shipped|NORMAL||45180696000466|12246-876|SP|BR|TAC SJC/GRU||2|1.6|.016|16|16|Y|07-31-2026 12:08:01|07-31-2026 12:08:01|||08-10-2026 09:51:35|08-10-2026 09:53:05|08-10-2026 12:02:57|08-10-2026 12:03:04|08-10-2026 16:35:40||08-10-2026 16:36:09|08-10-2026 16:36:09|08-15-2026 11:50:14|244.47|359.7|115.23
BRCJM01|BRGACMES|BRGACMES|8000018243|Shipped|NORMAL||59216158000146|11050-201|SP|BR|TAC DSV||2|2.8|.028|28|28|Y|07-31-2026 12:08:01|07-31-2026 12:08:01|||08-10-2026 09:51:35|08-10-2026 09:53:05|08-10-2026 12:11:06|08-10-2026 12:11:12|08-10-2026 16:51:09||08-10-2026 16:51:49|08-10-2026 16:51:49|08-15-2026 11:50:17|244.73|359.7|114.97
BRCJM01|BRGACMES|BRGACMES|8000018244|Shipped|NORMAL||59897625000140|13206-765|SP|BR|ANDRE/TRANSP||2|1.4|.014|14|14|Y|07-31-2026 12:08:01|07-31-2026 12:08:01|||08-10-2026 09:51:35|08-10-2026 09:53:05|08-10-2026 12:15:35|08-10-2026 12:15:42|08-10-2026 16:47:58||08-10-2026 16:48:46|08-10-2026 16:48:46|08-15-2026 11:50:19|244.68|359.71|115.03
BRCJM01|BRGACMES|BRGACMES|8000018245|Shipped|NORMAL||59219965000112|18013-003|SP|BR|TAC SOR||2|2.9|.029|29|29|Y|07-31-2026 12:08:01|07-31-2026 12:08:01|||08-10-2026 09:51:35|08-10-2026 09:53:05|08-10-2026 12:19:52|08-10-2026 12:19:56|08-10-2026 16:45:47||08-10-2026 16:47:11|08-10-2026 16:47:11|08-15-2026 11:50:17|244.65|359.7|115.05
BRCJM01|BRGACMES|BRGACMES|8000018246|Shipped|NORMAL||59871299000100|14021-610|SP|BR|ALL IN||2|6|.06|60|60|Y|07-31-2026 12:08:01|07-31-2026 12:08:01|||08-10-2026 09:51:35|08-10-2026 09:53:06|08-10-2026 12:23:49|08-10-2026 12:24:07|08-10-2026 16:57:42||08-10-2026 16:59:10|08-10-2026 16:59:10|08-15-2026 11:50:18|244.85|359.7|114.85
BRCJM01|BRGACMES|BRGACMES|8000018247|Shipped|NORMAL||45180696000385|07013-090|SP|BR|TAC SJC/GRU||2|1.6|.016|16|16|Y|07-31-2026 12:08:01|07-31-2026 12:08:01|||08-10-2026 09:51:35|08-10-2026 09:53:06|08-10-2026 12:28:56|08-10-2026 12:29:03|08-10-2026 16:55:06||08-10-2026 16:55:53|08-10-2026 16:55:53|08-15-2026 11:50:14|244.8|359.7|114.91
BRCJM01|BRGACMES|BRGACMES|8000018248|Shipped|NORMAL||59897625000221|13420-355|SP|BR|TAC CPQ||2|3.4|.034|34|34|Y|07-31-2026 12:08:01|07-31-2026 12:08:01|||08-10-2026 09:51:35|08-10-2026 09:53:06|08-10-2026 12:32:42|08-10-2026 12:32:46|08-10-2026 16:38:37||08-10-2026 16:39:18|08-10-2026 16:39:18|08-15-2026 11:50:19|244.52|359.71|115.18
BRCJM01|BRGACMES|BRGACMES|8000018249|Shipped|NORMAL||59897625000302||||TAC DSV||2|4|.04|40|40|Y|07-31-2026 12:09:05|07-31-2026 12:09:05|||08-10-2026 09:51:35|08-10-2026 09:53:09|08-10-2026 21:58:15|08-10-2026 22:00:05|08-10-2026 23:16:11||08-11-2026 00:27:30|08-11-2026 00:27:30|08-15-2026 11:50:19|252.31|359.69|107.38
BRCJM01|BRGACMES|BRGACMES|8000018250|Shipped|NORMAL||59523091000354|09521-040|SP|BR|TAC DSV||2|2.2|.022|22|22|Y|07-31-2026 12:08:02|07-31-2026 12:08:02|||08-10-2026 09:51:35|08-10-2026 09:53:06|08-10-2026 12:41:46|08-10-2026 12:41:51|08-10-2026 16:40:02||08-10-2026 16:40:40|08-10-2026 16:40:41|08-15-2026 11:50:18|244.54|359.7|115.16
BRCJM01|BRGACMES|BRGACMES|8000018251|Shipped|NORMAL||58267919000479|71608-900|DF|BR|ALL IN||2|6.6|.066|66|66|Y|07-31-2026 12:08:02|07-31-2026 12:08:02|||08-10-2026 09:51:35|08-10-2026 09:53:06|08-10-2026 12:46:44|08-10-2026 12:46:48|08-10-2026 18:07:45||08-10-2026 18:08:32|08-10-2026 18:08:32|08-15-2026 11:50:15|246.01|359.7|113.7
BRCJM01|BRGACMES|BRGACMES|8000018252|Shipped|NORMAL||59338607000129|29102-020|ES|BR|TAC VIX||2|4.7|.047|47|47|Y|07-31-2026 12:08:02|07-31-2026 12:08:02|||08-10-2026 09:51:35|08-10-2026 09:53:06|08-10-2026 12:57:47|08-10-2026 12:57:50|08-10-2026 17:53:26||08-10-2026 17:54:06|08-10-2026 17:54:06|08-15-2026 11:50:17|245.77|359.7|113.94
BRCJM01|BRGACMES|BRGACMES|8000018253|Shipped|NORMAL||59338607000390|89056-083|ES|BR|TAC VIX||2|4.4|.044|44|44|Y|07-31-2026 12:08:02|07-31-2026 12:08:02|||08-10-2026 09:51:35|08-10-2026 09:53:06|08-10-2026 13:09:39|08-10-2026 13:09:45|08-10-2026 18:00:46||08-10-2026 18:01:31|08-10-2026 18:01:31|08-15-2026 11:50:17|245.89|359.7|113.81
BRCJM01|BRGACMES|BRGACMES|8000018254|Shipped|NORMAL||59405379000162|74215-240|GO|BR|ALL IN||2|2.6|.026|26|26|Y|07-31-2026 12:08:02|07-31-2026 12:08:02|||08-10-2026 09:51:35|08-10-2026 09:53:06|08-10-2026 13:18:00|08-10-2026 13:18:03|08-10-2026 17:02:05||08-10-2026 17:03:03|08-10-2026 17:03:03|08-15-2026 11:50:17|244.92|359.7|114.79
BRCJM01|BRGACMES|BRGACMES|8000018255|Shipped|NORMAL||45180696000202|65071-380|MA|BR|TERMACO||2|2.1|.021|21|21|Y|07-31-2026 12:08:02|07-31-2026 12:08:02|||08-10-2026 09:51:35|08-10-2026 09:53:06|08-10-2026 13:19:58|08-10-2026 13:20:01|08-10-2026 18:19:34||08-10-2026 18:59:44|08-10-2026 18:59:44|08-15-2026 11:50:14|246.86|359.7|112.84
BRCJM01|BRGACMES|BRGACMES|8000018256|Shipped|NORMAL||59039599000110|78115-005|MT|BR|FAVORITA||2|2.2|.022|22|22|Y|07-31-2026 12:08:02|07-31-2026 12:08:02|||08-10-2026 09:51:35|08-10-2026 09:53:07|08-10-2026 13:24:06|08-10-2026 13:24:10|08-10-2026 17:49:00||08-10-2026 17:50:59|08-10-2026 17:50:59|08-15-2026 11:50:16|245.72|359.7|113.99
BRCJM01|BRGACMES|BRGACMES|8000018257|Shipped|NORMAL||58267919000398||||TAC DSV||2|2.7|.027|27|27|Y|07-31-2026 12:09:05|07-31-2026 12:09:05|||08-10-2026 09:51:35|08-10-2026 09:53:09|08-10-2026 14:05:11|08-10-2026 14:05:14|08-10-2026 16:00:56||08-10-2026 16:01:39|08-10-2026 16:01:39|08-15-2026 11:50:15|243.88|359.69|115.81
BRCJM01|BRGACMES|BRGACMES|8000018258|Shipped|NORMAL||58267919000207|31255-234|MG|BR|ANDRE/TRANSP||2|1.9|.019|19|19|Y|07-31-2026 12:08:02|07-31-2026 12:08:02|||08-10-2026 09:51:35|08-10-2026 09:53:07|08-10-2026 13:28:01|08-10-2026 13:28:05|08-10-2026 17:03:38||08-10-2026 17:04:27|08-10-2026 17:04:27|08-15-2026 11:50:15|244.94|359.7|114.76
BRCJM01|BRGACMES|BRGACMES|8000018259|Shipped|NORMAL||59600427000173|38408-144|MG|BR|TAC UBA-UDE||2|2.1|.021|21|21|Y|07-31-2026 12:08:02|07-31-2026 12:08:02|||08-10-2026 09:51:35|08-10-2026 09:53:06|08-10-2026 12:37:47|08-10-2026 12:37:52|08-10-2026 16:44:04||08-10-2026 16:44:51|08-10-2026 16:44:51|08-15-2026 11:50:18|244.61|359.7|115.09
BRCJM01|BRGACMES|BRGACMES|8000018260|Shipped|NORMAL||59895385000145|80240-545|PR|BR|TAC CWB||2|11.6|.116|116|116|Y|07-31-2026 12:08:02|07-31-2026 12:08:02|||08-10-2026 09:51:35|08-10-2026 09:53:07|08-10-2026 22:07:44|08-10-2026 22:13:21|08-10-2026 23:43:25||08-11-2026 00:27:15|08-11-2026 00:27:16|08-15-2026 11:50:18|252.32|359.7|107.38
BRCJM01|BRGACMES|BRGACMES|8000018261|Shipped|NORMAL||59895385000226|86072-000|PR|BR|ALL IN||2|1.4|.014|14|14|Y|07-31-2026 12:08:02|07-31-2026 12:08:02|||08-10-2026 09:51:35|08-10-2026 09:53:07|08-10-2026 13:31:50|08-10-2026 13:31:54|08-10-2026 17:06:55||08-10-2026 17:07:52|08-10-2026 17:07:52|08-15-2026 11:50:19|245|359.7|114.71
BRCJM01|BRGACMES|BRGACMES|8000018263|Shipped|NORMAL||59338607000200|24030-211|RJ|BR|ANDRE/TRANSP||2|3.5|.035|35|35|Y|07-31-2026 12:08:03|07-31-2026 12:08:03|||08-10-2026 09:51:35|08-10-2026 09:53:07|08-10-2026 13:36:50|08-10-2026 13:36:54|08-10-2026 18:03:28||08-10-2026 18:05:55|08-10-2026 18:05:55|08-15-2026 11:50:17|245.96|359.7|113.74
BRCJM01|BRGACMES|BRGACMES|8000018264|Shipped|NORMAL||59286249000158|90240-620|RS|BR|TRANSTRY||2|6.4|.064|64|64|Y|07-31-2026 12:08:03|07-31-2026 12:08:03|||08-10-2026 09:51:35|08-10-2026 09:53:07|08-10-2026 14:34:00|08-10-2026 14:34:03|08-10-2026 17:35:46||08-10-2026 17:37:21|08-10-2026 17:37:21|08-15-2026 11:50:17|245.49|359.7|114.22
BRCJM01|BRGACMES|BRGACMES|8000018265|Shipped|NORMAL||58873822000248|88331-490|SC|BR|TAC CWB||2|3|.03|30|30|Y|07-31-2026 12:08:03|07-31-2026 12:08:03|||08-10-2026 09:51:35|08-10-2026 09:53:07|08-10-2026 13:40:09|08-10-2026 13:40:13|08-10-2026 17:46:58||08-11-2026 14:20:02|08-11-2026 14:20:02|08-15-2026 11:50:16|266.2|359.7|93.5
BRCJM01|BRGACMES|BRGACMES|8000018266|Shipped|NORMAL||58873822000167|88101-101|SC|BR|TAC CWB||2|3.8|.038|38|38|Y|07-31-2026 12:08:03|07-31-2026 12:08:03|||08-10-2026 09:51:35|08-10-2026 09:53:07|08-10-2026 14:31:14|08-10-2026 14:31:18|08-10-2026 16:50:03||08-10-2026 16:50:31|08-10-2026 16:50:31|08-15-2026 11:50:15|244.71|359.7|115
BRCJM01|BRGACMES|BRGACMES|8000018267|Shipped|NORMAL||60348857000129|49097-510|SE|BR|TERMACO||2|2.9|.029|29|29|Y|07-31-2026 12:08:03|07-31-2026 12:08:03|||08-10-2026 09:51:35|08-10-2026 09:53:07|08-10-2026 13:43:24|08-10-2026 13:43:27|08-10-2026 13:53:54||08-10-2026 13:55:45|08-10-2026 13:55:45|08-15-2026 11:50:20|241.8|359.7|117.91
BRCJM01|BRGACMES|BRGACMES|8000018268|Shipped|NORMAL||58957368000122|59063-200|RN|BR|TERMACO||2|3.9|.039|39|39|Y|07-31-2026 12:08:03|07-31-2026 12:08:03|||08-10-2026 09:51:35|08-10-2026 09:53:07|08-10-2026 14:36:28|08-10-2026 14:36:31|08-10-2026 16:19:10||08-10-2026 16:20:23|08-10-2026 16:20:23|08-15-2026 11:50:16|244.21|359.7|115.5
BRCJM01|BRGACMES|BRGACMES|8000018269|Shipped|NORMAL||58957368000394|58028-880|PB|BR|TERMACO||2|5.7|.057|57|57|Y|07-31-2026 12:08:03|07-31-2026 12:08:03|||08-10-2026 09:51:35|08-10-2026 09:53:07|08-10-2026 14:39:10|08-10-2026 14:39:17|08-10-2026 16:39:49||08-10-2026 16:40:17|08-10-2026 16:40:17|08-15-2026 11:50:16|244.54|359.7|115.17
BRCJM01|BRGACMES|BRGACMES|8000018270|Shipped|NORMAL||58956147000130|60810-786|CE|BR|TERMACO||2|5.4|.054|54|54|Y|07-31-2026 12:08:03|07-31-2026 12:08:03|||08-10-2026 09:51:35|08-10-2026 09:53:08|08-10-2026 14:42:39|08-10-2026 14:42:42|08-10-2026 16:45:23||08-10-2026 16:45:48|08-10-2026 16:45:48|08-15-2026 11:50:16|244.63|359.7|115.07
BRCJM01|BRGACMES|BRGACMES|8000018271|Shipped|NORMAL||58956147000210||||TAC DSV||2|1.3|.013|13|13|Y|07-31-2026 12:09:05|07-31-2026 12:09:05|||08-10-2026 09:51:35|08-10-2026 09:53:09|08-10-2026 14:07:23|08-10-2026 14:07:26|08-10-2026 15:50:26||08-10-2026 15:51:07|08-10-2026 15:51:07|08-15-2026 11:50:16|243.7|359.69|115.99
BRCJM01|BRGACMES|BRGACMES|8000018272|Shipped|NORMAL||58957368000203|57037-345|AL|BR|TERMACO||2|3.4|.034|34|34|Y|07-31-2026 12:08:03|07-31-2026 12:08:03|||08-10-2026 09:51:36|08-10-2026 09:53:08|08-10-2026 14:44:54|08-10-2026 14:44:56|08-10-2026 16:35:02||08-10-2026 16:35:30|08-10-2026 16:35:30|08-15-2026 11:50:16|244.46|359.7|115.25
BRCJM01|BRGACMES|BRGACMES|8000018273|Shipped|NORMAL||59630650000163|40276-200|BA|BR|TERMACO||2|5.3|.053|53|53|Y|07-31-2026 12:08:03|07-31-2026 12:08:03|||08-10-2026 09:51:36|08-10-2026 09:53:08|08-10-2026 21:24:48|08-10-2026 21:27:21|08-10-2026 23:59:22||08-11-2026 00:27:37|08-11-2026 00:27:37|08-15-2026 11:50:18|252.33|359.7|107.38
BRCJM01|BRGACMES|BRGACMES|8000018274|Shipped|NORMAL||59039599000381|69053-355|AM|BR|NORTEX||2|.7|.007|7|7|Y|07-31-2026 12:08:03|07-31-2026 12:08:03|||08-10-2026 09:51:36|08-10-2026 09:53:08|08-10-2026 13:46:27|08-10-2026 13:46:32|08-10-2026 14:00:32||08-10-2026 14:02:12|08-10-2026 14:02:12|08-15-2026 11:50:16|241.9|359.7|117.8
BRCJM01|BRGACMES|BRGACMES|8000018275|Shipped|NORMAL||59039599000543|66053-180|PA|BR|NORTEX||2|1.2|.012|12|12|Y|07-31-2026 12:08:04|07-31-2026 12:08:04|||08-10-2026 09:51:36|08-10-2026 09:53:08|08-10-2026 13:49:14|08-10-2026 13:49:16|08-10-2026 17:12:16||08-10-2026 17:13:15|08-10-2026 17:13:15|08-15-2026 11:50:16|245.09|359.7|114.62
BRCJM01|BRGACMES|BRGACMES|8000018276|Shipped|NORMAL||59039599000462|77023-002|TO|BR|FAVORITA||2|1.6|.016|16|16|Y|07-31-2026 12:08:04|07-31-2026 12:08:04|||08-10-2026 09:51:36|08-10-2026 09:53:08|08-10-2026 13:50:53|08-10-2026 13:50:57|08-10-2026 17:41:37||08-10-2026 17:42:27|08-10-2026 17:42:27|08-15-2026 11:50:16|245.57|359.7|114.13
BRCJM01|BRGACMES|BRGACMES|8000018277|Shipped|NORMAL||60279014000118|54315-570|PE|BR|TERMACO||2|5.2|.052|52|52|Y|07-31-2026 12:08:04|07-31-2026 12:08:04|||08-10-2026 09:51:36|08-10-2026 09:53:08|08-10-2026 21:37:15|08-10-2026 21:38:35|08-10-2026 23:32:38||08-11-2026 00:27:22|08-11-2026 00:27:22|08-15-2026 11:50:20|252.32|359.7|107.38
BRCJM01|BRGACMES|BRGACMES|8000018278|Shipped|NORMAL||59907917000117|64051-005|PI|BR|TERMACO||2|2.3|.023|23|23|Y|07-31-2026 12:08:04|07-31-2026 12:08:04|||08-10-2026 09:51:36|08-10-2026 09:53:08|08-10-2026 13:53:47|08-10-2026 13:53:51|08-10-2026 17:10:25||08-10-2026 17:11:30|08-10-2026 17:11:30|08-15-2026 11:50:19|245.06|359.7|114.65
BRCJM01|BRGACMES|BRGACMES|8000018279|Shipped|NORMAL||68639251001711|22631-000|RJ|BR|ANDRE/TRANSP||2|6.1|.061|61|61|Y|07-31-2026 12:08:04|07-31-2026 12:08:04|||08-10-2026 09:51:36|08-10-2026 09:53:08|08-10-2026 21:42:51|08-10-2026 21:45:40|08-10-2026 23:23:35||08-11-2026 00:27:26|08-11-2026 00:27:26|08-15-2026 11:50:20|252.32|359.7|107.38
BRCJM01|BRGACMES|BRGACMES|8000018280|Shipped|NORMAL||60402973000260|89204-004|SC|BR|TAC CWB||2|1.3|.013|13|13|Y|07-31-2026 12:08:04|07-31-2026 12:08:04|||08-10-2026 09:51:36|08-10-2026 09:53:09|08-10-2026 17:56:45|08-10-2026 17:57:34|08-10-2026 17:58:26||08-10-2026 17:59:36|08-10-2026 17:59:36|08-15-2026 11:50:20|245.86|359.7|113.85
BRCJM01|BRGACMES|BRGACMES|8000018281|Shipped|NORMAL||60402973000189|89051-000|SC|BR|TAC CWB||2|1.5|.015|15|15|Y|07-31-2026 12:08:04|07-31-2026 12:08:04|||08-10-2026 09:51:36|08-10-2026 09:53:08|08-10-2026 13:57:03|08-10-2026 13:57:08|08-10-2026 17:08:29||08-11-2026 14:20:04|08-11-2026 14:20:04|08-15-2026 11:50:20|266.2|359.7|93.5
BRCJM01|BRGACMES|BRGACMES|8000018282|Shipped|NORMAL||60259875000134|17012-648|SP|BR|TRANSTRY||2|3.6|.036|36|36|Y|07-31-2026 12:08:04|07-31-2026 12:08:04|||08-10-2026 09:51:36|08-10-2026 09:53:09|08-10-2026 14:47:31|08-10-2026 14:47:35|08-10-2026 16:29:43||08-10-2026 16:31:04|08-10-2026 16:31:04|08-15-2026 11:50:19|244.38|359.7|115.32
BRCJM01|BRGACMES|BRGACMES|8000018283|Shipped|NORMAL||60259875000215||||TAC DSV||2|.9|.009|9|9|Y|07-31-2026 12:10:05|07-31-2026 12:10:05|||08-10-2026 09:51:36|08-10-2026 09:53:09|08-10-2026 14:09:02|08-10-2026 14:09:06|08-10-2026 15:42:13||08-10-2026 15:42:45|08-10-2026 15:42:45|08-15-2026 11:50:19|243.54|359.67|116.13
BRCJM01|BRGACMES|BRGACMES|8000018284|Shipped|NORMAL||59523091000516|04062-002|SP|BR|TRANSP DSV||2|1.1|.011|11|11|Y|07-31-2026 12:08:04|07-31-2026 12:08:04|||08-10-2026 09:51:36|08-10-2026 09:53:09|08-10-2026 14:02:47|08-10-2026 14:02:50|08-10-2026 15:46:43||08-10-2026 15:47:47|08-10-2026 15:47:47|08-15-2026 11:50:18|243.66|359.7|116.04
BRCJM01|BRGACMES|BRGACMES|8000018285|Shipped|NORMAL||57615766000106||||TAC DSV||2|1.4|.014|14|14|Y|07-31-2026 12:10:05|07-31-2026 12:10:05|||08-10-2026 09:51:36|08-10-2026 09:53:09|08-10-2026 14:12:28|08-10-2026 14:12:32|08-10-2026 15:54:03||08-10-2026 15:54:59|08-10-2026 15:54:59|08-15-2026 11:50:15|243.75|359.67|115.92
BRCJM01|BRGACMES|BRGACMES|8000018286|Shipped|NORMAL||59286249000239||||TAC DSV||1|.1|.001|1|1|Y|07-31-2026 12:10:05|07-31-2026 12:10:05|||08-10-2026 09:51:36|08-10-2026 09:53:09|08-10-2026 14:10:41|08-10-2026 14:10:41|08-10-2026 15:26:08||08-10-2026 15:26:37|08-10-2026 15:26:37|08-15-2026 11:50:17|243.28|359.67|116.39
BRCJM01|BRGACMES|BRGACMES|8000018287|Shipped|NORMAL||66109006000100||||TAC DSV||1|.2|.002|2|2|Y|07-31-2026 12:10:05|07-31-2026 12:10:05|||08-10-2026 09:51:36|08-10-2026 09:53:09|08-10-2026 14:14:20|08-10-2026 14:14:20|08-10-2026 15:30:50||08-10-2026 15:31:42|08-10-2026 15:31:42|08-15-2026 11:50:20|243.36|359.67|116.31
BRCJM01|BRGACMES|BRGACMES|8000018288|Shipped|NORMAL||59286249000310||||TAC DSV||1|.1|.001|1|1|Y|07-31-2026 12:10:05|07-31-2026 12:10:05|||08-10-2026 09:51:36|08-10-2026 09:53:09|08-10-2026 14:17:26|08-10-2026 14:17:26|08-10-2026 15:28:41||08-10-2026 15:29:39|08-10-2026 15:29:39|08-15-2026 11:50:17|243.33|359.67|116.34
BRCJM01|BRGACMES|BRGACMES|8000018289|Shipped|NORMAL||66684604000102||||TAC DSV||2|.8|.008|8|8|Y|07-31-2026 12:10:05|07-31-2026 12:10:05|||08-10-2026 09:51:36|08-10-2026 09:53:09|08-10-2026 14:24:09|08-10-2026 14:24:13|08-10-2026 15:35:21||08-10-2026 15:36:01|08-10-2026 15:36:01|08-15-2026 11:50:20|243.43|359.67|116.24
BRCJM01|BRGACMES|BRGACMES|8000018290|Shipped|NORMAL||66674047000149||||TAC DSV||2|1.6|.016|16|16|Y|07-31-2026 12:10:05|07-31-2026 12:10:05|||08-10-2026 09:51:36|08-10-2026 09:53:09|08-10-2026 14:22:49|08-10-2026 14:22:53|08-10-2026 15:57:19||08-10-2026 15:58:11|08-10-2026 15:58:11|08-15-2026 11:50:20|243.8|359.67|115.87
BRCJM01|BRGACMES|BRGACMES|8000018291|Shipped|NORMAL||57166756000122||||TAC DSV||1|.2|.002|2|2|Y|07-31-2026 12:10:06|07-31-2026 12:10:06|||08-10-2026 09:51:36|08-10-2026 09:53:09|08-10-2026 14:25:58|08-10-2026 14:25:58|08-10-2026 15:17:39||08-11-2026 14:20:09|08-11-2026 14:20:09|08-15-2026 11:50:15|266.17|359.67|93.5
BRCJM01|BRGACMES|BRGACMES|8000018292|Shipped|NORMAL||59895385000579||||TAC DSV||1|.5|.005|5|5|Y|07-31-2026 12:10:06|07-31-2026 12:10:06|||08-10-2026 09:51:36|08-10-2026 09:53:10|08-10-2026 14:28:11|08-10-2026 14:28:11|08-10-2026 15:22:55||08-10-2026 15:24:01|08-10-2026 15:24:01|08-15-2026 11:50:19|243.23|359.67|116.44
BRCJM01|BRGACMES|BRGACMES|8000018293|Shipped|NORMAL||67095197000160||||TAC DSV||1|.3|.003|3|3|Y|07-31-2026 12:10:06|07-31-2026 12:10:06|||08-10-2026 09:51:36|08-10-2026 09:53:10|08-10-2026 13:29:24|08-10-2026 13:29:24|08-10-2026 13:43:25||08-10-2026 13:47:39|08-10-2026 13:47:40|08-15-2026 11:50:20|241.63|359.67|118.04
BRCJM01|BRGACMES|BRGACMES|8000018513|Shipped|NORMAL||59897625000221|13420-355|SP|BR|TAC CPQ||1|0|0|1|1|Y|08-04-2026 09:41:15|08-04-2026 09:41:15|||08-11-2026 21:37:42|08-13-2026 10:30:39|08-13-2026 21:59:53|08-13-2026 21:59:53|08-13-2026 23:02:08||08-13-2026 23:54:23|08-13-2026 23:54:23|08-18-2026 09:46:10|230.22|336.08|105.86
BRCJM01|BRGACMES|BRGACMES|8000018514|Shipped|NORMAL||58873822000248|88331-490|SC|BR|DSV||1|0|0|1|1|Y|08-04-2026 09:41:15|08-04-2026 09:41:15|||08-11-2026 21:37:38|08-13-2026 10:30:39|08-13-2026 15:12:38|08-13-2026 15:12:38|08-13-2026 16:35:37||08-13-2026 16:37:55|08-13-2026 16:37:55|08-31-2026 10:39:12|222.94|648.97|426.02
BRCJM01|BRGACMES|BRGACMES|8000018515|Shipped|NORMAL||58873822000248|88331-490|SC|BR|TAC CWB||1|0|0|1|1|Y|08-04-2026 09:41:15|08-04-2026 09:41:15|||08-11-2026 21:37:38|08-13-2026 10:30:39|08-13-2026 23:34:22|08-13-2026 23:34:22|08-14-2026 01:08:08||08-14-2026 01:49:42|08-14-2026 01:49:42|08-21-2026 16:10:23|232.14|414.49|182.34
BRCJM01|BRGACMES|BRGACMES|8000018516|Shipped|RUSH||592199650112||||DSV||6|.2|.002|6|6|Y|08-04-2026 09:41:16|08-24-2026 15:41:41|||08-28-2026 10:16:33|08-28-2026 10:16:56|08-28-2026 15:38:25|08-29-2026 01:23:27|08-29-2026 01:34:55||08-29-2026 01:37:09|08-29-2026 01:37:09|09-04-2026 14:36:24|591.93|748.92|156.99
BRCJM01|BRGACMES|BRGACMES|8000018517|Shipped|NORMAL||59219965000112|18013-003|SP|BR|TAC SOR||1|0|0|100|100|Y|08-04-2026 09:41:16|08-04-2026 09:41:16|||08-11-2026 21:37:40|08-13-2026 10:30:41|08-13-2026 14:32:02|08-13-2026 14:32:02|08-13-2026 14:40:59||08-13-2026 14:42:02|08-13-2026 14:42:02|08-18-2026 09:46:03|221.01|336.08|115.07
BRCJM01|BRGACMES|BRGACMES|8000018518|Shipped|NORMAL||59052866000270|03340-000|SP|BR|TRANSP DSV||1|0|0|1|1|Y|08-04-2026 09:41:16|08-04-2026 09:41:16|||08-11-2026 21:37:39|08-13-2026 10:30:41|08-13-2026 15:16:15|08-13-2026 15:16:15|08-13-2026 17:00:32||08-14-2026 05:47:16|08-14-2026 05:47:16|08-18-2026 09:46:02|236.1|336.08|99.98
BRCJM01|BRGACMES|BRGACMES|8000018519|Shipped|NORMAL||59895385000145|80240-545|PR|BR|DSV||2|0|0|4|4|Y|08-04-2026 09:41:17|08-04-2026 09:41:17|||08-11-2026 21:37:41|08-13-2026 10:30:41|08-13-2026 15:57:40|08-14-2026 02:12:54|08-14-2026 03:37:16||08-14-2026 03:37:39|08-14-2026 03:37:39|08-31-2026 10:39:25|233.94|648.97|415.03
BRCJM01|BRGACMES|BRGACMES|8000018572|Shipped|NORMAL||59897625000221|13420-355|SP|BR|TAC CPQ||1|.1|.001|1|1|Y|08-04-2026 09:41:17|08-04-2026 09:41:17|||08-11-2026 21:37:42|08-13-2026 10:30:41|08-13-2026 12:27:49|08-13-2026 12:27:49|08-13-2026 12:52:29||08-13-2026 12:52:55|08-13-2026 12:52:55|08-18-2026 09:46:10|219.19|336.08|116.89
BRCJM01|BRGACMES|BRGACMES|8000018573|Shipped|NORMAL||59219965000112|18013-003|SP|BR|TAC SOR||4|0|0|4|4|Y|08-04-2026 09:41:17|08-04-2026 09:41:17|||08-11-2026 21:37:39|08-13-2026 10:30:41|08-13-2026 12:23:20|08-13-2026 12:26:03|08-13-2026 12:54:59||08-13-2026 12:57:08|08-13-2026 12:57:08|08-18-2026 09:46:03|219.26|336.08|116.82
BRCJM01|BRGACMES|BRGACMES|8000018574|Shipped|NORMAL||59338607000390|89056-083|ES|BR|TAC VIX||8|.1|.001|8|8|Y|08-04-2026 09:41:17|08-04-2026 09:41:17|||08-11-2026 21:37:40|08-13-2026 10:30:41|08-13-2026 12:09:56|08-13-2026 18:47:23|08-13-2026 19:52:19||08-13-2026 19:53:01|08-13-2026 19:53:01|08-21-2026 16:10:29|226.2|414.49|188.29
BRCJM01|BRGACMES|BRGACMES|8000018575|Shipped|NORMAL||59338607000390|89056-083|ES|BR|DSV||8|0|0|166|166|Y|08-04-2026 09:41:15|08-04-2026 09:41:15|||08-11-2026 21:37:40|08-13-2026 10:30:39|08-13-2026 13:20:32|08-19-2026 16:10:10|08-19-2026 17:06:14||08-19-2026 17:07:59|08-19-2026 17:07:59|08-31-2026 10:39:18|367.45|648.97|281.52
BRCJM01|BRGACMES|BRGACMES|8000018596|Shipped|NORMAL||29177311000102|05016-090|SP|BR|TRANSP DSV||1|4.5|.045|45|45|Y|08-04-2026 09:41:15|08-04-2026 09:41:15|||08-11-2026 09:19:50|08-11-2026 09:21:22|08-11-2026 19:19:36|08-11-2026 19:19:36|08-12-2026 04:00:06||08-12-2026 04:18:22|08-12-2026 04:18:22|08-15-2026 11:50:14|186.62|266.15|79.53
BRCJM01|BRGACMES|BRGACMES|8000018598|Shipped|NORMAL||45180696000113|08735-000|SP|BR|TAC SJC/GRU||1|2|.02|20|20|Y|08-04-2026 09:41:16|08-04-2026 09:41:16|||08-11-2026 09:19:50|08-11-2026 09:21:22|08-11-2026 19:11:17|08-11-2026 19:11:17|08-12-2026 04:27:55||08-12-2026 05:29:55|08-12-2026 05:29:55|08-15-2026 11:50:14|187.81|266.15|78.34
BRCJM01|BRGACMES|BRGACMES|8000018599|Shipped|NORMAL||59223839000565|06707-000|SP|BR|TAC DSV||1|1.4|.014|14|14|Y|08-04-2026 09:41:16|08-04-2026 09:41:16|||08-11-2026 09:19:50|08-11-2026 09:21:22|08-11-2026 15:57:25|08-11-2026 15:57:25|08-11-2026 22:41:18||08-11-2026 22:45:02|08-11-2026 22:45:02|08-18-2026 09:46:04|181.06|336.08|155.02
BRCJM01|BRGACMES|BRGACMES|8000018600|Shipped|NORMAL||59523091000273|06465-100|SP|BR|TRANSP DSV||1|2.5|.025|25|25|Y|08-04-2026 09:41:16|08-04-2026 09:41:16|||08-11-2026 09:19:50|08-11-2026 09:21:22|08-11-2026 19:12:51|08-11-2026 19:12:51|08-12-2026 04:18:57||08-12-2026 05:53:20|08-12-2026 05:53:20|08-15-2026 11:50:18|188.2|266.15|77.95
BRCJM01|BRGACMES|BRGACMES|8000018601|Shipped|NORMAL||59052866000270|03340-000|SP|BR|TRANSP DSV||1|1.7|.017|17|17|Y|08-04-2026 09:41:17|08-04-2026 09:41:17|||08-11-2026 09:19:50|08-11-2026 09:21:22|08-11-2026 19:46:58|08-11-2026 19:46:58|08-12-2026 03:39:48||08-12-2026 03:48:10|08-12-2026 03:48:10|08-18-2026 09:46:02|186.11|336.08|149.96
BRCJM01|BRGACMES|BRGACMES|8000018602|Shipped|NORMAL||45180696000466|12246-876|SP|BR|TAC SJC/GRU||1|.7|.007|7|7|Y|08-04-2026 09:41:17|08-04-2026 09:41:17|||08-11-2026 09:19:50|08-11-2026 09:21:22|08-11-2026 16:41:12|08-11-2026 16:41:12|08-11-2026 19:24:39||08-11-2026 19:26:07|08-11-2026 19:26:07|08-18-2026 09:45:58|177.75|336.08|158.33
BRCJM01|BRGACMES|BRGACMES|8000018603|Shipped|NORMAL||59216158000146|11050-201|SP|BR|TAC DSV||1|.7|.007|7|7|Y|08-04-2026 09:41:17|08-04-2026 09:41:17|||08-11-2026 09:19:50|08-11-2026 09:21:23|08-11-2026 16:13:19|08-11-2026 16:13:19|08-11-2026 22:09:15||08-11-2026 22:28:07|08-11-2026 22:28:07|08-18-2026 09:46:03|180.78|336.08|155.3
BRCJM01|BRGACMES|BRGACMES|8000018604|Shipped|NORMAL||59897625000140|13206-765|SP|BR|ANDRE/TRANSP||1|1.2|.012|12|12|Y|08-04-2026 09:42:18|08-04-2026 09:42:18|||08-11-2026 09:19:50|08-11-2026 09:21:23|08-11-2026 17:12:42|08-11-2026 17:12:42|08-12-2026 00:03:30||08-12-2026 00:19:44|08-12-2026 00:19:44|08-18-2026 09:46:10|182.62|336.06|153.44
BRCJM01|BRGACMES|BRGACMES|8000018605|Shipped|NORMAL||59219965000112|18013-003|SP|BR|TAC SOR||1|2.7|.027|27|27|Y|08-04-2026 09:41:14|08-04-2026 09:41:14|||08-11-2026 09:19:50|08-11-2026 09:21:22|08-11-2026 18:59:15|08-11-2026 20:07:55|08-12-2026 04:03:22||08-12-2026 04:04:00|08-12-2026 04:04:00|08-18-2026 09:46:03|186.38|336.08|149.7
BRCJM01|BRGACMES|BRGACMES|8000018606|Shipped|NORMAL||59871299000100|14021-610|SP|BR|ALL IN||1|2|.02|20|20|Y|08-04-2026 09:41:15|08-04-2026 09:41:15|||08-11-2026 09:19:50|08-11-2026 09:21:22|08-11-2026 17:10:51|08-11-2026 17:10:51|08-12-2026 00:14:24||08-12-2026 00:33:52|08-12-2026 00:33:52|08-18-2026 09:46:07|182.88|336.08|153.2
BRCJM01|BRGACMES|BRGACMES|8000018607|Shipped|NORMAL||59897625000221|13420-355|SP|BR|DSV||1|1.3|.013|13|13|Y|08-04-2026 09:41:16|08-04-2026 09:41:16|||08-11-2026 09:19:50|08-11-2026 09:21:22|08-11-2026 15:47:08|08-11-2026 23:43:42|08-11-2026 23:44:50||08-11-2026 23:47:44|08-11-2026 23:47:44|08-31-2026 10:39:31|182.11|648.97|466.86
BRCJM01|BRGACMES|BRGACMES|8000018608|Shipped|NORMAL||59897625000302||||DSV||1|1.4|.014|14|14|Y|08-04-2026 11:39:56|08-04-2026 11:39:56|||08-11-2026 09:19:51|08-11-2026 09:21:23|08-11-2026 17:11:50|08-11-2026 17:11:50|08-12-2026 00:08:58||08-12-2026 00:19:36|08-12-2026 00:19:36|08-31-2026 10:39:32|180.66|646.99|466.33
BRCJM01|BRGACMES|BRGACMES|8000018609|Shipped|NORMAL||59523091000354|09521-040|SP|BR|TAC DSV||1|2.2|.022|22|22|Y|08-04-2026 09:41:16|08-04-2026 09:41:16|||08-11-2026 09:19:51|08-11-2026 09:21:22|08-11-2026 19:39:21|08-11-2026 19:39:21|08-12-2026 03:19:04||08-12-2026 03:48:14|08-12-2026 03:48:14|08-18-2026 09:46:06|186.12|336.08|149.96
BRCJM01|BRGACMES|BRGACMES|8000018610|Shipped|NORMAL||58267919000479|71608-900|DF|BR|ALL IN||1|4.5|.045|45|45|Y|08-04-2026 09:41:17|08-04-2026 09:41:17|||08-11-2026 09:19:51|08-11-2026 09:21:22|08-11-2026 19:17:22|08-11-2026 19:17:22|08-12-2026 05:09:28||08-12-2026 05:28:32|08-12-2026 05:28:32|08-18-2026 09:46:00|187.79|336.08|148.29
BRCJM01|BRGACMES|BRGACMES|8000018611|Shipped|NORMAL||45180696000202|65071-380|MA|BR|TERMACO||1|.6|.006|6|6|Y|08-04-2026 09:41:17|08-04-2026 09:41:17|||08-11-2026 09:19:51|08-11-2026 09:21:22|08-11-2026 16:12:22|08-11-2026 16:12:22|08-11-2026 22:11:48||08-11-2026 22:28:15|08-11-2026 22:28:15|08-18-2026 09:45:58|180.78|336.08|155.3
BRCJM01|BRGACMES|BRGACMES|8000018612|Shipped|NORMAL||59039599000110|78115-005|MT|BR|FAVORITA||1|.7|.007|7|7|Y|08-04-2026 09:41:17|08-04-2026 09:41:17|||08-11-2026 09:19:51|08-11-2026 09:21:22|08-11-2026 16:39:17|08-11-2026 16:39:17|08-11-2026 18:07:01||08-11-2026 18:08:28|08-11-2026 18:08:28|08-18-2026 09:46:02|176.45|336.08|159.63
BRCJM01|BRGACMES|BRGACMES|8000018613|Shipped|NORMAL||58267919000207|31255-234|MG|BR|ANDRE/TRANSP||1|1.7|.017|17|17|Y|08-04-2026 09:41:18|08-04-2026 09:41:18|||08-11-2026 09:19:51|08-11-2026 09:21:23|08-11-2026 19:49:09|08-11-2026 19:49:10|08-12-2026 04:15:22||08-12-2026 04:17:49|08-12-2026 04:17:49|08-15-2026 11:50:15|186.61|266.15|79.54
BRCJM01|BRGACMES|BRGACMES|8000018614|Shipped|NORMAL||59600427000173|38408-144|MG|BR|TAC UBA-UDE||1|1.8|.018|18|18|Y|08-04-2026 09:42:18|08-04-2026 09:42:18|||08-11-2026 09:19:51|08-11-2026 09:21:23|08-11-2026 19:45:05|08-11-2026 19:45:05|08-12-2026 03:47:27||08-12-2026 03:50:54|08-12-2026 03:50:54|08-18-2026 09:46:06|186.14|336.06|149.92
BRCJM01|BRGACMES|BRGACMES|8000018615|Shipped|NORMAL||59895385000145|80240-545|PR|BR|TAC CWB||1|5.3|.053|53|53|Y|08-04-2026 09:41:15|08-04-2026 09:41:15|||08-11-2026 09:19:51|08-11-2026 09:21:22|08-11-2026 19:37:14|08-11-2026 19:37:14|08-12-2026 00:55:19||08-12-2026 00:59:47|08-12-2026 00:59:47|08-15-2026 11:50:18|183.31|266.15|82.84
BRCJM01|BRGACMES|BRGACMES|8000018616|Shipped|NORMAL||59338607000200|24030-211|RJ|BR|ANDRE/TRANSP||1|.9|.009|9|9|Y|08-04-2026 09:41:15|08-04-2026 09:41:15|||08-11-2026 09:19:51|08-11-2026 09:21:22|08-11-2026 15:55:49|08-11-2026 15:55:49|08-11-2026 22:45:32||08-11-2026 23:47:56|08-11-2026 23:47:56|08-18-2026 09:46:04|182.11|336.08|153.97
BRCJM01|BRGACMES|BRGACMES|8000018617|Shipped|NORMAL||59286249000158|90240-620|RS|BR|TRANSTRY||1|4.5|.045|45|45|Y|08-04-2026 09:41:16|08-04-2026 09:41:16|||08-11-2026 09:19:51|08-11-2026 09:21:22|08-11-2026 19:20:48|08-11-2026 19:20:48|08-12-2026 05:33:27||08-12-2026 05:35:42|08-12-2026 05:35:42|08-18-2026 09:46:04|187.91|336.08|148.17
BRCJM01|BRGACMES|BRGACMES|8000018618|Shipped|NORMAL||58873822000248|88331-490|SC|BR|TAC CWB||1|1.8|.018|18|18|Y|08-04-2026 09:41:16|08-04-2026 09:41:16|||08-11-2026 09:19:51|08-11-2026 09:21:22|08-11-2026 15:52:26|08-11-2026 15:52:26|08-11-2026 22:53:47||08-11-2026 23:48:04|08-11-2026 23:48:04|08-18-2026 09:46:00|182.11|336.08|153.97
BRCJM01|BRGACMES|BRGACMES|8000018619|Shipped|NORMAL||58873822000167|88101-101|SC|BR|TAC CWB||1|1.9|.019|19|19|Y|08-04-2026 09:41:16|08-04-2026 09:41:16|||08-11-2026 09:19:51|08-11-2026 09:21:22|08-11-2026 20:13:52|08-11-2026 20:13:52|08-12-2026 05:19:58||08-12-2026 05:29:14|08-12-2026 05:29:15|08-18-2026 09:46:00|187.8|336.08|148.28
BRCJM01|BRGACMES|BRGACMES|8000018620|Shipped|NORMAL||60348857000129|49097-510|SE|BR|TERMACO||1|.9|.009|9|9|Y|08-04-2026 09:41:16|08-04-2026 09:41:16|||08-11-2026 09:19:51|08-11-2026 09:21:22|08-11-2026 16:34:45|08-11-2026 16:34:45|08-11-2026 19:40:16||08-11-2026 19:41:38|08-11-2026 19:41:38|08-18-2026 09:46:11|178.01|336.08|158.08
BRCJM01|BRGACMES|BRGACMES|8000018621|Shipped|NORMAL||58957368000122|59063-200|RN|BR|TERMACO||1|.7|.007|7|7|Y|08-04-2026 09:41:17|08-04-2026 09:41:17|||08-11-2026 09:19:51|08-11-2026 09:21:22|08-11-2026 16:40:08|08-11-2026 16:40:08|08-11-2026 19:25:10||08-11-2026 19:26:01|08-11-2026 19:26:01|08-18-2026 09:46:01|177.75|336.08|158.33
BRCJM01|BRGACMES|BRGACMES|8000018622|Shipped|NORMAL||58957368000394|58028-880|PB|BR|TERMACO||1|1.1|.011|11|11|Y|08-04-2026 09:41:17|08-04-2026 09:41:17|||08-11-2026 09:19:51|08-11-2026 09:21:22|08-11-2026 16:47:52|08-11-2026 16:47:52|08-11-2026 18:22:31||08-11-2026 18:24:11|08-11-2026 18:24:11|08-18-2026 09:46:01|176.72|336.08|159.36
BRCJM01|BRGACMES|BRGACMES|8000018623|Shipped|NORMAL||58956147000130|60810-786|CE|BR|TERMACO||1|1.2|.012|12|12|Y|08-04-2026 09:41:17|08-04-2026 09:41:17|||08-11-2026 09:19:51|08-11-2026 09:21:23|08-11-2026 17:13:39|08-11-2026 17:13:39|08-12-2026 00:00:17||08-12-2026 00:03:43|08-12-2026 00:03:43|08-18-2026 09:46:01|182.37|336.08|153.71
BRCJM01|BRGACMES|BRGACMES|8000018624|Shipped|NORMAL||58957368000203|57037-345|AL|BR|TERMACO||1|1.5|.015|15|15|Y|08-04-2026 09:42:18|08-04-2026 09:42:18|||08-11-2026 09:19:51|08-11-2026 09:21:23|08-11-2026 17:15:24|08-11-2026 17:15:24|08-12-2026 00:28:54||08-12-2026 00:33:44|08-12-2026 00:33:44|08-18-2026 09:46:01|182.86|336.06|153.2
BRCJM01|BRGACMES|BRGACMES|8000018625|Shipped|NORMAL||59630650000163|40276-200|BA|BR|TERMACO||1|1.8|.018|18|18|Y|08-04-2026 09:42:18|08-04-2026 09:42:18|||08-11-2026 09:19:51|08-11-2026 09:21:23|08-11-2026 19:43:16|08-11-2026 19:43:16|08-12-2026 03:27:57||08-12-2026 03:34:44|08-12-2026 03:34:44|08-18-2026 09:46:06|185.87|336.06|150.19
BRCJM01|BRGACMES|BRGACMES|8000018626|Shipped|NORMAL||59039599000381|69053-355|AM|BR|NORTEX||1|.3|.003|3|3|Y|08-04-2026 09:42:18|08-04-2026 09:42:18|||08-11-2026 09:19:51|08-11-2026 09:21:23|08-11-2026 16:01:57|08-11-2026 16:01:57|08-11-2026 22:30:58||08-11-2026 22:36:41|08-11-2026 22:36:41|08-18-2026 09:46:02|180.91|336.06|155.16
BRCJM01|BRGACMES|BRGACMES|8000018627|Shipped|NORMAL||59039599000543|66053-180|PA|BR|NORTEX||1|1.1|.011|11|11|Y|08-04-2026 09:42:18|08-04-2026 09:42:18|||08-11-2026 09:19:51|08-11-2026 09:21:23|08-11-2026 16:46:59|08-11-2026 16:46:59|08-11-2026 18:48:04||08-11-2026 18:49:16|08-11-2026 18:49:16|08-18-2026 09:46:02|177.12|336.06|158.95
BRCJM01|BRGACMES|BRGACMES|8000018628|Shipped|NORMAL||59039599000462|77023-002|TO|BR|FAVORITA||1|.5|.005|5|5|Y|08-04-2026 09:42:19|08-04-2026 09:42:19|||08-11-2026 09:19:51|08-11-2026 09:21:23|08-11-2026 16:03:44|08-11-2026 16:03:44|08-11-2026 22:33:30||08-11-2026 22:36:32|08-11-2026 22:36:32|08-18-2026 09:46:02|180.9|336.06|155.16
BRCJM01|BRGACMES|BRGACMES|8000018629|Shipped|NORMAL||60279014000118|54315-570|PE|BR|TERMACO||1|1.2|.012|12|12|Y|08-04-2026 09:42:19|08-04-2026 09:42:19|||08-11-2026 09:19:51|08-11-2026 09:21:23|08-11-2026 16:46:03|08-11-2026 16:46:03|08-11-2026 19:06:13||08-11-2026 19:07:27|08-11-2026 19:07:28|08-18-2026 09:46:10|177.42|336.06|158.65
BRCJM01|BRGACMES|BRGACMES|8000018630|Shipped|NORMAL||59907917000117|64051-005|PI|BR|TERMACO||1|.4|.004|4|4|Y|08-04-2026 09:42:19|08-04-2026 09:42:19|||08-11-2026 09:19:51|08-11-2026 09:21:23|08-11-2026 16:04:52|08-11-2026 16:04:52|08-11-2026 22:26:08||08-11-2026 22:28:26|08-11-2026 22:28:26|08-21-2026 16:10:36|180.77|414.47|233.7
BRCJM01|BRGACMES|BRGACMES|8000018631|Shipped|NORMAL||68639251001711|22631-000|RJ|BR|ANDRE/TRANSP||1|.1|.001|1|1|Y|08-04-2026 09:42:20|08-04-2026 09:42:20|||08-11-2026 09:19:51|08-11-2026 09:21:23|08-11-2026 16:06:10|08-11-2026 16:06:10|08-11-2026 22:19:38||08-11-2026 22:27:57|08-11-2026 22:27:57|08-18-2026 09:46:12|180.76|336.06|155.3
BRCJM01|BRGACMES|BRGACMES|8000018632|Shipped|NORMAL||60402973000260|89204-004|SC|BR|TAC CWB||1|1.8|.018|18|18|Y|08-04-2026 09:42:20|08-04-2026 09:42:20|||08-11-2026 09:19:51|08-11-2026 09:21:23|08-11-2026 19:41:33|08-11-2026 19:41:33|08-12-2026 03:21:40||08-12-2026 03:23:48|08-12-2026 03:23:48|08-18-2026 09:46:11|185.69|336.06|150.37
BRCJM01|BRGACMES|BRGACMES|8000018633|Shipped|NORMAL||60402973000189|89051-000|SC|BR|TAC CWB||1|1.5|.015|15|15|Y|08-04-2026 09:42:20|08-04-2026 09:42:20|||08-11-2026 09:19:51|08-11-2026 09:21:23|08-11-2026 17:14:35|08-11-2026 17:14:35|08-12-2026 00:22:24||08-12-2026 00:33:28|08-12-2026 00:33:28|08-18-2026 09:46:11|182.85|336.06|153.21
BRCJM01|BRGACMES|BRGACMES|8000018634|Shipped|NORMAL||60259875000134|17012-648|SP|BR|TRANSTRY||1|1.8|.018|18|18|Y|08-04-2026 09:42:21|08-04-2026 09:42:21|||08-11-2026 09:19:51|08-11-2026 09:21:23|08-11-2026 19:40:31|08-11-2026 19:40:31|08-12-2026 02:38:01||08-12-2026 03:16:52|08-12-2026 03:16:52|08-18-2026 09:46:10|185.58|336.06|150.49
BRCJM01|BRGACMES|BRGACMES|8000018635|Shipped|NORMAL||57615766000106||||TAC DSV||1|1.3|.013|13|13|Y|08-04-2026 11:39:57|08-04-2026 11:39:57|||08-11-2026 09:19:51|08-11-2026 09:21:24|08-11-2026 17:09:57|08-11-2026 17:09:57|08-12-2026 00:39:34||08-12-2026 00:56:43|08-12-2026 00:56:43|08-18-2026 09:45:59|181.28|334.1|152.82
BRCJM01|BRGACMES|BRGACMES|8000018636|Shipped|NORMAL||66109006000100||||TAC DSV||1|.8|.008|8|8|Y|08-04-2026 11:39:57|08-04-2026 11:39:57|||08-11-2026 09:19:51|08-11-2026 09:21:24|08-11-2026 16:38:26|08-11-2026 16:38:26|08-11-2026 19:29:16||08-11-2026 19:32:53|08-11-2026 19:32:53|08-18-2026 09:46:11|175.88|334.1|158.22
BRCJM01|BRGACMES|BRGACMES|8000018637|Shipped|NORMAL||66684604000102||||TAC DSV||1|.6|.006|6|6|Y|08-04-2026 11:39:57|08-04-2026 11:39:57|||08-11-2026 09:19:51|08-11-2026 09:21:24|08-11-2026 16:10:57|08-11-2026 16:10:57|08-11-2026 22:15:41||08-11-2026 22:27:49|08-11-2026 22:27:50|08-18-2026 09:46:11|178.8|334.1|155.31
BRCJM01|BRGACMES|BRGACMES|8000018638|Shipped|NORMAL||66674047000149||||TAC DSV||1|4|.04|40|40|Y|08-04-2026 11:39:57|08-04-2026 11:39:57|||08-11-2026 09:19:51|08-11-2026 09:21:24|08-11-2026 19:53:56|08-11-2026 19:53:56|08-12-2026 02:59:54||08-12-2026 05:47:11|08-12-2026 05:47:11|08-18-2026 09:46:11|186.12|334.1|147.98
BRCJM01|BRGACMES|BRGACMES|8000018639|Shipped|NORMAL||57166756000122||||TAC DSV||1|.8|.008|8|8|Y|08-04-2026 11:40:58|08-04-2026 11:40:58|||08-11-2026 09:19:51|08-11-2026 09:21:24|08-11-2026 16:37:29|08-11-2026 16:37:29|08-11-2026 18:12:58||08-11-2026 18:13:23|08-11-2026 18:13:23|08-18-2026 09:45:58|174.54|334.08|159.54
BRCJM01|BRGACMES|BRGACMES|8000018640|Shipped|NORMAL||59405379000243||||TAC DSV||1|2.1|.021|21|21|Y|08-04-2026 11:40:58|08-04-2026 11:40:58|||08-11-2026 09:19:51|08-11-2026 09:21:24|08-11-2026 19:38:18|08-11-2026 19:38:18|08-12-2026 02:30:06||08-12-2026 03:16:28|08-12-2026 03:16:28|08-18-2026 09:46:06|183.59|334.09|150.49
BRCJM01|BRGACMES|BRGACMES|8000018957|Shipped|RUSH||59039599000110|78115-005|MT|BR|FAVORITA||1|.1|.001|1|1|Y|08-04-2026 09:42:20|08-04-2026 09:42:20|||08-07-2026 17:05:06|08-07-2026 17:06:46|08-08-2026 02:35:45|08-08-2026 02:35:45|08-08-2026 12:13:23||08-08-2026 12:13:46|08-08-2026 12:13:46|08-11-2026 14:26:17|98.52|172.73|74.21
BRCJM01|BRGACMES|BRGACMES|8000018958|Shipped|NORMAL||45180696000113|08735-000|SP|BR|TAC SJC/GRU||1|.1|.001|1|1|Y|08-04-2026 09:42:20|08-04-2026 09:42:20|||08-11-2026 21:37:37|08-13-2026 10:30:44|08-13-2026 14:40:18|08-13-2026 14:40:18|08-13-2026 15:16:30||08-14-2026 05:45:25|08-14-2026 05:45:25|08-18-2026 09:45:58|236.05|336.06|100.01
BRCJM01|BRGACMES|BRGACMES|8000018959|Shipped|RUSH||59871299000100|14021-610|SP|BR|ALL IN||1|.1|.001|1|1|Y|08-04-2026 09:42:21|08-04-2026 09:42:21|||08-05-2026 16:00:21|08-05-2026 16:01:36|08-05-2026 16:43:24|08-05-2026 16:43:25|08-05-2026 20:20:15||08-05-2026 20:21:07|08-05-2026 20:21:07|08-11-2026 14:26:20|34.65|172.73|138.09
BRCJM01|BRGACMES|BRGACMES|8000018960|Shipped|NORMAL||59871299000100|14021-610|SP|BR|DSV||22|.8|.008|22|22|Y|08-04-2026 09:42:21|08-04-2026 09:42:21|||08-11-2026 09:43:35|08-11-2026 09:46:29|08-11-2026 11:10:38|08-12-2026 01:12:55|08-12-2026 10:18:31||08-12-2026 10:24:35|08-12-2026 10:24:35|08-31-2026 10:39:23|192.7|648.95|456.25
BRCJM01|BRGACMES|BRGACMES|8000018961|Shipped|NORMAL||59895385000226|86072-000|PR|BR|ALL IN||3|0|0|3|3|Y|08-04-2026 09:42:18|08-04-2026 09:42:18|||08-11-2026 21:37:42|08-13-2026 10:30:41|08-13-2026 16:01:12|08-14-2026 02:29:18|08-14-2026 03:34:34||08-14-2026 03:35:38|08-14-2026 03:35:38|08-18-2026 09:46:10|233.89|336.06|102.18
BRCJM01|BRGACMES|BRGACMES|8000018962|Shipped|NORMAL||59871299000100|14021-610|SP|BR|ALL IN||1|0|0|1|1|Y|08-04-2026 09:42:18|08-04-2026 09:42:18|||08-11-2026 21:37:41|08-13-2026 10:30:42|08-13-2026 12:29:41|08-13-2026 12:29:41|08-13-2026 14:03:33||08-13-2026 14:04:11|08-13-2026 14:04:11|08-18-2026 09:46:08|220.36|336.06|115.7
BRCJM01|BRGACMES|BRGACMES|8000018963|Shipped|NORMAL||59052866000270|03340-000|SP|BR|TRANSP DSV||3|0|0|3|3|Y|08-04-2026 09:42:19|08-04-2026 09:42:19|||08-11-2026 21:37:39|08-13-2026 10:30:43|08-13-2026 16:34:58|08-14-2026 01:17:15|08-14-2026 01:33:23||08-14-2026 01:48:41|08-14-2026 01:48:41|08-18-2026 09:46:03|232.11|336.06|103.96
BRCJM01|BRGACMES|BRGACMES|8000018964|Shipped|NORMAL||45180696000113|08735-000|SP|BR|DSV||5|.5|.005|5|5|Y|08-04-2026 09:42:19|08-04-2026 09:42:19|||08-11-2026 21:37:37|08-13-2026 10:30:43|08-13-2026 12:35:32|08-14-2026 14:50:52|08-14-2026 16:57:31||08-14-2026 17:01:39|08-14-2026 17:01:39|08-31-2026 10:39:05|247.32|648.95|401.62
BRCJM01|BRGACMES|BRGACMES|8000018965|Shipped|NORMAL||59630650000163|40276-200|BA|BR|TERMACO||1|0|0|1|1|Y|08-04-2026 09:42:19|08-04-2026 09:42:19|||08-11-2026 21:37:41|08-13-2026 10:30:43|08-14-2026 00:30:39|08-14-2026 00:30:39|08-14-2026 03:39:53||08-14-2026 03:40:14|08-14-2026 03:40:14|08-21-2026 16:10:31|233.97|414.47|180.5
BRCJM01|BRGACMES|BRGACMES|8000018966|Shipped|NORMAL||59338607000390|89056-083|ES|BR|TAC VIX||21|.4|.004|21|21|Y|08-04-2026 09:42:20|08-04-2026 09:42:20|||08-11-2026 21:37:40|08-13-2026 10:30:43|08-13-2026 15:24:46|08-14-2026 08:43:32|08-14-2026 12:01:59||08-14-2026 12:04:34|08-14-2026 12:04:34|08-21-2026 16:10:29|242.37|414.47|172.1
BRCJM01|BRGACMES|BRGACMES|8000018967|Shipped|NORMAL||59897625000221|13420-355|SP|BR|DSV||3|.3|.003|3|3|Y|08-04-2026 09:42:20|08-04-2026 09:42:20|||08-11-2026 21:37:42|08-13-2026 10:30:44|08-13-2026 14:44:32|08-13-2026 14:46:04|08-13-2026 15:12:14||08-13-2026 15:16:41|08-13-2026 15:16:41|08-31-2026 10:39:31|221.57|648.95|427.38
BRCJM01|BRGACMES|BRGACMES|8000019005|Shipped|NORMAL||59223839000301|05319-070|SP|BR|DSV||12|1|.01|19|19|Y|08-04-2026 09:42:20|08-04-2026 09:42:20|||08-11-2026 21:37:40|08-13-2026 10:30:44|08-13-2026 20:40:14|08-14-2026 14:30:02|08-15-2026 00:20:02||08-15-2026 05:50:44|08-15-2026 05:50:44|08-31-2026 10:39:16|260.14|648.95|388.81
BRCJM01|BRGACMES|BRGACMES|8000019006|Shipped|NORMAL||58957368000394|58028-880|PB|BR|TERMACO||1|2.2|.022|22|22|Y|08-04-2026 09:42:21|08-04-2026 09:42:21|||08-11-2026 21:37:38|08-13-2026 10:30:45|08-13-2026 23:47:24|08-13-2026 23:47:24|08-14-2026 03:42:51||08-14-2026 03:44:40|08-14-2026 03:44:40|08-21-2026 16:10:25|234.04|414.47|180.43
BRCJM01|BRGACMES|BRGACMES|8000019007|Shipped|NORMAL||59223839000301|05319-070|SP|BR|DSV||3|.2|.002|3|3|Y|08-04-2026 09:42:21|08-04-2026 09:42:21|||08-11-2026 21:37:40|08-13-2026 10:30:45|08-13-2026 14:26:39|08-14-2026 02:05:59|08-14-2026 03:22:50||08-14-2026 03:27:39|08-14-2026 03:27:39|08-31-2026 10:39:16|233.76|648.95|415.19
BRCJM01|BRGACMES|BRGACMES|8000019034|Shipped|RUSH||58267919000479|71608-900|DF|BR|ALL IN||2|.2|.002|2|2|Y|08-04-2026 09:42:18|08-04-2026 09:42:18|||08-04-2026 11:43:30|08-04-2026 11:43:54|08-04-2026 12:20:38|08-04-2026 13:21:38|08-04-2026 13:35:16||08-04-2026 13:42:00|08-04-2026 13:42:00|08-07-2026 10:15:09|4|72.55|68.55
BRCJM01|BRGACMES|BRGACMES|8000019099|Shipped|RUSH||592862490158||||DSV||17|0|0|18|18|Y|08-04-2026 09:42:18|08-24-2026 15:42:45|||08-28-2026 11:14:32|08-28-2026 11:16:27|08-28-2026 13:23:39|08-28-2026 15:34:50|08-28-2026 16:56:26||08-28-2026 16:58:19|08-28-2026 16:58:19|09-04-2026 14:36:25|583.27|748.9|165.64
BRCJM01|BRGACMES|BRGACMES|8000019100|Shipped|RUSH||58267919000126|71200-022|DF|BR|ALL IN||6|0|0|6|6|Y|08-04-2026 09:42:19|08-04-2026 09:42:19|||08-07-2026 17:05:06|08-07-2026 17:06:46|08-07-2026 20:54:57|08-08-2026 00:23:15|08-08-2026 01:12:33||08-08-2026 01:16:28|08-08-2026 01:16:28|08-11-2026 14:26:16|87.57|172.73|85.16
BRCJM01|BRGACMES|BRGACMES|8000019101|Shipped|NORMAL||58267919000479|71608-900|DF|BR|ALL IN||1|.1|.001|1|1|Y|08-04-2026 09:42:19|08-04-2026 09:42:19|||08-11-2026 21:37:38|08-13-2026 10:30:43|08-14-2026 00:25:52|08-14-2026 00:25:52|08-14-2026 03:49:42||08-14-2026 03:50:05|08-14-2026 03:50:05|08-21-2026 16:10:22|234.13|414.47|180.34
BRCJM01|BRGACMES|BRGACMES|8000019102|Shipped|NORMAL||58267919000479|71608-900|DF|BR|DSV||7|.1|.001|7|7|Y|08-04-2026 09:42:19|08-04-2026 09:42:19|||08-11-2026 21:37:38|08-13-2026 10:30:43|08-13-2026 15:27:32|08-14-2026 08:39:42|08-14-2026 10:19:40||08-14-2026 10:21:07|08-14-2026 10:21:07|08-31-2026 10:39:11|240.65|648.95|408.3
BRCJM01|BRGACMES|BRGACMES|8000019103|Shipped|NORMAL||58267919000126|71200-022|DF|BR|ALL IN||1|5|.05|50|50|Y|08-04-2026 09:42:19|08-04-2026 09:42:19|||08-11-2026 21:37:37|08-13-2026 10:30:43|08-14-2026 00:01:35|08-14-2026 00:01:35|08-14-2026 03:46:50||08-14-2026 03:47:17|08-14-2026 03:47:17|08-21-2026 16:10:21|234.08|414.47|180.38
BRCJM01|BRGACMES|BRGACMES|8000019104|Shipped|NORMAL||58267919000126|71200-022|DF|BR|ALL IN||1|0|0|1|1|Y|08-04-2026 09:42:20|08-04-2026 09:42:20|||08-11-2026 21:37:37|08-13-2026 10:30:44|08-13-2026 14:42:21|08-13-2026 14:42:21|08-13-2026 15:08:46||08-13-2026 15:09:43|08-13-2026 15:09:43|08-21-2026 16:10:21|221.46|414.47|193.01
BRCJM01|BRGACMES|BRGACMES|8000019105|Shipped|NORMAL||58267919000479|71608-900|DF|BR|ALL IN||2|0|0|2|2|Y|08-04-2026 09:42:20|08-04-2026 09:42:20|||08-11-2026 21:37:37|08-13-2026 10:30:44|08-13-2026 14:35:41|08-13-2026 14:37:22|08-13-2026 15:09:13||08-13-2026 15:09:57|08-13-2026 15:09:57|08-21-2026 16:10:23|221.46|414.47|193.01
BRCJM01|BRGACMES|BRGACMES|8000019106|Shipped|NORMAL||59871299000100|14021-610|SP|BR|DSV||3|0|0|60|60|Y|08-04-2026 09:42:21|08-04-2026 09:42:21|||08-11-2026 21:37:41|08-13-2026 10:30:45|08-13-2026 22:30:49|08-13-2026 22:47:42|08-14-2026 00:49:16||08-14-2026 00:53:26|08-14-2026 00:53:26|08-31-2026 10:39:23|231.18|648.95|417.77
BRCJM01|BRGACMES|BRGACMES|8000019107|Shipped|NORMAL||59219965000112|18013-003|SP|BR|DSV||8|5.5|.055|105|105|Y|08-04-2026 09:42:21|08-04-2026 09:42:21|||08-11-2026 21:37:39|08-13-2026 10:30:45|08-13-2026 21:55:08|08-14-2026 03:30:38|08-14-2026 04:14:18||08-14-2026 04:15:06|08-14-2026 04:15:06|08-31-2026 10:39:15|234.55|648.95|414.4
BRCJM01|BRGACMES|BRGACMES|8000019108|Shipped|NORMAL||68639251001711|22631-000|RJ|BR|ANDRE/TRANSP||1|.1|.001|1|1|Y|08-04-2026 09:42:21|08-04-2026 09:42:21|||08-11-2026 21:37:43|08-13-2026 10:30:46|08-13-2026 14:24:59|08-13-2026 14:24:59|08-13-2026 14:48:45||08-13-2026 14:51:15|08-13-2026 14:51:15|08-18-2026 09:46:12|221.15|336.06|114.92
BRCJM01|BRGACMES|BRGACMES|8000019109|Shipped|NORMAL||59907917000117|64051-005|PI|BR|TERMACO||7|.6|.006|8|8|Y|08-04-2026 09:42:21|08-04-2026 09:42:21|||08-11-2026 21:37:42|08-13-2026 10:30:46|08-14-2026 06:46:25|08-14-2026 07:02:12|08-14-2026 07:20:04||08-14-2026 07:21:03|08-14-2026 07:21:03|08-21-2026 16:10:36|237.65|414.47|176.83
BRCJM01|BRGACMES|BRGACMES|8000019111|Shipped|NORMAL||60279014000118|54315-570|PE|BR|TERMACO||1|0|0|4|4|Y|08-05-2026 13:45:53|08-05-2026 13:45:53|||08-11-2026 21:37:42|08-13-2026 10:30:48|08-13-2026 14:22:04|08-13-2026 14:22:04|08-13-2026 15:28:24||08-13-2026 15:29:19|08-13-2026 15:29:19|08-21-2026 16:10:37|193.72|386.41|192.69
BRCJM01|BRGACMES|BRGACMES|8000019112|Shipped|NORMAL||29177311000102|05016-090|SP|BR|TRANSP DSV||3|.3|.003|3|3|Y|08-05-2026 13:43:50|08-05-2026 13:43:50|||08-11-2026 09:43:35|08-11-2026 09:46:31|08-11-2026 11:07:00|08-12-2026 00:34:21|08-12-2026 08:15:44||08-12-2026 08:17:54|08-12-2026 08:17:54|08-18-2026 09:45:57|162.57|308.04|145.47
BRCJM01|BRGACMES|BRGACMES|8000019114|Shipped|NORMAL||29177311000102|05016-090|SP|BR|TRANSP DSV||19|.4|.004|19|19|Y|08-05-2026 13:43:50|08-05-2026 13:43:50|||08-14-2026 10:18:08|08-15-2026 10:13:43|08-16-2026 12:17:01|08-17-2026 09:04:26|08-18-2026 07:14:48||08-18-2026 07:16:27|08-18-2026 07:16:27|08-21-2026 16:10:19|305.54|386.44|80.9
BRCJM01|BRGACMES|BRGACMES|8000019115|Shipped|RUSH||29177311000102|05016-090|SP|BR|TRANSP DSV||19|.4|.004|19|19|Y|08-05-2026 13:43:48|08-05-2026 13:43:48|||08-14-2026 11:36:37|08-15-2026 10:13:42|08-15-2026 11:46:31|08-15-2026 13:22:13|08-15-2026 17:39:33||08-15-2026 17:47:06|08-15-2026 17:47:06|08-21-2026 16:10:20|244.06|386.44|142.39
BRCJM01|BRGACMES|BRGACMES|8000019116|Shipped|NORMAL||59895385000145|80240-545|PR|BR|TAC CWB||13|.1|.001|13|13|Y|08-05-2026 13:43:50|08-05-2026 13:43:50|||08-11-2026 21:37:41|08-13-2026 10:30:48|08-13-2026 20:07:31|08-14-2026 01:57:34|08-14-2026 05:10:52||08-14-2026 05:13:50|08-14-2026 05:13:50|08-21-2026 16:10:32|207.5|386.45|178.95
BRCJM01|BRGACMES|BRGACMES|8000019117|Shipped|NORMAL||59895385000145|80240-545|PR|BR|TAC CWB||1|1|.01|10|10|Y|08-05-2026 13:43:51|08-05-2026 13:43:51|||08-11-2026 21:37:41|08-13-2026 10:33:28|08-14-2026 00:19:19|08-14-2026 00:19:19|08-14-2026 02:48:31||08-14-2026 02:55:27|08-14-2026 02:55:27|08-21-2026 16:10:32|205.19|386.44|181.25
BRCJM01|BRGACMES|BRGACMES|8000019118|Shipped|NORMAL||59895385000145|80240-545|PR|BR|DSV||5|.1|.001|5|5|Y|08-05-2026 13:43:51|08-05-2026 13:43:51|||08-11-2026 21:37:41|08-13-2026 10:33:28|08-13-2026 19:35:33|08-13-2026 21:27:26|08-13-2026 23:50:51||08-13-2026 23:53:38|08-13-2026 23:53:38|08-31-2026 10:39:25|202.16|620.93|418.76
BRCJM01|BRGACMES|BRGACMES|8000019119|Shipped|NORMAL||59895385000145|80240-545|PR|BR|TAC CWB||5|0|0|5|5|Y|08-05-2026 13:43:51|08-05-2026 13:43:51|||08-11-2026 21:37:41|08-13-2026 10:33:28|08-13-2026 19:45:25|08-14-2026 01:17:14|08-14-2026 03:31:19||08-14-2026 03:31:47|08-14-2026 03:31:47|08-21-2026 16:10:32|205.8|386.44|180.65
BRCJM01|BRGACMES|BRGACMES|8000019120|Shipped|NORMAL||59600427000173|38408-144|MG|BR|DSV||1|0|0|1|1|Y|08-05-2026 13:43:51|08-05-2026 13:43:51|||08-11-2026 21:37:41|08-13-2026 10:33:28|08-13-2026 23:17:38|08-13-2026 23:17:38|08-13-2026 23:30:29||08-14-2026 05:48:56|08-14-2026 05:48:56|08-31-2026 10:39:21|208.08|620.93|412.84
BRCJM01|BRGACMES|BRGACMES|8000019121|Shipped|NORMAL||59600427000173|38408-144|MG|BR|DSV||3|.6|.006|36|36|Y|08-05-2026 13:43:51|08-05-2026 13:43:51|||08-11-2026 21:37:41|08-13-2026 10:33:29|08-13-2026 22:42:32|08-13-2026 23:01:40|08-14-2026 03:58:35||08-14-2026 03:58:56|08-14-2026 03:58:56|08-31-2026 10:39:21|206.25|620.93|414.67
BRCJM01|BRGACMES|BRGACMES|8000019123|Shipped|NORMAL||29177311000102|05016-090|SP|BR|TRANSP DSV||3|.3|.003|3|3|Y|08-05-2026 13:43:51|08-05-2026 13:43:51|||08-11-2026 21:37:37|08-13-2026 10:33:29|08-13-2026 15:47:27|08-14-2026 07:15:56|08-14-2026 07:30:51||08-14-2026 07:32:31|08-14-2026 07:32:31|08-21-2026 16:10:20|209.81|386.44|176.63
BRCJM01|BRGACMES|BRGACMES|8000019139|Shipped|NORMAL||58957368000122|59063-200|RN|BR|DSV||1|.1|.001|1|1|Y|08-05-2026 13:44:51|08-05-2026 13:44:51|||08-11-2026 21:37:38|08-13-2026 10:33:29|08-13-2026 23:36:35|08-13-2026 23:36:35|08-14-2026 03:02:36||08-14-2026 03:27:59|08-14-2026 03:27:59|08-31-2026 10:39:12|205.72|620.91|415.19
BRCJM01|BRGACMES|BRGACMES|8000019140|Shipped|NORMAL||58957368000394|58028-880|PB|BR|TERMACO||1|0|0|1|1|Y|08-05-2026 13:44:52|08-05-2026 13:44:52|||08-11-2026 21:37:38|08-13-2026 10:33:29|08-13-2026 14:14:28|08-13-2026 14:14:28|08-13-2026 15:18:43||08-14-2026 05:47:57|08-14-2026 05:47:57|08-21-2026 16:10:25|208.05|386.43|178.37
BRCJM01|BRGACMES|BRGACMES|8000019141|Shipped|NORMAL||45180696000113|08735-000|SP|BR|DSV||1|.2|.002|2|2|Y|08-05-2026 13:44:52|08-05-2026 13:44:52|||08-11-2026 21:37:37|08-13-2026 10:33:29|08-13-2026 14:11:56|08-13-2026 14:11:56|08-13-2026 14:57:06||08-13-2026 14:57:26|08-13-2026 14:57:26|08-31-2026 10:39:05|193.21|620.9|427.69
BRCJM01|BRGACMES|BRGACMES|8000019142|Shipped|NORMAL||59286249000158|90240-620|RS|BR|TRANSTRY||5|.1|.001|5|5|Y|08-05-2026 13:44:52|08-05-2026 13:44:52|||08-11-2026 21:37:40|08-13-2026 10:33:29|08-13-2026 16:40:54|08-14-2026 02:05:23|08-14-2026 02:17:05||08-14-2026 02:56:02|08-14-2026 02:56:02|08-21-2026 16:10:28|205.19|386.43|181.24
BRCJM01|BRGACMES|BRGACMES|8000019143|Shipped|NORMAL||59052866000270|03340-000|SP|BR|DSV||9|.3|.003|9|9|Y|08-05-2026 13:44:52|08-05-2026 13:44:52|||08-11-2026 21:37:39|08-13-2026 10:33:29|08-13-2026 17:08:11|08-14-2026 07:51:23|08-25-2026 10:16:03||08-25-2026 10:18:04|08-25-2026 10:18:04|08-31-2026 10:39:14|476.55|620.91|144.35
BRCJM01|BRGACMES|BRGACMES|8000019194|Shipped|NORMAL||68639251001711|22631-000|RJ|BR|ANDRE/TRANSP||1|0|0|1|1|Y|08-05-2026 13:44:52|08-05-2026 13:44:52|||08-11-2026 21:37:43|08-13-2026 10:33:30|08-13-2026 23:00:09|08-13-2026 23:00:09|08-14-2026 01:10:55||08-14-2026 01:50:47|08-14-2026 01:50:47|08-18-2026 09:46:12|204.1|308.02|103.92
BRCJM01|BRGACMES|BRGACMES|8000019195|Shipped|NORMAL||68639251001711|22631-000|RJ|BR|ANDRE/TRANSP||2|0|0|46|46|Y|08-05-2026 13:44:52|08-05-2026 13:44:52|||08-11-2026 21:37:43|08-13-2026 10:33:30|08-13-2026 16:21:58|08-14-2026 07:31:01|08-14-2026 07:55:30||08-14-2026 07:57:08|08-14-2026 07:57:08|08-18-2026 09:46:12|210.2|308.02|97.82
BRCJM01|BRGACMES|BRGACMES|8000019196|Shipped|NORMAL||58957368000394|58028-880|PB|BR|TERMACO||4|0|0|13|13|Y|08-05-2026 13:44:52|08-05-2026 13:44:52|||08-11-2026 21:37:38|08-13-2026 10:33:30|08-13-2026 14:13:35|08-13-2026 14:24:15|08-13-2026 14:37:33||08-13-2026 14:38:14|08-13-2026 14:38:14|08-21-2026 16:10:25|192.89|386.43|193.54
BRCJM01|BRGACMES|BRGACMES|8000019197|Shipped|NORMAL||58957368000394|58028-880|PB|BR|TERMACO||3|0|0|35|35|Y|08-05-2026 13:44:52|08-05-2026 13:44:52|||08-11-2026 21:37:38|08-13-2026 10:33:30|08-13-2026 16:17:59|08-14-2026 07:37:33|08-14-2026 07:49:24||08-14-2026 07:50:28|08-14-2026 07:50:28|08-21-2026 16:10:26|210.09|386.43|176.33
BRCJM01|BRGACMES|BRGACMES|8000019198|Shipped|NORMAL||58957368000394|58028-880|PB|BR|TERMACO||1|0|0|20|20|Y|08-05-2026 13:44:52|08-05-2026 13:44:52|||08-11-2026 21:37:38|08-13-2026 10:33:30|08-13-2026 16:08:27|08-14-2026 07:24:30|08-14-2026 08:01:59||08-14-2026 08:03:47|08-14-2026 08:03:48|08-18-2026 09:46:01|210.32|308.02|97.7
BRCJM01|BRGACMES|BRGACMES|8000019199|Shipped|NORMAL||58957368000203|57037-345|AL|BR|TERMACO||2|0|0|30|30|Y|08-05-2026 13:44:52|08-05-2026 13:44:52|||08-11-2026 21:37:38|08-13-2026 10:33:30|08-13-2026 23:09:48|08-13-2026 23:19:06|08-14-2026 01:03:56||08-14-2026 01:50:20|08-14-2026 01:50:20|08-21-2026 16:10:25|204.09|386.43|182.33
BRCJM01|BRGACMES|BRGACMES|8000019200|Shipped|NORMAL||58957368000203|57037-345|AL|BR|TERMACO||1|0|0|20|20|Y|08-05-2026 13:44:53|08-05-2026 13:44:53|||08-11-2026 21:37:38|08-13-2026 10:33:31|08-13-2026 13:21:33|08-13-2026 13:21:33|08-13-2026 14:06:26||08-13-2026 14:06:47|08-13-2026 14:06:47|08-18-2026 09:46:01|192.37|308.02|115.65
BRCJM01|BRGACMES|BRGACMES|8000019201|Shipped|NORMAL||59630650000163|40276-200|BA|BR|TERMACO||1|0|0|1|1|Y|08-05-2026 13:44:53|08-05-2026 13:44:53|||08-11-2026 21:37:41|08-13-2026 10:33:31|08-13-2026 13:19:06|08-13-2026 13:19:06|08-13-2026 14:10:24||08-13-2026 14:11:14|08-13-2026 14:11:14|08-18-2026 09:46:06|192.44|308.02|115.58
BRCJM01|BRGACMES|BRGACMES|8000019202|Shipped|NORMAL||60259875000215||||TAC DSV||1|1|.01|10|10|Y|08-05-2026 13:48:54|08-05-2026 13:48:54|||08-11-2026 21:37:42|08-13-2026 10:33:31|08-14-2026 01:27:48|08-14-2026 01:27:48|08-14-2026 02:24:24||08-14-2026 02:56:12|08-14-2026 02:56:12|08-18-2026 09:46:10|205.12|307.95|102.83
BRCJM01|BRGACMES|BRGACMES|8000019268|Shipped|NORMAL||59895385000226|86072-000|PR|BR|ALL IN||5|.5|.005|5|5|Y|08-05-2026 13:44:53|08-05-2026 13:44:53|||08-11-2026 21:37:42|08-13-2026 10:33:31|08-13-2026 13:37:08|08-13-2026 14:01:12|08-13-2026 14:20:46||08-13-2026 14:21:50|08-13-2026 14:21:50|08-18-2026 09:46:10|192.62|308.02|115.41
BRCJM01|BRGACMES|BRGACMES|8000019270|Shipped|NORMAL||59895385000145|80240-545|PR|BR|TAC CWB||1|.1|.001|1|1|Y|08-05-2026 13:44:53|08-05-2026 13:44:53|||08-11-2026 21:37:41|08-14-2026 10:20:56|08-15-2026 11:30:02|08-15-2026 11:30:02|08-15-2026 15:58:43||08-15-2026 15:59:00|08-15-2026 15:59:00|08-21-2026 16:10:32|242.24|386.43|144.19
BRCJM01|BRGACMES|BRGACMES|8000019272|Shipped|NORMAL||59895385000145|80240-545|PR|BR|TAC CWB||2|0|0|2|2|Y|08-05-2026 13:44:53|08-05-2026 13:44:53|||08-11-2026 21:37:41|08-14-2026 10:20:57|08-17-2026 23:44:09|08-17-2026 23:54:27|08-18-2026 11:57:37||08-18-2026 11:57:55|08-18-2026 11:57:55|08-21-2026 16:10:32|310.22|386.43|76.21
BRCJM01|BRGACMES|BRGACMES|8000019273|Shipped|NORMAL||45180696000202|65071-380|MA|BR|TERMACO||1|0|0|1|1|Y|08-05-2026 13:44:53|08-05-2026 13:44:53|||08-11-2026 21:37:37|08-14-2026 10:20:57|08-14-2026 14:17:42|08-14-2026 14:17:42|08-14-2026 16:14:53||08-14-2026 16:15:14|08-14-2026 16:15:14|08-21-2026 16:10:20|218.51|386.42|167.92
BRCJM01|BRGACMES|BRGACMES|8000019276|Shipped|RUSH||59286249000158|90240-620|RS|BR|TRANSTRY||2|0|0|55|55|Y|08-05-2026 13:44:53|08-05-2026 13:44:53|||08-07-2026 17:05:06|08-07-2026 17:06:46|08-07-2026 21:30:49|08-07-2026 21:38:32|08-08-2026 12:44:36||08-11-2026 14:26:18|08-08-2026 13:58:32|08-11-2026 14:26:18|144.69|144.69|0
BRCJM01|BRGACMES|BRGACMES|8000019284|Shipped|RUSH||59216158000146|11050-201|SP|BR|TAC DSV||1|.1|.001|1|1|Y|08-06-2026 09:46:59|08-06-2026 09:46:59|||08-07-2026 17:05:06|08-07-2026 17:06:46|08-08-2026 02:29:45|08-08-2026 02:29:45|08-08-2026 11:42:36||08-08-2026 11:43:02|08-08-2026 11:43:02|08-18-2026 09:46:03|49.93|287.98|238.05
BRCJM01|BRGACMES|BRGACMES|8000019285|Shipped|NORMAL||60402973000189|89051-000|SC|BR|DSV||1|0|0|1|1|Y|08-06-2026 09:46:58|08-06-2026 09:46:58|||08-11-2026 21:37:42|08-14-2026 10:20:57|08-14-2026 18:05:25|08-14-2026 18:05:25|08-14-2026 19:37:17||08-14-2026 19:45:10|08-14-2026 19:45:10|08-31-2026 10:39:35|201.97|600.88|398.91
BRCJM01|BRGACMES|BRGACMES|8000019286|Shipped|NORMAL||60402973000260|89204-004|SC|BR|DSV||1|0|0|1|1|Y|08-06-2026 09:46:58|08-06-2026 09:46:58|||08-11-2026 21:37:42|08-14-2026 10:20:57|08-14-2026 18:04:25|08-14-2026 18:04:25|08-14-2026 19:41:08||08-14-2026 19:45:48|08-14-2026 19:45:48|08-31-2026 10:39:35|201.98|600.88|398.9
BRCJM01|BRGACMES|BRGACMES|8000019287|Shipped|NORMAL||59286249000158|90240-620|RS|BR|DSV||1|.1|.001|1|1|Y|08-06-2026 09:46:58|08-06-2026 09:46:58|||08-11-2026 21:37:40|08-14-2026 10:20:57|08-14-2026 14:05:18|08-14-2026 14:05:18|08-14-2026 14:29:50||08-14-2026 15:50:43|08-14-2026 15:50:43|08-31-2026 10:39:17|198.06|600.87|402.81
BRCJM01|BRGACMES|BRGACMES|8000019288|Shipped|NORMAL||60402973000189|89051-000|SC|BR|DSV||1|0|0|1|1|Y|08-06-2026 09:46:59|08-06-2026 09:46:59|||08-11-2026 21:37:42|08-14-2026 10:20:57|08-14-2026 18:10:16|08-14-2026 18:10:16|08-14-2026 19:34:15||08-14-2026 19:44:51|08-14-2026 19:44:51|08-31-2026 10:39:35|201.96|600.88|398.91
BRCJM01|BRGACMES|BRGACMES|8000019289|Shipped|NORMAL||60348857000129|49097-510|SE|BR|TERMACO||1|0|0|1|1|Y|08-06-2026 09:46:59|08-06-2026 09:46:59|||08-11-2026 21:37:42|08-14-2026 10:20:57|08-14-2026 18:08:11|08-14-2026 18:08:11|08-14-2026 19:40:40||08-14-2026 19:44:41|08-14-2026 19:44:41|08-21-2026 16:10:37|201.96|366.39|164.43
BRCJM01|BRGACMES|BRGACMES|8000019290|Shipped|NORMAL||59286249000158|90240-620|RS|BR|TRANSTRY||1|0|0|1|1|Y|08-06-2026 09:46:59|08-06-2026 09:46:59|||08-11-2026 21:37:40|08-14-2026 10:20:57|08-14-2026 18:09:16|08-14-2026 18:09:16|08-14-2026 19:38:21||08-14-2026 19:44:08|08-14-2026 19:44:08|08-21-2026 16:10:28|201.95|366.39|164.44
BRCJM01|BRGACMES|BRGACMES|8000019291|Shipped|NORMAL||58267919000479|71608-900|DF|BR|DSV||1|0|0|1|1|Y|08-06-2026 09:46:59|08-06-2026 09:46:59|||08-11-2026 21:37:37|08-14-2026 10:20:57|08-14-2026 18:07:16|08-14-2026 18:07:16|08-14-2026 19:42:46||08-14-2026 19:46:09|08-14-2026 19:46:09|08-31-2026 10:39:11|201.99|600.87|398.88
BRCJM01|BRGACMES|BRGACMES|8000019292|Shipped|NORMAL||57615766000106||||TAC DSV||1|0|0|1|1|Y|08-06-2026 09:52:06|08-06-2026 09:52:06|||08-11-2026 21:37:37|08-14-2026 10:20:59|08-14-2026 13:21:52|08-14-2026 13:21:52|08-14-2026 15:49:29||08-14-2026 15:49:47|08-14-2026 15:49:47|08-21-2026 16:10:21|197.96|366.3|168.34
BRCJM01|BRGACMES|BRGACMES|8000019293|Shipped|NORMAL||58267919000479|71608-900|DF|BR|DSV||1|0|0|1|1|Y|08-06-2026 09:46:59|08-06-2026 09:46:59|||08-11-2026 21:37:37|08-14-2026 10:20:57|08-14-2026 18:06:22|08-14-2026 18:06:22|08-14-2026 19:39:08||08-14-2026 19:45:14|08-14-2026 19:45:14|08-31-2026 10:39:11|201.97|600.87|398.9
BRCJM01|BRGACMES|BRGACMES|8000019294|Shipped|NORMAL||59897625000221|13420-355|SP|BR|DSV||2|.2|.002|2|2|Y|08-06-2026 09:46:59|08-06-2026 09:46:59|||08-11-2026 21:37:42|08-14-2026 10:20:57|08-14-2026 13:59:37|08-14-2026 14:01:49|08-14-2026 14:42:13||08-14-2026 15:51:01|08-14-2026 15:51:01|08-31-2026 10:39:31|198.07|600.88|402.81
BRCJM01|BRGACMES|BRGACMES|8000019295|Shipped|NORMAL||59039599000110|78115-005|MT|BR|FAVORITA||1|0|0|1|1|Y|08-06-2026 09:46:59|08-06-2026 09:46:59|||08-11-2026 21:37:39|08-14-2026 10:20:57|08-14-2026 13:53:07|08-14-2026 13:53:07|08-14-2026 15:39:10||08-14-2026 15:46:19|08-14-2026 15:46:19|08-21-2026 16:10:26|197.99|366.39|168.4
BRCJM01|BRGACMES|BRGACMES|8000019296|Shipped|NORMAL||59405379000243||||TAC DSV||3|0|0|3|3|Y|08-06-2026 09:52:06|08-06-2026 09:52:06|||08-11-2026 21:37:40|08-14-2026 10:20:59|08-15-2026 12:12:58|08-15-2026 14:39:27|08-15-2026 15:15:49||08-15-2026 15:20:53|08-15-2026 15:20:53|08-21-2026 16:10:30|221.48|366.31|144.83
BRCJM01|BRGACMES|BRGACMES|8000019311|Shipped|RUSH||60348857000129|49097-510|SE|BR|TERMACO||6|.6|.006|11|11|Y|08-06-2026 09:46:59|08-06-2026 09:46:59|||08-07-2026 17:05:06|08-07-2026 17:06:46|08-08-2026 00:43:57|08-08-2026 01:37:24|08-08-2026 12:07:16||08-11-2026 14:26:21|08-08-2026 12:08:31|08-11-2026 14:26:21|124.66|124.66|0
BRCJM01|BRGACMES|BRGACMES|8000019312|Shipped|NORMAL||60402973000189|89051-000|SC|BR|TAC CWB||3|0|0|41|41|Y|08-06-2026 09:47:00|08-06-2026 09:47:00|||08-11-2026 21:37:42|08-14-2026 10:20:58|08-16-2026 09:12:08|08-18-2026 08:27:01|08-18-2026 08:35:03||08-18-2026 08:35:27|08-18-2026 08:35:27|08-21-2026 16:10:38|286.81|366.39|79.59
BRCJM01|BRGACMES|BRGACMES|8000019343|Shipped|NORMAL||45180696000202|65071-380|MA|BR|TERMACO||1|.2|.002|2|2|Y|08-06-2026 09:47:00|08-06-2026 09:47:00||||08-06-2026 09:58:19|08-07-2026 08:07:03|08-07-2026 08:07:03|08-07-2026 10:44:26||08-07-2026 10:45:03|08-07-2026 10:45:03|08-11-2026 14:26:15|24.97|124.65|99.69
BRCJM01|BRGACMES|BRGACMES|8000019344|Shipped|NORMAL||60348857000129|49097-510|SE|BR|DSV||1|.2|.002|2|2|Y|08-06-2026 09:47:00|08-06-2026 09:47:00||||08-06-2026 09:58:20|08-07-2026 09:16:02|08-07-2026 11:53:41|08-07-2026 11:54:05||08-07-2026 11:54:29|08-07-2026 11:54:29|08-31-2026 10:39:34|26.12|600.88|574.75
BRCJM01|BRGACMES|BRGACMES|8000019345|Shipped|NORMAL||58957368000122|59063-200|RN|BR|DSV||1|.2|.002|2|2|Y|08-06-2026 09:47:00|08-06-2026 09:47:00||||08-06-2026 09:58:20|08-07-2026 09:17:51|08-07-2026 09:17:51|08-07-2026 11:47:59||08-07-2026 11:48:26|08-07-2026 11:48:26|08-31-2026 10:39:12|26.02|600.87|574.85
BRCJM01|BRGACMES|BRGACMES|8000019346|Shipped|NORMAL||58957368000394|58028-880|PB|BR|DSV||1|.2|.002|2|2|Y|08-06-2026 09:47:00|08-06-2026 09:47:00||||08-06-2026 09:58:20|08-07-2026 09:14:55|08-07-2026 09:14:55|08-07-2026 11:42:30||08-07-2026 11:43:36|08-07-2026 11:43:36|08-31-2026 10:39:13|25.94|600.87|574.93
BRCJM01|BRGACMES|BRGACMES|8000019347|Shipped|NORMAL||58956147000130|60810-786|CE|BR|TERMACO||1|.6|.006|6|6|Y|08-06-2026 09:47:00|08-06-2026 09:47:00||||08-06-2026 09:58:20|08-07-2026 08:11:27|08-07-2026 08:11:27|08-07-2026 08:57:02||08-07-2026 08:57:50|08-07-2026 08:57:50|08-11-2026 14:26:16|23.18|124.65|101.47
BRCJM01|BRGACMES|BRGACMES|8000019348|Shipped|NORMAL||58957368000203|57037-345|AL|BR|TERMACO||1|.2|.002|2|2|Y|08-06-2026 09:47:00|08-06-2026 09:47:00||||08-06-2026 09:58:20|08-07-2026 09:07:18|08-07-2026 09:07:18|08-07-2026 10:11:18||08-07-2026 10:11:42|08-07-2026 10:11:42|08-11-2026 14:26:16|24.41|124.65|100.24
BRCJM01|BRGACMES|BRGACMES|8000019349|Shipped|NORMAL||59039599000381|69053-355|AM|BR|NORTEX||1|.2|.002|2|2|Y|08-06-2026 09:47:00|08-06-2026 09:47:00||||08-06-2026 09:58:20|08-06-2026 11:55:58|08-06-2026 11:55:58|08-06-2026 14:31:53||08-06-2026 14:33:38|08-06-2026 14:33:38|08-11-2026 14:26:17|4.78|124.65|119.88
BRCJM01|BRGACMES|BRGACMES|8000019350|Shipped|NORMAL||59039599000543|66053-180|PA|BR|NORTEX||1|.2|.002|2|2|Y|08-06-2026 09:47:00|08-06-2026 09:47:00||||08-06-2026 09:58:20|08-06-2026 11:57:54|08-06-2026 11:57:55|08-06-2026 14:49:15||08-06-2026 14:50:42|08-06-2026 14:50:42|08-11-2026 14:26:17|5.06|124.65|119.59
BRCJM01|BRGACMES|BRGACMES|8000019351|Shipped|NORMAL||60279014000118|54315-570|PE|BR|TERMACO||1|.2|.002|2|2|Y|08-06-2026 09:47:00|08-06-2026 09:47:00||||08-06-2026 09:58:20|08-06-2026 11:56:46|08-06-2026 11:56:46|08-06-2026 14:36:47||08-06-2026 14:38:10|08-06-2026 14:38:10|08-11-2026 14:26:20|4.85|124.66|119.8
BRCJM01|BRGACMES|BRGACMES|8000019352|Shipped|NORMAL||59907917000117|64051-005|PI|BR|TERMACO||1|.2|.002|2|2|Y|08-06-2026 09:47:01|08-06-2026 09:47:01||||08-06-2026 09:58:20|08-07-2026 09:05:19|08-07-2026 09:05:19|08-07-2026 10:19:47||08-11-2026 14:26:20|08-07-2026 10:20:21|08-11-2026 14:26:20|124.66|124.66|0
BRCJM01|BRGACMES|BRGACMES|8000019353|Shipped|NORMAL||66684604000102||||TAC DSV||1|.2|.002|2|2|Y|08-06-2026 09:52:06|08-06-2026 09:52:06||||08-06-2026 09:58:22|08-06-2026 11:58:46|08-06-2026 11:58:46|08-06-2026 14:42:02||08-11-2026 14:20:14|08-11-2026 14:20:14|08-11-2026 14:26:21|124.47|124.57|.1
BRCJM01|BRGACMES|BRGACMES|8000019354|Shipped|NORMAL||29177311000102|05016-090|SP|BR|TRANSP DSV||1|.3|.003|3|3|Y|08-06-2026 09:47:01|08-06-2026 09:47:01||||08-06-2026 09:58:20|08-07-2026 09:06:11|08-07-2026 09:06:11|08-07-2026 10:16:44||08-07-2026 10:17:06|08-07-2026 10:17:06|08-15-2026 11:50:14|24.5|218.05|193.55
BRCJM01|BRGACMES|BRGACMES|8000019355|Shipped|NORMAL||59223839000301|05319-070|SP|BR|TRANSP DSV||1|.4|.004|4|4|Y|08-06-2026 09:47:01|08-06-2026 09:47:01||||08-06-2026 09:58:20|08-07-2026 09:03:56|08-07-2026 09:03:56|08-07-2026 10:13:54||08-07-2026 10:14:21|08-07-2026 10:14:21|08-15-2026 11:50:17|24.46|218.05|193.6
BRCJM01|BRGACMES|BRGACMES|8000019356|Shipped|NORMAL||45180696000113|08735-000|SP|BR|TAC SJC/GRU||1|.1|.001|1|1|Y|08-06-2026 09:47:01|08-06-2026 09:47:01||||08-06-2026 09:58:20|08-07-2026 08:58:53|08-07-2026 08:58:53|08-07-2026 09:50:14||08-07-2026 09:50:46|08-07-2026 09:50:46|08-18-2026 09:45:58|24.06|287.98|263.92
BRCJM01|BRGACMES|BRGACMES|8000019357|Shipped|NORMAL||59223839000565|06707-000|SP|BR|TAC DSV||1|.2|.002|2|2|Y|08-06-2026 09:47:01|08-06-2026 09:47:01||||08-06-2026 09:58:20|08-07-2026 09:00:07|08-07-2026 09:00:07|08-07-2026 10:04:16||08-07-2026 10:04:42|08-07-2026 10:04:42|08-15-2026 11:50:17|24.29|218.05|193.76
BRCJM01|BRGACMES|BRGACMES|8000019358|Shipped|NORMAL||59523091000273|06465-100|SP|BR|TRANSP DSV||1|.3|.003|3|3|Y|08-06-2026 09:47:01|08-06-2026 09:47:01||||08-06-2026 09:58:20|08-07-2026 08:57:47|08-07-2026 08:57:47|08-07-2026 09:04:33||08-07-2026 09:05:00|08-07-2026 09:05:00|08-15-2026 11:50:18|23.3|218.05|194.76
BRCJM01|BRGACMES|BRGACMES|8000019359|Shipped|NORMAL||59052866000270|03340-000|SP|BR|TRANSP DSV||1|.1|.001|1|1|Y|08-06-2026 09:47:01|08-06-2026 09:47:01||||08-06-2026 09:58:20|08-07-2026 08:56:37|08-07-2026 08:56:37|08-07-2026 09:52:48||08-07-2026 09:53:21|08-07-2026 09:53:21|08-15-2026 11:50:17|24.11|218.05|193.95
BRCJM01|BRGACMES|BRGACMES|8000019360|Shipped|NORMAL||45180696000466|12246-876|SP|BR|TAC SJC/GRU||1|.1|.001|1|1|Y|08-06-2026 09:47:01|08-06-2026 09:47:01||||08-06-2026 09:58:20|08-07-2026 08:46:41|08-07-2026 08:46:41|08-07-2026 11:22:08||08-07-2026 11:22:37|08-07-2026 11:22:37|08-15-2026 11:50:15|25.59|218.05|192.46
BRCJM01|BRGACMES|BRGACMES|8000019361|Shipped|NORMAL||59216158000146|11050-201|SP|BR|TAC DSV||1|.1|.001|1|1|Y|08-06-2026 09:47:01|08-06-2026 09:47:01||||08-06-2026 09:58:20|08-07-2026 08:55:46|08-07-2026 08:55:46|08-07-2026 09:54:53||08-07-2026 09:55:24|08-07-2026 09:55:24|08-18-2026 09:46:03|24.14|287.98|263.84
BRCJM01|BRGACMES|BRGACMES|8000019362|Shipped|NORMAL||59897625000140|13206-765|SP|BR|ANDRE/TRANSP||1|.1|.001|1|1|Y|08-06-2026 09:47:01|08-06-2026 09:47:01||||08-06-2026 09:58:21|08-07-2026 08:52:46|08-07-2026 08:52:47|08-07-2026 10:00:08||08-07-2026 10:00:35|08-07-2026 10:00:35|08-15-2026 11:50:19|24.23|218.06|193.83
BRCJM01|BRGACMES|BRGACMES|8000019363|Shipped|NORMAL||59219965000112|18013-003|SP|BR|TAC SOR||1|.1|.001|1|1|Y|08-06-2026 09:47:01|08-06-2026 09:47:01||||08-06-2026 09:58:21|08-07-2026 08:53:55|08-07-2026 08:53:55|08-07-2026 09:57:29||08-07-2026 09:58:03|08-07-2026 09:58:03|08-18-2026 09:46:03|24.18|287.98|263.8
BRCJM01|BRGACMES|BRGACMES|8000019364|Shipped|NORMAL||59871299000100|14021-610|SP|BR|ALL IN||1|.1|.001|1|1|Y|08-06-2026 09:47:02|08-06-2026 09:47:02||||08-06-2026 09:58:21|08-07-2026 08:40:46|08-07-2026 08:40:46|08-07-2026 11:32:42||08-07-2026 11:33:28|08-07-2026 11:33:28|08-15-2026 11:50:18|25.77|218.05|192.28
BRCJM01|BRGACMES|BRGACMES|8000019365|Shipped|NORMAL||59897625000221|13420-355|SP|BR|TAC CPQ||1|.1|.001|1|1|Y|08-06-2026 09:47:02|08-06-2026 09:47:02||||08-06-2026 09:58:21|08-07-2026 08:42:31|08-07-2026 08:42:31|08-07-2026 11:29:52||08-07-2026 11:30:32|08-07-2026 11:30:32|08-15-2026 11:50:19|25.73|218.05|192.33
BRCJM01|BRGACMES|BRGACMES|8000019366|Shipped|NORMAL||59897625000302||||TAC DSV||1|.1|.001|1|1|Y|08-06-2026 09:52:06|08-06-2026 09:52:06||||08-06-2026 09:58:22|08-07-2026 07:59:57|08-07-2026 07:59:57|08-07-2026 10:38:38||08-07-2026 10:39:25|08-07-2026 10:39:25|08-15-2026 11:50:19|24.79|217.97|193.18
BRCJM01|BRGACMES|BRGACMES|8000019367|Shipped|NORMAL||59523091000354|09521-040|SP|BR|TAC DSV||1|.1|.001|1|1|Y|08-06-2026 09:47:02|08-06-2026 09:47:02||||08-06-2026 09:58:21|08-07-2026 08:45:02|08-07-2026 08:45:02|08-07-2026 11:27:00||08-07-2026 11:27:39|08-07-2026 11:27:39|08-15-2026 11:50:18|25.68|218.05|192.38
BRCJM01|BRGACMES|BRGACMES|8000019368|Shipped|NORMAL||58267919000479|71608-900|DF|BR|ALL IN||1|.4|.004|4|4|Y|08-06-2026 09:47:02|08-06-2026 09:47:02||||08-06-2026 09:58:21|08-07-2026 08:39:23|08-07-2026 08:39:47|08-07-2026 11:08:36||08-07-2026 11:08:58|08-07-2026 11:08:58|08-11-2026 14:26:16|25.37|124.65|99.29
BRCJM01|BRGACMES|BRGACMES|8000019369|Shipped|NORMAL||59338607000390|89056-083|ES|BR|TAC VIX||1|.4|.004|4|4|Y|08-06-2026 09:47:02|08-06-2026 09:47:02||||08-06-2026 09:58:21|08-07-2026 08:36:11|08-07-2026 08:36:11|08-07-2026 11:37:11||08-11-2026 14:26:18|08-07-2026 11:37:26|08-11-2026 14:26:18|124.65|124.65|0
BRCJM01|BRGACMES|BRGACMES|8000019370|Shipped|NORMAL||59405379000162|74215-240|GO|BR|ALL IN||1|.2|.002|2|2|Y|08-06-2026 09:47:02|08-06-2026 09:47:02||||08-06-2026 09:58:21|08-07-2026 08:37:29|08-07-2026 08:37:29|08-07-2026 11:11:33||08-11-2026 14:26:18|08-07-2026 11:11:56|08-11-2026 14:26:18|124.65|124.65|0
BRCJM01|BRGACMES|BRGACMES|8000019371|Shipped|NORMAL||59039599000110|78115-005|MT|BR|FAVORITA||1|.2|.002|2|2|Y|08-06-2026 09:47:02|08-06-2026 09:47:02||||08-06-2026 09:58:21|08-07-2026 08:34:38|08-07-2026 08:34:38|08-07-2026 11:14:07||08-07-2026 11:14:40|08-07-2026 11:14:40|08-11-2026 14:26:17|25.46|124.65|99.19
BRCJM01|BRGACMES|BRGACMES|8000019372|Shipped|NORMAL||58267919000207|31255-234|MG|BR|DSV||1|.4|.004|4|4|Y|08-06-2026 09:47:02|08-06-2026 09:47:02||||08-06-2026 09:58:21|08-07-2026 08:33:38|08-07-2026 08:33:38|08-07-2026 11:16:39||08-07-2026 11:17:33|08-07-2026 11:17:33|08-31-2026 10:39:09|25.51|600.87|575.36
BRCJM01|BRGACMES|BRGACMES|8000019373|Shipped|NORMAL||59600427000173|38408-144|MG|BR|TAC UBA-UDE||1|.2|.002|2|2|Y|08-06-2026 09:47:02|08-06-2026 09:47:02||||08-06-2026 09:58:21|08-07-2026 08:54:51|08-07-2026 08:54:51|08-07-2026 10:07:25||08-11-2026 14:26:19|08-07-2026 10:08:29|08-11-2026 14:26:19|124.65|124.65|0
BRCJM01|BRGACMES|BRGACMES|8000019374|Shipped|NORMAL||59895385000145|80240-545|PR|BR|TAC CWB||1|.8|.008|8|8|Y|08-06-2026 09:47:02|08-06-2026 09:47:02||||08-06-2026 09:58:21|08-07-2026 08:29:31|08-07-2026 08:29:31|08-07-2026 08:36:09||08-11-2026 14:26:20|08-07-2026 08:37:06|08-11-2026 14:26:20|124.66|124.66|0
BRCJM01|BRGACMES|BRGACMES|8000019375|Shipped|NORMAL||59338607000200|24030-211|RJ|BR|DSV||1|.2|.002|2|2|Y|08-06-2026 09:48:03|08-06-2026 09:48:03||||08-06-2026 09:58:21|08-07-2026 10:25:55|08-07-2026 10:25:55|08-07-2026 10:27:48||08-07-2026 10:28:16|08-07-2026 10:28:16|08-31-2026 10:39:18|24.67|600.85|576.18
BRCJM01|BRGACMES|BRGACMES|8000019376|Shipped|NORMAL||59286249000158|90240-620|RS|BR|TRANSTRY||1|.2|.002|2|2|Y|08-06-2026 09:48:03|08-06-2026 09:48:03||||08-06-2026 09:58:21|08-07-2026 08:26:39|08-07-2026 08:26:39|08-07-2026 08:41:24||08-07-2026 08:42:35|08-07-2026 08:42:35|08-15-2026 11:50:17|22.91|218.04|195.13
BRCJM01|BRGACMES|BRGACMES|8000019377|Shipped|NORMAL||58873822000248|88331-490|SC|BR|TAC CWB||1|.2|.002|2|2|Y|08-06-2026 09:48:03|08-06-2026 09:48:03||||08-06-2026 09:58:21|08-07-2026 08:25:25|08-07-2026 08:25:25|08-07-2026 08:53:16||08-07-2026 08:53:40|08-07-2026 08:53:40|08-11-2026 14:26:16|23.09|124.64|101.54
BRCJM01|BRGACMES|BRGACMES|8000019378|Shipped|NORMAL||58873822000167|88101-101|SC|BR|TAC CWB||1|.2|.002|2|2|Y|08-06-2026 09:48:03|08-06-2026 09:48:03||||08-06-2026 09:58:21|08-07-2026 08:22:20|08-07-2026 08:22:20|08-07-2026 10:23:25||08-07-2026 10:23:53|08-07-2026 10:23:53|08-11-2026 14:26:16|24.6|124.64|100.04
BRCJM01|BRGACMES|BRGACMES|8000019379|Shipped|NORMAL||59630650000163|40276-200|BA|BR|TERMACO||1|.2|.002|2|2|Y|08-06-2026 09:48:03|08-06-2026 09:48:03||||08-06-2026 09:58:21|08-07-2026 08:20:48|08-07-2026 08:20:48|08-07-2026 10:30:31||08-11-2026 14:26:19|08-07-2026 10:31:06|08-11-2026 14:26:19|124.64|124.64|0
BRCJM01|BRGACMES|BRGACMES|8000019380|Shipped|NORMAL||59039599000462|77023-002|TO|BR|FAVORITA||1|.2|.002|2|2|Y|08-06-2026 09:48:03|08-06-2026 09:48:03||||08-06-2026 09:58:21|08-07-2026 08:19:08|08-07-2026 08:19:08|08-07-2026 10:33:16||08-07-2026 10:34:06|08-07-2026 10:34:06|08-11-2026 14:26:17|24.77|124.64|99.87
BRCJM01|BRGACMES|BRGACMES|8000019381|Shipped|NORMAL||68639251001711|22631-000|RJ|BR|ANDRE/TRANSP||1|.2|.002|2|2|Y|08-06-2026 09:48:03|08-06-2026 09:48:03||||08-06-2026 09:58:21|08-07-2026 08:15:49|08-07-2026 08:15:49|08-07-2026 10:51:27||08-07-2026 10:52:13|08-07-2026 10:52:14|08-15-2026 11:50:20|25.07|218.04|192.97
BRCJM01|BRGACMES|BRGACMES|8000019382|Shipped|NORMAL||60402973000260|89204-004|SC|BR|TAC CWB||1|.2|.002|2|2|Y|08-06-2026 09:48:03|08-06-2026 09:48:03||||08-06-2026 09:58:21|08-07-2026 08:12:33|08-07-2026 08:12:33|08-07-2026 10:56:48||08-11-2026 14:26:21|08-07-2026 10:57:47|08-11-2026 14:26:21|124.64|124.64|0
BRCJM01|BRGACMES|BRGACMES|8000019383|Shipped|NORMAL||60402973000189|89051-000|SC|BR|TAC CWB||1|.2|.002|2|2|Y|08-06-2026 09:48:03|08-06-2026 09:48:03||||08-06-2026 09:58:22|08-07-2026 08:14:10|08-07-2026 08:14:10|08-07-2026 10:46:48||08-11-2026 14:26:21|08-07-2026 10:47:24|08-11-2026 14:26:21|124.64|124.64|0
BRCJM01|BRGACMES|BRGACMES|8000019384|Shipped|NORMAL||60259875000134|17012-648|SP|BR|TRANSTRY||1|.6|.006|6|6|Y|08-06-2026 09:48:03|08-06-2026 09:48:03||||08-06-2026 09:58:22|08-07-2026 07:56:50|08-07-2026 07:56:50|08-07-2026 11:03:28||08-07-2026 11:04:20|08-07-2026 11:04:20|08-15-2026 11:50:19|25.27|218.04|192.77
BRCJM01|BRGACMES|BRGACMES|8000019385|Shipped|NORMAL||57615766000106||||TAC DSV||1|.2|.002|2|2|Y|08-06-2026 09:52:06|08-06-2026 09:52:06||||08-06-2026 09:58:22|08-07-2026 08:01:38|08-07-2026 08:01:39|08-07-2026 10:41:36||08-07-2026 10:42:10|08-07-2026 10:42:10|08-11-2026 14:26:16|24.83|124.57|99.74
BRCJM01|BRGACMES|BRGACMES|8000019386|Shipped|NORMAL||66109006000100||||TAC DSV||1|.2|.002|2|2|Y|08-06-2026 09:52:06|08-06-2026 09:52:06||||08-06-2026 09:58:22|08-06-2026 11:46:05|08-06-2026 11:46:05|08-06-2026 14:27:51||08-06-2026 14:28:14|08-06-2026 14:28:14|08-11-2026 14:26:21|4.6|124.57|119.97
BRCJM01|BRGACMES|BRGACMES|8000019387|Shipped|NORMAL||57166756000122||||TAC DSV||1|.4|.004|4|4|Y|08-06-2026 09:52:06|08-06-2026 09:52:06||||08-06-2026 09:58:22|08-07-2026 08:03:12|08-07-2026 08:03:12|08-07-2026 09:00:55||08-07-2026 09:01:16|08-07-2026 09:01:16|08-11-2026 14:26:15|23.15|124.57|101.42
BRCJM01|BRGACMES|BRGACMES|8000019428|Shipped|NORMAL||59895385000226|86072-000|PR|BR|ALL IN||2|.2|.002|2|2|Y|08-06-2026 09:48:03|08-06-2026 09:48:03|||08-11-2026 21:37:42|08-14-2026 10:20:58|08-14-2026 13:47:38|08-14-2026 13:49:39|08-14-2026 15:34:06||08-14-2026 15:34:23|08-14-2026 15:34:23|08-21-2026 16:10:36|197.77|366.38|168.6
BRCJM01|BRGACMES|BRGACMES|8000019429|Shipped|NORMAL||58873822000248|88331-490|SC|BR|TAC CWB||1|0|0|60|60|Y|08-06-2026 09:48:04|08-06-2026 09:48:04|||08-11-2026 21:37:38|08-14-2026 10:20:58|08-15-2026 11:23:43|08-15-2026 11:23:50|08-15-2026 16:26:10||08-15-2026 16:26:25|08-15-2026 16:26:25|08-21-2026 16:10:23|222.64|366.37|143.73
BRCJM01|BRGACMES|BRGACMES|8000019430|Shipped|RUSH||59630650000163|40276-200|BA|BR|TERMACO||1|.1|.001|1|1|Y|08-06-2026 09:48:03|08-06-2026 09:48:03|||08-07-2026 17:05:05|08-07-2026 17:06:47|08-07-2026 22:02:33|08-07-2026 22:02:33|08-08-2026 01:52:53||08-11-2026 14:26:19|08-08-2026 01:53:11|08-11-2026 14:26:19|124.64|124.64|0
BRCJM01|BRGACMES|BRGACMES|8000019431|Shipped|RUSH||59897625000221|13420-355|SP|BR|DSV||1|0|0|20|20|Y|08-06-2026 09:48:04|08-06-2026 09:48:04|||08-11-2026 21:37:42|08-14-2026 10:20:58|08-14-2026 15:28:53|08-14-2026 15:28:53|08-14-2026 15:32:44||08-14-2026 15:34:46|08-14-2026 15:34:46|08-31-2026 10:39:31|197.78|600.86|403.08
BRCJM01|BRGACMES|BRGACMES|8000019432|Shipped|NORMAL||59897625000302||||TAC DSV||2|2|.02|40|40|Y|08-06-2026 09:52:06|08-06-2026 09:52:06|||08-11-2026 21:37:42|08-14-2026 10:20:59|08-19-2026 03:53:34|08-19-2026 03:54:29|08-19-2026 04:46:26||08-19-2026 04:52:21|08-19-2026 04:52:21|08-21-2026 16:10:36|307|366.31|59.3
BRCJM01|BRGACMES|BRGACMES|8000019433|Shipped|NORMAL||59897625000302||||DSV||2|0|0|40|40|Y|08-06-2026 09:52:06|08-06-2026 09:52:06|||08-11-2026 21:37:42|08-14-2026 10:20:59|08-14-2026 13:13:59|08-14-2026 13:19:20|08-14-2026 15:47:22||08-14-2026 15:48:04|08-14-2026 15:48:04|08-31-2026 10:39:32|197.93|600.79|402.86
BRCJM01|BRGACMES|BRGACMES|8000019434|Shipped|NORMAL||59039599000381|69053-355|AM|BR|NORTEX||2|0|0|2|2|Y|08-06-2026 09:48:04|08-06-2026 09:48:04|||08-11-2026 21:37:39|08-14-2026 10:20:58|08-15-2026 02:10:21|08-15-2026 12:52:28|08-15-2026 16:09:17||08-15-2026 16:09:55|08-15-2026 16:09:55|08-21-2026 16:10:26|222.36|366.37|144.01
BRCJM01|BRGACMES|BRGACMES|8000019435|Shipped|NORMAL||59039599000381|69053-355|AM|BR|NORTEX||1|0|0|1|1|Y|08-06-2026 09:48:04|08-06-2026 09:48:04|||08-11-2026 21:37:39|08-14-2026 10:20:58|08-15-2026 12:40:09|08-15-2026 12:40:09|08-16-2026 10:59:15||08-16-2026 10:59:52|08-16-2026 10:59:52|08-21-2026 16:10:26|241.2|366.37|125.18
BRCJM01|BRGACMES|BRGACMES|8000019439|Shipped|RUSH||60279014000118|54315-570|PE|BR|TERMACO||1|0|0|1|1|Y|08-06-2026 09:48:04|08-06-2026 09:48:04|||08-11-2026 21:37:42|08-12-2026 15:15:51|08-12-2026 15:24:53|08-12-2026 15:24:53|08-12-2026 15:31:36||08-12-2026 15:32:38|08-12-2026 15:32:38|08-18-2026 09:46:11|149.74|287.97|138.23
BRCJM01|BRGACMES|BRGACMES|8000019440|Shipped|NORMAL||59871299000100|14021-610|SP|BR|DSV||1|0|0|1|1|Y|08-06-2026 09:48:04|08-06-2026 09:48:04|||08-11-2026 21:37:41|08-14-2026 10:20:58|08-14-2026 18:03:01|08-14-2026 18:03:01|08-14-2026 19:35:02||08-14-2026 19:45:01|08-14-2026 19:45:01|08-31-2026 10:39:23|201.95|600.86|398.91
BRCJM01|BRGACMES|BRGACMES|8000019441|Shipped|NORMAL||59895385000145|80240-545|PR|BR|DSV||1|0|0|1|1|Y|08-06-2026 09:48:04|08-06-2026 09:48:04|||08-11-2026 21:37:41|08-14-2026 10:20:58|08-14-2026 18:11:14|08-14-2026 18:11:14|08-14-2026 19:42:15||08-14-2026 19:44:16|08-14-2026 19:44:16|08-31-2026 10:39:25|201.94|600.86|398.92
BRCJM01|BRGACMES|BRGACMES|8000019442|Shipped|NORMAL||60279014000118|54315-570|PE|BR|TERMACO||1|0|0|1|1|Y|08-06-2026 09:48:04|08-06-2026 09:48:04|||08-11-2026 21:37:42|08-14-2026 10:20:58|08-14-2026 18:00:45|08-14-2026 18:00:45|08-14-2026 19:40:09||08-14-2026 19:45:24|08-14-2026 19:45:24|08-21-2026 16:10:37|201.96|366.38|164.42
BRCJM01|BRGACMES|BRGACMES|8000019443|Shipped|RUSH||59871299000100|14021-610|SP|BR|DSV||1|0|0|1|1|Y|08-06-2026 09:48:04|08-06-2026 09:48:04|||08-11-2026 21:37:41|08-12-2026 14:08:20|08-12-2026 14:29:46|08-12-2026 14:29:46|08-12-2026 14:51:55||08-12-2026 14:52:16|08-12-2026 14:52:16|08-31-2026 10:39:23|149.07|600.86|451.79
BRCJM01|BRGACMES|BRGACMES|8000019444|Shipped|NORMAL||59895385000145|80240-545|PR|BR|DSV||1|0|0|1|1|Y|08-06-2026 09:48:04|08-06-2026 09:48:04|||08-11-2026 21:37:41|08-14-2026 10:20:58|08-18-2026 00:22:22|08-18-2026 00:22:22|08-18-2026 05:36:29||08-18-2026 05:41:26|08-18-2026 05:41:26|08-31-2026 10:39:25|283.89|600.86|316.97
BRCJM01|BRGACMES|BRGACMES|8000019445|Shipped|NORMAL||59895385000145|80240-545|PR|BR|TAC CWB||1|0|0|1|1|Y|08-06-2026 09:48:04|08-06-2026 09:48:04|||08-11-2026 21:37:41|08-14-2026 10:20:59|08-15-2026 12:36:22|08-15-2026 12:36:22|08-16-2026 10:57:06||08-16-2026 10:57:51|08-16-2026 10:57:51|08-21-2026 16:10:32|241.16|366.37|125.21
BRCJM01|BRGACMES|BRGACMES|8000019446|Shipped|NORMAL||29177311000102|05016-090|SP|BR|TRANSP DSV||4|0|0|4|4|Y|08-06-2026 09:48:04|08-06-2026 09:48:04|||08-11-2026 09:43:35|08-11-2026 09:46:31|08-11-2026 11:01:57|08-12-2026 08:08:05|08-12-2026 08:51:04||08-12-2026 08:52:24|08-12-2026 08:52:24|08-15-2026 11:50:14|143.07|218.04|74.96
BRCJM01|BRGACMES|BRGACMES|8000019447|Shipped|RUSH||59600427000173|38408-144|MG|BR|TAC UBA-UDE||2|.1|.001|2|2|Y|08-06-2026 09:48:04|08-06-2026 09:48:04|||08-07-2026 17:05:05|08-07-2026 17:06:47|08-07-2026 21:53:57|08-07-2026 21:55:10|08-08-2026 13:49:22||08-11-2026 14:26:19|08-08-2026 13:49:50|08-11-2026 14:26:19|124.64|124.64|0
BRCJM01|BRGACMES|BRGACMES|8000019448|Shipped|NORMAL||59895385000145|80240-545|PR|BR|DSV||1|0|0|1|1|Y|08-06-2026 09:48:05|08-06-2026 09:48:04|||08-11-2026 21:37:41|08-14-2026 10:20:59|08-14-2026 13:32:47|08-14-2026 13:32:47|08-14-2026 16:15:18||08-14-2026 16:16:06|08-14-2026 16:16:06|08-31-2026 10:39:25|198.47|600.86|402.39
BRCJM01|BRGACMES|BRGACMES|8000019449|Shipped|NORMAL||59897625000140|13206-765|SP|BR|ANDRE/TRANSP||2|2|.02|40|40|Y|08-06-2026 09:48:05|08-06-2026 09:48:05|||08-11-2026 21:37:42|08-14-2026 10:20:59|08-19-2026 00:58:15|08-19-2026 01:07:57|08-19-2026 03:35:02||08-19-2026 03:42:52|08-19-2026 03:42:52|08-21-2026 16:10:36|305.91|366.38|60.46
BRCJM01|BRGACMES|BRGACMES|8000019450|Shipped|NORMAL||59897625000140|13206-765|SP|BR|ANDRE/TRANSP||2|0|0|40|40|Y|08-06-2026 09:48:05|08-06-2026 09:48:05|||08-11-2026 21:37:42|08-14-2026 10:20:59|08-14-2026 13:24:51|08-14-2026 13:28:39|08-14-2026 15:58:20||08-14-2026 15:59:52|08-14-2026 15:59:52|08-21-2026 16:10:36|198.2|366.38|168.18
BRCJM01|BRGACMES|BRGACMES|8000019451|Shipped|NORMAL||59052866000270|03340-000|SP|BR|DSV||1|0|0|1|1|Y|08-06-2026 09:48:05|08-06-2026 09:48:05|||08-11-2026 21:37:39|08-14-2026 10:20:59|08-14-2026 18:32:44|08-14-2026 18:32:44|08-14-2026 20:00:06||08-14-2026 20:01:15|08-14-2026 20:01:15|08-31-2026 10:39:14|202.22|600.85|398.63
BRCJM01|BRGACMES|BRGACMES|8000019452|Shipped|NORMAL||59052866000270|03340-000|SP|BR|DSV||1|0|0|1|1|Y|08-06-2026 09:48:05|08-06-2026 09:48:05|||08-11-2026 21:37:39|08-14-2026 10:20:59|08-14-2026 18:31:07|08-14-2026 18:31:07|08-14-2026 19:57:40||08-14-2026 19:58:37|08-14-2026 19:58:38|08-31-2026 10:39:14|202.18|600.85|398.68
BRCJM01|BRGACMES|BRGACMES|8000019453|Shipped|RUSH||58957368000394|58028-880|PB|BR|TERMACO||1|0|0|10|10|Y|08-06-2026 16:47:25|08-06-2026 16:47:25|||08-07-2026 17:05:05|08-07-2026 17:06:47|08-07-2026 21:27:16|08-07-2026 21:27:16|08-08-2026 12:26:06||08-08-2026 13:57:13|08-08-2026 13:57:13|08-11-2026 14:26:17|45.16|117.65|72.48
BRCJM01|BRGACMES|BRGACMES|8000019464|Shipped|NORMAL||58957368000122|59063-200|RN|BR|TERMACO||1|0|0|20|20|Y|08-06-2026 16:47:25|08-11-2026 16:23:45|||08-11-2026 16:23:46|08-14-2026 10:21:01|08-15-2026 00:44:42|08-15-2026 00:44:42|08-15-2026 02:14:16||08-15-2026 03:00:32|08-15-2026 03:00:32|08-21-2026 16:10:24|202.22|359.38|157.16
BRCJM01|BRGACMES|BRGACMES|8000019465|Shipped|NORMAL||59523091000354|09521-040|SP|BR|DSV||1|0|0|10|10|Y|08-06-2026 16:47:25|08-11-2026 16:23:47|||08-11-2026 16:23:47|08-14-2026 10:21:01|08-15-2026 00:48:07|08-15-2026 00:48:07|08-15-2026 02:17:26||08-15-2026 03:00:39|08-15-2026 03:00:39|08-31-2026 10:39:21|202.22|593.87|391.65
BRCJM01|BRGACMES|BRGACMES|8000019466|Shipped|NORMAL||59338607000200|24030-211|RJ|BR|ANDRE/TRANSP||3|.2|.002|3|3|Y|08-06-2026 16:47:24|08-11-2026 16:23:47|||08-11-2026 16:23:47|08-14-2026 10:21:01|08-18-2026 04:11:59|08-18-2026 10:26:18|08-18-2026 11:40:12||08-18-2026 11:41:07|08-18-2026 11:41:07|08-21-2026 16:10:29|282.9|359.38|76.49
BRCJM01|BRGACMES|BRGACMES|8000019476|Shipped|NORMAL||68639251001711|22631-000|RJ|BR|ANDRE/TRANSP||1|0|0|10|10|Y|08-06-2026 16:47:25|08-11-2026 16:23:47|||08-11-2026 16:23:47|08-14-2026 10:21:01|08-15-2026 00:51:12|08-15-2026 00:51:12|08-15-2026 02:19:21||08-15-2026 03:00:28|08-15-2026 03:00:28|08-21-2026 16:10:38|202.22|359.39|157.17
BRCJM01|BRGACMES|BRGACMES|8000019477|Shipped|NORMAL||59039599000462|77023-002|TO|BR|FAVORITA||1|0|0|15|15|Y|08-06-2026 16:47:25|08-11-2026 16:23:47|||08-11-2026 16:23:47|08-14-2026 10:21:01|08-15-2026 00:53:28|08-15-2026 00:53:28|08-19-2026 02:37:44||08-19-2026 02:43:51|08-19-2026 02:43:51|08-21-2026 16:10:27|297.94|359.38|61.44
BRCJM01|BRGACMES|BRGACMES|8000019478|Shipped|NORMAL||58957368000394|58028-880|PB|BR|TERMACO||1|0|0|10|10|Y|08-06-2026 16:47:25|08-11-2026 16:23:47|||08-11-2026 16:23:47|08-14-2026 10:21:01|08-15-2026 00:55:07|08-15-2026 00:55:07|08-15-2026 01:49:21||08-15-2026 05:46:04|08-15-2026 05:46:04|08-21-2026 16:10:26|204.98|359.38|154.41
BRCJM01|BRGACMES|BRGACMES|8000019479|Shipped|NORMAL||58957368000394|58028-880|PB|BR|TERMACO||1|0|0|15|15|Y|08-06-2026 16:47:25|08-11-2026 16:23:47|||08-11-2026 16:23:47|08-14-2026 10:21:01|08-15-2026 11:25:18|08-15-2026 11:25:18|08-15-2026 15:49:19||08-15-2026 15:51:31|08-15-2026 15:51:31|08-21-2026 16:10:26|215.07|359.38|144.32
BRCJM01|BRGACMES|BRGACMES|8000019480|Shipped|NORMAL||58957368000394|58028-880|PB|BR|TERMACO||1|0|0|30|30|Y|08-06-2026 16:47:25|08-11-2026 16:23:47|||08-11-2026 16:23:47|08-14-2026 10:21:01|08-14-2026 16:51:44|08-14-2026 16:53:15|08-14-2026 16:58:00||08-14-2026 16:59:54|08-14-2026 16:59:54|08-21-2026 16:10:26|192.21|359.38|167.18
BRCJM01|BRGACMES|BRGACMES|8000019481|Shipped|NORMAL||58957368000394|58028-880|PB|BR|TERMACO||1|3|.03|30|30|Y|08-06-2026 16:47:25|08-11-2026 16:23:48|||08-11-2026 16:23:48|08-14-2026 10:21:01|08-15-2026 12:22:34|08-15-2026 12:22:35|08-15-2026 16:40:06||08-15-2026 16:40:30|08-15-2026 16:40:30|08-21-2026 16:10:26|215.88|359.38|143.5
BRCJM01|BRGACMES|BRGACMES|8000019482|Shipped|NORMAL||59897625000221|13420-355|SP|BR|DSV||1|0|0|20|20|Y|08-06-2026 16:47:26|08-11-2026 16:23:48|||08-11-2026 16:23:48|08-14-2026 10:21:01|08-15-2026 11:26:35|08-15-2026 11:26:35|08-15-2026 15:56:17||08-15-2026 15:56:28|08-15-2026 15:56:28|08-31-2026 10:39:32|215.15|593.87|378.72
BRCJM01|BRGACMES|BRGACMES|8000019483|Shipped|NORMAL||59897625000302||||DSV||3|2|.02|40|40|Y|08-06-2026 16:49:27|08-06-2026 16:49:27|||08-06-2026 16:52:41|08-10-2026 13:49:24|08-31-2026 19:23:12|09-01-2026 12:28:00|09-01-2026 12:47:02||09-01-2026 12:48:19|09-01-2026 12:48:19|09-04-2026 14:36:30|619.98|693.78|73.8
BRCJM01|BRGACMES|BRGACMES|8000019484|Shipped|NORMAL||58873822000248|88331-490|SC|BR|TAC CWB||1|.1|.001|1|1|Y|08-06-2026 16:47:26|08-11-2026 16:23:48|||08-11-2026 16:23:48|08-14-2026 10:21:02|08-15-2026 11:32:33|08-15-2026 11:32:33|08-15-2026 15:53:16||08-15-2026 15:53:37|08-15-2026 15:53:37|08-21-2026 16:10:24|215.1|359.38|144.28
BRCJM01|BRGACMES|BRGACMES|8000019486|Shipped|NORMAL||59895385000145|80240-545|PR|BR|DSV||1|0|0|50|50|Y|08-06-2026 16:47:26|08-11-2026 16:23:48|||08-11-2026 16:23:48|08-14-2026 10:21:02|08-15-2026 01:08:30|08-15-2026 01:09:00|08-15-2026 02:30:01||08-15-2026 05:21:50|08-15-2026 05:21:50|08-31-2026 10:39:25|204.57|593.87|389.29
BRCJM01|BRGACMES|BRGACMES|8000019487|Shipped|NORMAL||60279014000118|54315-570|PE|BR|TERMACO||1|0|0|10|10|Y|08-06-2026 16:47:26|08-11-2026 16:23:48|||08-11-2026 16:23:48|08-14-2026 10:21:02|08-15-2026 01:04:14|08-15-2026 01:04:14|08-15-2026 01:55:47||08-15-2026 05:46:50|08-15-2026 05:46:50|08-21-2026 16:10:37|204.99|359.39|154.4
BRCJM01|BRGACMES|BRGACMES|8000019488|Shipped|NORMAL||58956147000130|60810-786|CE|BR|TERMACO||1|0|0|20|20|Y|08-06-2026 16:47:26|08-11-2026 16:23:48|||08-11-2026 16:23:48|08-14-2026 10:21:02|08-15-2026 01:00:56|08-15-2026 01:00:56|08-15-2026 02:03:29||08-15-2026 05:47:05|08-15-2026 05:47:05|08-21-2026 16:10:24|204.99|359.38|154.39
BRCJM01|BRGACMES|BRGACMES|8000019489|Shipped|NORMAL||59897625000140|13206-765|SP|BR|DSV||3|1|.01|50|50|Y|08-06-2026 16:47:26|08-11-2026 16:23:49|||08-11-2026 16:23:49|08-14-2026 10:21:02|08-15-2026 01:18:40|08-15-2026 01:52:21|08-15-2026 02:29:22||08-15-2026 05:47:33|08-15-2026 05:47:34|08-31-2026 10:39:31|205|593.87|388.87
BRCJM01|BRGACMES|BRGACMES|8000019490|Shipped|NORMAL||59600427000173|38408-144|MG|BR|TAC UBA-UDE||1|0|0|15|15|Y|08-06-2026 16:47:26|08-11-2026 16:23:49|||08-11-2026 16:23:49|08-14-2026 10:21:02|08-15-2026 10:35:56|08-15-2026 10:35:56|08-15-2026 15:00:44||08-15-2026 15:01:17|08-15-2026 15:01:17|08-21-2026 16:10:31|214.23|359.38|145.15
BRCJM01|BRGACMES|BRGACMES|8000019491|Shipped|NORMAL||59216158000146|11050-201|SP|BR|TAC DSV||1|0|0|1|1|Y|08-06-2026 16:47:26|08-11-2026 16:23:49|||08-11-2026 16:23:49|08-14-2026 10:21:02|08-14-2026 12:49:27|08-14-2026 12:49:27|08-14-2026 15:39:43||08-14-2026 15:46:30|08-14-2026 15:46:30|08-21-2026 16:10:27|190.98|359.38|168.4
BRCJM01|BRGACMES|BRGACMES|8000019594|Shipped|NORMAL||59897625000302||||DSV||4|0|0|4|4|Y|08-07-2026 16:37:02|08-07-2026 16:37:02|||08-07-2026 16:38:32|08-10-2026 13:49:24|08-31-2026 16:57:09|09-01-2026 10:25:37|09-01-2026 13:45:16||09-01-2026 13:47:46|09-01-2026 13:47:46|09-04-2026 14:36:30|597.18|669.99|72.81
BRCJM01|BRGACMES|BRGACMES|8000019595|Shipped|NORMAL||59286249000158|90240-620|RS|BR|TRANSTRY||1|.1|.001|1|1|Y|08-07-2026 15:52:47|08-07-2026 15:52:47|||08-11-2026 21:37:40|08-14-2026 10:21:00|08-15-2026 12:28:12|08-15-2026 12:28:12|08-16-2026 11:14:40||08-16-2026 11:19:26|08-16-2026 11:19:26|08-21-2026 16:10:28|211.44|336.29|124.85
BRCJM01|BRGACMES|BRGACMES|8000019596|Shipped|NORMAL||58267919000479|71608-900|DF|BR|ALL IN||10|.1|.001|30|30|Y|08-07-2026 15:52:47|08-07-2026 15:52:47|||08-11-2026 21:37:37|08-14-2026 10:21:00|08-14-2026 14:34:16|08-15-2026 03:06:15|08-15-2026 03:54:07||08-15-2026 05:49:49|08-15-2026 05:49:49|08-21-2026 16:10:23|181.95|336.29|154.34
BRCJM01|BRGACMES|BRGACMES|8000019597|Shipped|NORMAL||58267919000126|71200-022|DF|BR|ALL IN||2|0|0|2|2|Y|08-07-2026 15:52:46|08-07-2026 15:52:46|||08-11-2026 21:37:37|08-14-2026 10:20:59|08-14-2026 13:09:27|08-14-2026 13:11:29|08-14-2026 16:09:41||08-14-2026 16:10:24|08-14-2026 16:10:24|08-21-2026 16:10:21|168.29|336.29|168
BRCJM01|BRGACMES|BRGACMES|8000019598|Shipped|NORMAL||58267919000126|71200-022|DF|BR|ALL IN||1|0|0|1|1|Y|08-07-2026 15:52:47|08-07-2026 15:52:47|||08-11-2026 21:37:37|08-14-2026 10:21:00|08-14-2026 13:05:07|08-14-2026 13:05:07|08-14-2026 16:02:21||08-14-2026 16:02:55|08-14-2026 16:02:55|08-21-2026 16:10:21|168.17|336.29|168.12
BRCJM01|BRGACMES|BRGACMES|8000019599|Shipped|NORMAL||60402973000260|89204-004|SC|BR|DSV||4|0|0|91|91|Y|08-07-2026 15:52:47|08-07-2026 15:52:47|||08-11-2026 21:37:42|08-14-2026 10:21:00|08-18-2026 08:14:13|08-18-2026 10:39:38|08-18-2026 12:09:59||08-31-2026 10:39:35|08-18-2026 12:10:43|08-31-2026 10:39:35|570.78|570.78|0
BRCJM01|BRGACMES|BRGACMES|8000019601|Shipped|NORMAL||59895385000226|86072-000|PR|BR|ALL IN||1|0|0|1|1|Y|08-07-2026 15:52:47|08-07-2026 15:52:47|||08-11-2026 21:37:42|08-14-2026 10:21:01|08-14-2026 12:58:26|08-14-2026 12:58:26|08-14-2026 15:00:33||08-14-2026 15:07:41|08-14-2026 15:07:41|08-21-2026 16:10:36|167.25|336.3|169.05
BRCJM01|BRGACMES|BRGACMES|8000019627|Shipped|RUSH||58873822000248|88331-490|SC|BR|DSV||1|.1|.001|1|1|Y|08-07-2026 15:52:48|08-07-2026 15:52:48|||08-07-2026 17:05:05|08-07-2026 17:06:47|08-19-2026 10:22:14|08-19-2026 10:22:14|08-19-2026 12:03:14||08-27-2026 08:46:20|08-27-2026 08:46:20|08-31-2026 10:39:12|472.89|570.77|97.88
BRCJM01|BRGACMES|BRGACMES|8000019628|Shipped|NORMAL||59286249000158|90240-620|RS|BR|TRANSTRY||1|0|0|1|1|Y|08-07-2026 15:52:47|08-07-2026 15:52:47|||08-11-2026 21:37:40|08-14-2026 10:21:01|08-14-2026 12:54:30|08-14-2026 12:54:30|08-14-2026 16:21:36||08-14-2026 16:22:01|08-14-2026 16:22:01|08-21-2026 16:10:28|168.49|336.29|167.81
BRCJM01|BRGACMES|BRGACMES|8000019768|Shipped|NORMAL||58957368000394|58028-880|PB|BR|DSV||10|.4|.004|14|14|Y|08-11-2026 16:23:49|08-11-2026 16:23:49||||08-14-2026 10:21:02|08-16-2026 07:46:35|08-21-2026 10:46:20|08-25-2026 10:33:20||08-25-2026 10:35:00|08-25-2026 10:35:01|09-04-2026 14:36:23|330.19|574.21|244.02
BRCJM01|BRGACMES|BRGACMES|8000019769|Shipped|RUSH||58267919000207|31255-234|MG|BR|ANDRE/TRANSP||5|3.5|.035|86|86|Y|08-11-2026 16:23:49|08-11-2026 16:23:49||||08-14-2026 10:21:03|08-14-2026 13:50:18|08-14-2026 19:20:37|08-14-2026 21:16:39||08-14-2026 21:33:49|08-14-2026 21:33:49|08-21-2026 16:10:21|77.17|239.78|162.61
BRCJM01|BRGACMES|BRGACMES|8000019770|Shipped|NORMAL||58957368000122|59063-200|RN|BR|TERMACO||1|0|0|1|1|Y|08-11-2026 16:23:49|08-11-2026 16:23:49||||08-14-2026 10:21:03|08-14-2026 12:45:44|08-14-2026 12:45:44|08-14-2026 15:35:58||08-14-2026 15:36:42|08-14-2026 15:36:42|08-21-2026 16:10:24|71.21|239.78|168.56
BRCJM01|BRGACMES|BRGACMES|8000019771|Shipped|NORMAL||58873822000248|88331-490|SC|BR|TAC CWB||1|.1|.001|1|1|Y|08-11-2026 16:23:50|08-11-2026 16:23:50||||08-14-2026 10:21:03|08-14-2026 14:23:45|08-14-2026 14:23:45|08-14-2026 16:09:21||08-14-2026 16:10:43|08-14-2026 16:10:43|08-21-2026 16:10:24|71.78|239.78|167.99
BRCJM01|BRGACMES|BRGACMES|8000019772|Shipped|NORMAL||58267919000479|71608-900|DF|BR|ALL IN||3|.7|.007|7|7|Y|08-11-2026 16:23:50|08-11-2026 16:23:50||||08-14-2026 10:21:03|08-14-2026 12:37:00|08-14-2026 12:56:28|08-14-2026 13:57:13||08-14-2026 15:15:32|08-14-2026 15:15:32|08-21-2026 16:10:23|70.86|239.78|168.91
BRCJM01|BRGACMES|BRGACMES|8000019773|Shipped|NORMAL||59871299000100|14021-610|SP|BR|ALL IN||1|2|.02|20|20|Y|08-11-2026 16:23:50|08-11-2026 16:23:50||||08-14-2026 10:21:03|08-15-2026 10:42:34|08-15-2026 10:42:34|08-15-2026 16:30:13||08-15-2026 16:31:12|08-15-2026 16:31:12|08-21-2026 16:10:31|96.12|239.78|143.66
BRCJM01|BRGACMES|BRGACMES|8000019790|Shipped|NORMAL||59405379000243||||TAC DSV||1|.1|.001|1|1|Y|08-11-2026 16:26:53|08-11-2026 16:26:53||||08-14-2026 10:21:06|08-15-2026 11:16:06|08-15-2026 15:39:01|08-15-2026 15:39:31||08-15-2026 15:40:41|08-15-2026 15:40:41|08-21-2026 16:10:30|95.23|239.73|144.5
BRCJM01|BRGACMES|BRGACMES|8000019791|Shipped|RUSH||59897625000221|13420-355|SP|BR|DSV||1|.1|.001|1|1|Y|08-11-2026 16:23:50|08-11-2026 16:23:50||||08-11-2026 17:23:03|08-14-2026 13:42:14|08-14-2026 13:42:14|08-14-2026 14:06:31||08-14-2026 15:52:03|08-14-2026 15:52:03|08-31-2026 10:39:32|71.47|474.26|402.79
BRCJM01|BRGACMES|BRGACMES|8000019798|Shipped|NORMAL||60402973000260|89204-004|SC|BR|TAC CWB||1|.1|.001|1|1|Y|08-11-2026 16:23:50|08-11-2026 16:23:50||||08-14-2026 10:21:03|08-14-2026 18:45:37|08-14-2026 18:45:37|08-14-2026 22:40:32||08-14-2026 22:44:24|08-14-2026 22:44:24|08-18-2026 09:46:11|78.34|161.37|83.03
BRCJM01|BRGACMES|BRGACMES|8000019799|Shipped|NORMAL||60259875000215||||TAC DSV||3|0|0|7|7|Y|08-11-2026 16:26:54|08-11-2026 16:26:54||||08-14-2026 10:21:07|08-16-2026 09:07:44|08-17-2026 12:37:55|08-17-2026 15:02:57||08-17-2026 15:03:49|08-17-2026 15:03:49|08-21-2026 16:10:37|142.62|239.73|97.11
BRCJM01|BRGACMES|BRGACMES|8000019800|Shipped|NORMAL||60402973000189|89051-000|SC|BR|TAC CWB||6|.1|.001|6|6|Y|08-11-2026 16:24:50|08-11-2026 16:24:50||||08-14-2026 10:21:03|08-18-2026 02:54:04|08-18-2026 20:16:53|08-19-2026 04:14:19||08-19-2026 04:32:25|08-19-2026 04:32:26|08-21-2026 16:10:38|180.13|239.76|59.64
BRCJM01|BRGACMES|BRGACMES|8000019801|Shipped|NORMAL||59052866000270|03340-000|SP|BR|TRANSP DSV||1|0|0|1|1|Y|08-11-2026 16:24:50|08-11-2026 16:24:50||||08-14-2026 10:21:03|08-15-2026 12:44:01|08-15-2026 12:44:01|08-16-2026 11:01:29||08-16-2026 11:01:48|08-16-2026 11:01:48|08-21-2026 16:10:27|114.62|239.76|125.14
BRCJM01|BRGACMES|BRGACMES|8000019802|Shipped|NORMAL||59871299000100|14021-610|SP|BR|DSV||1|.1|.001|1|1|Y|08-11-2026 16:24:51|08-11-2026 16:24:51||||08-14-2026 10:21:04|08-15-2026 10:59:33|08-15-2026 10:59:33|08-15-2026 16:13:17||08-15-2026 16:15:21|08-15-2026 16:15:21|08-31-2026 10:39:23|95.84|474.24|378.4
BRCJM01|BRGACMES|BRGACMES|8000019803|Shipped|NORMAL||59216158000146|11050-201|SP|BR|TAC DSV||1|2|.02|20|20|Y|08-11-2026 16:24:51|08-11-2026 16:24:51||||08-14-2026 10:21:05|08-15-2026 10:44:34|08-15-2026 10:44:34|08-15-2026 16:19:37||08-15-2026 16:20:05|08-15-2026 16:20:05|08-21-2026 16:10:27|95.92|239.76|143.84
BRCJM01|BRGACMES|BRGACMES|8000019804|Shipped|NORMAL||59895385000145|80240-545|PR|BR|TAC CWB||21|.3|.003|21|21|Y|08-11-2026 16:24:51|08-11-2026 16:24:51||||08-14-2026 10:21:04|08-15-2026 10:44:26|08-15-2026 14:27:40|08-18-2026 00:15:34||08-18-2026 00:54:35|08-18-2026 00:54:35|08-21-2026 16:10:33|152.5|239.76|87.27
BRCJM01|BRGACMES|BRGACMES|8000019805|Shipped|NORMAL||59523091000354|09521-040|SP|BR|TAC DSV||14|0|0|14|14|Y|08-11-2026 16:24:51|08-11-2026 16:24:51||||08-14-2026 10:21:05|08-15-2026 11:24:01|08-15-2026 14:34:20|08-18-2026 01:24:21||08-18-2026 01:26:42|08-18-2026 01:26:42|08-21-2026 16:10:30|153.03|239.76|86.73
BRCJM01|BRGACMES|BRGACMES|8000019806|Shipped|NORMAL||57166756000203||||TAC DSV||2|0|0|2|2|Y|08-11-2026 16:26:54|08-11-2026 16:26:54||||08-14-2026 10:21:07|08-18-2026 04:19:31|08-18-2026 10:23:19|08-18-2026 11:53:30||08-18-2026 11:54:17|08-18-2026 11:54:17|08-21-2026 16:10:20|163.46|239.72|76.27
BRCJM01|BRGACMES|BRGACMES|8000019807|Shipped|NORMAL||59523091000354|09521-040|SP|BR|TAC DSV||7|2|.02|224|224|Y|08-11-2026 16:24:51|08-11-2026 16:24:51||||08-14-2026 10:21:05|08-16-2026 08:21:08|08-18-2026 07:33:04|08-18-2026 09:10:33||08-18-2026 09:11:32|08-18-2026 09:11:32|08-21-2026 16:10:31|160.78|239.76|78.98
BRCJM01|BRGACMES|BRGACMES|8000019823|Shipped|NORMAL||59523091000273|06465-100|SP|BR|DSV||15|0|0|15|15|Y|08-11-2026 16:24:52|08-11-2026 16:24:52||||08-14-2026 10:21:06|08-14-2026 20:12:11|08-18-2026 22:33:35|08-21-2026 11:25:57||08-31-2026 10:39:21|08-21-2026 11:31:03|08-31-2026 10:39:21|474.24|474.24|0
BRCJM01|BRGACMES|BRGACMES|8000019824|Shipped|NORMAL||58957368000122|59063-200|RN|BR|TERMACO||1|.2|.002|2|2|Y|08-11-2026 16:24:52|08-11-2026 16:24:52||||08-14-2026 10:21:06|08-15-2026 11:08:49|08-15-2026 11:08:49|08-15-2026 16:34:09||08-15-2026 16:34:37|08-15-2026 16:34:37|08-21-2026 16:10:25|96.16|239.76|143.6
BRCJM01|BRGACMES|BRGACMES|8000019825|Shipped|NORMAL||58957368000122|59063-200|RN|BR|TERMACO||1|2|.02|20|20|Y|08-11-2026 16:24:52|08-11-2026 16:24:52||||08-14-2026 10:21:06|08-15-2026 10:49:03|08-15-2026 10:52:56|08-15-2026 16:45:31||08-15-2026 16:45:45|08-15-2026 16:45:45|08-21-2026 16:10:25|96.35|239.76|143.41
BRCJM01|BRGACMES|BRGACMES|8000019835|Shipped|NORMAL||66684604000102||||DSV||6|6|.06|360|360|Y|08-11-2026 16:26:54|08-11-2026 16:26:54||||08-14-2026 10:21:07|08-16-2026 08:59:22|08-19-2026 09:27:39|08-20-2026 05:42:33||08-31-2026 10:39:36|08-20-2026 05:46:11|08-31-2026 10:39:36|474.21|474.21|0
BRCJM01|BRGACMES|BRGACMES|8000019836|Shipped|NORMAL||59523091000354|09521-040|SP|BR|TAC DSV||6|0|0|6|6|Y|08-11-2026 16:24:52|08-11-2026 16:24:52||||08-14-2026 10:21:06|08-15-2026 12:16:18|08-17-2026 07:08:26|08-17-2026 09:20:58||08-17-2026 09:23:53|08-17-2026 09:23:53|08-21-2026 16:10:31|136.98|239.76|102.78
BRCJM01|BRGACMES|BRGACMES|8000019956|Shipped|NORMAL||60348857000129|49097-510|SE|BR|TERMACO||5|.5|.005|5|5|Y|08-12-2026 16:11:08|08-12-2026 16:11:08||||08-14-2026 10:21:07|08-14-2026 18:59:11|08-14-2026 19:43:29|08-14-2026 23:37:44||08-14-2026 23:42:22|08-14-2026 23:42:22|08-21-2026 16:10:37|55.52|215.99|160.47
BRCJM01|BRGACMES|BRGACMES|8000019957|Shipped|NORMAL||60348857000129|49097-510|SE|BR|TERMACO||1|.1|.001|1|1|Y|08-12-2026 16:11:08|08-12-2026 16:11:08||||08-15-2026 10:13:44|08-18-2026 02:20:41|08-18-2026 02:20:41|08-18-2026 11:15:55||08-18-2026 11:16:14|08-18-2026 11:16:14|08-21-2026 16:10:37|139.09|215.99|76.91
BRCJM01|BRGACMES|BRGACMES|8000019958|Shipped|NORMAL||58957368000122|59063-200|RN|BR|TERMACO||1|0|0|20|20|Y|08-12-2026 16:11:08|08-12-2026 16:11:08||||08-15-2026 10:13:44|08-18-2026 02:40:27|08-18-2026 02:40:27|08-18-2026 04:45:34||08-18-2026 04:46:27|08-18-2026 04:46:27|08-21-2026 16:10:25|132.59|215.99|83.4
BRCJM01|BRGACMES|BRGACMES|8000019959|Shipped|NORMAL||58957368000122|59063-200|RN|BR|TERMACO||1|0|0|10|10|Y|08-12-2026 16:11:08|08-12-2026 16:11:08||||08-15-2026 10:13:44|08-18-2026 08:12:53|08-18-2026 08:12:53|08-18-2026 09:17:18||08-18-2026 09:17:56|08-18-2026 09:17:56|08-21-2026 16:10:25|137.11|215.99|78.87
BRCJM01|BRGACMES|BRGACMES|8000019960|Shipped|NORMAL||59338607000200|24030-211|RJ|BR|ANDRE/TRANSP||4|0|0|4|4|Y|08-12-2026 16:11:08|08-12-2026 16:11:08||||08-15-2026 10:13:44|08-17-2026 09:11:10|08-17-2026 13:46:20|08-18-2026 01:35:30||08-18-2026 01:36:58|08-18-2026 01:36:58|08-21-2026 16:10:29|129.43|215.99|86.56
BRCJM01|BRGACMES|BRGACMES|8000019985|Shipped|NORMAL||57166756000122||||DSV||5|.1|.001|5|5|Y|08-13-2026 16:18:50|08-13-2026 16:18:50||||08-15-2026 10:13:45|08-17-2026 08:47:00|08-18-2026 07:26:04|08-18-2026 07:49:38||08-18-2026 07:51:07|08-18-2026 07:51:07|08-31-2026 10:39:07|111.54|426.34|314.8
BRCJM01|BRGACMES|BRGACMES|8000020066|Shipped|NORMAL||59523091000354|09521-040|SP|BR|TAC DSV||2|0|0|2|2|Y|08-12-2026 16:11:08|08-12-2026 16:11:08||||08-15-2026 10:13:44|08-17-2026 09:07:37|08-17-2026 13:43:57|08-17-2026 16:24:05||08-17-2026 16:25:33|08-17-2026 16:25:33|08-21-2026 16:10:31|120.24|215.99|95.75
BRCJM01|BRGACMES|BRGACMES|8000020067|Shipped|NORMAL||59219965000112|18013-003|SP|BR|TAC SOR||1|0|0|30|30|Y|08-12-2026 16:11:09|08-12-2026 16:11:09||||08-15-2026 10:13:44|08-16-2026 11:59:18|08-16-2026 11:59:18|08-17-2026 14:53:50||08-17-2026 14:54:46|08-17-2026 14:54:46|08-21-2026 16:10:27|118.73|215.99|97.26
BRCJM01|BRGACMES|BRGACMES|8000020068|Shipped|NORMAL||59895385000145|80240-545|PR|BR|TAC CWB||1|0|0|1|1|Y|08-12-2026 16:11:09|08-12-2026 16:11:09||||08-15-2026 10:13:44|08-18-2026 01:19:46|08-18-2026 01:19:46|08-18-2026 11:20:41||08-18-2026 11:20:57|08-18-2026 11:20:57|08-21-2026 16:10:35|139.16|215.99|76.83
BRCJM01|BRGACMES|BRGACMES|8000020069|Shipped|NORMAL||59897625000221|13420-355|SP|BR|DSV||1|0|0|1|1|Y|08-12-2026 16:11:09|08-12-2026 16:11:09||||08-15-2026 10:13:44|08-16-2026 11:56:34|08-16-2026 11:56:34|08-17-2026 14:51:10||08-17-2026 14:51:36|08-17-2026 14:51:36|08-31-2026 10:39:32|118.67|450.47|331.8
BRCJM01|BRGACMES|BRGACMES|8000020070|Shipped|NORMAL||59897625000221|13420-355|SP|BR|TAC CPQ||1|.2|.002|2|2|Y|08-12-2026 16:11:09|08-12-2026 16:11:09||||08-15-2026 10:13:44|08-16-2026 11:53:17|08-16-2026 11:53:17|08-17-2026 14:24:08||08-17-2026 14:24:55|08-17-2026 14:24:55|08-21-2026 16:10:36|118.23|215.99|97.76
BRCJM01|BRGACMES|BRGACMES|8000020071|Shipped|NORMAL||59052866000270|03340-000|SP|BR|TRANSP DSV||1|0|0|1|1|Y|08-12-2026 16:11:09|08-12-2026 16:11:09||||08-15-2026 10:13:44|08-18-2026 00:32:52|08-18-2026 00:32:52|08-18-2026 05:26:17||08-18-2026 05:40:30|08-18-2026 05:40:30|08-21-2026 16:10:27|133.49|215.99|82.5
BRCJM01|BRGACMES|BRGACMES|8000020107|Shipped|NORMAL||60402973000260|89204-004|SC|BR|TAC CWB||1|0|0|1|1|Y|08-12-2026 16:11:09|08-12-2026 16:11:09||||08-15-2026 10:13:44|08-16-2026 11:27:45|08-16-2026 11:27:45|08-17-2026 14:41:21||08-17-2026 14:42:13|08-17-2026 14:42:13|08-21-2026 16:10:38|118.52|215.99|97.47
BRCJM01|BRGACMES|BRGACMES|8000020108|Shipped|NORMAL||68639251001711|22631-000|RJ|BR|ANDRE/TRANSP||1|.1|.001|1|1|Y|08-12-2026 16:11:09|08-12-2026 16:11:09||||08-15-2026 10:13:44|08-16-2026 11:40:46|08-16-2026 11:40:46|08-17-2026 14:27:10||08-17-2026 14:27:27|08-17-2026 14:27:27|08-21-2026 16:10:38|118.27|215.99|97.72
BRCJM01|BRGACMES|BRGACMES|8000020109|Shipped|NORMAL||59895385000145|80240-545|PR|BR|TAC CWB||2|0|0|60|60|Y|08-12-2026 16:11:09|08-12-2026 16:11:09||||08-15-2026 10:13:44|08-16-2026 11:08:46|08-16-2026 11:22:22|08-17-2026 15:31:24||08-17-2026 15:33:35|08-17-2026 15:33:35|08-21-2026 16:10:35|119.37|215.99|96.62
BRCJM01|BRGACMES|BRGACMES|8000020110|Shipped|NORMAL||60348857000129|49097-510|SE|BR|TERMACO||4|4|.04|100|100|Y|08-12-2026 16:11:09|08-12-2026 16:11:09||||08-15-2026 10:13:44|08-17-2026 09:14:07|08-17-2026 12:51:51|08-17-2026 14:45:12||08-17-2026 14:52:59|08-17-2026 14:52:59|08-21-2026 16:10:38|118.7|215.99|97.29
BRCJM01|BRGACMES|BRGACMES|8000020111|Shipped|NORMAL||60348857000129|49097-510|SE|BR|TERMACO||1|.1|.001|1|1|Y|08-12-2026 16:12:10|08-12-2026 16:12:10||||08-15-2026 10:13:44|08-16-2026 11:31:45|08-16-2026 11:31:45|08-17-2026 15:13:56||08-17-2026 15:14:47|08-17-2026 15:14:47|08-21-2026 16:10:38|119.04|215.97|96.93
BRCJM01|BRGACMES|BRGACMES|8000020182|Shipped|NORMAL||59895385000145|80240-545|PR|BR|DSV||1|.1|.001|1|1|Y|08-13-2026 16:14:48|08-13-2026 16:14:48||||08-15-2026 10:13:45|08-18-2026 01:47:27|08-18-2026 01:47:27|08-18-2026 09:55:53||08-18-2026 09:56:12|08-18-2026 09:56:12|08-31-2026 10:39:25|113.69|426.41|312.72
BRCJM01|BRGACMES|BRGACMES|8000020183|Shipped|NORMAL||60348857000129|49097-510|SE|BR|DSV||1|.1|.001|1|1|Y|08-13-2026 16:14:45|08-13-2026 16:14:45||||08-15-2026 10:13:44|08-18-2026 01:54:57|08-18-2026 01:54:57|08-18-2026 10:06:33||08-31-2026 10:39:34|08-18-2026 10:06:58|08-31-2026 10:39:34|426.41|426.41|0
BRCJM01|BRGACMES|BRGACMES|8000020184|Shipped|NORMAL||59895385000145|80240-545|PR|BR|TAC CWB||2|.2|.002|2|2|Y|08-13-2026 16:14:48|08-13-2026 16:14:48||||08-15-2026 10:13:45|08-16-2026 10:36:28|08-17-2026 09:15:02|08-18-2026 02:07:42||08-18-2026 02:09:28|08-18-2026 02:09:28|08-21-2026 16:10:35|105.91|191.93|86.02
BRCJM01|BRGACMES|BRGACMES|8000020185|Shipped|NORMAL||59895385000145|80240-545|PR|BR|DSV||1|0|0|19|19|Y|08-13-2026 16:14:48|08-13-2026 16:14:48||||08-15-2026 10:13:45|08-18-2026 01:36:09|08-18-2026 01:36:09|08-18-2026 11:32:02||08-31-2026 10:39:25|08-18-2026 11:32:22|08-31-2026 10:39:25|426.41|426.41|0
BRCJM01|BRGACMES|BRGACMES|8000020186|Shipped|NORMAL||59895385000145|80240-545|PR|BR|DSV||1|0|0|1|1|Y|08-13-2026 16:14:48|08-13-2026 16:14:48||||08-15-2026 10:13:45|08-18-2026 01:07:58|08-18-2026 01:07:58|08-18-2026 11:23:01||08-18-2026 11:23:46|08-18-2026 11:23:46|08-31-2026 10:39:25|115.15|426.41|311.26
BRCJM01|BRGACMES|BRGACMES|8000020187|Shipped|NORMAL||58873822000248|88331-490|SC|BR|DSV||1|3|.03|30|30|Y|08-13-2026 16:14:48|08-13-2026 16:14:48|||08-25-2026 09:10:00|08-25-2026 09:23:19|08-31-2026 12:51:08|08-31-2026 12:51:17|08-31-2026 22:02:29||08-31-2026 23:03:32|08-31-2026 23:03:32|09-04-2026 14:36:21|438.81|526.36|87.55
BRCJM01|BRGACMES|BRGACMES|8000020189|Shipped|NORMAL||59523091000354|09521-040|SP|BR|DSV||1|0|0|20|20|Y|08-13-2026 16:14:48|08-13-2026 16:14:48||||08-15-2026 10:13:45|08-18-2026 00:55:54|08-18-2026 01:02:15|08-18-2026 11:37:17||08-27-2026 08:46:29|08-27-2026 08:46:29|08-31-2026 10:39:21|328.53|426.41|97.88
BRCJM01|BRGACMES|BRGACMES|8000020190|Shipped|NORMAL||58957368000122|59063-200|RN|BR|DSV||1|0|0|15|15|Y|08-13-2026 16:14:48|08-13-2026 16:14:48|||08-19-2026 10:35:41|08-19-2026 15:39:12|08-19-2026 16:42:00|08-19-2026 16:42:00|08-20-2026 01:05:38||08-20-2026 01:07:25|08-20-2026 01:07:25|08-31-2026 10:39:12|152.88|426.41|273.53
BRCJM01|BRGACMES|BRGACMES|8000020191|Shipped|NORMAL||59286249000158|90240-620|RS|BR|TRANSTRY||1|0|0|1|1|Y|08-13-2026 16:14:48|08-13-2026 16:14:48||||08-15-2026 10:13:45|08-17-2026 06:34:16|08-17-2026 06:34:16|08-17-2026 07:30:45||08-17-2026 07:31:06|08-17-2026 07:31:06|08-21-2026 16:10:28|87.27|191.93|104.66
BRCJM01|BRGACMES|BRGACMES|8000020192|Shipped|RUSH||59897625000221|13420-355|SP|BR|DSV||1|0|0|30|30|Y|08-13-2026 16:14:48|08-13-2026 16:14:48||||08-14-2026 10:58:34|08-14-2026 22:05:37|08-14-2026 22:05:37|08-14-2026 22:52:36||08-14-2026 22:54:07|08-14-2026 22:54:07|08-31-2026 10:39:32|30.66|426.41|395.76
BRCJM01|BRGACMES|BRGACMES|8000020193|Shipped|NORMAL||59405379000243||||DSV||12|.6|.006|18|18|Y|08-13-2026 16:18:50|08-13-2026 16:18:50||||08-15-2026 10:13:45|08-17-2026 07:59:17|08-17-2026 13:08:53|08-18-2026 08:32:30||08-18-2026 08:33:32|08-18-2026 08:33:32|08-31-2026 10:39:19|112.25|426.34|314.1
BRCJM01|BRGACMES|BRGACMES|8000020194|Shipped|NORMAL||59405379000243||||TAC DSV||2|0|0|2|2|Y|08-13-2026 16:18:50|08-13-2026 16:18:50||||08-15-2026 10:13:45|08-16-2026 10:15:01|08-16-2026 10:19:23|08-17-2026 16:07:11||08-17-2026 16:13:05|08-17-2026 16:13:06|08-21-2026 16:10:30|95.9|191.86|95.96
BRCJM01|BRGACMES|BRGACMES|8000020195|Shipped|NORMAL||59405379000243||||TAC DSV||3|0|0|3|3|Y|08-13-2026 16:18:50|08-13-2026 16:18:50||||08-15-2026 10:13:45|08-16-2026 09:37:12|08-16-2026 09:39:37|08-16-2026 10:50:16||08-16-2026 10:51:30|08-16-2026 10:51:30|08-21-2026 16:10:30|66.54|191.86|125.32
BRCJM01|BRGACMES|BRGACMES|8000020231|Shipped|NORMAL||66684604000102||||DSV||11|19.1|.191|431|431|Y|08-13-2026 16:18:50|08-13-2026 16:18:50||||08-15-2026 10:13:46|08-17-2026 07:05:40|08-17-2026 11:10:11|08-18-2026 07:47:36||08-31-2026 10:39:36|08-18-2026 07:56:51|08-31-2026 10:39:36|426.35|426.35|0
BRCJM01|BRGACMES|BRGACMES|8000020232|Shipped|NORMAL||59897625000302||||TAC DSV||1|.1|.001|1|1|Y|08-13-2026 16:18:51|08-13-2026 16:18:51||||08-15-2026 10:17:22|08-16-2026 12:04:20|08-16-2026 12:04:20|08-17-2026 14:33:24||08-17-2026 14:34:58|08-17-2026 14:34:58|08-21-2026 16:10:36|94.27|191.86|97.59
BRCJM01|BRGACMES|BRGACMES|8000020233|Shipped|NORMAL||59600427000173|38408-144|MG|BR|DSV||1|0|0|1|1|Y|08-13-2026 16:14:49|08-13-2026 16:14:49||||08-15-2026 10:17:22|08-18-2026 01:27:38|08-18-2026 01:27:38|08-18-2026 11:18:51||08-31-2026 10:39:21|08-18-2026 11:19:31|08-31-2026 10:39:21|426.41|426.41|0
BRCJM01|BRGACMES|BRGACMES|8000020476|Shipped|RUSH||66674047000149||||TAC DSV||1|.2|.002|2|2|Y|08-14-2026 11:15:38|08-14-2026 11:15:38||||08-14-2026 11:36:37|08-14-2026 22:11:10|08-14-2026 22:11:10|08-14-2026 22:48:06||08-14-2026 22:50:16|08-14-2026 22:50:16|08-21-2026 16:10:38|11.58|172.92|161.34
BRCJM01|BRGACMES|BRGACMES|8000020477|Shipped|RUSH||59286249000158|90240-620|RS|BR|TRANSTRY||1|.4|.004|4|4|Y|08-14-2026 11:13:36|08-14-2026 11:13:36||||08-14-2026 11:36:37|08-14-2026 22:13:26|08-14-2026 22:13:26|08-14-2026 22:45:54||08-14-2026 22:47:43|08-14-2026 22:47:43|08-21-2026 16:10:28|11.57|172.95|161.38
BRCJM01|BRGACMES|BRGACMES|8000020478|Shipped|NORMAL||59523091000273|06465-100|SP|BR|DSV||1|.1|.001|1|1|Y|08-14-2026 11:13:37|08-14-2026 11:13:37|||08-28-2026 09:56:08|08-28-2026 09:58:25|08-28-2026 15:16:34|08-28-2026 15:16:34|08-28-2026 15:26:52||08-28-2026 15:32:05|08-28-2026 15:32:05|09-04-2026 14:36:26|340.31|507.38|167.07
BRCJM01|BRGACMES|BRGACMES|8000020483|Shipped|NORMAL||60402973000189|89051-000|SC|BR|DSV||1|0|0|5|5|Y|08-14-2026 11:13:37|08-14-2026 11:13:37||||08-15-2026 10:17:23|08-18-2026 00:53:37|08-18-2026 00:53:37|08-18-2026 11:39:49||08-31-2026 10:39:35|08-18-2026 11:40:39|08-31-2026 10:39:35|407.43|407.43|0
BRCJM01|BRGACMES|BRGACMES|8000020484|Shipped|NORMAL||59052866000270|03340-000|SP|BR|DSV||3|0|0|3|3|Y|08-14-2026 11:13:37|08-14-2026 11:13:37||||08-15-2026 10:17:23|08-17-2026 23:08:31|08-17-2026 23:32:24|08-18-2026 12:09:10||08-18-2026 12:09:54|08-18-2026 12:09:54|08-31-2026 10:39:14|96.94|407.43|310.49
BRCJM01|BRGACMES|BRGACMES|8000020485|Shipped|NORMAL||59405379000243||||TAC DSV||1|0|0|1|1|Y|08-14-2026 11:15:38|08-14-2026 11:15:38||||08-15-2026 10:17:23|08-16-2026 10:43:16|08-16-2026 10:43:16|08-17-2026 14:37:36||08-17-2026 14:37:47|08-17-2026 14:37:47|08-21-2026 16:10:30|75.37|172.91|97.55
BRCJM01|BRGACMES|BRGACMES|8000020486|Shipped|NORMAL||68639251001711|22631-000|RJ|BR|ANDRE/TRANSP||1|0|0|1|1|Y|08-14-2026 11:13:37|08-14-2026 11:13:37||||08-15-2026 10:17:23|08-18-2026 00:31:28|08-18-2026 00:31:28|08-18-2026 05:25:09||08-18-2026 05:40:40|08-18-2026 05:40:40|08-21-2026 16:10:38|90.45|172.95|82.5
BRCJM01|BRGACMES|BRGACMES|8000020488|Shipped|NORMAL||45180696000113|08735-000|SP|BR|TAC SJC/GRU||1|0|0|3|3|Y|08-14-2026 11:13:38|08-14-2026 11:13:38||||08-15-2026 10:17:23|08-18-2026 00:08:00|08-18-2026 00:08:00|08-18-2026 05:42:17||08-18-2026 05:47:52|08-18-2026 05:47:52|08-21-2026 16:10:20|90.57|172.95|82.37
BRCJM01|BRGACMES|BRGACMES|8000020489|Shipped|NORMAL||45180696000466|12246-876|SP|BR|TAC SJC/GRU||1|0|0|3|3|Y|08-14-2026 11:13:38|08-14-2026 11:13:38||||08-15-2026 10:17:23|08-18-2026 00:05:08|08-18-2026 00:05:08|08-18-2026 05:45:39||08-18-2026 05:47:36|08-18-2026 05:47:36|08-21-2026 16:10:20|90.57|172.95|82.38
BRCJM01|BRGACMES|BRGACMES|8000020492|Shipped|NORMAL||29177311000102|05016-090|SP|BR|TRANSP DSV||1|0|0|1|1|Y|08-14-2026 11:13:38|08-14-2026 11:13:38||||08-15-2026 10:17:23|08-16-2026 10:53:47|08-16-2026 10:53:47|08-17-2026 14:46:39||08-17-2026 14:47:37|08-17-2026 14:47:37|08-21-2026 16:10:20|75.57|172.95|97.38
BRCJM01|BRGACMES|BRGACMES|8000020493|Shipped|NORMAL||59871299000100|14021-610|SP|BR|DSV||1|.1|.001|1|1|Y|08-14-2026 11:13:38|08-14-2026 11:13:38||||08-15-2026 10:17:23|08-19-2026 02:36:33|08-19-2026 02:36:33|08-19-2026 02:38:17||08-31-2026 10:39:23|08-19-2026 02:40:46|08-31-2026 10:39:23|407.43|407.43|0
BRCJM01|BRGACMES|BRGACMES|8000020535|Shipped|NORMAL||59052866000270|03340-000|SP|BR|DSV||1|.1|.001|1|1|Y|08-17-2026 11:48:35|08-17-2026 11:48:35||||08-19-2026 15:39:12|08-19-2026 17:32:09|08-19-2026 17:32:09|08-20-2026 01:16:03||08-20-2026 01:16:58|08-20-2026 01:16:59|08-31-2026 10:39:14|61.47|334.84|273.37
BRCJM01|BRGACMES|BRGACMES|8000020536|Shipped|NORMAL||59405379000243||||DSV||18|.5|.005|18|18|Y|08-17-2026 11:59:42|08-17-2026 11:59:41||||08-19-2026 15:39:12|08-19-2026 18:47:59|08-20-2026 03:03:35|08-20-2026 07:30:48||08-31-2026 10:34:57|08-31-2026 10:34:57|08-31-2026 10:39:19|334.59|334.66|.07
BRCJM01|BRGACMES|BRGACMES|8000020537|Shipped|NORMAL||58267919000207|31255-234|MG|BR|DSV||3|.1|.001|32|32|Y|08-17-2026 11:48:35|08-17-2026 11:48:35||||08-19-2026 15:39:12|08-19-2026 18:28:37|08-20-2026 04:50:48|08-20-2026 08:12:37||08-20-2026 09:16:49|08-20-2026 09:16:49|08-31-2026 10:39:09|69.47|334.84|265.37
BRCJM01|BRGACMES|BRGACMES|8000020538|Shipped|NORMAL||68639251001711|22631-000|RJ|BR|DSV||1|.1|.001|1|1|Y|08-17-2026 11:48:30|08-17-2026 11:48:30||||08-19-2026 15:39:12|08-19-2026 16:44:04|08-19-2026 16:44:04|08-19-2026 18:21:15||08-31-2026 10:39:37|08-19-2026 18:21:28|08-31-2026 10:39:37|334.85|334.85|0
BRCJM01|BRGACMES|BRGACMES|8000020539|Shipped|NORMAL||60259875000215||||DSV||1|.1|.001|1|1|Y|08-17-2026 11:59:42|08-17-2026 11:59:42||||08-19-2026 15:39:13|08-20-2026 00:28:34|08-20-2026 00:28:34|08-20-2026 04:08:23||08-31-2026 10:39:33|08-20-2026 04:09:09|08-31-2026 10:39:33|334.66|334.66|0
BRCJM01|BRGACMES|BRGACMES|8000020540|Shipped|NORMAL||59405379000243||||DSV||1|.1|.001|1|1|Y|08-17-2026 11:59:42|08-17-2026 11:59:42||||08-19-2026 15:39:13|08-19-2026 23:31:44|08-19-2026 23:31:44|08-20-2026 03:54:49||08-20-2026 03:57:40|08-20-2026 03:57:40|08-31-2026 10:39:20|63.97|334.66|270.69
BRCJM01|BRGACMES|BRGACMES|8000020541|Shipped|NORMAL||59630650000163|40276-200|BA|BR|TERMACO||2|0|0|2|2|Y|08-17-2026 11:48:35|08-17-2026 11:48:35||||08-19-2026 15:27:41|08-19-2026 16:56:49|08-19-2026 17:04:01|08-19-2026 19:09:00||08-19-2026 19:10:29|08-19-2026 19:10:29|08-21-2026 16:10:31|55.37|100.37|45
BRCJM01|BRGACMES|BRGACMES|8000020549|Shipped|NORMAL||59600427000173|38408-144|MG|BR|DSV||1|.1|.001|1|1|Y|08-17-2026 11:48:36|08-17-2026 11:48:36||||08-19-2026 15:41:50|08-19-2026 17:06:09|08-19-2026 17:06:09|08-19-2026 18:39:22||08-31-2026 10:39:21|08-19-2026 18:39:35|08-31-2026 10:39:21|334.85|334.85|0
BRCJM01|BRGACMES|BRGACMES|8000020550|Shipped|NORMAL||59600427000173|38408-144|MG|BR|DSV||3|.3|.003|3|3|Y|08-17-2026 11:48:36|08-17-2026 11:48:36||||08-19-2026 15:41:50|08-19-2026 18:15:51|08-19-2026 18:18:37|08-20-2026 00:21:20||08-31-2026 10:39:21|08-20-2026 00:23:12|08-31-2026 10:39:21|334.85|334.85|0
BRCJM01|BRGACMES|BRGACMES|8000020551|Shipped|NORMAL||60279014000118|54315-570|PE|BR|DSV||4|.1|.001|4|4|Y|08-17-2026 11:48:36|08-17-2026 11:48:36||||08-19-2026 15:39:12|08-19-2026 18:42:25|08-19-2026 19:02:18|08-20-2026 00:45:44||08-31-2026 10:39:34|08-20-2026 05:42:59|08-31-2026 10:39:34|334.85|334.85|0
BRCJM01|BRGACMES|BRGACMES|8000020658|Shipped|NORMAL||594053790243||||DSV||1|0|0|1|1|Y|08-17-2026 11:59:42|08-24-2026 15:43:46|||08-26-2026 11:33:10|08-26-2026 11:33:34|08-26-2026 12:40:17|08-26-2026 12:40:17|08-26-2026 12:46:09||08-26-2026 12:46:52|08-26-2026 12:46:52|09-04-2026 14:36:26|216.79|434.61|217.83
BRCJM01|BRGACMES|BRGACMES|8000020672|Shipped|RUSH||59630650000163|40276-200|BA|BR|TERMACO||1|.1|.001|1|1|Y|08-17-2026 11:48:36|08-17-2026 11:48:36||||08-17-2026 12:05:33|08-17-2026 17:07:12|08-17-2026 17:07:12|08-18-2026 08:44:41||08-18-2026 08:51:52|08-18-2026 08:51:52|08-21-2026 16:10:31|21.05|100.37|79.31
BRCJM01|BRGACMES|BRGACMES|8000020674|Shipped|NORMAL||59223839000301|05319-070|SP|BR|DSV||6|.3|.003|6|6|Y|08-19-2026 07:58:09|08-19-2026 07:58:09||||08-19-2026 15:39:13|08-19-2026 18:34:33|08-20-2026 05:19:27|08-20-2026 07:49:08||08-20-2026 09:11:01|08-20-2026 09:11:01|08-31-2026 10:39:16|25.21|290.69|265.47
BRCJM01|BRGACMES|BRGACMES|8000020675|Shipped|NORMAL||59630650000163|40276-200|BA|BR|DSV||1|0|0|1|1|Y|08-19-2026 07:58:06|08-19-2026 07:58:06||||08-19-2026 15:39:13|08-19-2026 23:40:13|08-19-2026 23:40:13|08-20-2026 04:18:35||08-31-2026 10:39:22|08-20-2026 04:19:26|08-31-2026 10:39:22|290.69|290.69|0
BRCJM01|BRGACMES|BRGACMES|8000020677|Shipped|NORMAL||59338607000200|24030-211|RJ|BR|DSV||6|0|0|6|6|Y|08-19-2026 07:58:08|08-19-2026 07:58:08||||08-19-2026 15:39:13|08-19-2026 20:32:17|08-20-2026 02:25:02|08-20-2026 04:10:09||08-20-2026 04:13:31|08-20-2026 04:13:31|08-31-2026 10:39:18|20.26|290.69|270.43
BRCJM01|BRGACMES|BRGACMES|8000020678|Shipped|NORMAL||59871299000100|14021-610|SP|BR|DSV||1|0|0|1|1|Y|08-19-2026 07:58:04|08-19-2026 07:58:04||||08-19-2026 15:39:13|08-19-2026 16:51:13|08-19-2026 16:51:13|08-19-2026 18:02:30||08-31-2026 10:39:23|08-19-2026 18:03:31|08-31-2026 10:39:23|290.69|290.69|0
BRCJM01|BRGACMES|BRGACMES|8000020679|Shipped|NORMAL||59871299000100|14021-610|SP|BR|DSV||1|.1|.001|1|1|Y|08-19-2026 07:58:09|08-19-2026 07:58:09||||08-19-2026 15:39:14|08-19-2026 16:53:27|08-19-2026 16:53:27|08-19-2026 18:10:44||08-31-2026 10:39:23|08-19-2026 18:11:33|08-31-2026 10:39:23|290.69|290.69|0
BRCJM01|BRGACMES|BRGACMES|8000020813|Shipped|NORMAL||58267919000126|71200-022|DF|BR|DSV||1|0|0|1|1|Y|08-19-2026 07:58:09|08-19-2026 07:58:09||||08-19-2026 15:39:14|08-20-2026 00:19:33|08-20-2026 00:19:33|08-20-2026 04:01:05||08-20-2026 04:02:22|08-20-2026 04:02:22|08-31-2026 10:39:08|20.07|290.68|270.61
BRCJM01|BRGACMES|BRGACMES|8000020814|Shipped|NORMAL||58267919000126|71200-022|DF|BR|DSV||2|.2|.002|2|2|Y|08-19-2026 07:58:09|08-19-2026 07:58:09||||08-19-2026 15:39:14|08-19-2026 18:38:33|08-19-2026 23:56:53|08-20-2026 00:05:46||08-20-2026 05:51:20|08-20-2026 05:51:20|08-31-2026 10:39:08|21.89|290.68|268.8
BRCJM01|BRGACMES|BRGACMES|8000020815|Shipped|NORMAL||58267919000126|71200-022|DF|BR|DSV||2|.2|.002|2|2|Y|08-19-2026 07:58:09|08-19-2026 07:58:09||||08-19-2026 15:39:14|08-19-2026 17:15:39|08-19-2026 17:17:19|08-19-2026 23:45:06||08-19-2026 23:47:36|08-19-2026 23:47:36|08-31-2026 10:39:08|15.82|290.68|274.86
BRCJM01|BRGACMES|BRGACMES|8000020816|Shipped|NORMAL||45180696000113|08735-000|SP|BR|DSV||4|0|0|4|4|Y|08-19-2026 07:58:09|08-19-2026 07:58:09||||08-19-2026 15:39:14|08-19-2026 20:16:52|08-19-2026 20:21:50|08-20-2026 01:01:39||08-20-2026 01:02:58|08-20-2026 01:02:58|08-31-2026 10:39:05|17.08|290.68|273.6
BRCJM01|BRGACMES|BRGACMES|8000020817|Shipped|NORMAL||60402973000189|89051-000|SC|BR|DSV||1|0|0|3|3|Y|08-19-2026 07:58:09|08-19-2026 07:58:09||||08-19-2026 15:39:14|08-20-2026 00:10:36|08-20-2026 00:10:36|08-20-2026 04:04:50||08-20-2026 04:06:14|08-20-2026 04:06:14|08-31-2026 10:39:35|20.13|290.69|270.56
BRCJM01|BRGACMES|BRGACMES|8000020818|Shipped|NORMAL||59405379000243||||DSV||1|0|0|1|1|Y|08-19-2026 11:15:30|08-19-2026 11:15:30||||08-19-2026 15:39:17|08-19-2026 17:09:08|08-19-2026 17:09:08|08-19-2026 17:21:53||08-31-2026 10:39:20|08-19-2026 17:23:21|08-31-2026 10:39:20|287.4|287.4|0
BRCJM01|BRGACMES|BRGACMES|8000020819|Shipped|NORMAL||59895385000145|80240-545|PR|BR|DSV||1|0|0|1|1|Y|08-19-2026 07:58:09|08-19-2026 07:58:09||||08-19-2026 15:39:14|08-19-2026 23:56:01|08-19-2026 23:56:01|08-20-2026 04:15:06||08-31-2026 10:39:25|08-20-2026 04:15:42|08-31-2026 10:39:25|290.69|290.69|0
BRCJM01|BRGACMES|BRGACMES|8000020820|Shipped|NORMAL||59895385000145|80240-545|PR|BR|DSV||3|0|0|34|34|Y|08-19-2026 07:58:10|08-19-2026 07:58:10|||08-28-2026 09:59:16|08-28-2026 10:04:57|08-28-2026 14:23:29|08-28-2026 14:27:30|08-28-2026 15:19:43||08-28-2026 15:24:57|08-28-2026 15:24:57|09-04-2026 14:36:28|223.45|390.64|167.19
BRCJM01|BRGACMES|BRGACMES|8000020821|Shipped|NORMAL||59895385000145|80240-545|PR|BR|DSV||1|0|0|1|1|Y|08-19-2026 07:58:09|08-19-2026 07:58:09||||08-19-2026 15:39:14|08-19-2026 16:57:14|08-19-2026 16:57:14|08-19-2026 18:17:23||08-31-2026 10:39:25|08-19-2026 18:19:38|08-31-2026 10:39:26|290.69|290.69|0
BRCJM01|BRGACMES|BRGACMES|8000020822|Shipped|NORMAL||59895385000145|80240-545|PR|BR|DSV||2|.2|.002|2|2|Y|08-19-2026 07:58:10|08-19-2026 07:58:10||||08-19-2026 15:39:15|08-19-2026 18:25:11|08-20-2026 08:27:52|08-20-2026 10:13:57||08-20-2026 10:15:01|08-20-2026 10:15:01|08-31-2026 10:39:26|26.28|290.69|264.41
BRCJM01|BRGACMES|BRGACMES|8000020823|Shipped|NORMAL||60402973000260|89204-004|SC|BR|DSV||1|0|0|5|5|Y|08-19-2026 07:58:10|08-19-2026 07:58:10||||08-19-2026 15:39:15|08-19-2026 17:48:20|08-19-2026 17:48:20|08-20-2026 05:37:44||08-31-2026 10:39:35|08-20-2026 05:38:36|08-31-2026 10:39:35|290.69|290.69|0
BRCJM01|BRGACMES|BRGACMES|8000020824|Shipped|NORMAL||59895385000145|80240-545|PR|BR|DSV||2|4|.04|40|40|Y|08-19-2026 07:58:10|08-19-2026 07:58:10||||08-19-2026 15:39:15|08-19-2026 18:24:03|08-20-2026 08:26:58|08-20-2026 10:07:07||08-20-2026 10:09:37|08-20-2026 10:09:37|08-31-2026 10:39:26|26.19|290.69|264.5
BRCJM01|BRGACMES|BRGACMES|8000020826|Shipped|NORMAL||29177311000102|05016-090|SP|BR|DSV||12|.7|.007|12|12|Y|08-19-2026 07:58:10|08-19-2026 07:58:10||||08-19-2026 15:39:15|08-19-2026 17:30:25|08-19-2026 19:54:15|08-20-2026 05:14:09||08-20-2026 05:18:40|08-20-2026 05:18:40|08-31-2026 10:39:04|21.34|290.68|269.34
BRCJM01|BRGACMES|BRGACMES|8000020827|Shipped|NORMAL||29177311000102|05016-090|SP|BR|DSV||12|.7|.007|12|12|Y|08-19-2026 07:58:10|08-19-2026 07:58:10||||08-19-2026 15:39:15|08-19-2026 21:27:05|08-20-2026 08:47:14|08-20-2026 09:03:58||08-31-2026 10:36:14|08-31-2026 10:36:14|08-31-2026 10:39:05|290.63|290.68|.05
BRCJM01|BRGACMES|BRGACMES|8000020873|Shipped|NORMAL||59219965000112|18013-003|SP|BR|DSV||1|0|0|1|1|Y|08-19-2026 07:58:10|08-19-2026 07:58:10||||08-19-2026 15:39:16|08-19-2026 18:10:44|08-19-2026 18:10:44|08-20-2026 05:41:07||08-20-2026 05:42:12|08-20-2026 05:42:12|08-31-2026 10:39:15|21.73|290.68|268.95
BRCJM01|BRGACMES|BRGACMES|8000020891|Shipped|NORMAL||59895385000226|86072-000|PR|BR|DSV||1|0|0|1|1|Y|08-19-2026 07:58:11|08-19-2026 07:58:11||||08-19-2026 15:39:16|08-19-2026 18:19:01|08-19-2026 18:19:01|08-20-2026 05:35:09||08-31-2026 10:39:27|08-20-2026 05:35:44|08-31-2026 10:39:27|290.69|290.69|0
BRCJM01|BRGACMES|BRGACMES|8000020892|Shipped|NORMAL||45180696000466|12246-876|SP|BR|DSV||5|.1|.001|5|5|Y|08-19-2026 07:58:11|08-19-2026 07:58:11||||08-19-2026 15:39:16|08-19-2026 18:30:27|08-20-2026 03:23:38|08-20-2026 04:27:31||08-20-2026 04:30:04|08-20-2026 04:30:04|08-31-2026 10:39:06|20.53|290.68|270.15
BRCJM01|BRGACMES|BRGACMES|8000020893|Shipped|NORMAL||59405379000243||||DSV||2|.1|.001|2|2|Y|08-19-2026 11:14:28|08-19-2026 11:14:28|||08-27-2026 08:58:47|08-27-2026 08:59:37|08-27-2026 10:26:27|08-27-2026 13:53:34|08-27-2026 14:28:32||08-27-2026 16:21:05|08-27-2026 16:21:05|09-04-2026 14:36:26|197.11|387.37|190.26
BRCJM01|BRGACMES|BRGACMES|8000020895|Shipped|NORMAL||59895385000226|86072-000|PR|BR|DSV||1|.1|.001|1|1|Y|08-19-2026 07:58:11|08-19-2026 07:58:11||||08-19-2026 15:39:16|08-19-2026 17:03:17|08-19-2026 17:03:18|08-19-2026 18:33:28||08-31-2026 10:39:30|08-19-2026 18:36:12|08-31-2026 10:39:30|290.69|290.69|0
BRCJM01|BRGACMES|BRGACMES|8000020896|Shipped|NORMAL||58267919000126|71200-022|DF|BR|DSV||2|9.7|.097|97|97|Y|08-19-2026 07:58:11|08-19-2026 07:58:11|||09-01-2026 09:30:47|09-01-2026 09:32:45|09-01-2026 10:56:03|09-01-2026 10:57:21|09-01-2026 11:09:58||09-04-2026 14:38:12|09-04-2026 14:38:12|09-09-2026 09:35:51|390.67|505.63|114.96
BRCJM01|BRGACMES|BRGACMES|8000020897|Shipped|NORMAL||59223839000301|05319-070|SP|BR|DSV||2|3.2|.032|32|32|Y|08-19-2026 07:58:11|08-19-2026 07:58:11||||08-19-2026 15:39:16|08-24-2026 11:36:19|08-24-2026 11:38:09|08-24-2026 11:47:19||08-24-2026 11:48:16|08-24-2026 11:48:16|08-31-2026 10:39:16|123.83|290.68|166.85
BRCJM01|BRGACMES|BRGACMES|8000021055|Shipped|NORMAL||59895385000145|80240-545|PR|BR|DSV||3|.1|.001|3|3|Y|08-19-2026 11:14:29|08-19-2026 11:14:29||||08-19-2026 15:39:17|08-19-2026 18:30:02|08-19-2026 19:07:41|08-20-2026 05:31:06||08-31-2026 10:39:26|08-20-2026 05:35:53|08-31-2026 10:39:26|287.42|287.42|0
BRCJM01|BRGACMES|BRGACMES|8000021056|Shipped|NORMAL||58957368000394|58028-880|PB|BR|DSV||1|0|0|1|1|Y|08-19-2026 11:14:29|08-19-2026 11:14:29||||08-19-2026 15:39:17|08-19-2026 17:14:32|08-19-2026 23:53:19|08-19-2026 23:55:19||08-20-2026 00:09:34|08-20-2026 00:09:34|08-31-2026 10:39:13|12.92|287.41|274.49
BRCJM01|BRGACMES|BRGACMES|8000021057|Shipped|RUSH||68639251001711|22631-000|RJ|BR|DSV||1|.1|.001|1|1|Y|08-19-2026 11:14:30|08-19-2026 11:14:30||||08-19-2026 11:16:23|08-20-2026 10:51:42|08-20-2026 10:51:42|08-20-2026 15:18:40||08-31-2026 10:39:37|08-20-2026 15:19:00|08-31-2026 10:39:37|287.42|287.42|0
BRCJM01|BRGACMES|BRGACMES|8000021058|Shipped|NORMAL||59219965000112|18013-003|SP|BR|DSV||1|0|0|3|3|Y|08-19-2026 11:14:30|08-19-2026 11:14:30||||08-19-2026 15:39:17|08-31-2026 12:41:12|08-31-2026 12:41:12|08-31-2026 22:27:23||08-31-2026 23:03:11|08-31-2026 23:03:11|09-04-2026 14:36:24|299.81|387.37|87.55
BRCJM01|BRGACMES|BRGACMES|8000021071|Shipped|NORMAL||45180696000113|08735-000|SP|BR|DSV||5|.5|.005|5|5|Y|08-20-2026 07:21:41|08-20-2026 07:21:41||||08-20-2026 14:41:03|08-21-2026 16:47:42|08-23-2026 22:16:39|08-24-2026 07:10:38||08-24-2026 07:13:26|08-24-2026 07:13:26|08-31-2026 10:39:06|95.86|267.29|171.43
BRCJM01|BRGACMES|BRGACMES|8000021072|Shipped|NORMAL||68639251001711|22631-000|RJ|BR|DSV||1|0|0|1|1|Y|08-20-2026 07:21:41|08-20-2026 07:21:41||||08-20-2026 14:41:03|08-21-2026 13:05:12|08-21-2026 13:05:12|08-21-2026 14:03:47||08-21-2026 14:04:30|08-21-2026 14:04:30|08-31-2026 10:39:37|30.71|267.3|236.59
BRCJM01|BRGACMES|BRGACMES|8000021073|Shipped|NORMAL||59630650000163|40276-200|BA|BR|DSV||3|4|.04|90|90|Y|08-20-2026 07:21:41|08-20-2026 07:21:41||||08-20-2026 14:41:03|08-21-2026 13:31:26|08-21-2026 20:47:36|08-22-2026 02:14:55||08-22-2026 02:16:07|08-22-2026 02:16:07|09-04-2026 14:36:27|42.91|367.25|324.34
BRCJM01|BRGACMES|BRGACMES|8000021084|Shipped|NORMAL||45180696000202|65071-380|MA|BR|DSV||1|0|0|4|4|Y|08-20-2026 07:21:38|08-20-2026 07:21:38||||08-20-2026 14:41:02|08-21-2026 13:10:30|08-21-2026 13:10:30|08-21-2026 13:54:05||08-21-2026 13:55:18|08-21-2026 13:55:18|08-31-2026 10:39:06|30.56|267.29|236.73
BRCJM01|BRGACMES|BRGACMES|8000021085|Shipped|RUSH||59630650000163|40276-200|BA|BR|DSV||2|.2|.002|2|2|Y|08-20-2026 07:21:41|08-20-2026 07:21:41||||08-20-2026 08:47:26|08-20-2026 10:56:40|08-20-2026 10:58:54|08-20-2026 15:25:23||08-31-2026 10:39:22|08-20-2026 15:26:14|08-31-2026 10:39:22|267.29|267.29|0
BRCJM01|BRGACMES|BRGACMES|8000021086|Shipped|NORMAL||59039599000543|66053-180|PA|BR|DSV||1|.1|.001|1|1|Y|08-20-2026 07:21:41|08-20-2026 07:21:41||||08-20-2026 14:41:03|08-22-2026 00:46:26|08-22-2026 00:46:26|08-22-2026 03:31:25||08-22-2026 03:34:00|08-22-2026 03:34:00|08-31-2026 10:39:14|44.21|267.29|223.09
BRCJM01|BRGACMES|BRGACMES|8000021087|Shipped|NORMAL||59871299000100|14021-610|SP|BR|DSV||1|.1|.001|1|1|Y|08-20-2026 07:21:41|08-20-2026 07:21:41||||08-20-2026 14:41:03|08-21-2026 16:21:37|08-21-2026 16:21:37|08-21-2026 18:15:39||08-21-2026 18:16:31|08-21-2026 18:16:31|08-31-2026 10:39:23|34.91|267.3|232.38
BRCJM01|BRGACMES|BRGACMES|8000021088|Shipped|RUSH||59630650000163|40276-200|BA|BR|DSV||1|.1|.001|1|1|Y|08-20-2026 07:21:41|08-20-2026 07:21:41||||08-20-2026 08:47:26|08-20-2026 10:13:26|08-20-2026 10:13:26|08-20-2026 10:50:42||08-31-2026 10:39:22|08-20-2026 10:53:26|08-31-2026 10:39:22|267.29|267.29|0
BRCJM01|BRGACMES|BRGACMES|8000021089|Shipped|NORMAL||59895385000226|86072-000|PR|BR|DSV||1|.1|.001|1|1|Y|08-20-2026 07:21:42|08-20-2026 07:21:42||||08-20-2026 14:41:03|08-21-2026 13:01:16|08-21-2026 13:01:16|08-21-2026 13:57:27||08-31-2026 10:39:30|08-21-2026 13:57:44|08-31-2026 10:39:30|267.3|267.3|0
BRCJM01|BRGACMES|BRGACMES|8000021090|Shipped|RUSH||59286249000158|90240-620|RS|BR|DSV||1|.1|.001|1|1|Y|08-20-2026 07:21:42|08-20-2026 07:21:42||||08-20-2026 08:47:26|08-20-2026 11:02:42|08-20-2026 11:02:42|08-20-2026 15:09:11||08-20-2026 15:09:58|08-20-2026 15:09:58|08-31-2026 10:39:17|7.8|267.29|259.49
BRCJM01|BRGACMES|BRGACMES|8000021091|Shipped|NORMAL||59405379000243||||DSV||1|.1|.001|1|1|Y|08-20-2026 07:28:47|08-20-2026 07:28:47||||08-20-2026 14:41:06|08-21-2026 12:38:25|08-21-2026 12:38:25|08-21-2026 12:48:36||08-21-2026 12:51:35|08-21-2026 12:51:35|08-31-2026 10:39:20|29.38|267.18|237.8
BRCJM01|BRGACMES|BRGACMES|8000021092|Shipped|NORMAL||59895385000145|80240-545|PR|BR|DSV||1|.2|.002|2|2|Y|08-20-2026 07:21:42|08-20-2026 07:21:42||||08-20-2026 14:41:03|08-21-2026 17:34:35|08-21-2026 17:34:35|08-21-2026 18:31:09||08-21-2026 18:31:33|08-21-2026 18:31:33|08-31-2026 10:39:26|35.16|267.3|232.13
BRCJM01|BRGACMES|BRGACMES|8000021093|Shipped|RUSH||59405379000243||||DSV||1|.2|.002|2|2|Y|08-20-2026 07:28:47|08-20-2026 07:28:47||||08-20-2026 08:47:26|08-20-2026 11:10:18|08-20-2026 11:10:18|08-20-2026 15:13:02||08-31-2026 10:39:20|08-20-2026 15:14:16|08-31-2026 10:39:20|267.18|267.18|0
BRCJM01|BRGACMES|BRGACMES|8000021094|Shipped|NORMAL||58267919000479|71608-900|DF|BR|DSV||1|.1|.001|1|1|Y|08-20-2026 07:21:42|08-20-2026 07:21:42||||08-20-2026 14:41:03|08-21-2026 17:31:32|08-21-2026 17:31:32|08-21-2026 19:03:56||08-21-2026 19:05:29|08-21-2026 19:05:29|08-31-2026 10:39:11|35.73|267.29|231.56
BRCJM01|BRGACMES|BRGACMES|8000021095|Shipped|NORMAL||45180696000466|12246-876|SP|BR|DSV||1|.2|.002|2|2|Y|08-20-2026 07:21:42|08-20-2026 07:21:42||||08-20-2026 14:41:03|08-21-2026 17:28:54|08-21-2026 17:28:54|08-21-2026 18:20:44||08-21-2026 18:47:12|08-21-2026 18:47:12|08-31-2026 10:39:06|35.43|267.29|231.87
BRCJM01|BRGACMES|BRGACMES|8000021096|Shipped|NORMAL||60279014000118|54315-570|PE|BR|DSV||2|.2|.002|2|2|Y|08-20-2026 07:21:42|08-20-2026 07:21:42||||08-20-2026 14:41:04|08-21-2026 13:25:42|08-22-2026 04:20:32|08-22-2026 05:22:24||08-22-2026 05:23:56|08-22-2026 05:23:56|08-31-2026 10:39:34|46.04|267.3|221.26
BRCJM01|BRGACMES|BRGACMES|8000021097|Shipped|NORMAL||58267919000207|31255-234|MG|BR|DSV||1|.1|.001|1|1|Y|08-20-2026 07:21:42|08-20-2026 07:21:42||||08-20-2026 14:41:04|08-21-2026 17:26:50|08-21-2026 17:26:50|08-21-2026 19:14:26||08-21-2026 19:15:25|08-21-2026 19:15:25|08-31-2026 10:39:09|35.9|267.29|231.4
BRCJM01|BRGACMES|BRGACMES|8000021098|Shipped|NORMAL||59223839000301|05319-070|SP|BR|DSV||1|.1|.001|1|1|Y|08-20-2026 07:21:42|08-20-2026 07:21:42||||08-20-2026 14:41:04|08-21-2026 18:25:04|08-21-2026 18:25:04|08-21-2026 19:06:44||08-21-2026 19:07:18|08-21-2026 19:07:18|08-31-2026 10:39:16|35.76|267.29|231.53
BRCJM01|BRGACMES|BRGACMES|8000021099|Shipped|NORMAL||45180696000466|12246-876|SP|BR|DSV||1|.1|.001|1|1|Y|08-20-2026 07:21:42|08-20-2026 07:21:42||||08-20-2026 14:41:04|08-21-2026 18:22:57|08-21-2026 18:22:57|08-21-2026 18:53:57||08-21-2026 18:54:45|08-21-2026 18:54:45|08-31-2026 10:39:06|35.55|267.29|231.74
BRCJM01|BRGACMES|BRGACMES|8000021100|Shipped|NORMAL||59630650000163|40276-200|BA|BR|DSV||1|.1|.001|1|1|Y|08-20-2026 07:21:42|08-20-2026 07:21:42||||08-20-2026 14:41:04|08-21-2026 18:55:40|08-21-2026 18:55:40|08-22-2026 04:51:32||08-22-2026 04:52:12|08-22-2026 04:52:12|08-31-2026 10:39:22|45.51|267.29|221.79
BRCJM01|BRGACMES|BRGACMES|8000021101|Shipped|NORMAL||59223839000301|05319-070|SP|BR|DSV||1|.1|.001|1|1|Y|08-20-2026 07:21:42|08-20-2026 07:21:42||||08-20-2026 14:41:04|08-21-2026 12:57:36|08-21-2026 12:57:36|08-21-2026 14:08:34||08-21-2026 14:09:36|08-21-2026 14:09:36|08-31-2026 10:39:17|30.8|267.29|236.49
BRCJM01|BRGACMES|BRGACMES|8000021103|Shipped|RUSH||59286249000158|90240-620|RS|BR|DSV||1|.1|.001|1|1|Y|08-20-2026 07:21:43|08-20-2026 07:21:43||||08-20-2026 08:47:26|08-20-2026 11:05:05|08-20-2026 11:05:05|08-20-2026 15:03:27||08-20-2026 15:05:52|08-20-2026 15:05:52|08-31-2026 10:39:17|7.74|267.29|259.56
BRCJM01|BRGACMES|BRGACMES|8000021104|Shipped|RUSH||59907917000117|64051-005|PI|BR|DSV||1|.1|.001|1|1|Y|08-20-2026 07:21:43|08-20-2026 07:21:43||||08-20-2026 08:47:26|08-20-2026 20:46:27|08-20-2026 20:46:27|08-20-2026 20:54:48||08-31-2026 10:39:33|08-20-2026 20:55:07|08-31-2026 10:39:33|267.3|267.3|0
BRCJM01|BRGACMES|BRGACMES|8000021105|Shipped|NORMAL||58267919000207|31255-234|MG|BR|DSV||1|.1|.001|1|1|Y|08-20-2026 07:21:43|08-20-2026 07:21:43||||08-20-2026 14:41:04|08-21-2026 18:18:32|08-21-2026 18:18:32|08-21-2026 19:11:28||08-21-2026 19:11:53|08-21-2026 19:11:53|08-31-2026 10:39:09|35.84|267.29|231.45
BRCJM01|BRGACMES|BRGACMES|8000021106|Shipped|NORMAL||58267919000207|31255-234|MG|BR|DSV||2|.7|.007|7|7|Y|08-20-2026 07:21:43|08-20-2026 07:21:43||||08-20-2026 14:41:04|08-21-2026 18:13:26|08-21-2026 18:16:15|08-21-2026 19:25:28||08-21-2026 19:25:57|08-21-2026 19:25:57|08-31-2026 10:39:09|36.07|267.29|231.22
BRCJM01|BRGACMES|BRGACMES|8000021107|Shipped|NORMAL||58956147000130|60810-786|CE|BR|DSV||1|.1|.001|1|1|Y|08-20-2026 07:21:43|08-20-2026 07:21:43||||08-20-2026 14:41:04|08-21-2026 15:36:37|08-21-2026 15:36:37|08-21-2026 15:43:16||08-21-2026 15:43:35|08-21-2026 15:43:35|08-31-2026 10:39:12|32.36|267.29|234.93
BRCJM01|BRGACMES|BRGACMES|8000021108|Shipped|NORMAL||58267919000479|71608-900|DF|BR|DSV||1|.1|.001|1|1|Y|08-20-2026 07:21:43|08-20-2026 07:21:43||||08-20-2026 14:41:04|08-21-2026 12:55:46|08-21-2026 12:55:47|08-21-2026 14:17:28||08-21-2026 14:18:29|08-21-2026 14:18:29|08-31-2026 10:39:11|30.95|267.29|236.35
BRCJM01|BRGACMES|BRGACMES|8000021109|Shipped|NORMAL||59907917000117|64051-005|PI|BR|DSV||1|.1|.001|1|1|Y|08-20-2026 07:21:43|08-20-2026 07:21:43||||08-20-2026 14:41:04|08-21-2026 17:30:40|08-21-2026 17:30:40|08-21-2026 22:35:39||08-21-2026 22:39:05|08-21-2026 22:39:05|08-31-2026 10:39:33|39.29|267.3|228.01
BRCJM01|BRGACMES|BRGACMES|8000021110|Shipped|NORMAL||58267919000207|31255-234|MG|BR|DSV||1|.1|.001|1|1|Y|08-20-2026 07:21:43|08-20-2026 07:21:43||||08-20-2026 14:41:04|08-21-2026 17:34:39|08-21-2026 17:34:39|08-21-2026 18:20:35||08-21-2026 18:25:35|08-21-2026 18:25:35|08-31-2026 10:39:09|35.06|267.29|232.23
BRCJM01|BRGACMES|BRGACMES|8000021111|Shipped|NORMAL||58267919000479|71608-900|DF|BR|DSV||1|.1|.001|1|1|Y|08-20-2026 07:21:43|08-20-2026 07:21:43||||08-20-2026 14:41:04|08-21-2026 19:16:58|08-21-2026 19:16:58|08-23-2026 10:26:12||08-23-2026 10:26:40|08-23-2026 10:26:40|09-04-2026 14:36:21|75.08|367.24|292.16
BRCJM01|BRGACMES|BRGACMES|8000021112|Shipped|NORMAL||68639251001711|22631-000|RJ|BR|DSV||1|.8|.008|8|8|Y|08-20-2026 07:21:43|08-20-2026 07:21:43||||08-20-2026 14:41:04|08-21-2026 22:37:29|08-21-2026 22:37:29|08-21-2026 23:15:19||08-21-2026 23:16:58|08-21-2026 23:16:58|08-31-2026 10:39:37|39.92|267.3|227.38
BRCJM01|BRGACMES|BRGACMES|8000021113|Shipped|NORMAL||59630650000163|40276-200|BA|BR|DSV||1|.1|.001|1|1|Y|08-20-2026 07:21:43|08-20-2026 07:21:43||||08-20-2026 14:41:04|08-21-2026 17:25:21|08-21-2026 17:25:21|08-21-2026 20:54:52||08-21-2026 21:48:53|08-21-2026 21:48:53|08-31-2026 10:39:22|38.45|267.29|228.84
BRCJM01|BRGACMES|BRGACMES|8000021114|Shipped|NORMAL||68639251001711|22631-000|RJ|BR|DSV||1|.1|.001|1|1|Y|08-20-2026 07:21:44|08-20-2026 07:21:44||||08-20-2026 14:41:04|08-21-2026 12:50:14|08-21-2026 12:50:15|08-21-2026 14:01:51||08-31-2026 10:39:37|08-21-2026 14:02:12|08-31-2026 10:39:37|267.3|267.3|0
BRCJM01|BRGACMES|BRGACMES|8000021115|Shipped|NORMAL||60348857000129|49097-510|SE|BR|DSV||1|.1|.001|1|1|Y|08-20-2026 07:21:44|08-20-2026 07:21:44||||08-20-2026 14:41:05|08-21-2026 17:28:50|08-21-2026 17:28:50|08-21-2026 21:11:29||08-21-2026 21:22:14|08-21-2026 21:22:14|08-31-2026 10:39:34|38.01|267.3|229.29
BRCJM01|BRGACMES|BRGACMES|8000021116|Shipped|NORMAL||58957368000394|58028-880|PB|BR|DSV||1|.1|.001|1|1|Y|08-20-2026 07:21:44|08-20-2026 07:21:44||||08-20-2026 14:41:05|08-21-2026 18:52:56|08-21-2026 18:52:56|08-22-2026 18:16:47||08-22-2026 18:17:36|08-22-2026 18:17:36|08-31-2026 10:39:13|58.93|267.29|208.36
BRCJM01|BRGACMES|BRGACMES|8000021117|Shipped|RUSH||59523091000354|09521-040|SP|BR|DSV||1|.1|.001|1|0|N|08-20-2026 07:21:44|08-20-2026 07:21:44||||08-20-2026 08:47:26|08-20-2026 11:08:09|08-20-2026 11:08:09|08-20-2026 15:15:56||08-20-2026 15:16:42|08-20-2026 15:16:42|08-31-2026 10:39:20|7.92|267.29|259.38
BRCJM01|BRGACMES|BRGACMES|8000021118|Shipped|NORMAL||58957368000394|58028-880|PB|BR|DSV||1|.1|.001|1|1|Y|08-20-2026 07:21:44|08-20-2026 07:21:44||||08-20-2026 14:41:05|08-21-2026 16:02:29|08-21-2026 16:02:29|08-21-2026 22:58:55||08-21-2026 22:59:26|08-21-2026 22:59:26|08-31-2026 10:39:13|39.63|267.29|227.66
BRCJM01|BRGACMES|BRGACMES|8000021119|Shipped|NORMAL||59630650000163|40276-200|BA|BR|DSV||1|.1|.001|1|1|Y|08-20-2026 07:22:44|08-20-2026 07:22:44||||08-20-2026 14:41:05|08-21-2026 15:48:30|08-21-2026 15:48:30|08-21-2026 18:16:57||08-21-2026 18:19:06|08-21-2026 18:19:06|08-31-2026 10:39:22|34.94|267.28|232.34
BRCJM01|BRGACMES|BRGACMES|8000021120|Shipped|NORMAL||58267919000207|31255-234|MG|BR|DSV||2|1.2|.012|12|12|Y|08-20-2026 07:22:44|08-20-2026 07:22:44||||08-20-2026 14:41:05|08-21-2026 15:43:47|08-21-2026 15:45:17|08-21-2026 18:06:23||08-21-2026 18:07:25|08-21-2026 18:07:25|08-31-2026 10:39:10|34.74|267.27|232.53
BRCJM01|BRGACMES|BRGACMES|8000021121|Shipped|NORMAL||59338607000390|89056-083|ES|BR|DSV||1|.1|.001|1|1|Y|08-20-2026 07:22:44|08-20-2026 07:22:44||||08-20-2026 14:41:05|08-21-2026 16:48:58|08-21-2026 16:48:58|08-21-2026 19:14:04||08-21-2026 19:14:44|08-21-2026 19:14:44|08-31-2026 10:39:18|35.87|267.28|231.41
BRCJM01|BRGACMES|BRGACMES|8000021122|Shipped|NORMAL||59338607000390|89056-083|ES|BR|DSV||1|.1|.001|1|1|Y|08-20-2026 07:22:44|08-20-2026 07:22:44||||08-20-2026 14:41:05|08-21-2026 17:26:20|08-21-2026 17:26:20|08-21-2026 19:07:57||08-21-2026 19:17:07|08-21-2026 19:17:07|08-31-2026 10:39:18|35.91|267.28|231.37
BRCJM01|BRGACMES|BRGACMES|8000021123|Shipped|NORMAL||59871299000100|14021-610|SP|BR|DSV||1|.1|.001|1|1|Y|08-20-2026 07:22:45|08-20-2026 07:22:45||||08-20-2026 14:41:05|08-21-2026 16:47:42|08-21-2026 16:47:42|08-21-2026 18:23:10||08-21-2026 18:25:44|08-21-2026 18:25:44|09-04-2026 14:36:27|35.05|367.23|332.18
BRCJM01|BRGACMES|BRGACMES|8000021124|Shipped|NORMAL||58267919000479|71608-900|DF|BR|DSV||1|.1|.001|1|1|Y|08-20-2026 07:22:45|08-20-2026 07:22:45||||08-20-2026 14:41:05|08-21-2026 18:46:40|08-21-2026 18:46:40|08-22-2026 18:35:52||08-22-2026 18:36:32|08-22-2026 18:36:32|08-31-2026 10:39:11|59.23|267.27|208.04
BRCJM01|BRGACMES|BRGACMES|8000021125|Shipped|NORMAL||59219965000112|18013-003|SP|BR|DSV||1|1.2|.012|12|12|Y|08-20-2026 07:22:45|08-20-2026 07:22:45||||08-20-2026 14:41:05|08-21-2026 14:47:24|08-21-2026 14:47:24|08-21-2026 15:47:36||08-21-2026 18:10:53|08-21-2026 18:10:53|08-31-2026 10:39:15|34.8|267.28|232.47
BRCJM01|BRGACMES|BRGACMES|8000021126|Shipped|NORMAL||59286249000158|90240-620|RS|BR|DSV||1|.1|.001|1|1|Y|08-20-2026 07:22:45|08-20-2026 07:22:45||||08-20-2026 14:41:05|08-21-2026 12:54:06|08-21-2026 12:54:06|08-21-2026 15:40:53||08-21-2026 15:41:14|08-21-2026 15:41:14|08-31-2026 10:39:17|32.31|267.28|234.97
BRCJM01|BRGACMES|BRGACMES|8000021127|Shipped|NORMAL||59895385000145|80240-545|PR|BR|DSV||1|.1|.001|1|1|Y|08-20-2026 07:22:45|08-20-2026 07:22:45||||08-20-2026 14:41:05|08-21-2026 12:48:54|08-21-2026 12:48:54|08-21-2026 15:36:28||08-21-2026 15:36:51|08-21-2026 15:36:51|08-31-2026 10:39:26|32.24|267.28|235.04
BRCJM01|BRGACMES|BRGACMES|8000021128|Shipped|NORMAL||58267919000207|31255-234|MG|BR|DSV||2|.2|.002|2|2|Y|08-20-2026 07:22:45|08-20-2026 07:22:45||||08-20-2026 14:41:05|08-21-2026 16:26:23|08-21-2026 16:31:21|08-21-2026 22:26:53||08-21-2026 22:27:16|08-21-2026 22:27:16|08-31-2026 10:39:10|39.08|267.27|228.2
BRCJM01|BRGACMES|BRGACMES|8000021129|Shipped|NORMAL||60279014000118|54315-570|PE|BR|DSV||2|0|0|2|2|Y|08-20-2026 07:22:45|08-20-2026 07:22:45||||08-20-2026 14:41:05|08-21-2026 12:43:47|08-21-2026 12:45:35|08-21-2026 15:29:12||08-21-2026 15:34:04|08-21-2026 15:34:04|08-31-2026 10:39:34|32.19|267.28|235.09
BRCJM01|BRGACMES|BRGACMES|8000021130|Shipped|NORMAL||59600427000173|38408-144|MG|BR|DSV||2|.2|.002|2|2|Y|08-20-2026 07:22:45|08-20-2026 07:22:45||||08-20-2026 14:41:05|08-21-2026 13:21:11|08-22-2026 03:11:27|08-22-2026 03:43:54||08-22-2026 03:46:24|08-22-2026 03:46:24|08-31-2026 10:39:22|44.39|267.28|222.88
BRCJM01|BRGACMES|BRGACMES|8000021136|Shipped|NORMAL||58957368000394|58028-880|PB|BR|DSV||1|.1|.001|1|1|Y|08-20-2026 07:22:45|08-20-2026 07:22:45||||08-20-2026 14:41:06|08-21-2026 12:36:10|08-21-2026 12:36:10|08-21-2026 12:45:01||08-21-2026 12:46:50|08-21-2026 12:46:50|08-31-2026 10:39:13|29.4|267.27|237.87
BRCJM01|BRGACMES|BRGACMES|8000021186|Shipped|NORMAL||60402973000260|89204-004|SC|BR|DSV||1|0|0|1|1|Y|08-20-2026 14:35:15|08-20-2026 14:35:15||||08-20-2026 14:41:07|08-21-2026 12:28:39|08-21-2026 12:28:39|08-21-2026 12:53:46||08-21-2026 12:55:54|08-21-2026 12:55:54|08-31-2026 10:39:35|22.34|260.07|237.73
BRCJM01|BRGACMES|BRGACMES|8000021187|Shipped|NORMAL||59897625000140|13206-765|SP|BR|DSV||1|0|0|1|1|Y|08-20-2026 14:35:14|08-20-2026 14:35:14||||08-20-2026 14:41:06|08-21-2026 12:46:18|08-21-2026 12:46:18|08-21-2026 13:59:48||08-31-2026 10:39:31|08-21-2026 14:02:06|08-31-2026 10:39:31|260.07|260.07|0
BRCJM01|BRGACMES|BRGACMES|8000021188|Shipped|NORMAL||58267919000207|31255-234|MG|BR|DSV||4|.2|.002|4|4|Y|08-20-2026 14:35:13|08-20-2026 14:35:13||||08-20-2026 14:41:06|08-21-2026 13:14:28|08-22-2026 04:31:58|08-22-2026 12:08:36||08-22-2026 12:14:23|08-22-2026 12:14:23|08-31-2026 10:39:10|45.65|260.07|214.41
BRCJM01|BRGACMES|BRGACMES|8000021189|Shipped|NORMAL||59895385000226|86072-000|PR|BR|DSV||6|5|.05|330|330|Y|08-20-2026 14:35:14|08-20-2026 14:35:14|||08-28-2026 10:05:46|08-28-2026 10:10:49|08-28-2026 14:29:39|08-28-2026 15:50:17|08-28-2026 16:35:01||08-28-2026 16:38:37|08-28-2026 16:38:37|09-04-2026 14:36:29|194.06|360.02|165.96
BRCJM01|BRGACMES|BRGACMES|8000021190|Shipped|NORMAL||59895385000145|80240-545|PR|BR|DSV||1|.1|.001|1|1|Y|08-20-2026 14:35:14|08-20-2026 14:35:14||||08-20-2026 14:41:07|08-21-2026 12:25:36|08-21-2026 12:25:36|08-21-2026 12:58:37||08-21-2026 12:58:59|08-21-2026 12:58:59|08-31-2026 10:39:26|22.4|260.07|237.67
BRCJM01|BRGACMES|BRGACMES|8000021214|Shipped|RUSH||59039599000381|69053-355|AM|BR|DSV||1|.1|.001|1|1|Y|08-20-2026 14:35:14|08-20-2026 14:35:14||||08-20-2026 14:41:06|08-20-2026 16:34:15|08-20-2026 16:34:15|08-20-2026 17:11:18||08-20-2026 17:13:45|08-20-2026 17:13:46|08-31-2026 10:39:14|2.64|260.07|257.42
BRCJM01|BRGACMES|BRGACMES|8000021215|Shipped|RUSH||45180696000466|12246-876|SP|BR|DSV||1|.1|.001|1|1|Y|08-20-2026 14:35:15|08-20-2026 14:35:15||||08-20-2026 14:41:07|08-20-2026 16:36:28|08-20-2026 16:36:28|08-20-2026 17:10:40||08-20-2026 17:13:37|08-20-2026 17:13:37|08-31-2026 10:39:06|2.64|260.06|257.42
BRCJM01|BRGACMES|BRGACMES|8000021217|Shipped|RUSH||60259875000134|17012-648|SP|BR|DSV||1|.1|.001|1|1|Y|08-20-2026 14:35:15|08-20-2026 14:35:15||||08-20-2026 14:41:07|08-20-2026 16:38:57|08-20-2026 16:38:57|08-20-2026 17:11:50||08-31-2026 10:39:33|08-20-2026 17:13:56|08-31-2026 10:39:33|260.07|260.07|0
BRCJM01|BRGACMES|BRGACMES|8000021218|Shipped|RUSH||59216158000146|11050-201|SP|BR|DSV||1|.1|.001|1|1|Y|08-20-2026 14:35:15|08-20-2026 14:35:15||||08-20-2026 14:41:07|08-20-2026 16:37:45|08-20-2026 16:37:45|08-20-2026 17:12:23||08-20-2026 17:14:31|08-20-2026 17:14:31|08-31-2026 10:39:15|2.65|260.07|257.41
BRCJM01|BRGACMES|BRGACMES|8000021433|Shipped|NORMAL||60279014000118|54315-570|PE|BR|DSV||2|.2|.002|2|2|Y|08-21-2026 15:31:25|08-21-2026 15:31:25||||08-21-2026 15:35:19|08-21-2026 22:44:02|08-21-2026 22:49:46|08-22-2026 05:05:08||08-22-2026 05:11:53|08-22-2026 05:11:53|08-31-2026 10:39:34|13.67|235.14|221.46
BRCJM01|BRGACMES|BRGACMES|8000021434|Shipped|NORMAL||60279014000118|54315-570|PE|BR|DSV||3|.3|.003|3|3|Y|08-21-2026 15:31:25|08-21-2026 15:31:25||||08-21-2026 15:35:19|08-21-2026 22:41:36|08-22-2026 17:06:20|08-24-2026 09:56:05||08-24-2026 09:57:51|08-24-2026 09:57:51|08-31-2026 10:39:34|66.44|235.14|168.7
BRCJM01|BRGACMES|BRGACMES|8000021435|Shipped|NORMAL||60279014000118|54315-570|PE|BR|DSV||3|.3|.003|3|3|Y|08-21-2026 15:31:24|08-21-2026 15:31:24||||08-21-2026 15:35:19|08-22-2026 11:57:36|08-24-2026 01:09:32|08-24-2026 08:03:55||08-24-2026 08:04:37|08-24-2026 08:04:37|08-31-2026 10:39:34|64.55|235.14|170.58
BRCJM01|BRGACMES|BRGACMES|8000021436|Shipped|NORMAL||60259875000134|17012-648|SP|BR|DSV||1|.1|.001|1|1|Y|08-21-2026 15:31:22|08-21-2026 15:31:22||||08-21-2026 15:35:19|08-21-2026 22:22:09|08-21-2026 22:22:09|08-21-2026 23:21:42||08-21-2026 23:22:41|08-21-2026 23:22:41|08-31-2026 10:39:33|7.86|235.14|227.28
BRCJM01|BRGACMES|BRGACMES|8000021437|Shipped|NORMAL||60279014000118|54315-570|PE|BR|DSV||1|.1|.001|1|1|Y|08-21-2026 15:31:25|08-21-2026 15:31:25||||08-21-2026 15:35:19|08-22-2026 00:57:08|08-22-2026 00:57:08|08-22-2026 03:17:03||08-22-2026 03:19:33|08-22-2026 03:19:33|08-31-2026 10:39:34|11.8|235.14|223.33
BRCJM01|BRGACMES|BRGACMES|8000021438|Shipped|NORMAL||58267919000207|31255-234|MG|BR|DSV||6|2.7|.027|78|78|Y|08-21-2026 15:31:26|08-21-2026 15:31:26||||08-21-2026 15:35:20|08-21-2026 23:16:27|08-22-2026 14:36:46|08-22-2026 17:41:26||08-22-2026 17:44:30|08-22-2026 17:44:30|08-31-2026 10:39:10|26.22|235.13|208.91
BRCJM01|BRGACMES|BRGACMES|8000021439|Shipped|NORMAL||59338607000200|24030-211|RJ|BR|DSV||8|4.3|.043|65|65|Y|08-21-2026 15:31:25|08-21-2026 15:31:25||||08-21-2026 15:35:19|08-21-2026 23:15:28|08-24-2026 14:19:46|08-24-2026 14:48:14||08-24-2026 14:50:27|08-24-2026 14:50:27|08-31-2026 10:39:18|71.32|235.13|163.81
BRCJM01|BRGACMES|BRGACMES|8000021440|Shipped|NORMAL||60348857000129|49097-510|SE|BR|DSV||3|0|0|3|3|Y|08-21-2026 15:31:26|08-21-2026 15:31:26||||08-21-2026 15:35:20|08-22-2026 12:05:50|08-24-2026 02:24:59|08-24-2026 09:32:09||08-24-2026 09:38:29|08-24-2026 09:38:29|08-31-2026 10:39:35|66.12|235.14|169.02
BRCJM01|BRGACMES|BRGACMES|8000021441|Shipped|NORMAL||59039599000462|77023-002|TO|BR|DSV||1|.1|.001|1|1|Y|08-21-2026 15:31:26|08-21-2026 15:31:26||||08-21-2026 15:35:20|08-21-2026 22:26:33|08-21-2026 22:26:33|08-22-2026 05:15:09||08-22-2026 05:16:30|08-22-2026 05:16:30|08-31-2026 10:39:14|13.75|235.13|221.38
BRCJM01|BRGACMES|BRGACMES|8000021442|Shipped|NORMAL||59895385000145|80240-545|PR|BR|DSV||6|.4|.004|6|6|Y|08-21-2026 15:31:26|08-21-2026 15:31:26||||08-21-2026 15:35:20|08-22-2026 12:02:28|08-24-2026 00:58:28|08-24-2026 07:02:40||08-24-2026 07:04:20|08-24-2026 07:04:20|08-31-2026 10:39:26|63.55|235.13|171.59
BRCJM01|BRGACMES|BRGACMES|8000021443|Shipped|NORMAL||59286249000158|90240-620|RS|BR|DSV||1|.1|.001|1|1|Y|08-21-2026 15:31:26|08-21-2026 15:31:26||||08-21-2026 15:35:20|08-22-2026 12:19:58|08-22-2026 12:19:58|08-22-2026 18:08:35||08-22-2026 18:09:33|08-22-2026 18:09:33|08-31-2026 10:39:17|26.64|235.13|208.5
BRCJM01|BRGACMES|BRGACMES|8000021444|Shipped|NORMAL||58267919000126|71200-022|DF|BR|DSV||1|.1|.001|1|1|Y|08-21-2026 15:31:26|08-21-2026 15:31:26||||08-21-2026 15:35:20|08-21-2026 22:36:42|08-21-2026 22:36:42|08-22-2026 04:53:33||08-22-2026 04:54:32|08-22-2026 04:54:32|08-31-2026 10:39:08|13.39|235.13|221.74
BRCJM01|BRGACMES|BRGACMES|8000021446|Shipped|NORMAL||57166756000122||||DSV||8|1.1|.011|97|97|Y|08-21-2026 15:33:28|08-21-2026 15:33:28||||08-21-2026 15:35:22|08-22-2026 12:34:08|08-24-2026 01:51:35|08-24-2026 07:52:38||08-24-2026 07:53:50|08-24-2026 07:53:50|08-31-2026 10:39:07|64.34|235.09|170.75
BRCJM01|BRGACMES|BRGACMES|8000021447|Shipped|NORMAL||58956147000130|60810-786|CE|BR|DSV||6|4.1|.041|41|41|Y|08-21-2026 15:31:26|08-21-2026 15:31:26|||08-28-2026 08:59:18|08-28-2026 10:12:55|08-28-2026 14:29:19|08-28-2026 15:53:41|08-29-2026 11:27:32||08-29-2026 11:29:46|08-29-2026 11:29:46|09-04-2026 14:36:22|187.97|335.08|147.11
BRCJM01|BRGACMES|BRGACMES|8000021448|Shipped|NORMAL||45180696000113|08735-000|SP|BR|DSV||4|.8|.008|8|8|Y|08-21-2026 15:31:27|08-21-2026 15:31:27||||08-21-2026 15:35:21|08-22-2026 12:12:20|08-24-2026 03:12:00|08-24-2026 09:25:05||08-24-2026 09:27:34|08-24-2026 09:27:34|08-31-2026 10:39:06|65.94|235.13|169.19
BRCJM01|BRGACMES|BRGACMES|8000021449|Shipped|NORMAL||60348857000129|49097-510|SE|BR|DSV||2|.2|.002|2|2|Y|08-21-2026 15:31:27|08-21-2026 15:31:27||||08-21-2026 15:35:21|08-21-2026 22:29:53|08-21-2026 22:31:37|08-22-2026 04:55:34||08-22-2026 04:56:18|08-22-2026 04:56:19|08-31-2026 10:39:35|13.41|235.14|221.72
BRCJM01|BRGACMES|BRGACMES|8000021450|Shipped|NORMAL||59897625000221|13420-355|SP|BR|DSV||3|.5|.005|75|75|Y|08-21-2026 15:32:27|08-21-2026 15:32:27||||08-21-2026 15:35:22|08-21-2026 22:40:38|08-22-2026 05:03:21|08-22-2026 17:53:32||08-22-2026 17:58:31|08-22-2026 17:58:31|08-31-2026 10:39:32|26.43|235.12|208.68
BRCJM01|BRGACMES|BRGACMES|8000021451|Shipped|NORMAL||58267919000207|31255-234|MG|BR|DSV||1|0|0|1|1|Y|08-21-2026 15:32:27|08-21-2026 15:32:27||||08-21-2026 15:35:21|08-22-2026 12:25:07|08-22-2026 12:25:07|08-22-2026 18:11:33||08-22-2026 18:12:31|08-22-2026 18:12:31|08-31-2026 10:39:10|26.67|235.11|208.44
BRCJM01|BRGACMES|BRGACMES|8000021465|Shipped|NORMAL||59039599000110|78115-005|MT|BR|DSV||6|.5|.005|6|6|Y|08-21-2026 15:32:27|08-21-2026 15:32:27||||08-21-2026 15:35:22|08-21-2026 22:43:05|08-22-2026 16:22:16|08-24-2026 08:23:50||08-24-2026 08:24:45|08-24-2026 08:24:45|08-31-2026 10:39:13|64.87|235.11|170.24
BRCJM01|BRGACMES|BRGACMES|8000021537|Shipped|RUSH||59897625000302||||DSV||1|.1|.001|1|1|Y|08-24-2026 15:41:40|08-24-2026 15:41:40||||08-24-2026 15:57:07|08-24-2026 17:12:31|08-24-2026 17:12:31|08-24-2026 17:17:53||08-24-2026 17:18:20|08-24-2026 17:18:20|09-04-2026 14:36:30|1.61|262.91|261.3
BRCJM01|BRGACMES|BRGACMES|8000021538|Shipped|NORMAL||59871299000100|14021-610|SP|BR|DSV||1|.1|.001|1|1|Y|08-25-2026 07:08:32|08-25-2026 07:08:32||||08-25-2026 07:19:31|08-25-2026 07:42:17|08-25-2026 07:42:17|08-25-2026 09:24:25||08-25-2026 09:24:46|08-25-2026 09:24:46|09-04-2026 14:36:27|2.27|247.47|245.19
BRCJM01|BRGACMES|BRGACMES|8000021539|Shipped|NORMAL||59897625000302||||DSV||1|1.2|.012|12|12|Y|08-25-2026 07:16:41|08-25-2026 07:16:41||||08-25-2026 07:19:35|08-25-2026 09:29:51|08-25-2026 09:29:51|08-25-2026 09:44:37||08-25-2026 09:47:23|08-25-2026 09:47:23|08-31-2026 10:39:32|2.51|147.38|144.87
BRCJM01|BRGACMES|BRGACMES|8000021540|Shipped|NORMAL||66684604000102||||DSV||1|2|.02|20|20|Y|08-25-2026 07:16:41|08-25-2026 07:16:41||||08-25-2026 07:19:35|08-25-2026 09:27:48|08-25-2026 09:27:49|08-25-2026 09:32:51||08-25-2026 09:37:12|08-25-2026 09:37:12|08-31-2026 10:39:36|2.34|147.38|145.04
BRCJM01|BRGACMES|BRGACMES|8000021541|Shipped|NORMAL||59871299000100|14021-610|SP|BR|DSV||5|.9|.009|9|9|Y|08-25-2026 07:08:34|08-25-2026 07:08:34||||08-25-2026 07:19:31|08-25-2026 08:25:14|08-25-2026 08:32:58|08-25-2026 09:20:21||08-27-2026 08:46:36|08-27-2026 08:46:37|08-31-2026 10:39:23|49.63|147.51|97.88
BRCJM01|BRGACMES|BRGACMES|8000021542|Shipped|NORMAL||59897625000302||||DSV||3|0|0|3|3|Y|08-25-2026 07:16:41|08-25-2026 07:16:41||||08-25-2026 07:19:35|08-25-2026 10:25:05|08-25-2026 10:26:34|08-25-2026 13:40:16||08-25-2026 13:40:49|08-25-2026 13:40:49|08-31-2026 10:39:32|6.4|147.38|140.98
BRCJM01|BRGACMES|BRGACMES|8000021543|Shipped|NORMAL||59897625000302||||DSV||1|0|0|1|1|Y|08-25-2026 07:16:41|08-25-2026 07:16:41||||08-25-2026 07:19:35|08-25-2026 09:33:16|08-25-2026 09:33:16|08-25-2026 09:46:37||08-25-2026 09:47:31|08-25-2026 09:47:31|08-31-2026 10:39:32|2.51|147.38|144.87
BRCJM01|BRGACMES|BRGACMES|8000021544|Shipped|NORMAL||59897625000302||||DSV||1|0|0|2|2|Y|08-25-2026 07:16:41|08-25-2026 07:16:41||||08-25-2026 07:19:35|08-25-2026 11:12:54|08-25-2026 11:12:54|08-25-2026 14:34:53||08-25-2026 15:19:30|08-25-2026 15:19:30|08-31-2026 10:39:32|8.05|147.38|139.33
BRCJM01|BRGACMES|BRGACMES|8000021545|Shipped|NORMAL||29177311000102|05016-090|SP|BR|DSV||1|.1|.001|1|1|Y|08-25-2026 07:08:34|08-25-2026 07:08:34||||08-25-2026 07:19:31|08-25-2026 07:48:15|08-25-2026 07:48:15|08-25-2026 09:30:57||08-25-2026 09:31:25|08-25-2026 09:31:25|08-31-2026 10:39:05|2.38|147.51|145.13
BRCJM01|BRGACMES|BRGACMES|8000021546|Shipped|NORMAL||59897625000302||||DSV||1|3|.03|30|30|Y|08-25-2026 07:16:41|08-25-2026 07:16:41||||08-25-2026 07:19:35|08-25-2026 09:40:47|08-25-2026 09:40:47|08-25-2026 10:20:14||08-25-2026 10:20:35|08-25-2026 10:20:35|08-31-2026 10:39:33|3.07|147.38|144.32
BRCJM01|BRGACMES|BRGACMES|8000021547|Shipped|NORMAL||59897625000302||||DSV||1|0|0|30|30|Y|08-25-2026 07:16:41|08-25-2026 07:16:41||||08-25-2026 07:19:35|08-25-2026 11:07:22|08-25-2026 11:07:22|08-26-2026 06:59:41||08-26-2026 07:02:03|08-26-2026 07:02:04|08-31-2026 10:39:33|23.76|147.38|123.63
BRCJM01|BRGACMES|BRGACMES|8000021548|Shipped|NORMAL||59871299000100|14021-610|SP|BR|DSV||1|0|0|1|1|Y|08-25-2026 07:08:34|08-25-2026 07:08:34||||08-25-2026 07:19:31|08-28-2026 23:33:24|08-28-2026 23:33:24|08-29-2026 04:10:32||08-29-2026 04:11:21|08-29-2026 04:11:21|09-04-2026 14:36:27|93.05|247.46|154.42
BRCJM01|BRGACMES|BRGACMES|8000021549|Shipped|NORMAL||59871299000100|14021-610|SP|BR|DSV||1|.1|.001|1|1|Y|08-25-2026 07:08:34|08-25-2026 07:08:34||||08-25-2026 07:19:31|08-25-2026 08:46:16|08-25-2026 08:46:16|08-25-2026 09:22:58||08-25-2026 09:23:37|08-25-2026 09:23:37|08-31-2026 10:39:24|2.25|147.51|145.26
BRCJM01|BRGACMES|BRGACMES|8000021550|Shipped|NORMAL||59871299000100|14021-610|SP|BR|DSV||1|.1|.001|1|1|Y|08-25-2026 07:08:34|08-25-2026 07:08:34||||08-25-2026 07:19:31|08-25-2026 07:50:29|08-25-2026 07:50:29|08-25-2026 09:27:18||08-25-2026 09:29:53|08-25-2026 09:29:53|08-31-2026 10:39:24|2.36|147.51|145.16
BRCJM01|BRGACMES|BRGACMES|8000021551|Shipped|NORMAL||59871299000100|14021-610|SP|BR|DSV||2|0|0|4|4|Y|08-25-2026 07:08:35|08-25-2026 07:08:35||||08-25-2026 07:19:31|08-25-2026 11:49:19|08-25-2026 11:52:09|08-25-2026 12:48:31||08-25-2026 12:49:17|08-25-2026 12:49:17|08-31-2026 10:39:24|5.68|147.51|141.84
BRCJM01|BRGACMES|BRGACMES|8000021552|Shipped|NORMAL||57615766000106||||DSV||2|.1|.001|2|2|Y|08-25-2026 07:16:42|08-25-2026 07:16:42||||08-25-2026 07:19:35|08-25-2026 10:13:25|08-25-2026 11:02:19|08-26-2026 07:18:50||08-26-2026 07:19:15|08-26-2026 07:19:15|08-31-2026 10:39:07|24.04|147.37|123.33
BRCJM01|BRGACMES|BRGACMES|8000021553|Shipped|NORMAL||59338607000390|89056-083|ES|BR|DSV||2|0|0|2|2|Y|08-25-2026 07:08:35|08-25-2026 07:08:35||||08-25-2026 07:19:32|08-25-2026 11:34:06|08-25-2026 11:36:10|08-25-2026 13:18:05||08-25-2026 13:18:29|08-25-2026 13:18:29|08-31-2026 10:39:18|6.17|147.51|141.35
BRCJM01|BRGACMES|BRGACMES|8000021554|Shipped|NORMAL||59907917000117|64051-005|PI|BR|DSV||1|0|0|1|1|Y|08-25-2026 07:08:35|08-25-2026 07:08:35||||08-25-2026 07:19:32|08-25-2026 11:44:17|08-25-2026 11:44:17|08-25-2026 13:38:07||08-25-2026 13:38:29|08-25-2026 13:38:29|08-31-2026 10:39:33|6.5|147.52|141.02
BRCJM01|BRGACMES|BRGACMES|8000021680|Shipped|NORMAL||59286249000158|90240-620|RS|BR|DSV||1|0|0|1|1|Y|08-25-2026 07:08:37|08-25-2026 07:08:37||||08-25-2026 07:19:32|08-25-2026 07:53:33|08-25-2026 07:53:33|08-25-2026 09:05:52||08-25-2026 09:06:17|08-25-2026 09:06:17|08-31-2026 10:39:17|1.96|147.51|145.55
BRCJM01|BRGACMES|BRGACMES|8000021681|Shipped|NORMAL||58267919000207|31255-234|MG|BR|DSV||1|0|0|1|1|Y|08-25-2026 07:08:37|08-25-2026 07:08:37||||08-25-2026 07:19:32|08-25-2026 07:56:05|08-25-2026 07:56:05|08-25-2026 09:21:46||08-25-2026 09:23:31|08-25-2026 09:23:31|08-31-2026 10:39:10|2.25|147.51|145.26
BRCJM01|BRGACMES|BRGACMES|8000021682|Shipped|NORMAL||58873822000248|88331-490|SC|BR|DSV||5|.2|.002|6|6|Y|08-25-2026 07:08:37|08-25-2026 07:08:37|||08-28-2026 11:19:52|08-28-2026 11:22:20|08-28-2026 15:51:05|08-29-2026 02:56:15|08-29-2026 12:05:00||08-31-2026 10:50:25|08-31-2026 10:50:25|09-04-2026 14:36:22|147.7|247.46|99.77
BRCJM01|BRGACMES|BRGACMES|8000021683|Shipped|NORMAL||60402973000260|89204-004|SC|BR|DSV||1|0|0|3|3|Y|08-25-2026 07:08:37|08-25-2026 07:08:37||||08-25-2026 07:19:32|08-25-2026 08:05:05|08-25-2026 08:05:05|08-25-2026 09:36:36||08-25-2026 09:37:33|08-25-2026 09:37:33|08-31-2026 10:39:35|2.48|147.52|145.03
BRCJM01|BRGACMES|BRGACMES|8000021684|Shipped|NORMAL||57615766000106||||DSV||1|.1|.001|1|1|Y|08-25-2026 07:16:42|08-25-2026 07:16:42||||08-25-2026 07:19:35|08-25-2026 10:17:29|08-25-2026 10:17:29|08-25-2026 10:21:23||08-27-2026 08:46:43|08-27-2026 08:46:43|08-31-2026 10:39:07|49.5|147.37|97.87
BRCJM01|BRGACMES|BRGACMES|8000021685|Shipped|NORMAL||59895385000226|86072-000|PR|BR|DSV||1|.1|.001|1|1|Y|08-25-2026 07:08:37|08-25-2026 07:08:37||||08-25-2026 07:19:32|08-25-2026 07:58:32|08-25-2026 07:58:32|08-25-2026 09:10:52||08-25-2026 09:11:25|08-25-2026 09:11:25|08-31-2026 10:39:31|2.05|147.52|145.47
BRCJM01|BRGACMES|BRGACMES|8000021686|Shipped|NORMAL||57615766000106||||DSV||2|.1|.001|2|2|Y|08-25-2026 07:16:42|08-25-2026 07:16:42||||08-25-2026 07:19:35|08-25-2026 14:36:41|08-25-2026 17:13:25|08-26-2026 07:37:16||08-26-2026 07:38:55|08-26-2026 07:38:55|08-31-2026 10:39:07|24.37|147.37|123
BRCJM01|BRGACMES|BRGACMES|8000021687|Shipped|NORMAL||59338607000390|89056-083|ES|BR|DSV||3|.1|.001|3|3|Y|08-25-2026 07:08:37|08-25-2026 07:08:37||||08-25-2026 07:19:33|08-25-2026 08:38:18|08-25-2026 08:41:28|08-25-2026 09:26:00||08-25-2026 09:26:31|08-25-2026 09:26:31|08-31-2026 10:39:19|2.3|147.51|145.21
BRCJM01|BRGACMES|BRGACMES|8000021688|Shipped|NORMAL||59895385000226|86072-000|PR|BR|DSV||1|0|0|1|1|Y|08-25-2026 07:08:37|08-25-2026 07:08:37||||08-25-2026 07:19:32|08-25-2026 08:13:37|08-25-2026 08:13:37|08-25-2026 09:02:30||08-25-2026 09:03:40|08-25-2026 09:03:40|08-31-2026 10:39:31|1.92|147.52|145.6
BRCJM01|BRGACMES|BRGACMES|8000021702|Shipped|NORMAL||592161580146||||DSV||3|.9|.009|9|9|Y|08-24-2026 15:43:46|08-24-2026 15:43:46||||08-24-2026 15:57:10|08-31-2026 09:56:12|08-31-2026 09:57:32|08-31-2026 11:41:31||08-31-2026 11:41:57|08-31-2026 11:41:57|09-09-2026 09:35:55|163.97|377.87|213.9
BRCJM01|BRGACMES|BRGACMES|8000021703|Shipped|NORMAL||59286249000158|90240-620|RS|BR|DSV||1|.1|.001|1|1|Y|08-25-2026 07:08:37|08-25-2026 07:08:37|||08-28-2026 08:59:19|08-28-2026 11:18:59|08-28-2026 15:28:26|08-28-2026 15:28:26|08-29-2026 17:38:00||09-09-2026 09:35:55|08-31-2026 10:50:44|09-09-2026 09:35:55|362.46|362.46|0
BRCJM01|BRGACMES|BRGACMES|8000021714|Shipped|NORMAL||59405379000243||||DSV||1|.1|.001|1|1|Y|08-25-2026 07:16:42|08-25-2026 07:16:42||||08-25-2026 07:19:35|08-25-2026 10:21:18|08-25-2026 10:21:18|08-25-2026 10:36:07||08-25-2026 10:36:44|08-25-2026 10:36:44|08-31-2026 10:39:20|3.33|147.38|144.04
BRCJM01|BRGACMES|BRGACMES|8000021715|Shipped|NORMAL||59338607000390|89056-083|ES|BR|DSV||1|.1|.001|1|1|Y|08-25-2026 07:08:38|08-25-2026 07:08:38||||08-25-2026 07:19:33|08-26-2026 07:41:44|08-26-2026 07:41:44|08-26-2026 07:43:01||08-26-2026 07:43:18|08-26-2026 07:43:18|09-04-2026 14:36:25|24.58|247.46|222.89
BRCJM01|BRGACMES|BRGACMES|8000021716|Shipped|NORMAL||57615766000106||||DSV||2|.2|.002|2|2|Y|08-25-2026 07:16:42|08-25-2026 07:16:42||||08-25-2026 07:19:35|08-25-2026 14:38:36|08-25-2026 17:40:14|08-26-2026 11:27:40||08-26-2026 11:27:58|08-26-2026 11:27:58|08-31-2026 10:39:07|28.19|147.37|119.19
BRCJM01|BRGACMES|BRGACMES|8000021717|Shipped|NORMAL||59338607000390|89056-083|ES|BR|DSV||5|.5|.005|5|5|Y|08-25-2026 07:08:38|08-25-2026 07:08:38||||08-25-2026 07:19:33|08-25-2026 08:00:07|08-25-2026 10:58:13|08-26-2026 07:12:20||08-26-2026 07:13:48|08-26-2026 07:13:48|08-31-2026 10:39:19|24.09|147.51|123.43
BRCJM01|BRGACMES|BRGACMES|8000021718|Shipped|NORMAL||59338607000390|89056-083|ES|BR|DSV||5|.5|.005|5|5|Y|08-25-2026 07:08:38|08-25-2026 07:08:38||||08-25-2026 07:19:33|08-25-2026 14:07:15|08-27-2026 14:17:22|08-28-2026 09:57:51||08-28-2026 09:59:37|08-28-2026 09:59:37|09-04-2026 14:36:25|74.85|247.46|172.61
BRCJM01|BRGACMES|BRGACMES|8000021719|Shipped|NORMAL||59895385000145|80240-545|PR|BR|DSV||1|.1|.001|1|1|Y|08-25-2026 07:08:38|08-25-2026 07:08:38||||08-25-2026 07:19:33|08-25-2026 08:34:13|08-25-2026 08:34:13|08-25-2026 09:08:40||08-25-2026 09:13:00|08-25-2026 09:13:00|08-31-2026 10:39:26|2.07|147.51|145.44
BRCJM01|BRGACMES|BRGACMES|8000021720|Shipped|NORMAL||59895385000145|80240-545|PR|BR|DSV||2|.2|.002|2|2|Y|08-25-2026 07:08:38|08-25-2026 07:08:38||||08-25-2026 07:19:33|08-25-2026 08:29:32|08-25-2026 08:32:08|08-25-2026 09:40:16||08-25-2026 09:42:22|08-25-2026 09:42:22|08-31-2026 10:39:26|2.56|147.51|144.95
BRCJM01|BRGACMES|BRGACMES|8000021721|Shipped|NORMAL||60402973000260|89204-004|SC|BR|DSV||1|.1|.001|1|1|Y|08-25-2026 07:08:38|08-25-2026 07:08:38||||08-25-2026 07:19:34|08-25-2026 11:30:23|08-25-2026 11:30:23|08-25-2026 13:20:02||08-25-2026 13:20:26|08-25-2026 13:20:26|08-31-2026 10:39:35|6.2|147.52|141.32
BRCJM01|BRGACMES|BRGACMES|8000021722|Shipped|NORMAL||57615766000106||||DSV||1|.1|.001|1|1|Y|08-25-2026 07:15:40|08-25-2026 07:15:40||||08-25-2026 07:19:34|08-25-2026 11:23:33|08-25-2026 11:23:33|08-25-2026 13:15:23||08-25-2026 13:16:08|08-25-2026 13:16:08|08-31-2026 10:39:07|6.01|147.39|141.38
BRCJM01|BRGACMES|BRGACMES|8000021723|Shipped|NORMAL||59895385000145|80240-545|PR|BR|DSV||1|.1|.001|1|1|Y|08-25-2026 07:08:38|08-25-2026 07:08:38||||08-25-2026 07:19:34|08-25-2026 08:36:30|08-25-2026 08:36:30|08-25-2026 09:38:30||08-27-2026 08:46:53|08-27-2026 08:46:53|08-31-2026 10:39:26|49.64|147.51|97.88
BRCJM01|BRGACMES|BRGACMES|8000021724|Shipped|NORMAL||58956147000130|60810-786|CE|BR|DSV||3|1|.01|22|22|Y|08-25-2026 07:08:38|08-25-2026 07:08:38||||08-25-2026 07:19:34|08-25-2026 14:23:41|08-27-2026 10:46:03|08-27-2026 14:58:32||08-27-2026 16:16:30|08-27-2026 16:16:30|09-04-2026 14:36:22|57.13|247.46|190.33
BRCJM01|BRGACMES|BRGACMES|8000021725|Shipped|NORMAL||59216158000146|11050-201|SP|BR|DSV||1|0|0|1|1|Y|08-25-2026 07:08:38|08-25-2026 07:08:38||||08-25-2026 07:19:34|08-25-2026 08:38:39|08-25-2026 08:38:39|08-25-2026 09:04:34||08-25-2026 09:06:09|08-25-2026 09:06:09|08-31-2026 10:39:15|1.96|147.51|145.55
BRCJM01|BRGACMES|BRGACMES|8000021726|Shipped|NORMAL||57615766000106||||DSV||6|.3|.003|9|9|Y|08-25-2026 07:15:40|08-25-2026 07:15:40||||08-25-2026 07:19:34|08-25-2026 14:32:38|08-25-2026 16:13:13|08-26-2026 07:55:52||08-26-2026 07:56:34|08-26-2026 07:56:34|08-31-2026 10:39:08|24.68|147.39|122.71
BRCJM01|BRGACMES|BRGACMES|8000021778|Shipped|NORMAL||59223839000301|05319-070|SP|BR|DSV||1|0|0|1|1|Y|08-25-2026 07:08:39|08-25-2026 07:08:39||||08-25-2026 07:19:34|08-25-2026 11:26:04|08-25-2026 11:26:04|08-25-2026 13:11:29||08-25-2026 13:12:17|08-25-2026 13:12:17|08-31-2026 10:39:17|6.06|147.51|141.45
BRCJM01|BRGACMES|BRGACMES|8000021779|Shipped|NORMAL||57615766000106||||DSV||3|0|0|6|6|Y|08-25-2026 07:15:41|08-25-2026 07:15:41||||08-25-2026 07:19:34|08-25-2026 08:55:27|08-25-2026 09:06:53|08-25-2026 09:15:57||08-25-2026 09:16:20|08-25-2026 09:16:20|08-31-2026 10:39:08|2.01|147.39|145.38
BRCJM01|BRGACMES|BRGACMES|8000021780|Shipped|NORMAL||59897625000140|13206-765|SP|BR|DSV||1|1.5|.015|15|15|Y|08-25-2026 07:08:39|08-25-2026 07:08:39||||08-25-2026 07:19:34|08-25-2026 08:42:25|08-25-2026 08:42:25|08-25-2026 09:42:06||08-25-2026 09:43:03|08-25-2026 09:43:03|08-31-2026 10:39:31|2.57|147.51|144.94
BRCJM01|BRGACMES|BRGACMES|8000021781|Shipped|NORMAL||60259875000134|17012-648|SP|BR|DSV||1|.1|.001|1|1|Y|08-25-2026 07:08:39|08-25-2026 07:08:39||||08-25-2026 07:19:34|08-25-2026 11:05:01|08-25-2026 11:05:01|08-26-2026 07:03:24||08-26-2026 07:03:57|08-26-2026 07:03:57|08-31-2026 10:39:33|23.92|147.52|123.59
BRCJM01|BRGACMES|BRGACMES|8000021898|Shipped|NORMAL||59039599000110|78115-005|MT|BR|DSV||1|0|0|1|1|Y|08-26-2026 14:39:43|08-26-2026 14:39:43||||08-26-2026 15:19:27|08-27-2026 03:08:54|08-27-2026 03:08:54|08-27-2026 03:09:55||08-27-2026 03:10:15|08-27-2026 03:10:15|08-31-2026 10:39:13|12.51|115.99|103.48
BRCJM01|BRGACMES|BRGACMES|8000021899|Shipped|NORMAL||60259875000134|17012-648|SP|BR|DSV||1|0|0|50|50|Y|08-26-2026 14:39:41|08-26-2026 14:39:44||||08-26-2026 15:19:27|08-27-2026 07:52:39|08-27-2026 07:52:39|08-27-2026 10:18:29||08-27-2026 10:19:05|08-27-2026 10:19:05|08-31-2026 10:39:33|19.66|116|96.34
BRCJM01|BRGACMES|BRGACMES|8000021919|Shipped|NORMAL||59600427000173|38408-144|MG|BR|DSV||4|.4|.004|4|4|Y|08-26-2026 14:39:42|08-26-2026 14:39:42||||08-26-2026 15:19:27|08-27-2026 07:16:30|08-27-2026 09:28:25|08-27-2026 10:58:00||08-31-2026 10:50:50|08-31-2026 10:50:50|09-04-2026 14:36:26|116.19|215.95|99.76
BRCJM01|BRGACMES|BRGACMES|8000021979|Shipped|NORMAL||66674047000149||||DSV||2|0|0|2|2|Y|08-26-2026 14:42:48|08-26-2026 14:42:48||||08-26-2026 15:19:31|08-26-2026 17:02:47|08-26-2026 17:16:50|08-26-2026 22:28:27||08-26-2026 22:29:30|08-26-2026 22:29:30|08-31-2026 10:39:36|7.78|115.95|108.17
BRCJM01|BRGACMES|BRGACMES|8000021982|Shipped|NORMAL||58873822000248|88331-490|SC|BR|DSV||1|0|0|2|2|Y|08-26-2026 14:39:44|08-26-2026 14:39:44||||08-26-2026 15:19:27|08-26-2026 22:06:45|08-26-2026 22:06:45|08-26-2026 22:39:38||08-26-2026 22:41:15|08-26-2026 22:41:15|08-31-2026 10:39:12|8.03|115.99|107.97
BRCJM01|BRGACMES|BRGACMES|8000021983|Shipped|NORMAL||59039599000110|78115-005|MT|BR|DSV||1|0|0|1|1|Y|08-26-2026 14:39:44|08-26-2026 14:39:44||||08-26-2026 15:19:27|08-27-2026 08:00:44|08-27-2026 08:00:44|08-27-2026 09:22:54||08-27-2026 09:23:18|08-27-2026 09:23:18|08-31-2026 10:39:13|18.73|115.99|97.27
BRCJM01|BRGACMES|BRGACMES|8000021984|Shipped|NORMAL||59523091000354|09521-040|SP|BR|DSV||3|.3|.003|3|3|Y|08-26-2026 14:39:44|08-26-2026 14:39:44||||08-26-2026 15:19:27|08-26-2026 16:38:28|08-26-2026 16:42:49|08-27-2026 01:28:28||08-27-2026 01:29:27|08-27-2026 01:29:27|09-04-2026 14:36:26|10.83|215.95|205.12
BRCJM01|BRGACMES|BRGACMES|8000022195|Shipped|NORMAL||59897625000302||||DSV||1|0|0|5|5|Y|08-26-2026 14:42:48|08-26-2026 14:42:48||||08-26-2026 15:19:31|08-27-2026 04:02:17|08-27-2026 04:03:20|08-27-2026 05:06:15||08-27-2026 05:07:18|08-27-2026 05:07:18|08-31-2026 10:39:33|14.41|115.95|101.54
BRCJM01|BRGACMES|BRGACMES|8000022197|Shipped|NORMAL||59895385000226|86072-000|PR|BR|DSV||6|.3|.003|6|6|Y|08-26-2026 14:39:44|08-26-2026 14:39:44||||08-26-2026 15:19:28|08-27-2026 07:24:11|08-27-2026 10:19:26|08-27-2026 12:24:53||08-31-2026 10:51:10|08-31-2026 10:51:10|09-04-2026 14:36:29|116.19|215.95|99.76
BRCJM01|BRGACMES|BRGACMES|8000022198|Shipped|NORMAL||59895385000226|86072-000|PR|BR|DSV||1|.1|.001|1|1|Y|08-26-2026 14:39:44|08-26-2026 14:39:44||||08-26-2026 15:19:28|08-26-2026 19:14:26|08-26-2026 19:14:26|08-26-2026 23:37:01||08-26-2026 23:37:33|08-26-2026 23:37:33|08-31-2026 10:39:31|8.96|116|107.03
BRCJM01|BRGACMES|BRGACMES|8000022199|Shipped|NORMAL||60402973000189|89051-000|SC|BR|DSV||1|0|0|1|1|Y|08-26-2026 14:39:44|08-26-2026 14:39:44||||08-26-2026 15:19:28|08-26-2026 17:02:30|08-26-2026 17:02:30|08-26-2026 22:31:12||08-26-2026 22:32:15|08-26-2026 22:32:15|08-31-2026 10:39:35|7.88|116|108.12
BRCJM01|BRGACMES|BRGACMES|8000022200|Shipped|NORMAL||58957368000122|59063-200|RN|BR|DSV||2|0|0|2|2|Y|08-26-2026 14:39:44|08-26-2026 14:39:44||||08-26-2026 15:19:28|08-26-2026 18:40:30|08-26-2026 18:42:44|08-26-2026 23:22:57||08-26-2026 23:23:42|08-26-2026 23:23:42|08-31-2026 10:39:13|8.73|115.99|107.26
BRCJM01|BRGACMES|BRGACMES|8000022202|Shipped|NORMAL||45180696000113|08735-000|SP|BR|DSV||1|.1|.001|1|1|Y|08-26-2026 14:39:44|08-26-2026 14:39:44||||08-26-2026 15:19:28|08-26-2026 18:46:14|08-26-2026 18:46:14|08-26-2026 23:29:21||08-26-2026 23:30:05|08-26-2026 23:30:05|08-31-2026 10:39:06|8.84|115.99|107.15
BRCJM01|BRGACMES|BRGACMES|8000022203|Shipped|NORMAL||58873822000248|88331-490|SC|BR|DSV||1|.1|.001|1|1|Y|08-26-2026 14:39:45|08-26-2026 14:39:45||||08-26-2026 15:19:28|08-26-2026 16:56:58|08-26-2026 16:56:58|08-26-2026 22:33:50||08-26-2026 22:35:42|08-26-2026 22:35:42|08-31-2026 10:39:12|7.93|115.99|108.06
BRCJM01|BRGACMES|BRGACMES|8000022204|Shipped|NORMAL||60348857000129|49097-510|SE|BR|DSV||1|.1|.001|1|1|Y|08-26-2026 14:39:45|08-26-2026 14:39:45||||08-26-2026 15:19:29|08-26-2026 17:35:57|08-26-2026 17:35:57|08-26-2026 23:14:38||08-26-2026 23:16:15|08-26-2026 23:16:15|08-31-2026 10:39:35|8.61|116|107.39
BRCJM01|BRGACMES|BRGACMES|8000022205|Shipped|NORMAL||58957368000394|58028-880|PB|BR|DSV||2|0|0|2|2|Y|08-26-2026 14:39:45|08-26-2026 14:39:45||||08-26-2026 15:19:29|08-26-2026 18:04:44|08-26-2026 18:12:20|08-27-2026 01:25:06||08-27-2026 01:29:43|08-27-2026 01:29:43|08-31-2026 10:39:13|10.83|115.99|105.16
BRCJM01|BRGACMES|BRGACMES|8000022206|Shipped|NORMAL||59895385000226|86072-000|PR|BR|DSV||1|0|0|1|1|Y|08-26-2026 14:39:45|08-26-2026 14:39:45||||08-26-2026 15:19:29|08-27-2026 07:56:21|08-27-2026 07:56:21|08-27-2026 09:31:12||08-27-2026 09:33:32|08-27-2026 09:33:32|08-31-2026 10:39:31|18.9|116|97.1
BRCJM01|BRGACMES|BRGACMES|8000022207|Shipped|NORMAL||58267919000479|71608-900|DF|BR|DSV||1|.1|.001|1|1|Y|08-26-2026 14:39:45|08-26-2026 14:39:45||||08-26-2026 15:19:29|08-27-2026 04:51:09|08-27-2026 04:51:09|08-27-2026 04:52:12||08-27-2026 04:53:48|08-27-2026 04:53:48|08-31-2026 10:39:11|14.23|115.99|101.76
BRCJM01|BRGACMES|BRGACMES|8000022208|Shipped|NORMAL||58267919000479|71608-900|DF|BR|DSV||1|.1|.001|1|1|Y|08-26-2026 14:39:45|08-26-2026 14:39:45||||08-26-2026 15:19:29|08-26-2026 17:32:41|08-26-2026 17:32:41|08-26-2026 23:13:10||08-26-2026 23:13:40|08-26-2026 23:13:40|08-31-2026 10:39:11|8.57|115.99|107.43
BRCJM01|BRGACMES|BRGACMES|8000022209|Shipped|NORMAL||58267919000479|71608-900|DF|BR|DSV||1|.1|.001|1|1|Y|08-26-2026 14:39:45|08-26-2026 14:39:45||||08-26-2026 15:19:29|08-26-2026 17:34:36|08-26-2026 17:34:36|08-26-2026 23:15:00||08-26-2026 23:16:00|08-26-2026 23:16:00|08-31-2026 10:39:11|8.6|115.99|107.39
BRCJM01|BRGACMES|BRGACMES|8000022210|Shipped|NORMAL||58873822000248|88331-490|SC|BR|DSV||1|1|.01|10|10|Y|08-26-2026 14:39:45|08-26-2026 14:39:45|||08-28-2026 08:59:19|08-28-2026 11:24:05|08-28-2026 21:52:03|08-28-2026 21:52:03|08-29-2026 04:13:14||08-29-2026 04:14:04|08-29-2026 04:14:04|09-04-2026 14:36:22|61.57|215.94|154.37
BRCJM01|BRGACMES|BRGACMES|8000022211|Shipped|NORMAL||60402973000260|89204-004|SC|BR|DSV||1|0|0|1|1|Y|08-26-2026 14:39:45|08-26-2026 14:39:45||||08-26-2026 15:19:29|08-26-2026 20:24:45|08-26-2026 20:24:45|08-26-2026 23:20:35||08-26-2026 23:21:24|08-26-2026 23:21:24|08-31-2026 10:39:35|8.69|116|107.3
BRCJM01|BRGACMES|BRGACMES|8000022212|Shipped|NORMAL||60259875000134|17012-648|SP|BR|DSV||1|.1|.001|1|1|Y|08-26-2026 14:39:45|08-26-2026 14:39:45||||08-26-2026 15:19:29|08-26-2026 17:30:19|08-26-2026 17:30:19|08-26-2026 23:15:22||08-26-2026 23:16:59|08-26-2026 23:16:59|08-31-2026 10:39:33|8.62|116|107.38
BRCJM01|BRGACMES|BRGACMES|8000022213|Shipped|NORMAL||58267919000479|71608-900|DF|BR|DSV||1|0|0|1|1|Y|08-26-2026 14:39:45|08-26-2026 14:39:45||||08-26-2026 15:19:29|08-26-2026 18:15:53|08-26-2026 18:15:53|08-27-2026 01:26:09||08-27-2026 01:29:59|08-27-2026 01:29:59|08-31-2026 10:39:11|10.84|115.99|105.15
BRCJM01|BRGACMES|BRGACMES|8000022214|Shipped|NORMAL||59895385000145|80240-545|PR|BR|DSV||1|0|0|1|1|Y|08-26-2026 14:39:46|08-26-2026 14:39:46||||08-26-2026 15:19:29|08-26-2026 18:38:11|08-26-2026 18:38:11|08-26-2026 23:24:52||08-26-2026 23:25:56|08-26-2026 23:25:56|08-31-2026 10:39:26|8.77|115.99|107.23
BRCJM01|BRGACMES|BRGACMES|8000022215|Shipped|NORMAL||59895385000145|80240-545|PR|BR|DSV||1|0|0|1|1|Y|08-26-2026 14:39:46|08-26-2026 14:39:46||||08-26-2026 15:19:29|08-26-2026 18:35:16|08-26-2026 18:35:16|08-26-2026 23:25:30||08-26-2026 23:25:45|08-26-2026 23:25:45|08-31-2026 10:39:26|8.77|115.99|107.23
BRCJM01|BRGACMES|BRGACMES|8000022216|Shipped|NORMAL||57615766000106||||DSV||1|.1|.001|1|1|Y|08-26-2026 14:42:48|08-26-2026 14:42:48||||08-26-2026 15:19:32|08-27-2026 03:25:53|08-27-2026 03:25:53|08-27-2026 04:44:50||08-27-2026 04:45:11|08-27-2026 04:45:11|08-31-2026 10:39:08|14.04|115.94|101.9
BRCJM01|BRGACMES|BRGACMES|8000022217|Shipped|NORMAL||57615766000106||||DSV||1|.1|.001|1|1|Y|08-26-2026 14:42:48|08-26-2026 14:42:48||||08-26-2026 15:19:31|08-27-2026 03:24:29|08-27-2026 03:24:29|08-27-2026 04:41:58||08-27-2026 04:42:18|08-27-2026 04:42:18|08-31-2026 10:39:08|13.99|115.94|101.95
BRCJM01|BRGACMES|BRGACMES|8000022218|Shipped|NORMAL||57615766000106||||DSV||1|0|0|1|1|Y|08-26-2026 14:43:49|08-26-2026 14:43:49||||08-26-2026 15:19:32|08-26-2026 21:37:12|08-26-2026 21:37:12|08-26-2026 22:36:48||08-26-2026 22:42:09|08-26-2026 22:42:09|08-31-2026 10:39:08|7.97|115.92|107.95
BRCJM01|BRGACMES|BRGACMES|8000022219|Shipped|NORMAL||59223839000301|05319-070|SP|BR|DSV||13|2.5|.025|301|301|Y|08-26-2026 14:39:46|08-26-2026 14:39:46||||08-26-2026 15:19:29|08-26-2026 21:49:37|08-27-2026 00:48:21|08-27-2026 02:14:34||08-27-2026 02:16:58|08-27-2026 02:16:58|08-31-2026 10:39:17|11.62|115.99|104.37
BRCJM01|BRGACMES|BRGACMES|8000022220|Shipped|NORMAL||59895385000145|80240-545|PR|BR|DSV||1|0|0|1|1|Y|08-26-2026 14:39:46|08-26-2026 14:39:46||||08-26-2026 15:19:30|08-27-2026 01:14:43|08-27-2026 01:14:43|08-27-2026 01:15:59||08-27-2026 05:51:16|08-27-2026 05:51:16|08-31-2026 10:39:27|15.19|115.99|100.8
BRCJM01|BRGACMES|BRGACMES|8000022221|Shipped|NORMAL||59897625000302||||DSV||1|0|0|3|3|Y|08-26-2026 14:43:49|08-26-2026 14:43:49||||08-26-2026 15:19:32|08-27-2026 04:05:20|08-27-2026 04:05:30|08-27-2026 05:27:11||08-27-2026 05:28:18|08-27-2026 05:28:18|08-31-2026 10:39:33|14.74|115.93|101.19
BRCJM01|BRGACMES|BRGACMES|8000022222|Shipped|NORMAL||59897625000221|13420-355|SP|BR|DSV||1|0|0|2|2|Y|08-26-2026 14:39:46|08-26-2026 14:39:46||||08-26-2026 15:19:30|08-26-2026 17:18:43|08-26-2026 17:19:06|08-26-2026 22:46:23||08-26-2026 23:01:10|08-26-2026 23:01:10|08-31-2026 10:39:32|8.36|116|107.64
BRCJM01|BRGACMES|BRGACMES|8000022233|Shipped|NORMAL||58957368000122|59063-200|RN|BR|DSV||2|.1|.001|2|2|Y|08-26-2026 14:39:46|08-26-2026 14:39:46||||08-26-2026 15:19:30|08-26-2026 21:32:34|08-27-2026 01:02:54|08-27-2026 02:34:53||08-27-2026 02:35:44|08-27-2026 02:35:44|08-31-2026 10:39:13|11.93|115.99|104.06
BRCJM01|BRGACMES|BRGACMES|8000022234|Shipped|NORMAL||59039599000110|78115-005|MT|BR|DSV||1|.1|.001|1|1|Y|08-26-2026 14:39:46|08-26-2026 14:39:46||||08-26-2026 15:19:31|08-26-2026 17:57:12|08-26-2026 17:57:12|08-26-2026 22:13:29||08-26-2026 22:15:13|08-26-2026 22:15:13|08-31-2026 10:39:13|7.59|115.99|108.4
BRCJM01|BRGACMES|BRGACMES|8000022235|Shipped|NORMAL||58267919000126|71200-022|DF|BR|DSV||2|.1|.001|2|2|Y|08-26-2026 14:39:46|08-26-2026 14:39:46||||08-26-2026 15:19:30|08-26-2026 18:45:12|08-27-2026 01:14:15|08-27-2026 05:18:02||08-27-2026 05:18:55|08-27-2026 05:18:55|08-31-2026 10:39:08|14.65|115.99|101.34
BRCJM01|BRGACMES|BRGACMES|8000022236|Shipped|NORMAL||58267919000126|71200-022|DF|BR|DSV||2|0|0|2|2|Y|08-26-2026 14:39:47|08-26-2026 14:39:47||||08-26-2026 15:19:31|08-27-2026 04:14:04|08-27-2026 04:17:50|08-27-2026 04:36:23||08-27-2026 04:37:42|08-27-2026 04:37:42|08-31-2026 10:39:08|13.97|115.99|102.02
BRCJM01|BRGACMES|BRGACMES|8000022237|Shipped|NORMAL||58267919000126|71200-022|DF|BR|DSV||1|.1|.001|1|1|Y|08-26-2026 14:39:47|08-26-2026 14:39:47||||08-26-2026 15:19:31|08-26-2026 17:53:25|08-26-2026 17:53:25|08-26-2026 22:21:30||08-26-2026 22:21:49|08-26-2026 22:21:49|08-31-2026 10:39:09|7.7|115.99|108.29
BRCJM01|BRGACMES|BRGACMES|8000022238|Shipped|NORMAL||58267919000126|71200-022|DF|BR|DSV||3|.2|.002|3|3|Y|08-26-2026 14:39:47|08-26-2026 14:39:47||||08-26-2026 15:19:31|08-26-2026 21:21:01|08-26-2026 22:44:55|08-27-2026 02:47:40||08-27-2026 02:49:30|08-27-2026 02:49:30|09-04-2026 14:36:20|12.16|215.94|203.78
BRCJM01|BRGACMES|BRGACMES|8000022239|Shipped|NORMAL||58267919000126|71200-022|DF|BR|DSV||1|0|0|1|1|Y|08-26-2026 14:39:47|08-26-2026 14:39:47||||08-26-2026 15:19:31|08-27-2026 04:08:34|08-27-2026 04:08:34|08-27-2026 05:13:19||08-27-2026 05:14:18|08-27-2026 05:14:18|08-31-2026 10:39:09|14.58|115.99|101.41
BRCJM01|BRGACMES|BRGACMES|8000022241|Shipped|NORMAL||58267919000126|71200-022|DF|BR|DSV||1|.1|.001|1|1|Y|08-26-2026 14:39:47|08-26-2026 14:39:47||||08-26-2026 15:19:31|08-26-2026 17:07:15|08-26-2026 17:07:15|08-26-2026 22:09:32||08-26-2026 22:12:01|08-26-2026 22:12:01|08-31-2026 10:39:09|7.54|115.99|108.45
BRCJM01|BRGACMES|BRGACMES|8000022242|Shipped|NORMAL||58267919000126|71200-022|DF|BR|DSV||1|.1|.001|1|1|Y|08-26-2026 14:39:47|08-26-2026 14:39:47||||08-26-2026 15:19:31|08-26-2026 18:18:27|08-26-2026 18:18:27|08-27-2026 01:23:35||08-27-2026 01:30:09|08-27-2026 01:30:09|08-31-2026 10:39:09|10.84|115.99|105.15
BRCJM01|BRGACMES|BRGACMES|8000022243|Shipped|NORMAL||58267919000126|71200-022|DF|BR|DSV||1|.1|.001|1|1|Y|08-26-2026 14:39:47|08-26-2026 14:39:47||||08-26-2026 15:19:31|08-26-2026 17:02:12|08-26-2026 17:02:12|08-26-2026 21:57:32||08-26-2026 21:58:13|08-26-2026 21:58:13|08-31-2026 10:39:09|7.31|115.99|108.68
BRCJM01|BRGACMES|BRGACMES|8000022244|Shipped|NORMAL||58957368000122|59063-200|RN|BR|DSV||1|4|.04|40|40|Y|08-26-2026 14:39:47|08-26-2026 14:39:47||||08-26-2026 15:19:31|08-27-2026 03:13:02|08-27-2026 03:13:02|08-27-2026 03:21:00||08-27-2026 03:21:15|08-27-2026 03:21:15|08-31-2026 10:39:13|12.69|115.99|103.3
BRCJM01|BRGACMES|BRGACMES|8000022271|Shipped|NORMAL||59405379000243||||DSV||17|.6|.006|17|17|Y|08-27-2026 16:42:44|08-27-2026 16:42:44||||08-27-2026 16:43:45|08-28-2026 08:01:27|08-31-2026 10:16:16|08-31-2026 10:35:28||08-31-2026 10:51:29|08-31-2026 10:51:29|09-04-2026 14:36:26|90.15|189.9|99.75
BRCJM01|BRGACMES|BRGACMES|8000022272|Shipped|NORMAL||59897625000221|13420-355|SP|BR|DSV||1|.5|.005|5|5|Y|08-27-2026 16:41:41|08-27-2026 16:41:41||||08-27-2026 16:43:43|08-28-2026 01:58:50|08-28-2026 01:58:50|08-28-2026 10:35:39||08-28-2026 13:56:05|08-28-2026 13:56:05|09-04-2026 14:36:30|21.24|189.91|168.67
BRCJM01|BRGACMES|BRGACMES|8000022273|Shipped|NORMAL||59895385000226|86072-000|PR|BR|DSV||1|.1|.001|1|1|Y|08-27-2026 16:41:42|08-27-2026 16:41:42||||08-27-2026 16:43:44|08-28-2026 01:13:43|08-28-2026 01:13:43|08-29-2026 03:38:52||08-29-2026 03:56:34|08-29-2026 03:56:34|09-04-2026 14:36:29|35.25|189.91|154.67
BRCJM01|BRGACMES|BRGACMES|8000022274|Shipped|NORMAL||59405379000243||||DSV||1|.1|.001|1|1|Y|08-28-2026 13:58:05|08-28-2026 13:58:05||||08-31-2026 10:57:19|09-04-2026 11:55:34|09-04-2026 11:55:34|09-04-2026 12:01:29||09-04-2026 12:01:47|09-04-2026 12:01:47|09-09-2026 09:35:56|166.06|283.63|117.57
BRCJM01|BRGACMES|BRGACMES|8000022275|Shipped|NORMAL||59286249000158|90240-620|RS|BR|DSV||1|.2|.002|2|2|Y|08-27-2026 16:41:42|08-27-2026 16:41:42||||08-27-2026 16:43:44|08-28-2026 01:29:50|08-28-2026 01:29:50|08-29-2026 04:02:57||08-29-2026 04:03:10|08-29-2026 04:03:10|09-04-2026 14:36:24|35.36|189.91|154.55
BRCJM01|BRGACMES|BRGACMES|8000022276|Shipped|NORMAL||59895385000145|80240-545|PR|BR|DSV||1|.1|.001|1|1|Y|08-27-2026 16:41:43|08-27-2026 16:41:43||||08-27-2026 16:43:44|08-28-2026 01:40:18|08-28-2026 01:40:18|08-29-2026 04:00:08||08-29-2026 04:00:44|08-29-2026 04:00:44|09-04-2026 14:36:28|35.32|189.91|154.6
BRCJM01|BRGACMES|BRGACMES|8000022277|Shipped|NORMAL||59338607000390|89056-083|ES|BR|DSV||1|.1|.001|1|1|Y|08-27-2026 16:41:43|08-27-2026 16:41:43||||08-27-2026 16:43:44|08-28-2026 02:01:39|08-28-2026 02:01:39|08-28-2026 10:39:35||08-28-2026 10:39:56|08-28-2026 10:39:56|09-04-2026 14:36:25|17.97|189.91|171.94
BRCJM01|BRGACMES|BRGACMES|8000022278|Shipped|NORMAL||59895385000145|80240-545|PR|BR|DSV||1|.1|.001|1|1|Y|08-27-2026 16:41:43|08-27-2026 16:41:43||||08-27-2026 16:43:44|08-28-2026 01:49:29|08-28-2026 01:49:29|08-29-2026 03:55:37||08-29-2026 03:56:43|08-29-2026 03:56:43|09-09-2026 09:35:57|35.25|304.9|269.65
BRCJM01|BRGACMES|BRGACMES|8000022279|Shipped|NORMAL||60348857000129|49097-510|SE|BR|DSV||2|1.1|.011|11|11|Y|08-27-2026 16:41:43|08-27-2026 16:41:43||||08-27-2026 16:43:44|08-28-2026 07:49:06|08-28-2026 15:57:52|08-29-2026 17:17:11||08-29-2026 17:17:44|08-29-2026 17:17:44|09-04-2026 14:36:33|48.6|189.91|141.31
BRCJM01|BRGACMES|BRGACMES|8000022280|Shipped|NORMAL||59338607000390|89056-083|ES|BR|DSV||5|2.3|.023|25|25|Y|08-27-2026 16:41:43|08-27-2026 16:41:43||||08-27-2026 16:43:44|08-28-2026 07:42:48|08-28-2026 16:18:16|08-29-2026 17:34:32||08-29-2026 17:38:25|08-29-2026 17:38:25|09-04-2026 14:36:25|48.95|189.91|140.97
BRCJM01|BRGACMES|BRGACMES|8000022442|Shipped|NORMAL||58873822000248|88331-490|SC|BR|DSV||1|.2|.002|2|2|Y|08-27-2026 16:41:43|08-27-2026 16:41:43||||08-27-2026 16:43:44|08-28-2026 01:55:15|08-28-2026 01:55:15|08-28-2026 10:52:44||08-28-2026 10:55:11|08-28-2026 10:55:11|09-04-2026 14:36:22|18.22|189.91|171.69
BRCJM01|BRGACMES|BRGACMES|8000022443|Shipped|NORMAL||59895385000145|80240-545|PR|BR|DSV||1|.2|.002|2|2|Y|08-27-2026 16:41:43|08-27-2026 16:41:43||||08-27-2026 16:43:44|08-28-2026 01:50:11|08-28-2026 01:50:11|08-28-2026 10:41:49||08-28-2026 10:43:28|08-28-2026 10:43:28|09-04-2026 14:36:28|18.03|189.91|171.88
BRCJM01|BRGACMES|BRGACMES|8000022462|Shipped|NORMAL||60402973000260|89204-004|SC|BR|DSV||1|0|0|1|1|Y|08-27-2026 16:41:43|08-27-2026 16:41:43||||08-27-2026 16:43:45|08-28-2026 00:05:00|08-28-2026 00:05:00|08-28-2026 03:54:05||09-04-2026 14:36:34|08-28-2026 03:54:53|09-04-2026 14:36:34|189.91|189.91|0
BRCJM01|BRGACMES|BRGACMES|8000022499|Shipped|NORMAL||60348857000129|49097-510|SE|BR|DSV||1|.1|.001|1|1|Y|08-27-2026 16:41:44|08-27-2026 16:41:44||||08-27-2026 16:43:45|08-28-2026 07:52:58|08-28-2026 07:52:58|08-28-2026 10:01:58||08-28-2026 10:02:34|08-28-2026 10:02:34|09-04-2026 14:36:33|17.35|189.91|172.57
BRCJM01|BRGACMES|BRGACMES|8000022500|Shipped|NORMAL||59630650000163|40276-200|BA|BR|DSV||2|0|0|13|13|Y|08-27-2026 16:41:44|08-27-2026 16:41:44||||08-27-2026 16:43:45|08-28-2026 07:57:06|08-28-2026 16:31:22|08-29-2026 17:07:09||08-29-2026 17:08:56|08-29-2026 17:08:56|09-04-2026 14:36:27|48.45|189.91|141.46
BRCJM01|BRGACMES|BRGACMES|8000022501|Shipped|NORMAL||68639251001711|22631-000|RJ|BR|DSV||1|0|0|14|14|Y|08-27-2026 16:41:44|08-27-2026 16:41:44||||08-27-2026 16:43:45|08-28-2026 08:52:30|08-28-2026 16:36:29|08-29-2026 04:36:11||08-29-2026 04:37:33|08-29-2026 04:37:33|09-04-2026 14:36:34|35.93|189.91|153.98
BRCJM01|BRGACMES|BRGACMES|8000022859|Shipped|NORMAL||60259875000134|17012-648|SP|BR|DSV||1|0|0|10|10|Y|08-28-2026 12:35:43|08-28-2026 12:35:43||||08-28-2026 16:18:07|08-31-2026 13:07:06|08-31-2026 13:07:06|08-31-2026 21:39:12||08-31-2026 21:39:29|08-31-2026 21:39:29|09-04-2026 14:36:31|81.06|170.01|88.95
BRCJM01|BRGACMES|BRGACMES|8000022860|Shipped|NORMAL||58957368000203|57037-345|AL|BR|DSV||1|.8|.008|8|8|Y|08-28-2026 12:34:40|08-28-2026 12:34:40||||08-28-2026 16:18:04|08-31-2026 12:56:25|08-31-2026 12:56:25|08-31-2026 22:10:28||08-31-2026 23:03:54|08-31-2026 23:03:54|09-04-2026 14:36:23|82.49|170.03|87.54
BRCJM01|BRGACMES|BRGACMES|8000022861|Shipped|NORMAL||58957368000122|59063-200|RN|BR|DSV||1|1.5|.015|15|15|Y|08-28-2026 12:35:43|08-28-2026 12:35:43||||08-28-2026 16:18:07|08-31-2026 12:59:12|08-31-2026 12:59:12|08-31-2026 21:29:09||08-31-2026 21:29:44|08-31-2026 21:29:44|09-04-2026 14:36:23|80.9|170.01|89.11
BRCJM01|BRGACMES|BRGACMES|8000022862|Shipped|NORMAL||58957368000394|58028-880|PB|BR|DSV||1|1|.01|10|10|Y|08-28-2026 12:35:43|08-28-2026 12:35:43||||08-28-2026 16:18:07|08-31-2026 12:57:42|08-31-2026 13:03:27|08-31-2026 21:30:51||08-31-2026 21:31:38|08-31-2026 21:31:38|09-04-2026 14:36:23|80.93|170.01|89.08
BRCJM01|BRGACMES|BRGACMES|8000022863|Shipped|NORMAL||29177311000102|05016-090|SP|BR|DSV||1|.1|.001|1|1|Y|08-28-2026 12:34:41|08-28-2026 12:34:41||||08-28-2026 16:18:04|08-31-2026 09:54:10|08-31-2026 09:54:10|08-31-2026 11:49:25||08-31-2026 11:49:42|08-31-2026 11:49:42|09-04-2026 14:36:19|71.25|170.03|98.78
BRCJM01|BRGACMES|BRGACMES|8000022865|Shipped|NORMAL||59338607000390|89056-083|ES|BR|DSV||1|3|.03|30|30|Y|08-28-2026 12:34:41|08-28-2026 12:34:41||||08-28-2026 16:18:04|08-31-2026 09:49:22|08-31-2026 09:49:22|08-31-2026 12:05:01||08-31-2026 12:06:00|08-31-2026 12:06:01|09-04-2026 14:36:25|71.52|170.03|98.51
BRCJM01|BRGACMES|BRGACMES|8000022866|Shipped|NORMAL||59338607000390|89056-083|ES|BR|DSV||2|8.3|.083|83|83|Y|08-28-2026 12:35:41|08-28-2026 12:35:41||||08-28-2026 16:18:04|08-31-2026 09:37:30|08-31-2026 09:40:29|08-31-2026 10:47:22||08-31-2026 10:47:49|08-31-2026 10:47:49|09-04-2026 14:36:25|70.2|170.01|99.81
BRCJM01|BRGACMES|BRGACMES|8000022867|Shipped|NORMAL||58267919000207|31255-234|MG|BR|DSV||1|1.2|.012|12|12|Y|08-28-2026 12:35:41|08-28-2026 12:35:41||||08-28-2026 16:18:04|08-31-2026 09:44:56|08-31-2026 09:44:56|08-31-2026 10:40:15||08-31-2026 10:40:46|08-31-2026 10:40:46|09-04-2026 14:36:21|70.08|170.01|99.93
BRCJM01|BRGACMES|BRGACMES|8000022868|Shipped|NORMAL||58873822000248|88331-490|SC|BR|DSV||1|.3|.003|3|3|Y|08-28-2026 12:35:41|08-28-2026 12:35:41||||08-28-2026 16:18:04|08-31-2026 09:46:43|08-31-2026 09:46:43|08-31-2026 10:42:26||08-31-2026 10:43:07|08-31-2026 10:43:07|09-04-2026 14:36:22|70.12|170.01|99.89
BRCJM01|BRGACMES|BRGACMES|8000022869|Shipped|NORMAL||60259875000215||||DSV||14|5.6|.056|206|206|Y|08-28-2026 13:58:06|08-28-2026 13:58:06|||08-31-2026 14:38:03|08-31-2026 14:42:22|08-31-2026 15:35:12|09-01-2026 09:52:30|09-01-2026 10:31:11||09-01-2026 10:36:44|09-01-2026 10:36:44|09-04-2026 14:36:31|92.64|168.64|76
BRCJM01|BRGACMES|BRGACMES|8000022893|Shipped|NORMAL||60279014000118|54315-570|PE|BR|DSV||2|0|0|2|2|Y|08-28-2026 12:35:41|08-28-2026 12:35:41||||08-28-2026 16:18:04|08-31-2026 09:41:56|08-31-2026 09:42:34|08-31-2026 10:44:24||08-31-2026 10:44:52|08-31-2026 10:44:52|09-09-2026 09:35:58|70.15|285|214.85
BRCJM01|BRGACMES|BRGACMES|8000022896|Shipped|NORMAL||59895385000145|80240-545|PR|BR|DSV||2|0|0|2|2|Y|08-28-2026 12:35:42|08-28-2026 12:35:42||||08-28-2026 16:18:04|08-31-2026 22:39:33|09-01-2026 10:11:33|09-01-2026 14:07:54||09-01-2026 14:10:19|09-01-2026 14:10:19|09-04-2026 14:36:28|97.58|170.01|72.44
BRCJM01|BRGACMES|BRGACMES|8000022897|Shipped|NORMAL||59895385000226|86072-000|PR|BR|DSV||1|.1|.001|1|1|Y|08-28-2026 12:35:42|08-28-2026 12:35:42||||08-28-2026 16:18:04|08-31-2026 09:34:17|08-31-2026 09:34:17|08-31-2026 11:45:34||08-31-2026 11:49:19|08-31-2026 11:49:19|09-04-2026 14:36:30|71.23|170.01|98.79
BRCJM01|BRGACMES|BRGACMES|8000022898|Shipped|NORMAL||59052866000270|03340-000|SP|BR|DSV||1|0|0|1|1|Y|08-28-2026 12:35:42|08-28-2026 12:35:42||||08-28-2026 16:18:05|08-31-2026 10:03:20|08-31-2026 10:03:21|08-31-2026 12:20:28||08-31-2026 12:20:53|08-31-2026 12:20:53|09-04-2026 14:36:23|71.75|170.01|98.26
BRCJM01|BRGACMES|BRGACMES|8000022899|Shipped|NORMAL||60259875000134|17012-648|SP|BR|DSV||1|.1|.001|1|1|Y|08-28-2026 12:35:42|08-28-2026 12:35:42||||08-28-2026 16:18:05|08-31-2026 09:32:01|08-31-2026 09:32:01|08-31-2026 11:37:03||08-31-2026 11:37:58|08-31-2026 11:37:58|09-04-2026 14:36:31|71.04|170.01|98.98
BRCJM01|BRGACMES|BRGACMES|8000022902|Shipped|NORMAL||45180696000113|08735-000|SP|BR|DSV||1|0|0|1|1|Y|08-28-2026 12:35:42|08-28-2026 12:35:42||||08-28-2026 16:18:05|08-31-2026 13:21:15|08-31-2026 13:21:15|08-31-2026 21:34:43||08-31-2026 21:35:08|08-31-2026 21:35:08|09-04-2026 14:36:20|80.99|170.01|89.02
BRCJM01|BRGACMES|BRGACMES|8000022904|Shipped|NORMAL||59871299000100|14021-610|SP|BR|DSV||8|0|0|8|8|Y|08-28-2026 12:35:42|08-28-2026 12:35:42||||08-28-2026 16:18:05|08-31-2026 17:44:17|09-01-2026 08:55:20|09-01-2026 09:19:11||09-09-2026 09:35:57|09-01-2026 09:21:15|09-09-2026 09:35:57|285|285|0
BRCJM01|BRGACMES|BRGACMES|8000022905|Shipped|NORMAL||59871299000100|14021-610|SP|BR|DSV||9|0|0|10|10|Y|08-28-2026 12:35:42|08-28-2026 12:35:42||||08-28-2026 16:18:05|08-31-2026 16:11:36|09-01-2026 09:35:56|09-01-2026 11:39:59||09-01-2026 11:43:30|09-01-2026 11:43:30|09-04-2026 14:36:27|95.13|170.01|74.88
BRCJM01|BRGACMES|BRGACMES|8000022907|Shipped|NORMAL||59871299000100|14021-610|SP|BR|DSV||2|0|0|2|2|Y|08-28-2026 12:35:42|08-28-2026 12:35:42||||08-28-2026 16:18:06|08-31-2026 18:54:18|09-01-2026 10:02:28|09-01-2026 13:59:38||09-01-2026 14:00:41|09-01-2026 14:00:41|09-04-2026 14:36:27|97.42|170.01|72.6
BRCJM01|BRGACMES|BRGACMES|8000022908|Shipped|NORMAL||29177311000102|05016-090|SP|BR|DSV||25|.2|.002|25|25|Y|08-28-2026 12:35:43|08-28-2026 12:35:43||||08-28-2026 16:18:06|08-31-2026 21:03:57|09-03-2026 12:56:22|09-03-2026 13:09:20||09-03-2026 13:10:12|09-03-2026 13:10:12|09-09-2026 09:35:51|144.57|285|140.43
BRCJM01|BRGACMES|BRGACMES|8000022909|Shipped|NORMAL||29177311000102|05016-090|SP|BR|DSV||2|0|0|2|2|Y|08-28-2026 12:35:43|08-28-2026 12:35:43||||08-28-2026 16:18:07|08-31-2026 09:18:32|08-31-2026 21:20:16|08-31-2026 21:21:03||08-31-2026 21:23:24|08-31-2026 21:23:24|09-04-2026 14:36:19|80.79|170.01|89.22
BRCJM01|BRGACMES|BRGACMES|8000022910|Shipped|RUSH||29177311000102|05016-090|SP|BR|DSV||1|0|0|1|1|Y|08-28-2026 12:35:44|08-28-2026 12:35:44||||08-28-2026 13:58:21|08-28-2026 16:15:59|08-28-2026 16:15:59|08-28-2026 16:22:51||08-28-2026 16:23:18|08-28-2026 16:23:18|09-04-2026 14:36:19|3.79|170.01|166.22
BRCJM01|BRGACMES|BRGACMES|8000022913|Shipped|NORMAL||58873822000248|88331-490|SC|BR|DSV||1|0|0|1|1|Y|08-28-2026 12:35:44|08-28-2026 12:35:44||||08-28-2026 16:18:07|08-31-2026 13:15:49|08-31-2026 13:15:49|08-31-2026 13:34:08||08-31-2026 13:56:34|08-31-2026 13:56:35|09-04-2026 14:36:22|73.35|170.01|96.66
BRCJM01|BRGACMES|BRGACMES|8000022916|Shipped|NORMAL||59895385000145|80240-545|PR|BR|DSV||1|0|0|1|1|Y|08-28-2026 12:35:44|08-28-2026 12:35:44||||08-28-2026 16:18:07|08-31-2026 12:43:31|08-31-2026 12:43:31|08-31-2026 22:19:36||08-31-2026 23:03:01|08-31-2026 23:03:01|09-04-2026 14:36:28|82.45|170.01|87.56
BRCJM01|BRGACMES|BRGACMES|8000022917|Shipped|NORMAL||59039599000110|78115-005|MT|BR|DSV||1|0|0|1|1|Y|08-28-2026 12:35:44|08-28-2026 12:35:44||||08-28-2026 16:18:07|08-31-2026 12:44:53|08-31-2026 12:44:53|08-31-2026 22:23:12||08-31-2026 23:03:21|08-31-2026 23:03:21|09-04-2026 14:36:23|82.46|170.01|87.55
BRCJM01|BRGACMES|BRGACMES|8000022926|Shipped|NORMAL||59895385000145|80240-545|PR|BR|TAC CWB||1|0|0|1|1|Y|08-31-2026 13:15:09|08-31-2026 13:15:09||||08-31-2026 13:50:53|08-31-2026 15:56:30|08-31-2026 15:56:30|08-31-2026 23:06:15||08-31-2026 23:07:18|08-31-2026 23:07:18|09-04-2026 14:36:28|9.87|97.36|87.49
BRCJM01|BRGACMES|BRGACMES|8000022927|Shipped|NORMAL||59039599000543|66053-180|PA|BR|NORTEX||1|0|0|1|1|Y|08-31-2026 13:15:09|08-31-2026 13:15:09||||08-31-2026 13:50:53|08-31-2026 16:21:55|08-31-2026 16:21:55|08-31-2026 23:13:50||08-31-2026 23:19:59|08-31-2026 23:19:59|09-04-2026 14:36:23|10.08|97.35|87.27
BRCJM01|BRGACMES|BRGACMES|8000022928|Shipped|NORMAL||58267919000207|31255-234|MG|BR|ANDRE/TRANSP||1|.1|.001|1|1|Y|08-31-2026 13:15:09|08-31-2026 13:15:09||||08-31-2026 13:50:53|08-31-2026 15:51:10|08-31-2026 15:51:10|08-31-2026 20:54:32||08-31-2026 20:55:04|08-31-2026 20:55:04|09-04-2026 14:36:21|7.67|97.35|89.69
BRCJM01|BRGACMES|BRGACMES|8000022929|Shipped|NORMAL||59338607000390|89056-083|ES|BR|TAC VIX||1|0|0|1|1|Y|08-31-2026 13:15:07|08-31-2026 13:15:07||||08-31-2026 13:50:53|09-01-2026 00:25:25|09-01-2026 00:25:25|09-01-2026 02:35:19||09-01-2026 02:37:00|09-01-2026 02:37:01|09-04-2026 14:36:25|13.36|97.35|83.99
BRCJM01|BRGACMES|BRGACMES|8000022930|Shipped|NORMAL||60259875000215||||TAC DSV||1|0|0|20|20|Y|08-31-2026 13:29:17|08-31-2026 13:29:17||||08-31-2026 13:50:57|09-01-2026 08:39:32|09-01-2026 08:39:32|09-01-2026 09:40:38||09-01-2026 09:40:55|09-01-2026 09:40:55|09-04-2026 14:36:33|20.19|97.12|76.93
BRCJM01|BRGACMES|BRGACMES|8000022931|Shipped|NORMAL||57615766000106||||TAC DSV||1|.1|.001|1|1|Y|08-31-2026 13:29:17|08-31-2026 13:29:17||||08-31-2026 13:50:57|08-31-2026 19:13:39|08-31-2026 19:13:39|08-31-2026 22:13:59||08-31-2026 22:16:58|08-31-2026 22:16:59|09-04-2026 14:36:20|8.79|97.12|88.32
BRCJM01|BRGACMES|BRGACMES|8000022932|Shipped|NORMAL||58267919000126|71200-022|DF|BR|ALL IN||1|.1|.001|1|1|Y|08-31-2026 13:15:09|08-31-2026 13:15:09||||08-31-2026 13:50:53|08-31-2026 16:29:44|08-31-2026 16:29:44|09-01-2026 05:12:29||09-01-2026 05:15:50|09-01-2026 05:15:50|09-04-2026 14:36:20|16.01|97.35|81.34
BRCJM01|BRGACMES|BRGACMES|8000022933|Shipped|NORMAL||59895385000145|80240-545|PR|BR|TAC CWB||1|0|0|1|1|Y|08-31-2026 13:15:09|08-31-2026 13:15:09||||08-31-2026 13:50:53|09-01-2026 00:01:00|09-01-2026 00:01:00|09-01-2026 02:29:46||09-01-2026 02:30:30|09-01-2026 02:30:30|09-04-2026 14:36:28|13.26|97.36|84.1
BRCJM01|BRGACMES|BRGACMES|8000022934|Shipped|NORMAL||57166756000122||||TAC DSV||1|.1|.001|1|1|Y|08-31-2026 13:29:17|08-31-2026 13:29:17||||08-31-2026 13:50:57|08-31-2026 19:17:47|08-31-2026 19:17:47|08-31-2026 22:06:18||08-31-2026 22:07:32|08-31-2026 22:07:32|09-04-2026 14:36:20|8.64|97.12|88.48
BRCJM01|BRGACMES|BRGACMES|8000022937|Shipped|NORMAL||59907917000117|64051-005|PI|BR|TERMACO||2|.1|.001|2|2|Y|08-31-2026 13:15:09|08-31-2026 13:15:09||||08-31-2026 13:50:53|08-31-2026 16:32:25|09-03-2026 10:51:28|09-03-2026 10:54:39||09-03-2026 10:55:09|09-03-2026 10:55:09|09-09-2026 09:35:58|69.67|212.35|142.68
BRCJM01|BRGACMES|BRGACMES|8000023446|Shipped|NORMAL||59895385000226|86072-000|PR|BR|ALL IN||1|0|0|1|1|Y|08-31-2026 13:15:10|08-31-2026 13:15:10||||08-31-2026 13:50:53|08-31-2026 18:34:13|08-31-2026 18:34:13|08-31-2026 21:18:00||08-31-2026 21:18:33|08-31-2026 21:18:33|09-04-2026 14:36:30|8.06|97.36|89.3
BRCJM01|BRGACMES|BRGACMES|8000023447|Shipped|NORMAL||59895385000145|80240-545|PR|BR|TAC CWB||1|0|0|1|1|Y|08-31-2026 13:15:10|08-31-2026 13:15:10||||08-31-2026 13:50:54|09-01-2026 08:41:22|09-01-2026 08:41:22|09-01-2026 09:44:16||09-01-2026 09:45:07|09-01-2026 09:45:07|09-04-2026 14:36:29|20.5|97.36|76.86
BRCJM01|BRGACMES|BRGACMES|8000023448|Shipped|NORMAL||57615766000106||||TAC DSV||1|0|0|1|1|Y|08-31-2026 13:29:17|08-31-2026 13:29:17||||08-31-2026 13:50:57|09-01-2026 08:51:33|09-01-2026 08:51:33|09-01-2026 09:32:55||09-01-2026 09:33:38|09-01-2026 09:33:38|09-04-2026 14:36:20|20.07|97.12|77.04
BRCJM01|BRGACMES|BRGACMES|8000023449|Shipped|NORMAL||59907917000117|64051-005|PI|BR|TERMACO||1|0|0|1|1|Y|08-31-2026 13:15:10|08-31-2026 13:15:10||||08-31-2026 13:50:54|08-31-2026 18:58:01|08-31-2026 18:58:01|08-31-2026 22:23:44||08-31-2026 22:25:01|08-31-2026 22:25:01|09-04-2026 14:36:30|9.16|97.36|88.19
BRCJM01|BRGACMES|BRGACMES|8000023450|Shipped|NORMAL||59897625000140|13206-765|SP|BR|ANDRE/TRANSP||1|0|0|1|1|Y|08-31-2026 13:15:10|08-31-2026 13:15:10||||08-31-2026 13:50:54|09-01-2026 08:44:22|09-01-2026 08:44:22|09-01-2026 10:59:40||09-01-2026 11:00:27|09-01-2026 11:00:27|09-04-2026 14:36:30|21.75|97.36|75.6
BRCJM01|BRGACMES|BRGACMES|8000023451|Shipped|NORMAL||58267919000126|71200-022|DF|BR|ALL IN||1|0|0|1|1|Y|08-31-2026 13:15:10|08-31-2026 13:15:10||||08-31-2026 13:50:54|08-31-2026 19:07:24|08-31-2026 19:07:24|08-31-2026 22:12:43||08-31-2026 22:16:50|08-31-2026 22:16:50|09-04-2026 14:36:20|9.03|97.35|88.32
BRCJM01|BRGACMES|BRGACMES|8000023452|Shipped|NORMAL||58267919000126|71200-022|DF|BR|ALL IN||1|0|0|1|1|Y|08-31-2026 13:15:10|08-31-2026 13:15:10||||08-31-2026 13:50:54|08-31-2026 18:27:01|08-31-2026 18:27:01|08-31-2026 22:11:34||08-31-2026 22:16:42|08-31-2026 22:16:42|09-04-2026 14:36:20|9.03|97.35|88.33
BRCJM01|BRGACMES|BRGACMES|8000023453|Shipped|NORMAL||58267919000126|71200-022|DF|BR|ALL IN||1|.1|.001|1|1|Y|08-31-2026 13:15:10|08-31-2026 13:15:10||||08-31-2026 13:50:54|08-31-2026 18:31:55|08-31-2026 18:31:55|09-01-2026 02:35:21||09-01-2026 05:42:24|09-01-2026 05:42:24|09-04-2026 14:36:20|16.45|97.35|80.9
BRCJM01|BRGACMES|BRGACMES|8000023454|Shipped|NORMAL||58267919000126|71200-022|DF|BR|ALL IN||1|.1|.001|1|1|Y|08-31-2026 13:15:10|08-31-2026 13:15:10||||08-31-2026 13:50:54|09-01-2026 05:36:28|09-01-2026 05:36:28|09-01-2026 07:08:30||09-01-2026 07:08:54|09-01-2026 07:08:54|09-04-2026 14:36:20|17.9|97.35|79.46
BRCJM01|BRGACMES|BRGACMES|8000023455|Shipped|NORMAL||58267919000126|71200-022|DF|BR|ALL IN||1|.1|.001|1|1|Y|08-31-2026 13:15:10|08-31-2026 13:15:10||||08-31-2026 13:50:54|09-01-2026 01:15:12|09-01-2026 01:15:12|09-01-2026 03:00:23||09-01-2026 05:42:04|09-01-2026 05:42:04|09-04-2026 14:36:20|16.45|97.35|80.9
BRCJM01|BRGACMES|BRGACMES|8000023456|Shipped|NORMAL||58267919000126|71200-022|DF|BR|ALL IN||1|.1|.001|1|1|Y|08-31-2026 13:15:11|08-31-2026 13:15:11||||08-31-2026 13:50:54|09-01-2026 05:29:21|09-01-2026 05:29:21|09-01-2026 06:57:30||09-01-2026 06:58:06|09-01-2026 06:58:06|09-04-2026 14:36:21|17.72|97.35|79.64
BRCJM01|BRGACMES|BRGACMES|8000023457|Shipped|NORMAL||58267919000126|71200-022|DF|BR|ALL IN||1|.1|.001|1|1|Y|08-31-2026 13:15:11|08-31-2026 13:15:11||||08-31-2026 13:50:54|08-31-2026 18:36:48|08-31-2026 18:36:48|08-31-2026 21:00:15||08-31-2026 21:00:29|08-31-2026 21:00:29|09-04-2026 14:36:21|7.76|97.35|89.6
BRCJM01|BRGACMES|BRGACMES|8000023458|Shipped|NORMAL||58267919000126|71200-022|DF|BR|ALL IN||1|.1|.001|1|1|Y|08-31-2026 13:15:11|08-31-2026 13:15:11||||08-31-2026 13:50:54|08-31-2026 19:37:04|08-31-2026 19:37:04|09-01-2026 02:41:18||09-01-2026 05:42:47|09-01-2026 05:42:47|09-09-2026 09:35:52|16.46|212.34|195.88
BRCJM01|BRGACMES|BRGACMES|8000023459|Shipped|NORMAL||58267919000126|71200-022|DF|BR|ALL IN||1|.1|.001|1|1|Y|08-31-2026 13:15:11|08-31-2026 13:15:11||||08-31-2026 13:50:54|09-01-2026 05:15:38|09-01-2026 05:15:38|09-01-2026 07:01:19||09-01-2026 07:01:38|09-01-2026 07:01:38|09-04-2026 14:36:21|17.77|97.35|79.58
BRCJM01|BRGACMES|BRGACMES|8000023460|Shipped|NORMAL||58267919000126|71200-022|DF|BR|ALL IN||1|.1|.001|1|1|Y|08-31-2026 13:15:11|08-31-2026 13:15:11||||08-31-2026 13:50:54|08-31-2026 18:39:12|08-31-2026 18:39:12|08-31-2026 21:20:09||08-31-2026 21:20:31|08-31-2026 21:20:31|09-04-2026 14:36:21|8.09|97.35|89.26
BRCJM01|BRGACMES|BRGACMES|8000023461|Shipped|NORMAL||58267919000126|71200-022|DF|BR|ALL IN||1|.1|.001|1|1|Y|08-31-2026 13:16:11|08-31-2026 13:16:11||||08-31-2026 13:50:55|08-31-2026 18:52:19|08-31-2026 18:52:19|08-31-2026 21:13:37||08-31-2026 21:13:57|08-31-2026 21:13:57|09-09-2026 09:35:52|7.96|212.33|204.37
BRCJM01|BRGACMES|BRGACMES|8000023462|Shipped|NORMAL||58957368000394|58028-880|PB|BR|TERMACO||1|0|0|1|1|Y|08-31-2026 13:16:12|08-31-2026 13:16:12||||08-31-2026 13:50:55|08-31-2026 20:10:36|08-31-2026 20:10:36|09-01-2026 04:53:48||09-01-2026 04:57:37|09-01-2026 04:57:37|09-04-2026 14:36:23|15.69|97.34|81.65
BRCJM01|BRGACMES|BRGACMES|8000023653|Shipped|NORMAL||59052866000270|03340-000|SP|BR|TRANSP DSV||1|0|0|1|1|Y|08-31-2026 13:16:11|08-31-2026 13:16:11||||08-31-2026 13:50:54|08-31-2026 19:22:21|08-31-2026 19:22:21|08-31-2026 21:11:11||08-31-2026 21:11:29|08-31-2026 21:11:29|09-04-2026 14:36:23|7.92|97.34|89.42
BRCJM01|BRGACMES|BRGACMES|8000023654|Shipped|NORMAL||59897625000140|13206-765|SP|BR|ANDRE/TRANSP||1|0|0|1|1|Y|08-31-2026 13:16:12|08-31-2026 13:16:12||||08-31-2026 13:50:55|08-31-2026 18:58:28|08-31-2026 18:58:28|08-31-2026 21:04:42||08-31-2026 21:05:00|08-31-2026 21:05:00|09-04-2026 14:36:30|7.81|97.34|89.52
BRCJM01|BRGACMES|BRGACMES|8000023655|Shipped|NORMAL||59223839000301|05319-070|SP|BR|TRANSP DSV||1|0|0|2|2|Y|08-31-2026 13:16:12|08-31-2026 13:16:12||||08-31-2026 13:50:55|08-31-2026 19:08:20|08-31-2026 19:08:20|08-31-2026 21:02:22||08-31-2026 21:03:12|08-31-2026 21:03:12|09-04-2026 14:36:24|7.78|97.34|89.55
BRCJM01|BRGACMES|BRGACMES|8000023657|Shipped|NORMAL||58956147000130|60810-786|CE|BR|TERMACO||2|0|0|4|4|Y|08-31-2026 13:16:12|08-31-2026 13:16:12||||08-31-2026 13:50:55|08-31-2026 19:59:54|09-03-2026 07:42:49|09-03-2026 09:42:27||09-03-2026 09:43:55|09-03-2026 09:43:55|09-09-2026 09:35:53|68.46|212.33|143.87
BRCJM01|BRGACMES|BRGACMES|8000023658|Shipped|RUSH||59338607000390|89056-083|ES|BR|TAC VIX||1|0|0|1|1|Y|08-31-2026 13:16:12|08-31-2026 13:16:12||||08-31-2026 13:50:55|08-31-2026 15:37:30|08-31-2026 15:37:30|08-31-2026 17:38:51||08-31-2026 18:01:09|08-31-2026 18:01:09|09-04-2026 14:36:25|4.75|97.34|92.59
BRCJM01|BRGACMES|BRGACMES|8000023703|Shipped|NORMAL||58267919000207|31255-234|MG|BR|ANDRE/TRANSP||4|0|0|4|4|Y|08-31-2026 13:16:13|08-31-2026 13:16:13||||08-31-2026 13:50:56|08-31-2026 19:39:41|09-01-2026 08:19:57|09-01-2026 08:23:47||09-01-2026 08:24:24|09-01-2026 08:24:24|09-04-2026 14:36:21|19.14|97.34|78.2
BRCJM01|BRGACMES|BRGACMES|8000023704|Shipped|NORMAL||59219965000112|18013-003|SP|BR|TAC SOR||1|0|0|1|1|Y|08-31-2026 13:16:13|08-31-2026 13:16:13||||08-31-2026 13:50:57|09-01-2026 08:57:39|09-01-2026 08:57:39|09-01-2026 09:36:54||09-01-2026 09:37:15|09-01-2026 09:37:15|09-04-2026 14:36:24|20.35|97.34|76.99
BRCJM01|BRGACMES|BRGACMES|8000023742|Shipped|NORMAL||59039599000110|78115-005|MT|BR|FAVORITA||1|.1|.001|1|1|Y|09-01-2026 14:01:25|09-01-2026 14:01:25||||09-01-2026 14:16:32|09-02-2026 10:09:06|09-02-2026 10:09:06|09-02-2026 10:14:58||09-02-2026 10:15:10|09-02-2026 10:15:10|09-09-2026 09:35:53|20.23|187.57|167.35
BRCJM01|BRGACMES|BRGACMES|8000023744|Shipped|NORMAL||58267919000126|71200-022|DF|BR|ALL IN||1|.1|.001|1|1|Y|09-01-2026 14:01:25|09-01-2026 14:01:25||||09-01-2026 14:16:31|09-08-2026 13:02:44|09-08-2026 13:02:44|09-08-2026 16:02:13||09-08-2026 16:02:28|09-08-2026 16:02:28|09-10-2026 10:07:55|170.02|212.11|42.09
BRCJM01|BRGACMES|BRGACMES|8000023745|Shipped|NORMAL||58267919000126|71200-022|DF|BR|ALL IN||1|.1|.001|1|1|Y|09-01-2026 14:01:23|09-01-2026 14:01:23||||09-01-2026 14:16:31|09-01-2026 15:44:28|09-01-2026 15:44:28|09-02-2026 04:39:17||09-02-2026 04:39:44|09-02-2026 04:39:44|09-04-2026 14:36:21|14.64|72.58|57.94
BRCJM01|BRGACMES|BRGACMES|8000023760|Shipped|NORMAL||59286249000158|90240-620|RS|BR|TRANSTRY||13|.3|.003|13|13|Y|09-01-2026 14:01:25|09-01-2026 14:01:25|||09-03-2026 14:20:12|09-03-2026 14:26:49|09-04-2026 10:25:44|09-04-2026 14:06:41|09-04-2026 14:31:12||09-04-2026 14:33:23|09-04-2026 14:33:23|09-09-2026 09:35:55|72.53|187.58|115.04
BRCJM01|BRGACMES|BRGACMES|8000023766|Shipped|NORMAL||59897625000302||||TAC DSV||1|.1|.001|1|1|Y|09-01-2026 14:04:32|09-01-2026 14:04:32||||09-01-2026 14:16:37|09-01-2026 21:43:44|09-01-2026 21:43:44|09-02-2026 03:29:30||09-02-2026 05:17:20|09-02-2026 05:17:20|09-04-2026 14:36:30|15.21|72.53|57.32
BRCJM01|BRGACMES|BRGACMES|8000023768|Shipped|NORMAL||59338607000200|24030-211|RJ|BR|ANDRE/TRANSP||8|.6|.006|8|8|Y|09-01-2026 14:01:25|09-01-2026 14:01:25||||09-01-2026 14:16:32|09-01-2026 15:51:49|09-02-2026 22:21:06|09-03-2026 00:18:52||09-03-2026 05:44:09|09-03-2026 05:44:09|09-09-2026 09:35:56|39.71|187.58|147.86
BRCJM01|BRGACMES|BRGACMES|8000023769|Shipped|NORMAL||29177311000102|05016-090|SP|BR|TRANSP DSV||1|0|0|1|1|Y|09-01-2026 14:01:25|09-01-2026 14:01:25||||09-01-2026 14:16:33|09-01-2026 16:05:55|09-01-2026 16:05:55|09-02-2026 04:49:18||09-02-2026 04:50:20|09-02-2026 04:50:20|09-04-2026 14:36:19|14.82|72.58|57.77
BRCJM01|BRGACMES|BRGACMES|8000023770|Shipped|NORMAL||29177311000102|05016-090|SP|BR|TRANSP DSV||1|.1|.001|1|1|Y|09-01-2026 14:01:25|09-01-2026 14:01:25||||09-01-2026 14:16:33|09-01-2026 16:08:30|09-01-2026 16:08:30|09-02-2026 04:17:18||09-02-2026 04:17:43|09-02-2026 04:17:43|09-09-2026 09:35:51|14.27|187.57|173.3
BRCJM01|BRGACMES|BRGACMES|8000023967|Shipped|NORMAL||60348857000129|49097-510|SE|BR|TERMACO||1|0|0|1|1|Y|09-01-2026 14:01:26|09-01-2026 14:01:26||||09-01-2026 14:16:33|09-01-2026 16:14:58|09-01-2026 16:14:58|09-02-2026 04:46:04||09-09-2026 09:35:58|09-02-2026 04:46:28|09-09-2026 09:35:58|187.58|187.58|0
BRCJM01|BRGACMES|BRGACMES|8000023968|Shipped|NORMAL||59039599000110|78115-005|MT|BR|FAVORITA||9|.1|.001|9|9|Y|09-01-2026 14:01:26|09-01-2026 14:01:26||||09-01-2026 14:16:33|09-01-2026 16:34:43|09-02-2026 10:25:36|09-02-2026 10:45:12||09-04-2026 14:38:23|09-04-2026 14:38:23|09-09-2026 09:35:53|72.62|187.57|114.96
BRCJM01|BRGACMES|BRGACMES|8000023970|Shipped|NORMAL||59895385000145|80240-545|PR|BR|TAC CWB||1|.1|.001|1|1|Y|09-01-2026 14:01:26|09-01-2026 14:01:26||||09-01-2026 14:16:35|09-01-2026 16:11:15|09-01-2026 16:11:15|09-02-2026 04:52:10||09-02-2026 04:52:57|09-02-2026 04:52:57|09-04-2026 14:36:29|14.86|72.58|57.73
BRCJM01|BRGACMES|BRGACMES|8000023971|Shipped|NORMAL||59223839000212|05650-002|SP|BR|TRANSP DSV||1|.2|.002|2|2|Y|09-01-2026 14:01:26|09-01-2026 14:01:26||||09-01-2026 14:16:35|09-02-2026 15:58:03|09-02-2026 15:58:03|09-02-2026 16:44:36||09-02-2026 16:44:48|09-02-2026 16:44:48|09-09-2026 09:35:55|26.72|187.57|160.85
BRCJM01|BRGACMES|BRGACMES|8000023972|Shipped|NORMAL||29177311000102|05016-090|SP|BR|TRANSP DSV||1|2.7|.027|27|27|Y|09-01-2026 14:01:26|09-01-2026 14:01:26||||09-01-2026 14:16:35|09-03-2026 02:03:00|09-03-2026 02:03:00|09-03-2026 02:11:50||09-03-2026 02:12:45|09-03-2026 02:12:45|09-09-2026 09:35:51|36.19|187.57|151.39
BRCJM01|BRGACMES|BRGACMES|8000023973|Shipped|NORMAL||59223839000301|05319-070|SP|BR|TRANSP DSV||1|.4|.004|4|4|Y|09-01-2026 14:01:26|09-01-2026 14:01:26||||09-01-2026 14:16:35|09-02-2026 18:19:19|09-02-2026 18:19:19|09-03-2026 01:48:10||09-03-2026 01:51:34|09-03-2026 01:51:34|09-09-2026 09:35:55|35.84|187.57|151.74
BRCJM01|BRGACMES|BRGACMES|8000023974|Shipped|NORMAL||59523091000273|06465-100|SP|BR|TRANSP DSV||1|.1|.001|1|1|Y|09-01-2026 14:01:26|09-01-2026 14:01:26||||09-01-2026 14:16:35|09-02-2026 18:17:14|09-02-2026 18:17:15|09-03-2026 01:38:22||09-03-2026 01:53:05|09-03-2026 01:53:05|09-09-2026 09:35:56|35.86|187.58|151.71
BRCJM01|BRGACMES|BRGACMES|8000023975|Shipped|NORMAL||59052866000270|03340-000|SP|BR|TRANSP DSV||1|.6|.006|6|6|Y|09-01-2026 14:01:26|09-01-2026 14:01:26||||09-01-2026 14:16:35|09-02-2026 18:15:39|09-02-2026 18:15:39|09-03-2026 01:47:05||09-03-2026 01:50:11|09-03-2026 01:50:11|09-09-2026 09:35:54|35.81|187.57|151.76
BRCJM01|BRGACMES|BRGACMES|8000023976|Shipped|NORMAL||45180696000466|12246-876|SP|BR|TAC SJC/GRU||1|.1|.001|1|1|Y|09-01-2026 14:01:27|09-01-2026 14:01:27||||09-01-2026 14:16:35|09-02-2026 18:13:41|09-02-2026 18:13:41|09-03-2026 01:40:29||09-03-2026 05:34:28|09-03-2026 05:34:28|09-09-2026 09:35:51|39.55|187.57|148.02
BRCJM01|BRGACMES|BRGACMES|8000023977|Shipped|NORMAL||59216158000146|11050-201|SP|BR|TAC DSV||1|3.8|.038|38|38|Y|09-01-2026 14:01:27|09-01-2026 14:01:27||||09-01-2026 14:16:35|09-02-2026 18:12:27|09-02-2026 18:12:27|09-03-2026 03:09:16||09-03-2026 03:10:37|09-03-2026 03:10:38|09-09-2026 09:35:55|37.15|187.57|150.42
BRCJM01|BRGACMES|BRGACMES|8000023978|Shipped|NORMAL||59897625000140|13206-765|SP|BR|ANDRE/TRANSP||1|.2|.002|2|2|Y|09-01-2026 14:01:27|09-01-2026 14:01:27||||09-01-2026 14:16:35|09-03-2026 01:44:09|09-03-2026 01:44:09|09-03-2026 01:45:00||09-03-2026 01:53:44|09-03-2026 01:53:44|09-09-2026 09:35:58|35.87|187.58|151.7
BRCJM01|BRGACMES|BRGACMES|8000023979|Shipped|NORMAL||59871299000100|14021-610|SP|BR|ALL IN||1|.1|.001|1|1|Y|09-01-2026 14:01:27|09-01-2026 14:01:27||||09-01-2026 14:16:35|09-02-2026 18:06:29|09-02-2026 18:06:29|09-03-2026 01:45:50||09-03-2026 01:55:52|09-03-2026 01:55:52|09-09-2026 09:35:57|35.91|187.58|151.67
BRCJM01|BRGACMES|BRGACMES|8000023980|Shipped|NORMAL||45180696000385|07013-090|SP|BR|TAC SJC/GRU||1|.1|.001|1|1|Y|09-01-2026 14:01:27|09-01-2026 14:01:27||||09-01-2026 14:16:35|09-02-2026 18:04:34|09-02-2026 18:04:34|09-03-2026 01:39:33||09-03-2026 01:56:55|09-03-2026 01:56:55|09-09-2026 09:35:51|35.92|187.57|151.65
BRCJM01|BRGACMES|BRGACMES|8000023981|Shipped|NORMAL||59897625000302||||TAC DSV||1|.3|.003|3|3|Y|09-01-2026 14:04:32|09-01-2026 14:04:32||||09-01-2026 14:16:37|09-01-2026 19:43:53|09-01-2026 19:43:53|09-01-2026 22:53:24||09-09-2026 09:35:58|09-01-2026 22:54:53|09-09-2026 09:35:58|187.52|187.52|0
BRCJM01|BRGACMES|BRGACMES|8000023982|Shipped|NORMAL||59523091000354|09521-040|SP|BR|TAC DSV||1|3.5|.035|35|35|Y|09-01-2026 14:01:27|09-01-2026 14:01:27||||09-01-2026 14:16:35|09-02-2026 18:02:54|09-02-2026 18:02:54|09-03-2026 02:41:59||09-03-2026 02:43:09|09-03-2026 02:43:09|09-09-2026 09:35:56|36.69|187.57|150.88
BRCJM01|BRGACMES|BRGACMES|8000023983|Shipped|NORMAL||58267919000126|71200-022|DF|BR|ALL IN||1|.7|.007|7|7|Y|09-01-2026 14:01:27|09-01-2026 14:01:27||||09-01-2026 14:16:35|09-02-2026 17:09:47|09-02-2026 17:09:48|09-02-2026 22:03:53||09-03-2026 05:41:31|09-03-2026 05:41:31|09-09-2026 09:35:52|39.67|187.57|147.91
BRCJM01|BRGACMES|BRGACMES|8000023984|Shipped|NORMAL||58267919000479|71608-900|DF|BR|ALL IN||1|.3|.003|3|3|Y|09-01-2026 14:01:27|09-01-2026 14:01:27||||09-01-2026 14:16:35|09-02-2026 17:10:38|09-02-2026 17:10:38|09-02-2026 22:17:40||09-03-2026 05:39:29|09-03-2026 05:39:29|09-09-2026 09:35:52|39.63|187.57|147.94
BRCJM01|BRGACMES|BRGACMES|8000023985|Shipped|NORMAL||59338607000129|29102-020|ES|BR|TAC VIX||1|1.1|.011|11|11|Y|09-01-2026 14:01:27|09-01-2026 14:01:27||||09-01-2026 14:16:35|09-02-2026 17:07:01|09-02-2026 17:07:01|09-02-2026 22:11:12||09-03-2026 05:40:29|09-03-2026 05:40:29|09-09-2026 09:35:56|39.65|187.57|147.92
BRCJM01|BRGACMES|BRGACMES|8000023986|Shipped|NORMAL||59338607000390|89056-083|ES|BR|TAC VIX||1|3.2|.032|32|32|Y|09-01-2026 14:01:28|09-01-2026 14:01:28||||09-01-2026 14:16:36|09-02-2026 17:02:26|09-02-2026 17:02:26|09-02-2026 22:45:27||09-03-2026 05:37:45|09-03-2026 05:37:45|09-09-2026 09:35:56|39.6|187.57|147.97
BRCJM01|BRGACMES|BRGACMES|8000023987|Shipped|NORMAL||59405379000162|74215-240|GO|BR|ALL IN||1|.6|.006|6|6|Y|09-01-2026 14:01:28|09-01-2026 14:01:28||||09-01-2026 14:16:36|09-02-2026 16:38:16|09-02-2026 16:38:16|09-02-2026 17:34:01||09-02-2026 17:34:28|09-02-2026 17:34:28|09-09-2026 09:35:56|27.55|187.57|160.02
BRCJM01|BRGACMES|BRGACMES|8000023988|Shipped|NORMAL||45180696000202|65071-380|MA|BR|TERMACO||1|.5|.005|5|5|Y|09-01-2026 14:01:28|09-01-2026 14:01:28||||09-01-2026 14:16:36|09-02-2026 16:36:05|09-02-2026 16:36:05|09-02-2026 17:56:07||09-02-2026 17:56:41|09-02-2026 17:56:41|09-09-2026 09:35:51|27.92|187.57|159.65
BRCJM01|BRGACMES|BRGACMES|8000023989|Shipped|NORMAL||59039599000110|78115-005|MT|BR|FAVORITA||1|.4|.004|4|4|Y|09-01-2026 14:01:28|09-01-2026 14:01:28||||09-01-2026 14:16:36|09-02-2026 16:34:07|09-02-2026 16:34:07|09-02-2026 16:50:01||09-02-2026 16:51:52|09-02-2026 16:51:52|09-09-2026 09:35:54|26.84|187.57|160.73
BRCJM01|BRGACMES|BRGACMES|8000023990|Shipped|NORMAL||58267919000398||||TAC DSV||1|1.3|.013|13|13|Y|09-01-2026 14:04:32|09-01-2026 14:04:32||||09-01-2026 14:16:37|09-01-2026 19:47:40|09-01-2026 19:47:40|09-02-2026 00:31:58||09-02-2026 00:39:12|09-02-2026 00:39:12|09-09-2026 09:35:52|10.58|187.52|176.94
BRCJM01|BRGACMES|BRGACMES|8000023991|Shipped|NORMAL||58267919000207|31255-234|MG|BR|ANDRE/TRANSP||1|2.4|.024|24|24|Y|09-01-2026 14:01:28|09-01-2026 14:01:28||||09-01-2026 14:16:36|09-02-2026 16:32:44|09-02-2026 16:32:44|09-02-2026 18:25:50||09-02-2026 18:27:56|09-02-2026 18:27:56|09-09-2026 09:35:52|28.44|187.57|159.13
BRCJM01|BRGACMES|BRGACMES|8000023992|Shipped|NORMAL||59600427000173|38408-144|MG|BR|TAC UBA-UDE||1|.5|.005|5|5|Y|09-01-2026 14:01:28|09-01-2026 14:01:28||||09-01-2026 14:16:36|09-02-2026 17:04:24|09-02-2026 17:04:24|09-02-2026 22:22:26||09-03-2026 05:38:40|09-03-2026 05:38:40|09-09-2026 09:35:56|39.62|187.57|147.95
BRCJM01|BRGACMES|BRGACMES|8000023993|Shipped|NORMAL||59895385000145|80240-545|PR|BR|TAC CWB||1|2.7|.027|27|27|Y|09-01-2026 14:01:28|09-01-2026 14:01:28||||09-01-2026 14:16:36|09-02-2026 16:28:37|09-02-2026 16:28:37|09-02-2026 20:15:38||09-02-2026 20:16:39|09-02-2026 20:16:39|09-09-2026 09:35:57|30.25|187.57|157.32
BRCJM01|BRGACMES|BRGACMES|8000023994|Shipped|NORMAL||59895385000226|86072-000|PR|BR|ALL IN||1|1|.01|10|10|Y|09-01-2026 14:01:28|09-01-2026 14:01:28||||09-01-2026 14:16:36|09-02-2026 16:11:17|09-02-2026 16:11:17|09-02-2026 19:31:45||09-02-2026 19:33:18|09-02-2026 19:33:18|09-09-2026 09:35:57|29.53|187.57|158.04
BRCJM01|BRGACMES|BRGACMES|8000023996|Shipped|NORMAL||59338607000200|24030-211|RJ|BR|ANDRE/TRANSP||1|.6|.006|6|6|Y|09-01-2026 14:01:28|09-01-2026 14:01:28||||09-01-2026 14:16:36|09-02-2026 16:05:38|09-02-2026 16:05:38|09-02-2026 17:07:38||09-02-2026 17:07:56|09-02-2026 17:07:56|09-09-2026 09:35:56|27.11|187.57|160.47
BRCJM01|BRGACMES|BRGACMES|8000023997|Shipped|NORMAL||59286249000158|90240-620|RS|BR|TRANSTRY||1|.6|.006|6|6|Y|09-01-2026 14:01:29|09-01-2026 14:01:29||||09-01-2026 14:16:36|09-02-2026 16:03:51|09-02-2026 16:03:51|09-02-2026 17:17:03||09-02-2026 17:17:24|09-02-2026 17:17:24|09-09-2026 09:35:55|27.27|187.57|160.31
BRCJM01|BRGACMES|BRGACMES|8000023998|Shipped|NORMAL||58873822000248|88331-490|SC|BR|TAC CWB||1|1.4|.014|14|14|Y|09-01-2026 14:01:29|09-01-2026 14:01:29||||09-01-2026 14:16:36|09-02-2026 16:01:45|09-02-2026 16:01:45|09-02-2026 19:55:52||09-02-2026 19:56:36|09-02-2026 19:56:36|09-09-2026 09:35:52|29.92|187.57|157.65
BRCJM01|BRGACMES|BRGACMES|8000023999|Shipped|NORMAL||58873822000167|88101-101|SC|BR|TAC CWB||1|2.2|.022|22|22|Y|09-01-2026 14:01:29|09-01-2026 14:01:29||||09-01-2026 14:16:36|09-01-2026 18:44:16|09-01-2026 18:44:16|09-01-2026 23:39:48||09-01-2026 23:42:31|09-01-2026 23:42:31|09-09-2026 09:35:52|9.68|187.57|177.89
BRCJM01|BRGACMES|BRGACMES|8000024000|Shipped|NORMAL||60348857000129|49097-510|SE|BR|TERMACO||1|.4|.004|4|4|Y|09-01-2026 14:01:29|09-01-2026 14:01:29||||09-01-2026 14:16:36|09-01-2026 18:51:44|09-01-2026 18:51:44|09-01-2026 19:15:59||09-01-2026 19:19:46|09-01-2026 19:19:46|09-09-2026 09:35:58|5.3|187.57|182.27
BRCJM01|BRGACMES|BRGACMES|8000024001|Shipped|NORMAL||58957368000122|59063-200|RN|BR|TERMACO||1|.7|.007|7|7|Y|09-01-2026 14:01:29|09-01-2026 14:01:29||||09-01-2026 14:16:36|09-01-2026 18:53:16|09-01-2026 18:53:16|09-01-2026 19:25:08||09-01-2026 19:25:36|09-01-2026 19:25:36|09-09-2026 09:35:53|5.4|187.57|182.17
BRCJM01|BRGACMES|BRGACMES|8000024002|Shipped|NORMAL||58957368000394|58028-880|PB|BR|TERMACO||1|1.4|.014|14|14|Y|09-01-2026 14:01:29|09-01-2026 14:01:29||||09-01-2026 14:16:36|09-01-2026 18:55:43|09-01-2026 18:55:43|09-01-2026 20:03:59||09-01-2026 20:06:38|09-01-2026 20:06:38|09-09-2026 09:35:53|6.09|187.57|181.49
BRCJM01|BRGACMES|BRGACMES|8000024003|Shipped|NORMAL||58956147000130|60810-786|CE|BR|TERMACO||1|1.5|.015|15|15|Y|09-01-2026 14:01:29|09-01-2026 14:01:29||||09-01-2026 14:16:36|09-01-2026 18:57:34|09-01-2026 18:57:34|09-01-2026 19:31:03||09-04-2026 14:32:50|09-04-2026 14:32:50|09-04-2026 14:36:23|72.52|72.58|.06
BRCJM01|BRGACMES|BRGACMES|8000024004|Shipped|NORMAL||58957368000203|57037-345|AL|BR|TERMACO||1|1.4|.014|14|14|Y|09-01-2026 14:01:29|09-01-2026 14:01:29||||09-01-2026 14:16:36|09-01-2026 19:14:40|09-01-2026 19:14:40|09-02-2026 00:43:50||09-02-2026 00:48:12|09-02-2026 00:48:12|09-09-2026 09:35:53|10.78|187.57|176.79
BRCJM01|BRGACMES|BRGACMES|8000024005|Shipped|NORMAL||59630650000163|40276-200|BA|BR|TERMACO||1|.1|.001|1|1|Y|09-01-2026 14:02:30|09-01-2026 14:02:30||||09-01-2026 14:16:37|09-01-2026 19:16:04|09-01-2026 19:16:04|09-01-2026 23:12:56||09-09-2026 09:35:57|09-01-2026 23:14:29|09-09-2026 09:35:57|187.56|187.56|0
BRCJM01|BRGACMES|BRGACMES|8000024006|Shipped|NORMAL||59039599000381|69053-355|AM|BR|NORTEX||1|.4|.004|4|4|Y|09-01-2026 14:02:30|09-01-2026 14:02:30||||09-01-2026 14:16:37|09-01-2026 19:17:33|09-01-2026 19:17:33|09-01-2026 23:06:50||09-09-2026 09:35:54|09-01-2026 23:09:34|09-09-2026 09:35:54|187.56|187.56|0
BRCJM01|BRGACMES|BRGACMES|8000024007|Shipped|NORMAL||59039599000543|66053-180|PA|BR|NORTEX||1|.6|.006|6|6|Y|09-01-2026 14:02:30|09-01-2026 14:02:30||||09-01-2026 14:16:37|09-01-2026 19:19:19|09-01-2026 19:19:19|09-01-2026 23:54:57||09-01-2026 23:55:35|09-01-2026 23:55:35|09-09-2026 09:35:54|9.88|187.56|177.67
BRCJM01|BRGACMES|BRGACMES|8000024008|Shipped|NORMAL||59039599000462|77023-002|TO|BR|FAVORITA||1|1.2|.012|12|12|Y|09-01-2026 14:02:30|09-01-2026 14:02:30||||09-01-2026 14:16:37|09-01-2026 19:21:20|09-01-2026 19:21:20|09-02-2026 00:08:20||09-02-2026 00:14:49|09-02-2026 00:14:49|09-09-2026 09:35:54|10.21|187.56|177.35
BRCJM01|BRGACMES|BRGACMES|8000024009|Shipped|NORMAL||60279014000118|54315-570|PE|BR|TERMACO||1|1.2|.012|12|12|Y|09-01-2026 14:02:30|09-01-2026 14:02:30||||09-01-2026 14:16:37|09-01-2026 19:23:21|09-01-2026 19:23:21|09-01-2026 23:59:54||09-02-2026 00:02:52|09-02-2026 00:02:52|09-09-2026 09:35:58|10.01|187.56|177.55
BRCJM01|BRGACMES|BRGACMES|8000024010|Shipped|NORMAL||59907917000117|64051-005|PI|BR|TERMACO||1|1.3|.013|13|13|Y|09-01-2026 14:02:30|09-01-2026 14:02:30||||09-01-2026 14:16:37|09-01-2026 19:25:30|09-01-2026 19:25:30|09-02-2026 00:17:21||09-02-2026 00:21:23|09-02-2026 00:21:23|09-09-2026 09:35:58|10.31|187.56|177.24
BRCJM01|BRGACMES|BRGACMES|8000024011|Shipped|NORMAL||68639251001711|22631-000|RJ|BR|ANDRE/TRANSP||1|4|.04|40|40|Y|09-01-2026 14:02:30|09-01-2026 14:02:30||||09-01-2026 14:16:37|09-01-2026 19:30:42|09-01-2026 19:30:42|09-02-2026 01:06:26||09-09-2026 09:35:59|09-02-2026 01:09:26|09-09-2026 09:35:59|187.56|187.56|0
BRCJM01|BRGACMES|BRGACMES|8000024012|Shipped|NORMAL||60402973000260|89204-004|SC|BR|TAC CWB||1|.6|.006|6|6|Y|09-01-2026 14:02:31|09-01-2026 14:02:31||||09-01-2026 14:16:37|09-01-2026 19:32:19|09-01-2026 19:32:19|09-02-2026 00:04:37||09-09-2026 09:35:58|09-02-2026 00:05:52|09-09-2026 09:35:58|187.56|187.56|0
BRCJM01|BRGACMES|BRGACMES|8000024013|Shipped|NORMAL||60402973000189|89051-000|SC|BR|TAC CWB||1|.5|.005|5|5|Y|09-01-2026 14:02:31|09-01-2026 14:02:31||||09-01-2026 14:16:37|09-01-2026 19:34:07|09-01-2026 19:34:07|09-01-2026 23:49:47||09-09-2026 09:35:58|09-01-2026 23:52:01|09-09-2026 09:35:58|187.56|187.56|0
BRCJM01|BRGACMES|BRGACMES|8000024014|Shipped|NORMAL||59523091000516|04062-002|SP|BR|TRANSP DSV||1|.1|.001|1|1|Y|09-01-2026 14:02:31|09-01-2026 14:02:31||||09-01-2026 14:16:37|09-01-2026 19:35:29|09-01-2026 19:35:29|09-01-2026 23:17:10||09-09-2026 09:35:56|09-01-2026 23:19:50|09-09-2026 09:35:56|187.56|187.56|0
BRCJM01|BRGACMES|BRGACMES|8000024015|Shipped|NORMAL||57615766000106||||TAC DSV||1|.3|.003|3|3|Y|09-01-2026 14:04:32|09-01-2026 14:04:32||||09-01-2026 14:16:37|09-01-2026 19:49:13|09-01-2026 19:49:13|09-01-2026 23:01:53||09-01-2026 23:03:36|09-01-2026 23:03:36|09-09-2026 09:35:51|8.98|187.52|178.54
BRCJM01|BRGACMES|BRGACMES|8000024016|Shipped|NORMAL||58956147000300||||TAC DSV||1|.1|.001|1|1|Y|09-01-2026 14:04:32|09-01-2026 14:04:32||||09-01-2026 14:16:37|09-02-2026 07:08:40|09-02-2026 07:08:40|09-02-2026 07:18:09||09-02-2026 07:18:46|09-02-2026 07:18:46|09-09-2026 09:35:53|17.24|187.52|170.29
BRCJM01|BRGACMES|BRGACMES|8000024017|Shipped|NORMAL||59286249000239||||TAC DSV||1|.5|.005|5|5|Y|09-01-2026 14:04:32|09-01-2026 14:04:32||||09-01-2026 14:16:38|09-02-2026 15:37:11|09-02-2026 15:37:11|09-02-2026 16:59:43||09-02-2026 16:59:55|09-02-2026 16:59:55|09-09-2026 09:35:55|26.92|187.52|160.6
BRCJM01|BRGACMES|BRGACMES|8000024018|Shipped|NORMAL||59286249000310||||TAC DSV||1|.4|.004|4|4|Y|09-01-2026 14:04:32|09-01-2026 14:04:32||||09-01-2026 14:16:38|09-02-2026 15:39:29|09-02-2026 15:39:29|09-02-2026 16:50:45||09-02-2026 16:51:35|09-02-2026 16:51:35|09-09-2026 09:35:55|26.78|187.52|160.74
BRCJM01|BRGACMES|BRGACMES|8000024019|Shipped|NORMAL||66684604000102||||TAC DSV||1|.1|.001|1|1|Y|09-01-2026 14:04:32|09-01-2026 14:04:32||||09-01-2026 14:16:38|09-02-2026 15:40:42|09-02-2026 15:40:42|09-02-2026 16:33:05||09-02-2026 16:33:35|09-02-2026 16:33:35|09-09-2026 09:35:59|26.48|187.52|161.04
BRCJM01|BRGACMES|BRGACMES|8000024020|Shipped|NORMAL||57166756000122||||TAC DSV||1|.7|.007|7|7|Y|09-01-2026 14:04:32|09-01-2026 14:04:32||||09-01-2026 14:16:38|09-02-2026 15:43:57|09-02-2026 15:43:57|09-02-2026 19:53:41||09-02-2026 19:54:17|09-02-2026 19:54:17|09-09-2026 09:35:51|29.83|187.52|157.69
BRCJM01|BRGACMES|BRGACMES|8000024021|Shipped|NORMAL||57166756000203||||TAC DSV||1|1.5|.015|15|15|Y|09-01-2026 14:04:32|09-01-2026 14:04:32||||09-01-2026 14:16:38|09-02-2026 15:47:11|09-02-2026 15:47:11|09-02-2026 19:31:01||09-02-2026 19:33:02|09-02-2026 19:33:02|09-09-2026 09:35:51|29.48|187.52|158.05
BRCJM01|BRGACMES|BRGACMES|8000024022|Shipped|NORMAL||59895385000579||||TAC DSV||1|.2|.002|2|2|Y|09-01-2026 14:04:32|09-01-2026 14:04:32||||09-01-2026 14:16:38|09-02-2026 15:49:31|09-02-2026 15:49:31|09-02-2026 16:40:01||09-02-2026 16:40:16|09-02-2026 16:40:16|09-09-2026 09:35:58|26.6|187.52|160.93
BRCJM01|BRGACMES|BRGACMES|8000024023|Shipped|NORMAL||67095197000160||||TAC DSV||1|.1|.001|1|1|Y|09-01-2026 14:04:32|09-01-2026 14:04:32||||09-01-2026 14:16:38|09-02-2026 15:51:55|09-02-2026 15:51:55|09-02-2026 16:36:27||09-02-2026 16:36:58|09-02-2026 16:36:58|09-09-2026 09:35:59|26.54|187.52|160.98
BRCJM01|BRGACMES|BRGACMES|8000024024|Shipped|NORMAL||59338607000552||||TAC DSV||1|.5|.005|5|5|Y|09-01-2026 14:05:33|09-01-2026 14:05:33||||09-01-2026 14:16:38|09-02-2026 15:55:21|09-02-2026 15:55:21|09-02-2026 16:56:32||09-02-2026 16:56:49|09-02-2026 16:56:49|09-09-2026 09:35:56|26.85|187.51|160.65
BRCJM01|BRGACMES|BRGACMES|8000024034|Shipped|NORMAL||59895385000145|80240-545|PR|BR|TAC CWB||1|0|0|1|1|Y|09-02-2026 14:33:42|09-02-2026 14:33:41||||09-02-2026 14:43:58|09-08-2026 11:24:13|09-08-2026 11:24:14|09-08-2026 14:23:00||09-08-2026 14:25:20|09-08-2026 14:25:20|09-10-2026 10:08:00|143.86|187.57|43.71
BRCJM01|BRGACMES|BRGACMES|8000024035|Shipped|NORMAL||59897625000221|13420-355|SP|BR|TAC CPQ||1|0|0|1|1|Y|09-02-2026 14:33:41|09-02-2026 14:33:41||||09-02-2026 14:43:58|09-03-2026 01:58:44|09-03-2026 01:58:44|09-03-2026 05:28:48||09-03-2026 05:29:04|09-03-2026 05:29:04|09-09-2026 09:35:58|14.92|163.04|148.12
BRCJM01|BRGACMES|BRGACMES|8000024036|Shipped|NORMAL||59039599000110|78115-005|MT|BR|FAVORITA||3|1|.01|30|30|Y|09-02-2026 14:33:40|09-02-2026 14:33:40||||09-02-2026 14:43:58|09-04-2026 21:56:47|09-05-2026 03:57:34|09-05-2026 12:21:52||09-05-2026 12:22:22|09-05-2026 12:22:22|09-10-2026 10:07:58|69.81|187.57|117.76
BRCJM01|BRGACMES|BRGACMES|8000024037|Shipped|NORMAL||59897625000302||||TAC DSV||2|0|0|4|4|Y|09-02-2026 14:41:46|09-02-2026 14:41:46||||09-02-2026 14:44:03|09-03-2026 01:50:29|09-03-2026 01:52:54|09-03-2026 05:13:45||09-09-2026 09:35:58|09-03-2026 05:16:14|09-09-2026 09:35:58|162.9|162.9|0
BRCJM01|BRGACMES|BRGACMES|8000024038|Shipped|NORMAL||58957368000122|59063-200|RN|BR|TERMACO||2|.2|.002|2|2|Y|09-02-2026 14:33:42|09-02-2026 14:33:42||||09-02-2026 14:43:58|09-03-2026 04:25:33|09-03-2026 04:27:25|09-03-2026 05:31:32||09-03-2026 05:32:17|09-03-2026 05:32:17|09-09-2026 09:35:53|14.98|163.04|148.06
BRCJM01|BRGACMES|BRGACMES|8000024071|Shipped|NORMAL||58267919000126|71200-022|DF|BR|ALL IN||2|.2|.002|2|2|Y|09-02-2026 14:33:42|09-02-2026 14:33:42||||09-02-2026 14:43:58|09-03-2026 04:19:28|09-03-2026 04:20:54|09-03-2026 05:23:49||09-03-2026 05:25:52|09-03-2026 05:25:52|09-09-2026 09:35:52|14.87|163.04|148.17
BRCJM01|BRGACMES|BRGACMES|8000024072|Shipped|NORMAL||58267919000126|71200-022|DF|BR|ALL IN||1|0|0|1|1|Y|09-02-2026 14:33:42|09-02-2026 14:33:42||||09-02-2026 14:43:58|09-08-2026 11:19:16|09-08-2026 11:19:16|09-08-2026 14:13:03||09-08-2026 14:13:27|09-08-2026 14:13:27|09-10-2026 10:07:55|143.66|187.57|43.91
BRCJM01|BRGACMES|BRGACMES|8000024074|Shipped|NORMAL||59630650000163|40276-200|BA|BR|TERMACO||1|0|0|1|1|Y|09-02-2026 14:33:42|09-02-2026 14:33:42||||09-02-2026 14:43:59|09-08-2026 11:21:27|09-08-2026 11:21:27|09-08-2026 14:06:16||09-08-2026 14:06:46|09-08-2026 14:06:46|09-10-2026 10:08:00|143.55|187.57|44.02
BRCJM01|BRGACMES|BRGACMES|8000024085|Shipped|NORMAL||58957368000203|57037-345|AL|BR|TERMACO||33|.4|.004|33|33|Y|09-02-2026 14:34:43|09-02-2026 14:34:43||||09-02-2026 14:43:59|09-04-2026 01:49:36|09-04-2026 13:28:39|09-04-2026 15:03:54||09-04-2026 15:09:53|09-04-2026 15:09:53|09-10-2026 10:07:57|48.59|187.55|138.97
BRCJM01|BRGACMES|BRGACMES|8000024086|Shipped|NORMAL||59523091000354|09521-040|SP|BR|TAC DSV||8|.1|.001|8|8|Y|09-02-2026 14:34:43|09-02-2026 14:34:43||||09-02-2026 14:44:00|09-04-2026 22:28:46|09-08-2026 13:29:32|09-09-2026 03:53:28||09-09-2026 03:57:11|09-09-2026 03:57:11|09-10-2026 10:08:00|157.37|187.55|30.18
BRCJM01|BRGACMES|BRGACMES|8000024090|Shipped|NORMAL||58267919000207|31255-234|MG|BR|ANDRE/TRANSP||22|.1|.001|22|22|Y|09-02-2026 14:34:44|09-02-2026 14:34:44||||09-02-2026 14:44:02|09-03-2026 14:21:40|09-04-2026 14:46:40|09-05-2026 02:34:21||09-05-2026 05:55:00|09-05-2026 05:55:00|09-10-2026 10:07:56|63.34|187.55|124.22
BRCJM01|BRGACMES|BRGACMES|8000024107|Shipped|NORMAL||60279014000118|54315-570|PE|BR|TERMACO||1|.1|.001|1|1|Y|09-03-2026 15:17:44|09-03-2026 15:17:44||||09-03-2026 15:24:08|09-04-2026 15:17:56|09-04-2026 15:17:56|09-04-2026 15:23:27||09-04-2026 15:23:40|09-04-2026 15:23:40|09-10-2026 10:08:01|24.1|162.84|138.74
BRCJM01|BRGACMES|BRGACMES|8000024110|Shipped|NORMAL||58957368000203|57037-345|AL|BR|TERMACO||1|2.4|.024|24|24|Y|09-03-2026 15:17:44|09-03-2026 15:17:44||||09-03-2026 15:24:08|09-03-2026 22:27:30|09-03-2026 22:29:15|09-04-2026 00:38:27||09-04-2026 00:38:44|09-04-2026 00:38:44|09-09-2026 09:35:53|9.35|138.3|128.95
BRCJM01|BRGACMES|BRGACMES|8000024111|Shipped|NORMAL||58957368000203|57037-345|AL|BR|TERMACO||2|0|0|18|18|Y|09-03-2026 15:17:44|09-03-2026 15:17:44||||09-03-2026 15:24:09|09-03-2026 22:21:45|09-03-2026 22:23:28|09-04-2026 00:33:27||09-04-2026 00:34:28|09-04-2026 00:34:28|09-09-2026 09:35:53|9.28|138.3|129.02
BRCJM01|BRGACMES|BRGACMES|8000024112|Shipped|NORMAL||58957368000394|58028-880|PB|BR|TERMACO||1|0|0|1|1|Y|09-03-2026 15:17:44|09-03-2026 15:17:44||||09-03-2026 15:24:08|09-03-2026 21:58:30|09-03-2026 21:58:30|09-04-2026 00:19:36||09-04-2026 00:23:22|09-04-2026 00:23:22|09-09-2026 09:35:53|9.09|138.3|129.21
BRCJM01|BRGACMES|BRGACMES|8000024114|Shipped|NORMAL||58267919000126|71200-022|DF|BR|ALL IN||1|.1|.001|1|1|Y|09-03-2026 15:17:44|09-03-2026 15:17:44||||09-03-2026 15:24:09|09-08-2026 10:36:23|09-08-2026 10:36:23|09-08-2026 14:09:08||09-08-2026 14:10:38|09-08-2026 14:10:38|09-10-2026 10:07:56|118.88|162.84|43.95
BRCJM01|BRGACMES|BRGACMES|8000024115|Shipped|NORMAL||58267919000126|71200-022|DF|BR|ALL IN||6|0|0|6|6|Y|09-03-2026 15:17:45|09-03-2026 15:17:45||||09-03-2026 15:24:09|09-04-2026 01:55:18|09-04-2026 14:09:46|09-04-2026 15:54:54||09-04-2026 16:02:47|09-04-2026 16:02:47|09-10-2026 10:07:56|24.75|162.84|138.09
BRCJM01|BRGACMES|BRGACMES|8000024124|Shipped|NORMAL||59895385000145|80240-545|PR|BR|TAC CWB||1|.1|.001|1|1|Y|09-03-2026 15:17:45|09-03-2026 15:17:45||||09-03-2026 15:24:09|09-04-2026 00:50:59|09-04-2026 00:50:59|09-04-2026 00:52:10||09-04-2026 00:53:40|09-04-2026 00:53:40|09-09-2026 09:35:57|9.6|138.3|128.7
BRCJM01|BRGACMES|BRGACMES|8000024125|Shipped|NORMAL||59895385000145|80240-545|PR|BR|TAC CWB||1|.1|.001|1|1|Y|09-03-2026 15:17:45|09-03-2026 15:17:45||||09-03-2026 15:24:09|09-08-2026 11:44:47|09-08-2026 11:44:47|09-08-2026 13:39:49||09-08-2026 13:41:49|09-08-2026 13:41:49|09-10-2026 10:08:00|118.4|162.84|44.44
BRCJM01|BRGACMES|BRGACMES|8000024128|Shipped|NORMAL||59895385000226|86072-000|PR|BR|ALL IN||3|0|0|3|3|Y|09-03-2026 15:18:45|09-03-2026 15:18:45||||09-03-2026 15:24:09|09-03-2026 22:42:34|09-03-2026 22:51:15|09-04-2026 00:44:54||09-04-2026 00:45:45|09-04-2026 00:45:45|09-09-2026 09:35:57|9.45|138.29|128.84
BRCJM01|BRGACMES|BRGACMES|8000024129|Shipped|NORMAL||59895385000307|87070-000|PR|BR|ALL IN||4|0|0|4|4|Y|09-03-2026 15:18:45|09-03-2026 15:18:45||||09-03-2026 15:24:09|09-03-2026 19:07:12|09-03-2026 19:24:13|09-04-2026 04:45:57||09-04-2026 04:46:34|09-04-2026 04:46:34|09-09-2026 09:35:57|13.46|138.29|124.82
BRCJM01|BRGACMES|BRGACMES|8000024130|Shipped|NORMAL||59405379000243||||TAC DSV||4|0|0|4|4|Y|09-03-2026 15:21:48|09-03-2026 15:21:48||||09-03-2026 15:24:10|09-04-2026 01:49:07|09-05-2026 19:08:14|09-06-2026 10:49:22||09-06-2026 10:53:42|09-06-2026 10:53:42|09-10-2026 10:07:59|67.53|162.77|95.24
BRCJM01|BRGACMES|BRGACMES|8000024131|Shipped|NORMAL||59039599000543|66053-180|PA|BR|NORTEX||2|0|0|2|2|Y|09-03-2026 15:18:46|09-03-2026 15:18:46||||09-03-2026 15:24:09|09-03-2026 19:04:23|09-03-2026 19:05:17|09-04-2026 07:50:42||09-04-2026 07:52:22|09-04-2026 07:52:22|09-09-2026 09:35:54|16.56|138.29|121.73
BRCJM01|BRGACMES|BRGACMES|8000024132|Shipped|NORMAL||59039599000110|78115-005|MT|BR|FAVORITA||2|0|0|2|2|Y|09-03-2026 15:18:46|09-03-2026 15:18:46||||09-03-2026 15:24:10|09-03-2026 19:02:08|09-03-2026 19:03:03|09-04-2026 08:22:36||09-04-2026 08:24:51|09-04-2026 08:24:51|09-09-2026 09:35:54|17.1|138.29|121.18
BRCJM01|BRGACMES|BRGACMES|8000024133|Shipped|NORMAL||59523091000354|09521-040|SP|BR|TAC DSV||4|0|0|4|4|Y|09-03-2026 15:18:46|09-03-2026 15:18:46||||09-03-2026 15:24:10|09-04-2026 02:01:45|09-05-2026 19:30:54|09-06-2026 11:01:50||09-06-2026 11:02:26|09-06-2026 11:02:26|09-10-2026 10:08:00|67.73|162.82|95.09
BRCJM01|BRGACMES|BRGACMES|8000024139|Shipped|NORMAL||59219965000112|18013-003|SP|BR|TAC SOR||1|0|0|1|1|Y|09-03-2026 15:18:46|09-03-2026 15:18:46||||09-03-2026 15:24:10|09-03-2026 18:55:34|09-03-2026 18:55:34|09-04-2026 08:39:59||09-04-2026 08:40:18|09-04-2026 08:40:18|09-09-2026 09:35:55|17.36|138.29|120.93
BRCJM01|BRGACMES|BRGACMES|8000024140|Shipped|NORMAL||60259875000134|17012-648|SP|BR|TRANSTRY||1|0|0|1|1|Y|09-03-2026 15:18:46|09-03-2026 15:18:46||||09-03-2026 15:24:10|09-03-2026 18:49:06|09-03-2026 18:49:06|09-04-2026 08:41:09||09-04-2026 08:41:41|09-04-2026 08:41:41|09-09-2026 09:35:58|17.38|138.29|120.9
BRCJM01|BRGACMES|BRGACMES|8000024141|Shipped|NORMAL||59039599000381|69053-355|AM|BR|NORTEX||2|0|0|2|2|Y|09-03-2026 15:18:46|09-03-2026 15:18:46||||09-03-2026 15:24:10|09-03-2026 18:43:22|09-03-2026 18:44:20|09-04-2026 08:05:12||09-04-2026 08:08:48|09-04-2026 08:08:48|09-09-2026 09:35:54|16.83|138.29|121.45
BRCJM01|BRGACMES|BRGACMES|8000024142|Shipped|NORMAL||59039599000462|77023-002|TO|BR|FAVORITA||2|0|0|2|2|Y|09-03-2026 15:18:46|09-03-2026 15:18:46||||09-03-2026 15:24:10|09-03-2026 18:38:49|09-03-2026 18:41:02|09-04-2026 08:15:04||09-04-2026 08:18:13|09-04-2026 08:18:13|09-09-2026 09:35:54|16.99|138.29|121.29
BRCJM01|BRGACMES|BRGACMES|8000024143|Shipped|NORMAL||59523091000273|06465-100|SP|BR|TRANSP DSV||4|0|0|4|4|Y|09-03-2026 15:18:47|09-03-2026 15:18:47||||09-03-2026 15:24:10|09-04-2026 02:07:34|09-05-2026 19:23:37|09-06-2026 10:52:24||09-06-2026 10:53:13|09-06-2026 10:53:13|09-10-2026 10:07:59|67.57|162.82|95.25
BRCJM01|BRGACMES|BRGACMES|8000024144|Shipped|NORMAL||60402973000260|89204-004|SC|BR|TAC CWB||1|0|0|1|1|Y|09-04-2026 10:55:41|09-04-2026 10:55:41||||09-04-2026 11:10:06|09-04-2026 14:21:08|09-04-2026 14:21:08|09-04-2026 14:39:09||09-04-2026 14:39:38|09-04-2026 14:39:38|09-09-2026 09:35:59|3.73|118.67|114.94
BRCJM01|BRGACMES|BRGACMES|8000024145|Shipped|NORMAL||59523091000354|09521-040|SP|BR|TAC DSV||1|0|0|1|1|Y|09-04-2026 10:55:42|09-04-2026 10:55:42||||09-04-2026 11:10:06|09-04-2026 14:19:49|09-04-2026 14:19:49|09-04-2026 14:40:31||09-04-2026 14:41:00|09-04-2026 14:41:00|09-09-2026 09:35:56|3.76|118.67|114.92
BRCJM01|BRGACMES|BRGACMES|8000024146|Shipped|NORMAL||68155579000103||||TAC DSV||17|0|0|17|17|Y|09-04-2026 11:02:51|09-04-2026 11:02:51||||09-04-2026 11:10:14|09-05-2026 15:56:58|09-08-2026 07:46:15|09-08-2026 09:11:36||09-08-2026 09:16:35|09-08-2026 09:16:35|09-10-2026 10:08:02|94.23|143.09|48.86
BRCJM01|BRGACMES|BRGACMES|8000024151|Shipped|RUSH||58267919000126|71200-022|DF|BR|ALL IN||1|0|0|60|60|Y|09-04-2026 10:55:42|09-04-2026 10:55:42||||09-04-2026 11:10:06|09-04-2026 12:45:33|09-04-2026 12:45:33|09-04-2026 12:48:48||09-04-2026 12:49:47|09-04-2026 12:49:47|09-09-2026 09:35:52|1.9|118.67|116.77
BRCJM01|BRGACMES|BRGACMES|8000024152|Shipped|NORMAL||45180696000202|65071-380|MA|BR|TERMACO||2|.1|.001|2|2|Y|09-04-2026 10:55:43|09-04-2026 10:55:43||||09-04-2026 11:10:07|09-08-2026 11:29:08|09-09-2026 01:12:55|09-09-2026 01:14:05||09-09-2026 05:44:52|09-09-2026 05:44:52|09-10-2026 10:07:55|114.82|143.2|28.38
BRCJM01|BRGACMES|BRGACMES|8000024154|Shipped|NORMAL||59039599000462|77023-002|TO|BR|FAVORITA||1|0|0|1|1|Y|09-04-2026 10:55:43|09-04-2026 10:55:43||||09-04-2026 11:10:07|09-04-2026 14:14:21|09-04-2026 14:14:22|09-04-2026 14:35:21||09-04-2026 14:35:49|09-04-2026 14:35:49|09-09-2026 09:35:54|3.67|118.67|115
BRCJM01|BRGACMES|BRGACMES|8000024156|Shipped|NORMAL||59600427000173|38408-144|MG|BR|TAC UBA-UDE||1|0|0|1|1|Y|09-04-2026 10:55:43|09-04-2026 10:55:43||||09-04-2026 11:10:06|09-04-2026 14:17:17|09-04-2026 14:17:17|09-04-2026 14:37:01||09-04-2026 14:37:31|09-04-2026 14:37:31|09-09-2026 09:35:56|3.7|118.67|114.97
BRCJM01|BRGACMES|BRGACMES|8000024159|Shipped|RUSH||59286249000158|90240-620|RS|BR|TRANSTRY||1|0|0|1|1|Y|09-04-2026 10:55:44|09-04-2026 10:55:44||||09-04-2026 11:10:09|09-05-2026 15:29:18|09-05-2026 15:29:18|09-06-2026 08:31:48||09-06-2026 08:32:05|09-06-2026 08:32:05|09-10-2026 10:07:59|45.61|143.2|97.6
BRCJM01|BRGACMES|BRGACMES|8000024194|Shipped|NORMAL||68639251001711|22631-000|RJ|BR|ANDRE/TRANSP||1|.1|.001|1|1|Y|09-04-2026 10:55:44|09-04-2026 10:55:44||||09-04-2026 11:10:09|09-05-2026 12:13:23|09-05-2026 12:13:23|09-06-2026 10:21:59||09-06-2026 10:22:38|09-06-2026 10:22:38|09-10-2026 10:08:02|47.45|143.21|95.76
BRCJM01|BRGACMES|BRGACMES|8000024195|Shipped|NORMAL||29177311000102|05016-090|SP|BR|TRANSP DSV||1|1.9|.019|19|19|Y|09-04-2026 10:55:44|09-04-2026 10:55:44||||09-04-2026 11:10:09|09-05-2026 17:02:34|09-05-2026 17:02:34|09-08-2026 11:46:26||09-08-2026 11:46:49|09-08-2026 11:46:49|09-10-2026 10:07:55|96.85|143.2|46.35
BRCJM01|BRGACMES|BRGACMES|8000024198|Shipped|NORMAL||59286249000158|90240-620|RS|BR|TRANSTRY||1|1|.01|10|10|Y|09-04-2026 10:55:44|09-04-2026 10:55:44||||09-04-2026 11:10:09|09-08-2026 09:41:52|09-08-2026 09:41:52|09-09-2026 05:18:03||09-09-2026 05:25:48|09-09-2026 05:25:48|09-10-2026 10:07:59|114.5|143.2|28.7
BRCJM01|BRGACMES|BRGACMES|8000024200|Shipped|NORMAL||58267919000479|71608-900|DF|BR|ALL IN||1|.8|.008|8|8|Y|09-04-2026 10:55:44|09-04-2026 10:55:44||||09-04-2026 11:10:09|09-08-2026 09:41:18|09-08-2026 09:41:18|09-09-2026 05:09:09||09-09-2026 05:25:21|09-09-2026 05:25:21|09-10-2026 10:07:57|114.49|143.2|28.71
BRCJM01|BRGACMES|BRGACMES|8000024201|Shipped|NORMAL||68639251001711|22631-000|RJ|BR|ANDRE/TRANSP||1|.7|.007|7|7|Y|09-04-2026 10:55:44|09-04-2026 10:55:44||||09-04-2026 11:10:09|09-08-2026 09:40:19|09-08-2026 09:40:19|09-09-2026 05:03:37||09-09-2026 05:25:27|09-09-2026 05:25:27|09-10-2026 10:08:02|114.5|143.21|28.71
BRCJM01|BRGACMES|BRGACMES|8000024206|Shipped|NORMAL||59039599000543|66053-180|PA|BR|NORTEX||1|.5|.005|5|5|Y|09-04-2026 10:55:45|09-04-2026 10:55:45||||09-04-2026 11:10:10|09-05-2026 17:10:05|09-05-2026 17:10:05|09-08-2026 11:18:01||09-08-2026 11:18:48|09-08-2026 11:18:48|09-10-2026 10:07:58|96.38|143.2|46.82
BRCJM01|BRGACMES|BRGACMES|8000024207|Shipped|NORMAL||66674047000149||||TAC DSV||1|.5|.005|5|5|Y|09-04-2026 11:02:52|09-04-2026 11:02:52||||09-04-2026 11:10:14|09-05-2026 17:01:54|09-05-2026 17:01:54|09-08-2026 11:32:28||09-08-2026 11:32:53|09-08-2026 11:32:53|09-10-2026 10:08:01|96.5|143.09|46.59
BRCJM01|BRGACMES|BRGACMES|8000024208|Shipped|NORMAL||58957368000394|58028-880|PB|BR|TERMACO||1|.5|.005|5|5|Y|09-04-2026 10:55:45|09-04-2026 10:55:45||||09-04-2026 11:10:10|09-05-2026 17:09:21|09-05-2026 17:09:21|09-08-2026 11:25:59||09-08-2026 11:27:19|09-08-2026 11:27:19|09-10-2026 10:07:58|96.53|143.2|46.68
BRCJM01|BRGACMES|BRGACMES|8000024209|Shipped|NORMAL||58956147000130|60810-786|CE|BR|TERMACO||1|.5|.005|5|5|Y|09-04-2026 10:56:45|09-04-2026 10:56:45||||09-04-2026 11:10:10|09-05-2026 17:00:11|09-05-2026 17:00:12|09-08-2026 12:03:51||09-08-2026 12:05:35|09-08-2026 12:05:35|09-10-2026 10:07:57|97.15|143.19|46.04
BRCJM01|BRGACMES|BRGACMES|8000024210|Shipped|NORMAL||59871299000100|14021-610|SP|BR|ALL IN||1|.4|.004|4|4|Y|09-04-2026 10:56:45|09-04-2026 10:56:45||||09-04-2026 11:10:10|09-08-2026 10:12:10|09-08-2026 10:12:10|09-08-2026 11:07:10||09-08-2026 11:09:51|09-08-2026 11:09:51|09-10-2026 10:08:00|96.22|143.19|46.97
BRCJM01|BRGACMES|BRGACMES|8000024211|Shipped|NORMAL||66684604000102||||TAC DSV||1|.4|.004|4|4|Y|09-04-2026 11:02:52|09-04-2026 11:02:52||||09-04-2026 11:10:14|09-05-2026 17:04:08|09-05-2026 17:04:08|09-08-2026 10:54:08||09-08-2026 10:55:15|09-08-2026 10:55:15|09-10-2026 10:08:01|95.87|143.09|47.21
BRCJM01|BRGACMES|BRGACMES|8000024212|Shipped|NORMAL||67095197000160||||TAC DSV||1|.4|.004|4|4|Y|09-04-2026 11:02:52|09-04-2026 11:02:52||||09-04-2026 11:10:15|09-05-2026 17:04:39|09-05-2026 17:04:39|09-08-2026 10:45:19||09-08-2026 10:47:51|09-08-2026 10:47:51|09-10-2026 10:08:02|95.75|143.09|47.34
BRCJM01|BRGACMES|BRGACMES|8000024213|Shipped|NORMAL||58873822000248|88331-490|SC|BR|TAC CWB||1|.4|.004|4|4|Y|09-04-2026 10:56:45|09-04-2026 10:56:45||||09-04-2026 11:10:10|09-08-2026 10:10:06|09-08-2026 10:10:06|09-08-2026 10:44:18||09-08-2026 10:44:46|09-08-2026 10:44:46|09-10-2026 10:07:57|95.8|143.19|47.39
BRCJM01|BRGACMES|BRGACMES|8000024214|Shipped|NORMAL||59219965000112|18013-003|SP|BR|TAC SOR||1|.3|.003|3|3|Y|09-04-2026 10:56:45|09-04-2026 10:56:45||||09-04-2026 11:10:10|09-08-2026 10:08:39|09-08-2026 10:08:39|09-08-2026 12:17:08||09-08-2026 12:22:35|09-08-2026 12:22:35|09-10-2026 10:07:59|97.43|143.19|45.76
BRCJM01|BRGACMES|BRGACMES|8000024215|Shipped|NORMAL||59039599000462|77023-002|TO|BR|FAVORITA||1|.3|.003|3|3|Y|09-04-2026 10:56:45|09-04-2026 10:56:45||||09-04-2026 11:10:10|09-08-2026 10:05:16|09-08-2026 10:05:16|09-08-2026 12:50:30||09-08-2026 12:50:46|09-08-2026 12:50:46|09-10-2026 10:07:58|97.9|143.19|45.29
BRCJM01|BRGACMES|BRGACMES|8000024217|Shipped|NORMAL||59039599000381|69053-355|AM|BR|NORTEX||1|.3|.003|3|3|Y|09-04-2026 10:56:46|09-04-2026 10:56:46||||09-04-2026 11:10:10|09-08-2026 10:04:24|09-08-2026 10:04:24|09-08-2026 12:47:55||09-08-2026 12:48:30|09-08-2026 12:48:30|09-10-2026 10:07:58|97.86|143.19|45.32
BRCJM01|BRGACMES|BRGACMES|8000024218|Shipped|NORMAL||57615766000106||||TAC DSV||1|.3|.003|3|3|Y|09-04-2026 11:02:52|09-04-2026 11:02:52||||09-04-2026 11:10:15|09-05-2026 17:06:27|09-05-2026 17:06:27|09-08-2026 13:05:36||09-08-2026 13:06:02|09-08-2026 13:06:02|09-10-2026 10:07:55|98.05|143.08|45.03
BRCJM01|BRGACMES|BRGACMES|8000024219|Shipped|NORMAL||68155579000103||||TAC DSV||1|.3|.003|3|3|Y|09-04-2026 11:02:52|09-04-2026 11:02:52||||09-04-2026 11:10:15|09-05-2026 17:07:22|09-05-2026 17:07:22|09-08-2026 12:22:20||09-08-2026 12:22:43|09-08-2026 12:22:43|09-10-2026 10:08:02|97.33|143.09|45.76
BRCJM01|BRGACMES|BRGACMES|8000024220|Shipped|NORMAL||59907917000117|64051-005|PI|BR|TERMACO||1|.3|.003|3|3|Y|09-04-2026 10:56:46|09-04-2026 10:56:46||||09-04-2026 11:10:10|09-08-2026 10:03:41|09-08-2026 10:03:41|09-08-2026 12:41:59||09-08-2026 12:42:21|09-08-2026 12:42:22|09-10-2026 10:08:01|97.76|143.19|45.43
BRCJM01|BRGACMES|BRGACMES|8000024221|Shipped|NORMAL||59216158000146|11050-201|SP|BR|TAC DSV||1|.2|.002|2|2|Y|09-04-2026 10:56:46|09-04-2026 10:56:46||||09-04-2026 11:10:10|09-08-2026 10:02:40|09-08-2026 10:02:40|09-08-2026 13:34:45||09-08-2026 13:39:04|09-08-2026 13:39:04|09-10-2026 10:07:59|98.7|143.19|44.48
BRCJM01|BRGACMES|BRGACMES|8000024222|Shipped|NORMAL||59897625000302||||TAC DSV||1|.2|.002|2|2|Y|09-04-2026 11:02:52|09-04-2026 11:02:52||||09-04-2026 11:10:15|09-05-2026 17:06:58|09-05-2026 17:06:58|09-08-2026 13:32:04||09-08-2026 13:32:54|09-08-2026 13:32:54|09-10-2026 10:08:01|98.5|143.09|44.59
BRCJM01|BRGACMES|BRGACMES|8000024223|Shipped|NORMAL||57166756000122||||TAC DSV||1|.2|.002|2|2|Y|09-04-2026 11:02:52|09-04-2026 11:02:52||||09-04-2026 11:10:15|09-05-2026 17:05:17|09-05-2026 17:05:17|09-08-2026 13:23:49||09-08-2026 13:24:16|09-08-2026 13:24:16|09-10-2026 10:07:55|98.36|143.08|44.73
BRCJM01|BRGACMES|BRGACMES|8000024224|Shipped|NORMAL||58267919000207|31255-234|MG|BR|ANDRE/TRANSP||1|.2|.002|2|2|Y|09-04-2026 10:56:46|09-04-2026 10:56:46||||09-04-2026 11:10:10|09-08-2026 10:00:38|09-08-2026 10:00:38|09-08-2026 13:47:40||09-08-2026 13:48:25|09-08-2026 13:48:25|09-10-2026 10:07:56|98.86|143.19|44.33
BRCJM01|BRGACMES|BRGACMES|8000024225|Shipped|NORMAL||59052866000270|03340-000|SP|BR|TRANSP DSV||1|.2|.002|2|2|Y|09-04-2026 10:56:46|09-04-2026 10:56:46||||09-04-2026 11:10:10|09-08-2026 10:01:59|09-08-2026 10:01:59|09-08-2026 13:39:58||09-08-2026 13:47:58|09-08-2026 13:47:58|09-10-2026 10:07:58|98.85|143.19|44.33
BRCJM01|BRGACMES|BRGACMES|8000024226|Shipped|NORMAL||59897625000221|13420-355|SP|BR|TAC CPQ||1|.2|.002|2|2|Y|09-04-2026 10:56:46|09-04-2026 10:56:46||||09-04-2026 11:10:10|09-08-2026 09:59:06|09-08-2026 09:59:06|09-08-2026 16:13:29||09-08-2026 16:13:50|09-08-2026 16:13:50|09-10-2026 10:08:01|101.28|143.19|41.9
BRCJM01|BRGACMES|BRGACMES|8000024227|Shipped|NORMAL||45180696000202|65071-380|MA|BR|TERMACO||1|.2|.002|2|2|Y|09-04-2026 10:56:46|09-04-2026 10:56:46||||09-04-2026 11:10:10|09-08-2026 09:59:45|09-08-2026 09:59:45|09-08-2026 16:10:28||09-08-2026 16:10:47|09-08-2026 16:10:47|09-10-2026 10:07:55|101.23|143.19|41.95
BRCJM01|BRGACMES|BRGACMES|8000024228|Shipped|NORMAL||59338607000552||||TAC DSV||1|.2|.002|2|2|Y|09-04-2026 11:02:52|09-04-2026 11:02:52||||09-04-2026 11:10:15|09-05-2026 17:06:13|09-05-2026 17:06:13|09-08-2026 13:27:17||09-08-2026 13:27:33|09-08-2026 13:27:33|09-10-2026 10:07:59|98.41|143.09|44.67
BRCJM01|BRGACMES|BRGACMES|8000024229|Shipped|NORMAL||60348857000129|49097-510|SE|BR|TERMACO||1|.2|.002|2|2|Y|09-04-2026 10:56:46|09-04-2026 10:56:46||||09-04-2026 11:10:11|09-08-2026 09:58:29|09-08-2026 09:58:29|09-08-2026 16:22:04||09-08-2026 16:23:36|09-08-2026 16:23:36|09-10-2026 10:08:01|101.45|143.19|41.74
BRCJM01|BRGACMES|BRGACMES|8000024230|Shipped|NORMAL||59223839000212|05650-002|SP|BR|TRANSP DSV||1|.2|.002|2|2|Y|09-04-2026 10:56:46|09-04-2026 10:56:46||||09-04-2026 11:10:11|09-08-2026 09:57:35|09-08-2026 09:57:35|09-08-2026 16:27:14||09-08-2026 16:27:33|09-08-2026 16:27:33|09-10-2026 10:07:59|101.51|143.19|41.67
BRCJM01|BRGACMES|BRGACMES|8000024231|Shipped|NORMAL||59338607000200|24030-211|RJ|BR|ANDRE/TRANSP||1|.2|.002|2|2|Y|09-04-2026 10:56:46|09-04-2026 10:56:46||||09-04-2026 11:10:11|09-08-2026 09:56:06|09-08-2026 09:56:06|09-08-2026 16:36:31||09-08-2026 16:39:38|09-08-2026 16:39:38|09-10-2026 10:07:59|101.71|143.19|41.47
BRCJM01|BRGACMES|BRGACMES|8000024232|Shipped|NORMAL||58957368000122|59063-200|RN|BR|TERMACO||1|.2|.002|2|2|Y|09-04-2026 10:56:46|09-04-2026 10:56:46||||09-04-2026 11:10:11|09-08-2026 09:56:48|09-08-2026 09:56:48|09-08-2026 16:31:45||09-08-2026 16:32:34|09-08-2026 16:32:34|09-10-2026 10:07:57|101.6|143.19|41.59
BRCJM01|BRGACMES|BRGACMES|8000024234|Shipped|NORMAL||45180696000113|08735-000|SP|BR|TAC SJC/GRU||1|.1|.001|1|1|Y|09-04-2026 10:56:46|09-04-2026 10:56:46||||09-04-2026 11:10:11|09-08-2026 09:54:17|09-08-2026 09:54:17|09-08-2026 10:14:06||09-08-2026 10:14:47|09-08-2026 10:14:47|09-10-2026 10:07:55|95.3|143.19|47.89
BRCJM01|BRGACMES|BRGACMES|8000024235|Shipped|NORMAL||59897625000140|13206-765|SP|BR|ANDRE/TRANSP||1|.1|.001|1|1|Y|09-04-2026 10:56:47|09-04-2026 10:56:47||||09-04-2026 11:10:11|09-08-2026 09:51:23|09-08-2026 09:51:23|09-08-2026 10:17:01||09-08-2026 10:17:23|09-08-2026 10:17:23|09-10-2026 10:08:00|95.34|143.19|47.84
BRCJM01|BRGACMES|BRGACMES|8000024236|Shipped|NORMAL||45180696000466|12246-876|SP|BR|TAC SJC/GRU||1|.1|.001|1|1|Y|09-04-2026 10:56:47|09-04-2026 10:56:47||||09-04-2026 11:10:11|09-08-2026 09:52:16|09-08-2026 09:52:16|09-08-2026 10:15:50||09-08-2026 10:16:23|09-08-2026 10:16:23|09-10-2026 10:07:55|95.33|143.19|47.86
BRCJM01|BRGACMES|BRGACMES|8000024237|Shipped|NORMAL||59630650000163|40276-200|BA|BR|TERMACO||1|.1|.001|1|1|Y|09-04-2026 10:56:47|09-04-2026 10:56:47||||09-04-2026 11:10:11|09-08-2026 09:50:12|09-08-2026 09:50:12|09-08-2026 10:18:34||09-08-2026 10:19:05|09-08-2026 10:19:06|09-10-2026 10:08:00|95.37|143.19|47.82
BRCJM01|BRGACMES|BRGACMES|8000024238|Shipped|NORMAL||60279014000118|54315-570|PE|BR|TERMACO||1|.1|.001|1|1|Y|09-04-2026 10:56:47|09-04-2026 10:56:47||||09-04-2026 11:10:11|09-08-2026 09:49:29|09-08-2026 09:49:29|09-08-2026 10:20:26||09-08-2026 10:21:46|09-08-2026 10:21:46|09-10-2026 10:08:01|95.42|143.19|47.77
BRCJM01|BRGACMES|BRGACMES|8000024239|Shipped|NORMAL||60279014000207||||TAC DSV||1|.1|.001|1|1|Y|09-04-2026 11:02:52|09-04-2026 11:02:52||||09-04-2026 11:10:15|09-05-2026 17:04:14|09-05-2026 17:04:14|09-08-2026 10:27:15||09-08-2026 10:27:43|09-08-2026 10:27:43|09-10-2026 10:08:01|95.41|143.09|47.67
BRCJM01|BRGACMES|BRGACMES|8000024240|Shipped|NORMAL||59895385000307|87070-000|PR|BR|ALL IN||1|.1|.001|1|1|Y|09-04-2026 10:56:47|09-04-2026 10:56:47||||09-04-2026 11:10:11|09-05-2026 17:08:44|09-05-2026 17:08:44|09-08-2026 10:35:34||09-08-2026 10:36:39|09-08-2026 10:36:39|09-10-2026 10:08:00|95.66|143.19|47.52
BRCJM01|BRGACMES|BRGACMES|8000024241|Shipped|NORMAL||59895385000226|86072-000|PR|BR|ALL IN||1|.1|.001|1|1|Y|09-04-2026 10:56:47|09-04-2026 10:56:47||||09-04-2026 11:10:11|09-05-2026 17:08:05|09-05-2026 17:08:05|09-08-2026 10:33:23||09-08-2026 10:34:14|09-08-2026 10:34:14|09-10-2026 10:08:00|95.62|143.19|47.56
BRCJM01|BRGACMES|BRGACMES|8000024242|Shipped|NORMAL||59895385000579||||TAC DSV||1|.1|.001|1|1|Y|09-04-2026 11:02:52|09-04-2026 11:02:52||||09-04-2026 11:10:15|09-05-2026 17:05:17|09-05-2026 17:05:17|09-08-2026 10:23:37||09-08-2026 10:25:35|09-08-2026 10:25:35|09-10-2026 10:08:00|95.38|143.09|47.71
BRCJM01|BRGACMES|BRGACMES|8000024243|Shipped|NORMAL||60402973000260|89204-004|SC|BR|TAC CWB||1|.1|.001|1|1|Y|09-04-2026 10:56:47|09-04-2026 10:56:47||||09-04-2026 11:10:11|09-05-2026 17:08:02|09-05-2026 17:08:02|09-08-2026 10:29:24||09-08-2026 10:30:10|09-08-2026 10:30:10|09-10-2026 10:08:01|95.56|143.19|47.63
BRCJM01|BRGACMES|BRGACMES|8000024244|Shipped|NORMAL||60402973000189|89051-000|SC|BR|TAC CWB||1|.1|.001|1|1|Y|09-04-2026 10:56:47|09-04-2026 10:56:47||||09-04-2026 11:10:11|09-05-2026 17:07:18|09-05-2026 17:07:18|09-08-2026 10:31:14||09-08-2026 10:32:07|09-08-2026 10:32:07|09-10-2026 10:08:01|95.59|143.19|47.6
BRCJM01|BRGACMES|BRGACMES|8000024254|Shipped|NORMAL||59897625000302||||TAC DSV||1|0|0|50|50|Y|09-04-2026 11:03:53|09-04-2026 11:03:53||||09-04-2026 11:10:15|09-04-2026 13:58:40|09-04-2026 13:58:40|09-04-2026 14:46:22||09-04-2026 14:47:08|09-04-2026 14:47:08|09-09-2026 09:35:58|3.72|118.53|114.81
BRCJM01|BRGACMES|BRGACMES|8000024255|Shipped|NORMAL||59897625000302||||TAC DSV||2|0|0|40|40|Y|09-04-2026 11:03:53|09-04-2026 11:03:53||||09-04-2026 11:10:15|09-04-2026 14:38:22|09-04-2026 14:40:31|09-04-2026 15:27:18||09-04-2026 15:28:10|09-04-2026 15:28:10|09-10-2026 10:08:01|4.4|143.07|138.66
BRCJM01|BRGACMES|BRGACMES|8000024256|Shipped|NORMAL||59897625000140|13206-765|SP|BR|ANDRE/TRANSP||1|0|0|20|20|Y|09-04-2026 10:56:47|09-04-2026 10:56:47||||09-04-2026 11:10:11|09-04-2026 14:01:12|09-04-2026 14:01:13|09-04-2026 14:45:15||09-04-2026 14:45:49|09-04-2026 14:45:49|09-09-2026 09:35:58|3.82|118.65|114.84
BRCJM01|BRGACMES|BRGACMES|8000024257|Shipped|NORMAL||59897625000221|13420-355|SP|BR|TAC CPQ||1|0|0|50|50|Y|09-04-2026 10:56:47|09-04-2026 10:56:47||||09-04-2026 11:10:11|09-05-2026 19:04:04|09-05-2026 19:47:55|09-07-2026 07:37:49||09-07-2026 07:38:26|09-07-2026 07:38:26|09-10-2026 10:08:01|68.69|143.19|74.49
BRCJM01|BRGACMES|BRGACMES|8000024258|Shipped|NORMAL||59895385000145|80240-545|PR|BR|TAC CWB||1|0|0|2|2|Y|09-04-2026 10:56:47|09-04-2026 10:56:47||||09-04-2026 11:10:12|09-04-2026 14:02:53|09-04-2026 14:02:53|09-04-2026 14:43:39||09-04-2026 14:44:07|09-04-2026 14:44:07|09-09-2026 09:35:57|3.79|118.65|114.86
BRCJM01|BRGACMES|BRGACMES|8000024262|Shipped|NORMAL||59039599000543|66053-180|PA|BR|NORTEX||1|0|0|1|1|Y|09-04-2026 10:56:48|09-04-2026 10:56:48||||09-04-2026 11:10:12|09-04-2026 14:04:03|09-04-2026 14:04:03|09-04-2026 14:42:00||09-04-2026 14:42:35|09-04-2026 14:42:35|09-09-2026 09:35:54|3.76|118.65|114.89
BRCJM01|BRGACMES|BRGACMES|8000024271|Shipped|NORMAL||59039599000543|66053-180|PA|BR|NORTEX||1|.1|.001|1|1|Y|09-08-2026 13:51:11|09-08-2026 13:51:11||||09-08-2026 14:13:17|09-08-2026 23:27:42|09-08-2026 23:27:42|09-09-2026 02:53:47||09-09-2026 03:13:21|09-09-2026 03:13:21|09-10-2026 10:07:58|13.37|44.28|30.91
BRCJM01|BRGACMES|BRGACMES|8000024272|Shipped|NORMAL||59523091000354|09521-040|SP|BR|TAC DSV||1|.1|.001|1|1|Y|09-08-2026 13:51:11|09-08-2026 13:51:11||||09-08-2026 14:13:17|09-08-2026 22:41:57|09-08-2026 22:41:57|09-09-2026 02:44:00||09-09-2026 05:46:33|09-09-2026 05:46:33|09-10-2026 10:08:00|15.92|44.28|28.36
BRCJM01|BRGACMES|BRGACMES|8000024276|Shipped|NORMAL||60279014000118|54315-570|PE|BR|TERMACO||1|0|0|2|2|Y|09-08-2026 13:51:12|09-08-2026 13:51:12||||09-08-2026 14:13:18|09-08-2026 22:21:39|09-08-2026 22:21:39|09-09-2026 01:57:59||09-09-2026 01:58:24|09-09-2026 01:58:24|09-10-2026 10:08:01|12.12|44.28|32.16
BRCJM01|BRGACMES|BRGACMES|8000024277|Shipped|NORMAL||59052866000270|03340-000|SP|BR|TRANSP DSV||1|0|0|1|1|Y|09-08-2026 13:51:12|09-08-2026 13:51:12||||09-08-2026 14:13:18|09-08-2026 17:46:13|09-08-2026 17:46:13|09-09-2026 08:23:32||09-09-2026 08:24:04|09-09-2026 08:24:04|09-10-2026 10:07:59|18.55|44.28|25.73
BRCJM01|BRGACMES|BRGACMES|8000024278|Shipped|NORMAL||59052866000270|03340-000|SP|BR|TRANSP DSV||1|0|0|1|1|Y|09-08-2026 13:51:12|09-08-2026 13:51:12||||09-08-2026 14:13:18|09-08-2026 22:18:17|09-08-2026 22:18:17|09-09-2026 02:01:19||09-09-2026 02:01:56|09-09-2026 02:01:56|09-10-2026 10:07:59|12.18|44.28|32.1
BRCJM01|BRGACMES|BRGACMES|8000024296|Shipped|NORMAL||59895385000145|80240-545|PR|BR|TAC CWB||1|.1|.001|1|1|Y|09-08-2026 13:51:13|09-08-2026 13:51:13||||09-08-2026 14:13:19|09-08-2026 17:15:10|09-08-2026 17:15:10|09-09-2026 03:16:58||09-09-2026 03:17:21|09-09-2026 03:17:21|09-10-2026 10:08:00|13.44|44.28|30.84
BRCJM01|BRGACMES|BRGACMES|8000024298|Shipped|NORMAL||60402973000189|89051-000|SC|BR|TAC CWB||1|0|0|1|1|Y|09-08-2026 13:51:13|09-08-2026 13:51:13||||09-08-2026 14:13:19|09-08-2026 17:13:02|09-08-2026 17:13:02|09-09-2026 02:48:35||09-09-2026 02:50:28|09-09-2026 02:50:28|09-10-2026 10:08:01|12.99|44.28|31.29
BRCJM01|BRGACMES|BRGACMES|8000024394|Shipped|NORMAL||59039599000462|77023-002|TO|BR|FAVORITA||1|0|0|1|1|Y|09-08-2026 13:51:13|09-08-2026 13:51:13||||09-08-2026 14:13:19|09-08-2026 17:10:48|09-08-2026 17:10:48|09-09-2026 03:23:45||09-09-2026 03:25:47|09-09-2026 03:25:47|09-10-2026 10:07:58|13.58|44.28|30.7
