Site|Client|Owner|Order Id|Status|Order Type|Retailer Id|Address id|To Postal code|To County|To Country|Carrier Id|Dispatch Method|Lines|Total weight|Total volume|Qty ordered|Qty shipped|Shipped in full|Creation Date|Order Date|Ship By Date|Deliver By Date|Released|Allocated|In Progress|Picked|Packed|Awaiting|Ready To Load|Complete|Shipped|Creation to Ready to Load|Creation to Shipped|Ready to Load to Shipped
BRCJM01|BRHARLD|BRHARLD|100066344|Shipped|||02273580000469|07789-100|SAO PAULO|BR|TRANSP DSV||1|0|0|1|1|Y|06-11-2026 17:53:44|06-11-2026 00:00:00|02-27-2026 00:00:00|02-27-2026 00:00:00||||||||06-30-2026 11:41:18|06-30-2026 11:41:22||449.79|
BRCJM01|BRHARLD|BRHARLD|100066345|Shipped|||13232008000125|04794-000|SAO PAULO|BR|TRANSP DSV||50|100|100|263|263|Y|06-11-2026 17:53:43|06-11-2026 00:00:00|05-21-2026 00:00:00|05-21-2026 00:00:00||||||||06-17-2026 09:15:06|06-17-2026 11:10:35||137.28|
BRCJM01|BRHARLD|BRHARLD|100066346|Shipped|||13232008000125|04794-000|SAO PAULO|BR|TRANSP DSV||38|30|30|117|117|Y|06-11-2026 17:53:45|06-11-2026 00:00:00|05-13-2026 00:00:00|05-13-2026 00:00:00||||06-22-2026 09:48:40|06-22-2026 11:30:35||06-22-2026 11:40:01|06-25-2026 11:00:35|06-25-2026 11:28:38|257.77|329.58|71.81
BRCJM01|BRHARLD|BRHARLD|100066347|Shipped|||13244867000134|13092-305|SAO PAULO|BR|TAC CPQ||4|0|0|4|4|Y|06-11-2026 17:53:44|06-11-2026 00:00:00|05-11-2026 00:00:00|05-11-2026 00:00:00||||||||06-17-2026 09:15:16|06-17-2026 11:10:36||137.28|
BRCJM01|BRHARLD|BRHARLD|100066348|Shipped|||13244867000134|13092-305|SAO PAULO|BR|TAC CPQ||3|0|0|6|6|Y|06-11-2026 17:53:45|06-11-2026 00:00:00|06-13-2025 00:00:00|06-13-2025 00:00:00||||||||06-17-2026 09:15:18|06-17-2026 11:10:36||137.28|
BRCJM01|BRHARLD|BRHARLD|100066349|Shipped|||13268423000139|90160-003|RIO GRANDE DO SUL|BR|TRANSTRY||4|5|5|6|6|Y|06-11-2026 17:53:45|06-11-2026 00:00:00|06-09-2026 00:00:00|06-09-2026 00:00:00||||||||06-20-2026 12:34:56|06-20-2026 12:35:07||210.69|
BRCJM01|BRHARLD|BRHARLD|100066350|Shipped|||13268423000139|90160-003|RIO GRANDE DO SUL|BR|TRANSTRY||32|16|16|48|48|Y|06-11-2026 17:53:46|06-11-2026 00:00:00|06-13-2025 00:00:00|06-13-2025 00:00:00||||||||06-17-2026 09:15:33|06-17-2026 11:10:37||137.28|
BRCJM01|BRHARLD|BRHARLD|100066351|Shipped|||01693497000133|80740-000|PARANA|BR|TAC CWB||24|44|44|63|63|Y|06-11-2026 17:53:46|06-11-2026 00:00:00|05-18-2026 00:00:00|05-18-2026 00:00:00||||||||06-17-2026 14:54:13|06-17-2026 14:54:20||141.01|
BRCJM01|BRHARLD|BRHARLD|100066352|Shipped|||01693497000133|80740-000|PARANA|BR|TAC CWB||13|3|3|34|34|Y|06-11-2026 17:53:45|06-11-2026 00:00:00|06-12-2025 00:00:00|06-12-2025 00:00:00||||||||06-17-2026 14:54:00|06-17-2026 14:54:20||141.01|
BRCJM01|BRHARLD|BRHARLD|100066353|Shipped|||13304379000175|74823-420|GOIAS|BR|ALL IN||5|2|2|6|6|Y|06-11-2026 17:53:46|06-11-2026 00:00:00|02-12-2026 00:00:00|02-12-2026 00:00:00||||||||06-17-2026 14:54:04|06-17-2026 14:54:21||141.01|
BRCJM01|BRHARLD|BRHARLD|100066354|Shipped|||13304379000175|74823-420|GOIAS|BR|ALL IN||7|0|0|9|9|Y|06-11-2026 17:53:46|06-11-2026 00:00:00|02-23-2026 00:00:00|02-23-2026 00:00:00||||||||06-17-2026 14:53:55|06-17-2026 14:54:21||141.01|
BRCJM01|BRHARLD|BRHARLD|100066355|Shipped|||13685709000110|70750-525|DISTRITO FEDERAL|BR|ALL IN||14|50|50|70|70|Y|06-11-2026 17:53:47|06-11-2026 00:00:00|05-08-2026 00:00:00|05-08-2026 00:00:00||||||||06-20-2026 12:34:52|06-20-2026 12:35:08||210.69|
BRCJM01|BRHARLD|BRHARLD|100066356|Shipped|||13685709000110|70750-525|DISTRITO FEDERAL|BR|ALL IN||18|6|6|35|35|Y|06-11-2026 17:53:47|06-11-2026 00:00:00|06-12-2025 00:00:00|06-12-2025 00:00:00||||||||06-17-2026 14:54:06|06-17-2026 14:54:21||141.01|
BRCJM01|BRHARLD|BRHARLD|100066357|Shipped|||14296414000114|88085-150|SANTA CATARINA|BR|TAC CWB||15|31|31|45|45|Y|06-11-2026 17:53:48|06-11-2026 00:00:00|05-18-2026 00:00:00|05-18-2026 00:00:00||||||||07-03-2026 11:27:43|07-03-2026 11:27:46||521.57|
BRCJM01|BRHARLD|BRHARLD|100066358|Shipped|||14296414000114|88085-150|SANTA CATARINA|BR|TAC CWB||8|2|2|26|26|Y|06-11-2026 17:53:47|06-11-2026 00:00:00|06-09-2026 00:00:00|06-09-2026 00:00:00||||||||06-20-2026 12:20:29|06-20-2026 12:33:49||210.67|
BRCJM01|BRHARLD|BRHARLD|100066359|Shipped|||16520353000152|14024-800|SAO PAULO|BR|ALL IN||11|16|16|19|19|Y|06-11-2026 17:53:47|06-11-2026 00:00:00|05-08-2026 00:00:00|05-08-2026 00:00:00||||06-16-2026 07:57:04|06-16-2026 07:57:05||06-16-2026 07:57:21|06-25-2026 17:12:32|06-25-2026 17:15:18|110.06|335.36|225.3
BRCJM01|BRHARLD|BRHARLD|100066360|Shipped|||16520353000152|14024-800|SAO PAULO|BR|ALL IN||10|0|0|20|20|Y|06-11-2026 17:53:47|06-11-2026 00:00:00|06-13-2025 00:00:00|06-13-2025 00:00:00||||||||06-17-2026 14:53:59|06-17-2026 14:54:22||141.01|
BRCJM01|BRHARLD|BRHARLD|100066361|Shipped|||19231827000134|22790-702|RIO DE JANEIRO|BR|ANDRE/TRANSP||13|82|82|119|119|Y|06-11-2026 17:53:48|06-11-2026 00:00:00|05-06-2026 00:00:00|05-06-2026 00:00:00||||||||06-17-2026 14:54:02|06-17-2026 14:54:22||141.01|
BRCJM01|BRHARLD|BRHARLD|100066362|Shipped|||19231827000134|22790-702|RIO DE JANEIRO|BR|ANDRE/TRANSP||57|19|19|187|187|Y|06-11-2026 17:53:48|06-11-2026 00:00:00|06-12-2025 00:00:00|06-12-2025 00:00:00||||||||06-17-2026 14:54:18|06-17-2026 14:54:24||141.01|
BRCJM01|BRHARLD|BRHARLD|100066363|Shipped|||20110460000180|18047-620|SAO PAULO|BR|TAC SOR||16|50|50|62|62|Y|06-11-2026 17:53:49|06-11-2026 00:00:00|05-08-2026 00:00:00|05-08-2026 00:00:00||||||||06-17-2026 14:53:58|06-17-2026 14:54:24||141.01|
BRCJM01|BRHARLD|BRHARLD|100066364|Shipped|||20110460000180|18047-620|SAO PAULO|BR|TAC SOR||13|5|5|32|32|Y|06-11-2026 17:54:49|06-11-2026 00:00:00|06-13-2025 00:00:00|06-13-2025 00:00:00||||||||06-17-2026 14:54:19|06-17-2026 14:54:24||140.99|
BRCJM01|BRHARLD|BRHARLD|100066365|Shipped|||13244867000304|13295-622|SAO PAULO|BR|TAC CPQ||7|2|2|15|15|Y|06-11-2026 17:53:49|06-11-2026 00:00:00|05-25-2026 00:00:00|05-25-2026 00:00:00|||||06-16-2026 06:15:13||06-16-2026 06:16:34|06-20-2026 12:35:02|06-20-2026 12:35:07|108.38|210.69|102.31
BRCJM01|BRHARLD|BRHARLD|100066366|Shipped|||13244867000304|13295-622|SAO PAULO|BR|TAC CPQ||13|0|0|22|22|Y|06-11-2026 17:54:50|06-11-2026 00:00:00|06-13-2025 00:00:00|06-13-2025 00:00:00||||||||06-17-2026 14:53:56|06-17-2026 14:54:21||140.99|
BRCJM01|BRHARLD|BRHARLD|100066367|Shipped|||01693497000214|86020-000|PARANA|BR|ALL IN||46|125|125|165|165|Y|06-11-2026 17:54:50|06-11-2026 00:00:00|05-26-2026 00:00:00|05-26-2026 00:00:00|||||06-16-2026 07:00:24||06-16-2026 07:02:13|06-25-2026 17:13:12|06-25-2026 17:15:16|109.12|335.34|226.22
BRCJM01|BRHARLD|BRHARLD|100066368|Shipped|||01693497000214|86020-000|PARANA|BR|ALL IN||10|0|0|21|21|Y|06-11-2026 17:54:50|06-11-2026 00:00:00|06-12-2025 00:00:00|06-12-2025 00:00:00||||||||06-17-2026 09:19:07|06-17-2026 11:10:33||137.26|
BRCJM01|BRHARLD|BRHARLD|100066369|Shipped|||23633012000159|69050-055|AMAZONAS|BR|NORTEX||2|2|2|2|2|Y|06-11-2026 17:54:51|06-11-2026 00:00:00|06-09-2026 00:00:00|06-09-2026 00:00:00||||||||06-24-2026 08:57:35|06-24-2026 08:57:41||303.05|
BRCJM01|BRHARLD|BRHARLD|100066370|Shipped|||23633012000159|69050-055|AMAZONAS|BR|NORTEX||19|1|1|28|28|Y|06-11-2026 17:54:51|06-11-2026 00:00:00|06-12-2025 00:00:00|06-12-2025 00:00:00||||||||06-17-2026 14:54:04|06-17-2026 14:54:24||140.99|
BRCJM01|BRHARLD|BRHARLD|100066371|Shipped|||59997590000111|30494-080|MINAS GERAIS|BR|ANDRE/TRANSP||6|11|11|16|16|Y|06-11-2026 17:54:51|06-11-2026 00:00:00|05-16-2026 00:00:00|05-16-2026 00:00:00||||||||06-17-2026 14:53:54|06-17-2026 14:54:25||140.99|
BRCJM01|BRHARLD|BRHARLD|100066372|Shipped|||59997590000111|30494-080|MINAS GERAIS|BR|ANDRE/TRANSP||98|0|0|169|123|N|06-11-2026 17:54:52|06-11-2026 00:00:00|06-10-2026 00:00:00|06-10-2026 00:00:00||||||||06-18-2026 15:52:36|06-18-2026 15:52:38||165.96|
BRCJM01|BRHARLD|BRHARLD|100066373|Shipped|||59997590000111|30494-080|MINAS GERAIS|BR|ANDRE/TRANSP||33|0|0|71|55|N|06-11-2026 17:54:51|06-11-2026 00:00:00|06-10-2026 00:00:00|06-10-2026 00:00:00||||||||06-18-2026 15:52:33|06-18-2026 15:52:38||165.96|
BRCJM01|BRHARLD|BRHARLD|100066374|Shipped|||61810431000108|29060-730|ESPIRITO SANTO|BR|AEREO||3|3|3|5|5|Y|06-11-2026 17:54:51|06-11-2026 00:00:00|05-15-2026 00:00:00|05-15-2026 00:00:00||||||||06-17-2026 09:20:51|06-17-2026 11:10:37||137.26|
BRCJM01|BRHARLD|BRHARLD|100066375|Shipped|||61810431000108|29060-730|ESPIRITO SANTO|BR|AEREO||8|0|0|39|39|Y|06-11-2026 17:54:51|06-11-2026 00:00:00|05-01-2026 00:00:00|05-01-2026 00:00:00||||||||06-17-2026 09:20:54|06-17-2026 11:10:37||137.26|
BRCJM01|BRHARLD|BRHARLD|100066376|Shipped|||61810431000108|29060-730|ESPIRITO SANTO|BR|AEREO||16|8|8|54|54|Y|06-11-2026 17:54:53|06-11-2026 00:00:00|02-23-2026 00:00:00|02-23-2026 00:00:00||||||||06-20-2026 12:34:54|06-20-2026 12:35:09||210.67|
BRCJM01|BRHARLD|BRHARLD|100066381|Shipped|||13232008000125|04794-000|SAO PAULO|BR|TRANSP DSV||1|0|0|3|3|Y|06-12-2026 10:51:20|06-12-2026 00:00:00|06-12-2026 00:00:00|06-12-2026 00:00:00||||||||06-17-2026 09:20:59|06-17-2026 11:10:36||120.32|
BRCJM01|BRHARLD|BRHARLD|100066382|Shipped|||13685709000110|70750-525|DISTRITO FEDERAL|BR|ALL IN||1|1|1|1|1|Y|06-12-2026 15:50:45|06-12-2026 00:00:00|06-11-2026 00:00:00|06-11-2026 00:00:00||||||||06-17-2026 14:54:19|06-17-2026 14:54:21||119.06|
BRCJM01|BRHARLD|BRHARLD|100066383|Shipped|||59997590000111|30494-080|MINAS GERAIS|BR|ANDRE/TRANSP||1|1|1|1|1|Y|06-12-2026 15:53:47|06-12-2026 00:00:00|06-12-2026 00:00:00|06-12-2026 00:00:00||||||||06-17-2026 14:54:19|06-17-2026 14:54:25||119.01|
BRCJM01|BRHARLD|BRHARLD|100066384|Shipped|||13232008000125|04794-000|SAO PAULO|BR|TRANSP DSV||1|1|1|1|1|Y|06-12-2026 16:16:53|06-12-2026 00:00:00|06-12-2026 00:00:00|06-12-2026 00:00:00|06-17-2026 13:45:06|06-17-2026 13:50:33|06-17-2026 18:44:29|06-17-2026 18:44:29|06-17-2026 21:41:01||06-18-2026 06:21:49|06-20-2026 12:35:06|06-20-2026 12:35:06|134.08|188.3|54.22
BRCJM01|BRHARLD|BRHARLD|100066385|Shipped|||13268423000139|90160-003|RIO GRANDE DO SUL|BR|TRANSTRY||1|0|0|1|1|Y|06-12-2026 16:16:53|06-12-2026 00:00:00|06-12-2026 00:00:00|06-12-2026 00:00:00||||||||06-17-2026 09:21:09|06-17-2026 11:10:37||114.9|
BRCJM01|BRHARLD|BRHARLD|100066386|Shipped|||13685709000110|70750-525|DISTRITO FEDERAL|BR|ALL IN||1|1|1|1|1|Y|06-12-2026 16:16:53|06-12-2026 00:00:00|06-12-2026 00:00:00|06-12-2026 00:00:00||||||||06-17-2026 14:54:19|06-17-2026 14:54:22||118.62|
BRCJM01|BRHARLD|BRHARLD|100066387|Shipped|||01693497000214|86020-000|PARANA|BR|ALL IN||1|0|0|1|1|Y|06-12-2026 16:16:53|06-12-2026 00:00:00|06-12-2026 00:00:00|06-12-2026 00:00:00||||||||06-17-2026 09:21:20|06-17-2026 11:10:34||114.89|
BRCJM01|BRHARLD|BRHARLD|100066388|Shipped|||59997590000111|30494-080|MINAS GERAIS|BR|ANDRE/TRANSP||2|0|0|3|3|Y|06-12-2026 16:16:53|06-12-2026 00:00:00|06-12-2026 00:00:00|06-12-2026 00:00:00||||||||06-17-2026 14:54:20|06-17-2026 14:54:25||118.63|
BRCJM01|BRHARLD|BRHARLD|100066389|Shipped|||13232008000125|04794-000|SAO PAULO|BR|TRANSP DSV||24|109|109|178|178|Y|06-15-2026 12:18:32|06-15-2026 00:00:00|04-24-2026 00:00:00|04-24-2026 00:00:00|06-17-2026 16:51:58|06-17-2026 17:01:32|06-17-2026 18:47:08|06-17-2026 23:20:03|06-18-2026 01:06:16||06-22-2026 09:29:02|06-25-2026 17:13:27|06-25-2026 17:15:17|165.18|244.95|79.77
BRCJM01|BRHARLD|BRHARLD|100066390|Shipped|||13232008000125|04794-000|SAO PAULO|BR|TRANSP DSV||1|1|1|1|1|Y|06-15-2026 12:18:33|06-15-2026 00:00:00|06-09-2026 00:00:00|06-09-2026 00:00:00||06-20-2026 10:29:42|06-20-2026 12:43:58|06-20-2026 12:43:58|06-20-2026 14:25:49||06-20-2026 17:35:54|06-25-2026 17:13:33|06-25-2026 17:15:17|125.29|244.95|119.66
BRCJM01|BRHARLD|BRHARLD|100066391|Shipped|||13244867000134|13092-305|SAO PAULO|BR|TAC CPQ||5|10|10|18|18|Y|06-15-2026 12:18:31|06-15-2026 00:00:00|03-06-2026 00:00:00|03-06-2026 00:00:00||||||||06-20-2026 12:34:55|06-20-2026 12:35:06||120.28|
BRCJM01|BRHARLD|BRHARLD|100066392|Shipped|||13244867000134|13092-305|SAO PAULO|BR|TAC CPQ||4|0|0|5|5|Y|06-15-2026 12:18:33|06-15-2026 00:00:00|05-01-2026 00:00:00|05-01-2026 00:00:00||||||||06-20-2026 12:34:55|06-20-2026 12:35:07||120.28|
BRCJM01|BRHARLD|BRHARLD|100066393|Shipped|||13268423000139|90160-003|RIO GRANDE DO SUL|BR|TRANSTRY||1|0|0|6|6|Y|06-15-2026 12:18:33|06-15-2026 00:00:00|06-11-2026 00:00:00|06-11-2026 00:00:00||||||||06-20-2026 12:34:55|06-20-2026 12:35:07||120.28|
BRCJM01|BRHARLD|BRHARLD|100066394|Shipped|||13268423000139|90160-003|RIO GRANDE DO SUL|BR|TRANSTRY||2|0|0|6|6|Y|06-15-2026 12:18:36|06-15-2026 00:00:00|06-11-2026 00:00:00|06-11-2026 00:00:00||||||||06-20-2026 12:34:56|06-20-2026 12:35:07||120.28|
BRCJM01|BRHARLD|BRHARLD|100066395|Shipped|||01693497000133|80740-000|PARANA|BR|TAC CWB||29|51|51|72|72|Y|06-15-2026 12:18:35|06-15-2026 00:00:00|06-12-2026 00:00:00|06-12-2026 00:00:00|||||06-16-2026 07:48:32||06-16-2026 07:50:15|06-20-2026 12:22:29|06-20-2026 12:33:49|19.53|120.25|100.73
BRCJM01|BRHARLD|BRHARLD|100066396|Shipped|||13304379000175|74823-420|GOIAS|BR|ALL IN||8|7|7|55|55|Y|06-15-2026 12:18:36|06-15-2026 00:00:00|06-11-2026 00:00:00|06-11-2026 00:00:00||||06-16-2026 17:24:20|06-16-2026 17:58:03||06-16-2026 18:04:37|06-20-2026 12:35:06|06-20-2026 12:35:08|29.77|120.28|90.51
BRCJM01|BRHARLD|BRHARLD|100066397|Shipped|||13685709000110|70750-525|DISTRITO FEDERAL|BR|ALL IN||7|18|18|40|40|Y|06-15-2026 12:18:36|06-15-2026 00:00:00|06-11-2026 00:00:00|06-11-2026 00:00:00||||06-17-2026 09:24:18|06-17-2026 09:24:18||06-17-2026 15:15:37|06-24-2026 08:57:36|06-24-2026 08:57:41|50.95|212.65|161.7
BRCJM01|BRHARLD|BRHARLD|100066398|Shipped|||13685709000110|70750-525|DISTRITO FEDERAL|BR|ALL IN||1|1|1|1|1|Y|06-15-2026 12:18:36|06-15-2026 00:00:00|06-12-2026 00:00:00|06-12-2026 00:00:00|||||06-16-2026 08:41:41||06-16-2026 08:42:28|06-20-2026 12:35:04|06-20-2026 12:35:08|20.4|120.28|99.88
BRCJM01|BRHARLD|BRHARLD|100066399|Shipped|||14296414000114|88085-150|SANTA CATARINA|BR|TAC CWB||7|11|11|19|19|Y|06-15-2026 12:18:36|06-15-2026 00:00:00|06-12-2026 00:00:00|06-12-2026 00:00:00|||||06-16-2026 07:18:45||06-16-2026 07:19:38|06-25-2026 17:13:47|06-25-2026 17:15:17|19.02|244.94|225.93
BRCJM01|BRHARLD|BRHARLD|100066400|Shipped|||14296414000114|88085-150|SANTA CATARINA|BR|TAC CWB||1|0|0|1|1|Y|06-15-2026 12:18:36|06-15-2026 00:00:00|01-12-2026 00:00:00|01-12-2026 00:00:00||||||||06-25-2026 17:13:54|06-25-2026 17:15:17||244.94|
BRCJM01|BRHARLD|BRHARLD|100066401|Shipped|||16520353000152|14024-800|SAO PAULO|BR|ALL IN||1|0|0|1|1|Y|06-15-2026 12:18:37|06-15-2026 00:00:00|05-08-2026 00:00:00|05-08-2026 00:00:00||||||||06-20-2026 12:34:54|06-20-2026 12:35:08||120.28|
BRCJM01|BRHARLD|BRHARLD|100066402|Shipped|||19231827000134|22790-702|RIO DE JANEIRO|BR|ANDRE/TRANSP||3|0|0|31|31|Y|06-15-2026 12:18:37|06-15-2026 00:00:00|06-11-2026 00:00:00|06-11-2026 00:00:00|||||06-16-2026 08:33:03||06-16-2026 08:35:32|06-20-2026 12:35:04|06-20-2026 12:35:08|20.28|120.28|99.99
BRCJM01|BRHARLD|BRHARLD|100066403|Shipped|||20110460000180|18047-620|SAO PAULO|BR|TAC SOR||1|0|0|1|1|Y|06-15-2026 12:18:36|06-15-2026 00:00:00|04-24-2026 00:00:00|04-24-2026 00:00:00|06-17-2026 16:51:58|06-17-2026 17:01:33|06-17-2026 17:27:48|06-18-2026 11:22:32|06-18-2026 11:22:32||06-18-2026 11:27:03|06-23-2026 08:54:35|06-23-2026 09:14:04|71.14|188.92|117.78
BRCJM01|BRHARLD|BRHARLD|100066404|Shipped|||13244867000304|13295-622|SAO PAULO|BR|TAC CPQ||39|83|83|123|123|Y|06-15-2026 12:18:37|06-15-2026 00:00:00|06-12-2026 00:00:00|06-12-2026 00:00:00||||06-16-2026 05:55:19|06-16-2026 05:56:21||06-16-2026 06:01:22|06-20-2026 12:35:02|06-20-2026 12:35:07|17.71|120.28|102.56
BRCJM01|BRHARLD|BRHARLD|100066405|Shipped|||01693497000214|86020-000|PARANA|BR|ALL IN||2|2|2|3|3|Y|06-15-2026 12:18:37|06-15-2026 00:00:00|06-12-2026 00:00:00|06-12-2026 00:00:00|||||06-16-2026 07:13:04||06-16-2026 07:13:59|06-19-2026 09:47:34|06-19-2026 10:40:31|18.92|94.37|75.44
BRCJM01|BRHARLD|BRHARLD|100066406|Shipped|||23633012000159|69050-055|AMAZONAS|BR|NORTEX||3|2|2|3|3|Y|06-15-2026 12:18:37|06-15-2026 00:00:00|06-09-2026 00:00:00|06-09-2026 00:00:00||||||||06-24-2026 08:57:35|06-24-2026 08:57:41||212.65|
BRCJM01|BRHARLD|BRHARLD|100066408|Shipped|||13244867000134|13092-305|SAO PAULO|BR|TAC CPQ||1|0|0|3|3|Y|06-15-2026 18:09:29|06-15-2026 00:00:00|06-12-2026 00:00:00|06-12-2026 00:00:00||06-16-2026 08:06:26|06-16-2026 08:26:50|06-16-2026 08:26:50|06-16-2026 08:49:50||06-16-2026 08:50:35|06-19-2026 09:47:36|06-19-2026 10:40:31|14.69|88.52|73.83
BRCJM01|BRHARLD|BRHARLD|100066409|Shipped|||13268423000139|90160-003|RIO GRANDE DO SUL|BR|TRANSTRY||1|0|0|3|3|Y|06-15-2026 18:09:29|06-15-2026 00:00:00|06-12-2026 00:00:00|06-12-2026 00:00:00||06-16-2026 08:06:26|06-16-2026 08:29:31|06-16-2026 08:29:31|06-16-2026 08:52:40||06-16-2026 08:52:51|06-19-2026 09:47:40|06-19-2026 10:40:31|14.72|88.52|73.79
BRCJM01|BRHARLD|BRHARLD|100066410|Shipped|||01693497000133|80740-000|PARANA|BR|TAC CWB||1|0|0|3|3|Y|06-15-2026 18:09:29|06-15-2026 00:00:00|06-12-2026 00:00:00|06-12-2026 00:00:00||06-16-2026 09:10:28|06-16-2026 21:06:37|06-16-2026 21:06:37|06-16-2026 22:09:51||06-16-2026 22:23:46|06-19-2026 09:47:42|06-19-2026 10:40:30|28.24|88.52|60.28
BRCJM01|BRHARLD|BRHARLD|100066411|Shipped|||13304379000175|74823-420|GOIAS|BR|ALL IN||1|0|0|2|2|Y|06-15-2026 18:09:29|06-15-2026 00:00:00|06-12-2026 00:00:00|06-12-2026 00:00:00||06-16-2026 08:06:26|06-16-2026 08:30:02|06-16-2026 08:30:02|06-16-2026 08:53:56||06-16-2026 08:54:22|06-19-2026 09:47:47|06-19-2026 10:40:31|14.75|88.52|73.77
BRCJM01|BRHARLD|BRHARLD|100066412|Shipped|||13685709000110|70750-525|DISTRITO FEDERAL|BR|ALL IN||1|0|0|3|3|Y|06-15-2026 18:09:30|06-15-2026 00:00:00|06-12-2026 00:00:00|06-12-2026 00:00:00||06-16-2026 08:06:26|06-16-2026 08:31:55|06-16-2026 08:31:55|06-16-2026 09:00:22||06-16-2026 09:00:36|06-19-2026 09:47:51|06-19-2026 10:40:31|14.85|88.52|73.67
BRCJM01|BRHARLD|BRHARLD|100066413|Shipped|||14296414000114|88085-150|SANTA CATARINA|BR|TAC CWB||1|0|0|3|3|Y|06-15-2026 18:09:30|06-15-2026 00:00:00|06-12-2026 00:00:00|06-12-2026 00:00:00||06-16-2026 09:10:28|06-16-2026 22:11:45|06-16-2026 22:11:45|06-17-2026 03:42:50||06-17-2026 05:40:48|06-23-2026 08:54:42|06-23-2026 09:14:04|35.52|183.08|147.55
BRCJM01|BRHARLD|BRHARLD|100066414|Shipped|||16520353000152|14024-800|SAO PAULO|BR|ALL IN||1|0|0|3|3|Y|06-15-2026 18:09:30|06-15-2026 00:00:00|06-12-2026 00:00:00|06-12-2026 00:00:00||06-16-2026 08:06:26|06-16-2026 08:33:25|06-16-2026 08:33:25|06-16-2026 09:02:13||06-16-2026 09:02:25|06-19-2026 09:47:53|06-19-2026 10:40:32|14.88|88.52|73.64
BRCJM01|BRHARLD|BRHARLD|100066415|Shipped|||20110460000180|18047-620|SAO PAULO|BR|TAC SOR||1|0|0|3|3|Y|06-15-2026 18:09:30|06-15-2026 00:00:00|06-12-2026 00:00:00|06-12-2026 00:00:00||06-16-2026 08:06:26|06-16-2026 08:34:24|06-16-2026 08:34:24|06-16-2026 08:56:06||06-16-2026 08:56:55|06-19-2026 09:47:57|06-19-2026 10:40:32|14.79|88.52|73.73
BRCJM01|BRHARLD|BRHARLD|100066416|Shipped|||01693497000214|86020-000|PARANA|BR|ALL IN||1|0|0|2|2|Y|06-15-2026 18:09:30|06-15-2026 00:00:00|06-12-2026 00:00:00|06-12-2026 00:00:00||06-16-2026 08:06:26|06-16-2026 08:35:53|06-16-2026 08:35:53|06-16-2026 08:48:24||06-16-2026 08:48:56|06-19-2026 09:48:02|06-19-2026 10:40:31|14.66|88.52|73.86
BRCJM01|BRHARLD|BRHARLD|100066417|Shipped|||23633012000159|69050-055|AMAZONAS|BR|NORTEX||1|0|0|1|1|Y|06-15-2026 18:09:30|06-15-2026 00:00:00|06-12-2026 00:00:00|06-12-2026 00:00:00||06-16-2026 08:06:26|06-16-2026 08:37:04|06-16-2026 08:37:04|06-16-2026 09:03:23||06-16-2026 09:03:48|06-23-2026 08:54:47|06-23-2026 09:14:04|14.91|183.08|168.17
BRCJM01|BRHARLD|BRHARLD|100066418|Shipped|||59997590000111|30494-080|MINAS GERAIS|BR|ANDRE/TRANSP||1|0|0|2|2|Y|06-15-2026 18:09:30|06-15-2026 00:00:00|06-12-2026 00:00:00|06-12-2026 00:00:00||06-16-2026 08:06:26|06-16-2026 08:38:23|06-16-2026 08:38:23|06-16-2026 09:04:43||06-16-2026 09:04:52|06-19-2026 09:48:04|06-19-2026 10:40:32|14.92|88.52|73.59
BRCJM01|BRHARLD|BRHARLD|100066419|Shipped|||61810431000108|29060-730|ESPIRITO SANTO|BR|AEREO||1|0|0|2|2|Y|06-15-2026 18:09:30|06-15-2026 00:00:00|06-12-2026 00:00:00|06-12-2026 00:00:00||06-16-2026 08:06:26|06-16-2026 08:32:50|06-16-2026 08:32:50|06-16-2026 14:22:19||06-16-2026 14:22:44|06-19-2026 09:48:08|06-19-2026 10:40:32|20.22|88.52|68.3
BRCJM01|BRHARLD|BRHARLD|100066420|Shipped|||13232008000125|04794-000|SAO PAULO|BR|TRANSP DSV||20|19|19|46|46|Y|06-16-2026 00:22:39|06-15-2026 00:00:00|06-15-2026 00:00:00|06-15-2026 00:00:00|06-17-2026 16:52:03|06-17-2026 17:01:35|06-17-2026 18:52:48|06-17-2026 19:23:55|06-17-2026 22:35:04||06-18-2026 06:21:46|06-25-2026 11:21:38|06-25-2026 11:28:49|53.99|227.1|173.12
BRCJM01|BRHARLD|BRHARLD|100066421|Shipped|||13232008000125|04794-000|SAO PAULO|BR|TRANSP DSV||1|1|1|1|1|Y|06-16-2026 00:22:40|06-15-2026 00:00:00|06-15-2026 00:00:00|06-15-2026 00:00:00||06-16-2026 08:06:29|06-16-2026 11:00:25|06-16-2026 11:00:25|06-16-2026 12:21:43||06-16-2026 12:22:47|07-01-2026 09:00:01|07-01-2026 09:17:09|12|368.91|356.91
BRCJM01|BRHARLD|BRHARLD|100066422|Shipped|||13244867000134|13092-305|SAO PAULO|BR|TAC CPQ||3|15|15|15|15|Y|06-16-2026 00:22:40|06-15-2026 00:00:00|06-12-2026 00:00:00|06-12-2026 00:00:00||06-16-2026 08:06:26|06-16-2026 08:35:33|06-16-2026 08:46:53|06-16-2026 14:40:02||06-16-2026 14:40:50|06-19-2026 09:48:19|06-19-2026 10:40:31|14.3|82.3|67.99
BRCJM01|BRHARLD|BRHARLD|100066423|Shipped|||13268423000139|90160-003|RIO GRANDE DO SUL|BR|TRANSTRY||2|6|6|6|6|Y|06-16-2026 00:22:40|06-15-2026 00:00:00|06-15-2026 00:00:00|06-15-2026 00:00:00||06-16-2026 08:06:30|06-16-2026 11:09:54|06-16-2026 11:11:45|06-16-2026 12:24:20||06-16-2026 12:25:10|06-19-2026 09:48:21|06-19-2026 10:40:31|12.04|82.3|70.26
BRCJM01|BRHARLD|BRHARLD|100066425|Shipped|||01693497000133|80740-000|PARANA|BR|TAC CWB||7|14|14|32|32|Y|06-16-2026 00:22:40|06-15-2026 00:00:00|06-12-2026 00:00:00|06-12-2026 00:00:00||06-16-2026 09:10:28|06-16-2026 21:29:15|06-16-2026 21:59:02|06-17-2026 05:12:23||06-17-2026 05:13:39|06-19-2026 09:48:26|06-19-2026 10:40:30|28.85|82.3|53.45
BRCJM01|BRHARLD|BRHARLD|100066427|Shipped|||13304379000175|74823-420|GOIAS|BR|ALL IN||1|1|1|1|1|Y|06-16-2026 00:22:40|06-15-2026 00:00:00|06-15-2026 00:00:00|06-15-2026 00:00:00|06-17-2026 16:52:03|06-17-2026 17:01:36|06-17-2026 18:07:42|06-17-2026 18:07:42|06-17-2026 20:39:53||06-17-2026 20:41:26|06-23-2026 08:54:51|06-23-2026 09:14:04|44.31|176.86|132.54
BRCJM01|BRHARLD|BRHARLD|100066428|Shipped|||13685709000110|70750-525|DISTRITO FEDERAL|BR|ALL IN||3|0|0|14|14|Y|06-16-2026 00:22:41|06-15-2026 00:00:00|06-13-2026 00:00:00|06-13-2026 00:00:00||06-16-2026 08:06:28|06-16-2026 08:48:26|06-16-2026 08:54:15|06-16-2026 12:21:37||06-16-2026 12:22:49|06-19-2026 09:48:29|06-19-2026 10:40:32|12|82.3|70.3
BRCJM01|BRHARLD|BRHARLD|100066430|Shipped|||16520353000152|14024-800|SAO PAULO|BR|ALL IN||4|4|4|6|6|Y|06-16-2026 00:22:41|06-15-2026 00:00:00|06-15-2026 00:00:00|06-15-2026 00:00:00||06-16-2026 08:06:30|06-16-2026 09:13:49|06-16-2026 09:17:24|06-16-2026 12:35:30||06-16-2026 12:36:38|06-19-2026 09:48:31|06-19-2026 10:40:32|12.23|82.3|70.07
BRCJM01|BRHARLD|BRHARLD|100066431|Shipped|||19231827000134|22790-702|RIO DE JANEIRO|BR|ANDRE/TRANSP||5|16|16|16|16|Y|06-16-2026 00:22:41|06-15-2026 00:00:00|06-08-2026 00:00:00|06-08-2026 00:00:00|06-20-2026 09:55:41|06-20-2026 10:29:42|06-20-2026 12:21:01|06-20-2026 12:28:18|06-20-2026 14:37:25||06-20-2026 17:40:30|06-25-2026 09:08:29|06-25-2026 09:38:38|113.3|225.27|111.97
BRCJM01|BRHARLD|BRHARLD|100066432|Shipped|||19231827000134|22790-702|RIO DE JANEIRO|BR|ANDRE/TRANSP||1|1|1|1|1|Y|06-16-2026 00:22:41|06-15-2026 00:00:00|06-13-2026 00:00:00|06-13-2026 00:00:00||06-16-2026 08:06:28|06-16-2026 08:57:50|06-16-2026 08:57:50|06-16-2026 12:25:41||06-16-2026 14:09:05|06-19-2026 09:48:36|06-19-2026 10:40:32|13.77|82.3|68.52
BRCJM01|BRHARLD|BRHARLD|100066433|Shipped|||20110460000180|18047-620|SAO PAULO|BR|TAC SOR||1|2|2|2|2|Y|06-16-2026 00:22:41|06-15-2026 00:00:00|06-14-2026 00:00:00|06-14-2026 00:00:00||06-16-2026 08:06:28|06-16-2026 10:57:14|06-16-2026 10:57:14|06-16-2026 13:59:34||06-16-2026 13:59:49|06-19-2026 09:48:42|06-19-2026 10:40:32|13.62|82.3|68.68
BRCJM01|BRHARLD|BRHARLD|100066434|Shipped|||13244867000304|13295-622|SAO PAULO|BR|TAC CPQ||12|17|17|46|46|Y|06-16-2026 00:22:41|06-15-2026 00:00:00|06-13-2026 00:00:00|06-13-2026 00:00:00||06-16-2026 08:06:28|06-16-2026 09:07:56|06-16-2026 10:55:08|06-16-2026 16:31:11||06-17-2026 15:17:04|06-23-2026 09:02:37|06-23-2026 09:14:03|38.91|176.86|137.95
BRCJM01|BRHARLD|BRHARLD|100066435|Shipped|||13244867000304|13295-622|SAO PAULO|BR|TAC CPQ||1|1|1|1|1|Y|06-16-2026 00:22:42|06-15-2026 00:00:00|06-13-2026 00:00:00|06-13-2026 00:00:00||06-16-2026 08:06:28|06-16-2026 09:04:34|06-16-2026 09:04:34|06-16-2026 12:30:42||06-16-2026 12:32:03|06-19-2026 09:48:44|06-19-2026 10:40:31|12.16|82.3|70.14
BRCJM01|BRHARLD|BRHARLD|100066436|Shipped|||01693497000214|86020-000|PARANA|BR|ALL IN||4|5|5|6|6|Y|06-16-2026 00:22:42|06-15-2026 00:00:00|06-12-2026 00:00:00|06-12-2026 00:00:00||06-16-2026 08:06:26|06-16-2026 08:50:07|06-16-2026 08:54:48|06-16-2026 14:31:30||06-16-2026 14:32:15|06-19-2026 09:48:55|06-19-2026 10:40:31|14.16|82.3|68.14
BRCJM01|BRHARLD|BRHARLD|100066438|Shipped|||59997590000111|30494-080|MINAS GERAIS|BR|ANDRE/TRANSP||19|51|51|91|91|Y|06-16-2026 00:22:42|06-15-2026 00:00:00|06-12-2026 00:00:00|06-12-2026 00:00:00|06-17-2026 16:52:01|06-17-2026 17:01:34|06-17-2026 17:53:56|06-19-2026 09:34:00|06-19-2026 09:45:59||06-19-2026 09:49:34|06-23-2026 09:02:55|06-23-2026 09:14:05|81.45|176.86|95.41
BRCJM01|BRHARLD|BRHARLD|100066440|Shipped|||61810431000108|29060-730|ESPIRITO SANTO|BR|AEREO||1|0|0|1|1|Y|06-16-2026 00:22:42|06-15-2026 00:00:00|06-15-2026 00:00:00|06-15-2026 00:00:00|06-17-2026 16:52:03|06-17-2026 17:01:36|06-17-2026 18:11:56|06-17-2026 18:11:56|06-17-2026 20:25:34||06-17-2026 20:32:00|06-23-2026 09:02:58|06-23-2026 09:14:05|44.16|176.86|132.7
BRCJM01|BRHARLD|BRHARLD|100066441|Shipped|||61810431000108|29060-730|ESPIRITO SANTO|BR|AEREO||1|0|0|1|1|Y|06-16-2026 00:22:42|06-15-2026 00:00:00|01-26-2026 00:00:00|01-26-2026 00:00:00||06-17-2026 08:58:26|06-17-2026 16:41:10|06-17-2026 16:41:10|06-17-2026 21:48:16||06-18-2026 06:20:25|06-23-2026 09:03:00|06-23-2026 09:14:05|53.96|176.86|122.89
BRCJM01|BRHARLD|BRHARLD|100066442|Shipped|||13232008000125|04794-000|SAO PAULO|BR|TRANSP DSV||3|0|0|38|38|Y|06-17-2026 18:52:11|06-17-2026 00:00:00|06-02-2026 00:00:00|06-02-2026 00:00:00|06-20-2026 09:55:40|06-20-2026 10:29:42|06-20-2026 12:39:58|06-20-2026 12:41:57|06-20-2026 15:38:06||06-20-2026 17:39:57|06-25-2026 09:24:39|06-25-2026 09:37:52|70.8|182.76|111.97
BRCJM01|BRHARLD|BRHARLD|100066443|Shipped|||13244867000134|13092-305|SAO PAULO|BR|TAC CPQ||24|31|31|55|55|Y|06-17-2026 18:52:11|06-17-2026 00:00:00|06-12-2026 00:00:00|06-12-2026 00:00:00|06-20-2026 09:55:43|06-20-2026 10:29:43|06-20-2026 13:11:38|06-20-2026 15:23:03|06-22-2026 07:29:28||06-22-2026 07:41:08|06-25-2026 09:26:45|06-25-2026 09:38:08|108.82|182.77|73.95
BRCJM01|BRHARLD|BRHARLD|100066444|Shipped|||13268423000139|90160-003|RIO GRANDE DO SUL|BR|TRANSTRY||1|2|2|2|2|Y|06-17-2026 18:52:11|06-17-2026 00:00:00|06-09-2026 00:00:00|06-09-2026 00:00:00||06-20-2026 10:21:43|06-20-2026 12:43:52|06-20-2026 12:43:52|06-20-2026 12:52:58||06-20-2026 12:53:36|06-25-2026 09:28:41|06-25-2026 09:38:09|66.02|182.77|116.74
BRCJM01|BRHARLD|BRHARLD|100066445|Shipped|||01693497000133|80740-000|PARANA|BR|TAC CWB||2|0|0|8|8|Y|06-17-2026 18:52:11|06-17-2026 00:00:00|06-02-2026 00:00:00|06-02-2026 00:00:00||06-18-2026 10:18:54|06-18-2026 11:11:33|06-18-2026 11:11:46|06-19-2026 08:44:44||06-19-2026 08:51:42|06-23-2026 09:03:27|06-23-2026 09:14:03|37.99|134.36|96.37
BRCJM01|BRHARLD|BRHARLD|100066446|Shipped|||13685709000110|70750-525|DISTRITO FEDERAL|BR|ALL IN||6|65|65|73|73|Y|06-17-2026 18:52:11|06-17-2026 00:00:00|10-28-2025 00:00:00|10-28-2025 00:00:00||06-18-2026 10:18:53|06-18-2026 13:15:48|06-19-2026 08:30:08|06-19-2026 08:30:09||06-19-2026 08:52:37|06-23-2026 09:03:32|06-24-2026 08:59:44|38.01|158.13|120.12
BRCJM01|BRHARLD|BRHARLD|100066447|Shipped|||13685709000110|70750-525|DISTRITO FEDERAL|BR|ALL IN||3|3|3|3|3|Y|06-17-2026 18:52:12|06-17-2026 00:00:00|06-17-2026 00:00:00|06-17-2026 00:00:00||06-18-2026 10:19:00|06-18-2026 10:56:07|06-18-2026 10:58:32|06-19-2026 08:01:55||06-19-2026 08:54:50|06-23-2026 09:03:34|06-23-2026 09:14:04|38.04|134.36|96.32
BRCJM01|BRHARLD|BRHARLD|100066448|Shipped|||14296414000114|88085-150|SANTA CATARINA|BR|TAC CWB||2|10|10|12|12|Y|06-17-2026 18:52:12|06-17-2026 00:00:00|06-16-2026 00:00:00|06-16-2026 00:00:00||06-18-2026 10:19:00|06-18-2026 11:02:56|06-18-2026 11:04:45|06-19-2026 08:05:07||06-19-2026 08:54:19|06-25-2026 09:28:49|06-25-2026 11:52:00|38.04|185|146.96
BRCJM01|BRHARLD|BRHARLD|100066449|Shipped|||16520353000152|14024-800|SAO PAULO|BR|ALL IN||4|6|6|21|21|Y|06-17-2026 18:52:12|06-17-2026 00:00:00|06-02-2026 00:00:00|06-02-2026 00:00:00|06-19-2026 10:56:25|06-19-2026 10:57:48|06-19-2026 11:50:49|06-20-2026 10:26:44|06-20-2026 10:37:27||06-22-2026 09:29:53|06-25-2026 17:14:29|06-25-2026 17:15:18|110.63|190.39|79.76
BRCJM01|BRHARLD|BRHARLD|100066450|Shipped|||19231827000134|22790-702|RIO DE JANEIRO|BR|ANDRE/TRANSP||1|0|0|10|10|Y|06-17-2026 18:52:12|06-17-2026 00:00:00|06-11-2026 00:00:00|06-11-2026 00:00:00||06-18-2026 10:18:57|06-18-2026 11:03:33|06-18-2026 11:03:33|06-19-2026 10:23:48||06-19-2026 11:08:19|06-23-2026 09:04:12|06-23-2026 09:14:04|40.27|134.36|94.1
BRCJM01|BRHARLD|BRHARLD|100066452|Shipped|||20110460000180|18047-620|SAO PAULO|BR|TAC SOR||1|8|8|8|8|Y|06-17-2026 18:53:12|06-17-2026 00:00:00|03-19-2026 00:00:00|03-19-2026 00:00:00||06-18-2026 10:18:54|06-18-2026 11:14:29|06-18-2026 11:14:29|06-19-2026 08:07:12||06-19-2026 08:53:48|06-23-2026 09:04:16|06-23-2026 09:14:04|38.01|134.35|96.34
BRCJM01|BRHARLD|BRHARLD|100066453|Shipped|||13244867000304|13295-622|SAO PAULO|BR|TAC CPQ||1|0|0|10|10|Y|06-17-2026 18:53:13|06-17-2026 00:00:00|06-13-2026 00:00:00|06-13-2026 00:00:00||06-18-2026 10:19:00|06-18-2026 11:39:12|06-18-2026 11:39:12|06-19-2026 11:17:56||06-19-2026 11:22:36|06-23-2026 09:04:54|06-23-2026 09:14:03|40.49|134.35|93.86
BRCJM01|BRHARLD|BRHARLD|100066454|Shipped|||13244867000304|13295-622|SAO PAULO|BR|TAC CPQ||1|1|1|1|1|Y|06-17-2026 18:53:12|06-17-2026 00:00:00|06-16-2026 00:00:00|06-16-2026 00:00:00||06-18-2026 10:19:00|06-18-2026 11:23:00|06-18-2026 11:23:00|06-19-2026 10:53:06||06-19-2026 11:05:59|06-23-2026 09:04:57|06-23-2026 09:14:04|40.21|134.35|94.13
BRCJM01|BRHARLD|BRHARLD|100066455|Shipped|||01693497000214|86020-000|PARANA|BR|ALL IN||4|15|15|18|18|Y|06-17-2026 18:53:12|06-17-2026 00:00:00|06-09-2026 00:00:00|06-09-2026 00:00:00|06-20-2026 09:55:41|06-20-2026 10:29:43|06-20-2026 12:30:49|06-20-2026 12:35:23|06-20-2026 14:07:46||06-22-2026 10:32:28|06-22-2026 10:32:28|06-23-2026 09:14:03|111.65|134.35|22.69
BRCJM01|BRHARLD|BRHARLD|100066457|Shipped|||59997590000111|30494-080|MINAS GERAIS|BR|ANDRE/TRANSP||12|23|23|45|45|Y|06-17-2026 18:53:13|06-17-2026 00:00:00|06-12-2026 00:00:00|06-12-2026 00:00:00||06-18-2026 10:18:59|06-18-2026 10:56:29|06-18-2026 11:26:33|06-19-2026 10:43:23||06-19-2026 11:06:44|06-23-2026 09:05:18|06-23-2026 09:14:05|40.23|134.35|94.12
BRCJM01|BRHARLD|BRHARLD|100066458|Shipped|||61810431000108|29060-730|ESPIRITO SANTO|BR|AEREO||1|8|8|8|8|Y|06-17-2026 18:53:13|06-17-2026 00:00:00|06-16-2026 00:00:00|06-16-2026 00:00:00||06-18-2026 10:19:00|06-18-2026 11:08:10|06-18-2026 11:08:10|06-19-2026 08:09:07||06-19-2026 08:53:06|06-23-2026 09:05:22|06-23-2026 09:14:05|38|134.35|96.35
BRCJM01|BRHARLD|BRHARLD|100066459|Shipped|||61810431000108|29060-730|ESPIRITO SANTO|BR|AEREO||1|1|1|1|1|Y|06-17-2026 18:53:13|06-17-2026 00:00:00|06-09-2026 00:00:00|06-09-2026 00:00:00||06-18-2026 10:18:57|06-20-2026 10:27:54|06-20-2026 10:27:54|06-20-2026 10:28:17||06-20-2026 10:29:12|06-25-2026 09:28:55|06-25-2026 09:38:39|63.6|182.76|119.16
BRCJM01|BRHARLD|BRHARLD|100066460|Shipped|||13232008000125|04794-000|SAO PAULO|BR|TRANSP DSV||27|12|12|68|68|Y|06-19-2026 12:34:04|06-19-2026 00:00:00|06-02-2026 00:00:00|06-02-2026 00:00:00||06-19-2026 14:46:52|06-19-2026 17:03:39|06-19-2026 17:36:54|06-20-2026 12:47:42||06-20-2026 12:48:28|06-25-2026 09:29:12|06-25-2026 09:38:07|24.24|141.07|116.83
BRCJM01|BRHARLD|BRHARLD|100066461|Shipped|||13232008000125|04794-000|SAO PAULO|BR|TRANSP DSV||14|0|0|81|81|Y|06-19-2026 12:34:03|06-19-2026 00:00:00|06-17-2026 00:00:00|06-17-2026 00:00:00||06-19-2026 14:46:59|06-19-2026 17:58:01|06-19-2026 18:45:25|06-20-2026 13:07:29||06-20-2026 13:08:10|06-25-2026 09:29:48|06-25-2026 09:38:08|24.57|141.07|116.5
BRCJM01|BRHARLD|BRHARLD|100066462|Shipped|||13244867000134|13092-305|SAO PAULO|BR|TAC CPQ||15|29|29|51|51|Y|06-19-2026 12:34:04|06-19-2026 00:00:00|06-16-2026 00:00:00|06-16-2026 00:00:00||06-19-2026 14:46:58|06-19-2026 17:09:07|06-20-2026 11:25:57|06-20-2026 11:47:57||06-20-2026 11:49:09|06-25-2026 09:30:18|06-25-2026 09:38:08|23.25|141.07|117.82
BRCJM01|BRHARLD|BRHARLD|100066463|Shipped|||13244867000134|13092-305|SAO PAULO|BR|TAC CPQ||6|0|0|6|6|Y|06-19-2026 12:34:04|06-19-2026 00:00:00|06-17-2026 00:00:00|06-17-2026 00:00:00||06-19-2026 14:47:00|06-19-2026 18:50:20|06-19-2026 18:55:36|06-20-2026 08:59:34||06-20-2026 08:59:59|06-25-2026 09:30:26|06-25-2026 09:38:08|20.43|141.07|120.64
BRCJM01|BRHARLD|BRHARLD|100066464|Shipped|||13268423000139|90160-003|RIO GRANDE DO SUL|BR|TRANSTRY||8|0|0|9|9|Y|06-19-2026 12:34:04|06-19-2026 00:00:00|06-17-2026 00:00:00|06-17-2026 00:00:00||06-19-2026 14:47:00|06-19-2026 18:27:42|06-19-2026 18:47:01|06-20-2026 08:57:22||06-20-2026 08:58:05|06-25-2026 09:30:53|06-25-2026 09:38:09|20.4|141.07|120.67
BRCJM01|BRHARLD|BRHARLD|100066465|Shipped|||01693497000133|80740-000|PARANA|BR|TAC CWB||16|27|27|46|46|Y|06-19-2026 12:34:06|06-19-2026 00:00:00|06-02-2026 00:00:00|06-02-2026 00:00:00||06-19-2026 14:46:54|06-19-2026 16:35:47|06-19-2026 16:54:53|06-20-2026 13:55:49||06-20-2026 17:27:41|06-25-2026 09:31:17|06-25-2026 09:37:51|28.89|141.06|112.17
BRCJM01|BRHARLD|BRHARLD|100066466|Shipped|||01693497000133|80740-000|PARANA|BR|TAC CWB||4|0|0|6|6|Y|06-19-2026 12:34:06|06-19-2026 00:00:00|06-17-2026 00:00:00|06-17-2026 00:00:00||06-19-2026 14:47:00|06-19-2026 19:22:43|06-19-2026 19:26:05|06-20-2026 08:50:26||06-20-2026 08:50:39|06-25-2026 09:31:26|06-25-2026 09:37:51|20.28|141.06|120.79
BRCJM01|BRHARLD|BRHARLD|100066467|Shipped|||13304379000175|74823-420|GOIAS|BR|ALL IN||3|1|1|41|41|Y|06-19-2026 12:34:06|06-19-2026 00:00:00|06-11-2026 00:00:00|06-11-2026 00:00:00||06-19-2026 14:46:56|06-19-2026 19:16:11|06-19-2026 19:20:23|06-20-2026 08:53:12||06-20-2026 08:53:27|06-25-2026 09:31:34|06-25-2026 09:38:09|20.32|141.07|120.75
BRCJM01|BRHARLD|BRHARLD|100066468|Shipped|||13304379000175|74823-420|GOIAS|BR|ALL IN||6|0|0|6|6|Y|06-19-2026 12:34:06|06-19-2026 00:00:00|06-17-2026 00:00:00|06-17-2026 00:00:00||06-19-2026 14:47:01|06-19-2026 19:04:22|06-19-2026 19:10:03|06-20-2026 08:55:04||06-20-2026 08:55:23|06-25-2026 09:31:43|06-25-2026 09:38:50|20.35|141.08|120.72
BRCJM01|BRHARLD|BRHARLD|100066469|Shipped|||13685709000110|70750-525|DISTRITO FEDERAL|BR|ALL IN||21|42|42|108|97|N|06-19-2026 12:35:07|06-19-2026 00:00:00|06-17-2026 00:00:00|06-17-2026 00:00:00||06-20-2026 09:55:43|06-20-2026 15:17:05|06-22-2026 08:48:36|06-22-2026 09:18:35||06-22-2026 09:23:37|06-25-2026 09:32:09|06-25-2026 11:57:42|68.81|143.38|74.57
BRCJM01|BRHARLD|BRHARLD|100066470|Shipped|||13685709000110|70750-525|DISTRITO FEDERAL|BR|ALL IN||13|0|0|13|13|Y|06-19-2026 12:34:06|06-19-2026 00:00:00|06-17-2026 00:00:00|06-17-2026 00:00:00|06-20-2026 09:55:45|06-20-2026 10:29:44|06-20-2026 11:51:16|06-20-2026 12:26:51|06-20-2026 13:45:37||06-20-2026 17:27:05|06-25-2026 09:32:18|06-25-2026 11:52:00|28.88|143.3|114.42
BRCJM01|BRHARLD|BRHARLD|100066471|Shipped|||14296414000114|88085-150|SANTA CATARINA|BR|TAC CWB||4|2|2|23|23|Y|06-19-2026 12:35:07|06-19-2026 00:00:00|06-10-2026 00:00:00|06-10-2026 00:00:00||06-19-2026 14:46:56|06-19-2026 17:39:12|06-19-2026 17:47:01|06-20-2026 08:03:04||06-20-2026 08:03:24|07-03-2026 11:27:44|07-03-2026 11:27:46|19.47|334.88|315.41
BRCJM01|BRHARLD|BRHARLD|100066472|Shipped|||14296414000114|88085-150|SANTA CATARINA|BR|TAC CWB||2|0|0|2|2|Y|06-19-2026 12:35:07|06-19-2026 00:00:00|06-17-2026 00:00:00|06-17-2026 00:00:00||06-19-2026 14:47:02|06-19-2026 18:35:50|06-19-2026 18:36:18|06-20-2026 08:12:28||06-20-2026 08:13:13|07-03-2026 11:27:44|07-03-2026 11:27:46|19.64|334.88|315.24
BRCJM01|BRHARLD|BRHARLD|100066473|Shipped|||16520353000152|14024-800|SAO PAULO|BR|ALL IN||6|5|5|11|11|Y|06-19-2026 12:35:07|06-19-2026 00:00:00|06-17-2026 00:00:00|06-17-2026 00:00:00|06-20-2026 09:55:45|06-20-2026 10:29:44|06-20-2026 12:11:31|06-20-2026 12:17:44|06-20-2026 14:18:12||06-20-2026 17:35:20|06-25-2026 09:32:37|06-25-2026 09:39:15|29|141.07|112.07
BRCJM01|BRHARLD|BRHARLD|100066474|Shipped|||16520353000152|14024-800|SAO PAULO|BR|ALL IN||8|0|0|12|12|Y|06-19-2026 12:35:08|06-19-2026 00:00:00|06-17-2026 00:00:00|06-17-2026 00:00:00||06-19-2026 14:47:02|06-19-2026 23:39:28|06-19-2026 23:43:33|06-20-2026 06:37:19||06-20-2026 06:37:56|06-25-2026 09:32:50|06-25-2026 09:39:15|18.05|141.07|123.02
BRCJM01|BRHARLD|BRHARLD|100066475|Shipped|||19231827000134|22790-702|RIO DE JANEIRO|BR|ANDRE/TRANSP||7|12|12|16|16|Y|06-19-2026 12:35:08|06-19-2026 00:00:00|06-17-2026 00:00:00|06-17-2026 00:00:00||06-19-2026 14:47:03|06-19-2026 19:08:21|06-19-2026 19:20:13|06-20-2026 09:12:37||06-20-2026 09:13:19|06-25-2026 09:33:27|06-25-2026 09:38:38|20.64|141.06|120.42
BRCJM01|BRHARLD|BRHARLD|100066476|Shipped|||19231827000134|22790-702|RIO DE JANEIRO|BR|ANDRE/TRANSP||10|0|0|20|20|Y|06-19-2026 12:35:08|06-19-2026 00:00:00|06-17-2026 00:00:00|06-17-2026 00:00:00||06-19-2026 14:47:03|06-20-2026 00:14:03|06-20-2026 00:26:05|06-20-2026 06:55:07||06-20-2026 06:55:49|06-25-2026 09:33:48|06-25-2026 09:38:38|18.34|141.06|122.71
BRCJM01|BRHARLD|BRHARLD|100066477|Shipped|||20110460000180|18047-620|SAO PAULO|BR|TAC SOR||8|3|3|159|159|Y|06-19-2026 12:35:08|06-19-2026 00:00:00|05-28-2026 00:00:00|05-28-2026 00:00:00||06-19-2026 14:46:52|06-19-2026 17:56:34|06-19-2026 18:09:49|06-20-2026 08:20:59||06-20-2026 08:21:47|06-25-2026 09:33:55|06-25-2026 09:38:38|19.78|141.06|121.28
BRCJM01|BRHARLD|BRHARLD|100066478|Shipped|||20110460000180|18047-620|SAO PAULO|BR|TAC SOR||8|0|0|13|13|Y|06-19-2026 12:35:08|06-19-2026 00:00:00|06-17-2026 00:00:00|06-17-2026 00:00:00||06-19-2026 14:47:03|06-19-2026 19:22:28|06-19-2026 19:27:33|06-20-2026 09:02:07||06-20-2026 09:02:40|06-25-2026 09:34:02|06-25-2026 09:38:38|20.46|141.06|120.6
BRCJM01|BRHARLD|BRHARLD|100066479|Shipped|||13244867000304|13295-622|SAO PAULO|BR|TAC CPQ||2|10|10|11|11|Y|06-19-2026 12:35:09|06-19-2026 00:00:00|03-17-2026 00:00:00|03-17-2026 00:00:00||06-19-2026 14:46:51|06-19-2026 17:51:36|06-19-2026 17:53:20|06-20-2026 07:56:36||06-20-2026 07:57:34|06-25-2026 09:34:33|06-25-2026 09:38:08|19.37|141.05|121.68
BRCJM01|BRHARLD|BRHARLD|100066480|Shipped|||13244867000304|13295-622|SAO PAULO|BR|TAC CPQ||6|0|0|12|12|Y|06-19-2026 12:35:09|06-19-2026 00:00:00|06-17-2026 00:00:00|06-17-2026 00:00:00||06-19-2026 14:47:03|06-19-2026 19:10:13|06-19-2026 19:14:12|06-20-2026 09:38:14||06-20-2026 09:38:59|06-25-2026 09:34:55|06-25-2026 09:38:09|21.06|141.05|119.99
BRCJM01|BRHARLD|BRHARLD|100066481|Shipped|||01693497000214|86020-000|PARANA|BR|ALL IN||9|25|25|34|34|Y|06-19-2026 12:35:09|06-19-2026 00:00:00|06-18-2026 00:00:00|06-18-2026 00:00:00||06-19-2026 14:47:06|06-19-2026 19:33:16|06-19-2026 19:39:02|06-20-2026 09:16:12||06-20-2026 09:18:19|06-25-2026 09:35:04|06-25-2026 09:37:51|20.72|141.05|120.33
BRCJM01|BRHARLD|BRHARLD|100066482|Shipped|||01693497000214|86020-000|PARANA|BR|ALL IN||4|0|0|6|6|Y|06-19-2026 12:35:09|06-19-2026 00:00:00|06-17-2026 00:00:00|06-17-2026 00:00:00||06-19-2026 14:47:04|06-19-2026 18:41:28|06-19-2026 18:44:20|06-20-2026 08:06:49||06-20-2026 08:07:27|06-25-2026 09:35:14|06-25-2026 09:37:51|19.54|141.05|121.51
BRCJM01|BRHARLD|BRHARLD|100066483|Shipped|||23633012000159|69050-055|AMAZONAS|BR|NORTEX||37|0|0|52|52|Y|06-19-2026 12:35:09|06-19-2026 00:00:00|06-17-2026 00:00:00|06-17-2026 00:00:00||06-19-2026 14:47:04|06-19-2026 17:44:59|06-19-2026 18:29:30|06-20-2026 10:23:41||06-20-2026 10:24:02|06-30-2026 13:56:58|07-01-2026 09:21:03|21.81|284.77|262.95
BRCJM01|BRHARLD|BRHARLD|100066484|Shipped|||59997590000111|30494-080|MINAS GERAIS|BR|ANDRE/TRANSP||13|22|22|24|24|Y|06-19-2026 12:35:10|06-19-2026 00:00:00|06-18-2026 00:00:00|06-18-2026 00:00:00|06-20-2026 10:29:45|06-20-2026 10:34:34|06-20-2026 12:30:28|06-20-2026 13:15:32|06-20-2026 13:37:16||06-20-2026 17:26:29|06-25-2026 09:35:21|06-25-2026 09:38:39|28.86|141.06|112.2
BRCJM01|BRHARLD|BRHARLD|100066485|Shipped|||61810431000108|29060-730|ESPIRITO SANTO|BR|AEREO||8|0|0|14|14|Y|06-19-2026 12:35:10|06-19-2026 00:00:00|06-17-2026 00:00:00|06-17-2026 00:00:00||06-19-2026 14:47:05|06-20-2026 00:08:21|06-20-2026 00:12:23|06-20-2026 06:42:27||06-20-2026 06:42:59|06-25-2026 09:35:59|06-25-2026 09:38:39|18.13|141.06|122.93
BRCJM01|BRHARLD|BRHARLD|100066486|Shipped|||61810431000108|29060-730|ESPIRITO SANTO|BR|AEREO||12|0|0|21|21|Y|06-19-2026 12:35:10|06-19-2026 00:00:00|06-17-2026 00:00:00|06-17-2026 00:00:00||06-19-2026 14:47:06|06-20-2026 00:29:10|06-20-2026 00:37:00|06-20-2026 06:48:22||06-20-2026 06:49:38|06-25-2026 09:36:08|06-25-2026 09:38:39|18.24|141.06|122.82
BRCJM01|BRHARLD|BRHARLD|100066487|Shipped|||13232008000125|04794-000|SAO PAULO|BR|TRANSP DSV||14|3|3|49|49|Y|06-22-2026 22:57:43|06-22-2026 00:00:00|02-13-2026 00:00:00|02-13-2026 00:00:00|06-25-2026 11:15:25|06-25-2026 11:54:26|06-25-2026 15:58:37|06-25-2026 16:23:37|06-25-2026 17:05:38||06-27-2026 08:35:12|07-01-2026 09:00:53|07-01-2026 09:18:25|105.62|202.35|96.72
BRCJM01|BRHARLD|BRHARLD|100066488|Shipped|||13232008000125|04794-000|SAO PAULO|BR|TRANSP DSV||5|0|0|16|16|Y|06-22-2026 22:57:45|06-22-2026 00:00:00|06-03-2025 00:00:00|06-03-2025 00:00:00||06-23-2026 08:57:58|06-23-2026 09:50:07|06-23-2026 09:56:18|06-23-2026 10:38:14||06-23-2026 10:39:54|06-25-2026 11:00:54|06-25-2026 11:29:08|11.7|60.52|48.82
BRCJM01|BRHARLD|BRHARLD|100066489|Shipped|||13244867000134|13092-305|SAO PAULO|BR|TAC CPQ||9|13|13|87|87|Y|06-22-2026 22:57:45|06-22-2026 00:00:00|02-20-2026 00:00:00|02-20-2026 00:00:00|06-24-2026 09:12:31|06-24-2026 09:43:27|06-24-2026 13:25:36|06-24-2026 13:44:45|06-24-2026 14:53:46||06-24-2026 14:56:30|06-30-2026 13:58:24|07-01-2026 09:20:56|39.98|202.39|162.41
BRCJM01|BRHARLD|BRHARLD|100066490|Shipped|||13268423000139|90160-003|RIO GRANDE DO SUL|BR|TRANSTRY||13|2|2|30|30|Y|06-22-2026 22:57:45|06-22-2026 00:00:00|05-04-2026 00:00:00|05-04-2026 00:00:00||06-23-2026 08:58:05|06-23-2026 10:40:43|06-23-2026 10:51:10|06-23-2026 12:46:33||06-23-2026 12:51:06|06-25-2026 11:03:27|06-25-2026 11:29:09|13.89|60.52|46.63
BRCJM01|BRHARLD|BRHARLD|100066491|Shipped|||13268423000139|90160-003|RIO GRANDE DO SUL|BR|TRANSTRY||2|0|0|3|3|Y|06-22-2026 22:57:45|06-22-2026 00:00:00|02-17-2025 00:00:00|02-17-2025 00:00:00||06-23-2026 08:57:57|06-23-2026 09:23:15|06-23-2026 09:24:06|06-23-2026 09:40:28||06-23-2026 09:43:33|06-25-2026 11:03:33|06-25-2026 11:29:09|10.76|60.52|49.76
BRCJM01|BRHARLD|BRHARLD|100066492|Shipped|||01693497000133|80740-000|PARANA|BR|TAC CWB||3|36|36|37|37|Y|06-22-2026 22:57:45|06-22-2026 00:00:00|02-11-2026 00:00:00|02-11-2026 00:00:00|06-24-2026 09:12:28|06-24-2026 09:43:26|06-24-2026 11:52:10|06-24-2026 11:53:37|06-24-2026 12:24:22||06-24-2026 12:32:51|06-30-2026 13:58:24|07-01-2026 09:18:24|37.59|202.34|164.76
BRCJM01|BRHARLD|BRHARLD|100066493|Shipped|||01693497000133|80740-000|PARANA|BR|TAC CWB||2|0|0|3|3|Y|06-22-2026 22:57:45|06-22-2026 00:00:00|02-17-2025 00:00:00|02-17-2025 00:00:00||06-23-2026 08:57:57|06-23-2026 09:25:48|06-23-2026 09:26:44|06-23-2026 09:44:56||06-23-2026 09:45:21|06-25-2026 11:05:18|06-25-2026 11:28:37|10.79|60.51|49.72
BRCJM01|BRHARLD|BRHARLD|100066494|Shipped|||01693497000133|80740-000|PARANA|BR|TAC CWB||1|0|0|2|2|Y|06-22-2026 22:57:45|06-22-2026 00:00:00|05-01-2026 00:00:00|05-01-2026 00:00:00||06-23-2026 08:58:05|06-23-2026 09:36:13|06-23-2026 09:36:13|06-23-2026 11:48:34||06-23-2026 11:49:06|06-25-2026 11:05:28|06-25-2026 11:28:37|12.86|60.51|47.66
BRCJM01|BRHARLD|BRHARLD|100066495|Shipped|||13304379000175|74823-420|GOIAS|BR|ALL IN||1|0|0|1|1|Y|06-22-2026 22:57:46|06-22-2026 00:00:00|06-13-2025 00:00:00|06-13-2025 00:00:00||06-23-2026 08:57:58|06-23-2026 09:48:01|06-23-2026 09:48:01|06-23-2026 10:44:09||06-23-2026 10:44:38|06-25-2026 11:05:38|06-25-2026 11:29:09|11.78|60.52|48.74
BRCJM01|BRHARLD|BRHARLD|100066496|Shipped|||13685709000110|70750-525|DISTRITO FEDERAL|BR|ALL IN||2|10|10|14|14|Y|06-22-2026 22:57:46|06-22-2026 00:00:00|05-08-2026 00:00:00|05-08-2026 00:00:00||06-23-2026 08:58:07|06-23-2026 10:36:18|06-24-2026 11:29:35|06-24-2026 11:29:35||06-24-2026 11:31:26|06-30-2026 13:58:31|07-01-2026 09:20:59|36.56|202.39|165.83
BRCJM01|BRHARLD|BRHARLD|100066497|Shipped|||13685709000110|70750-525|DISTRITO FEDERAL|BR|ALL IN||2|0|0|4|4|Y|06-22-2026 22:57:46|06-22-2026 00:00:00|02-17-2025 00:00:00|02-17-2025 00:00:00||06-23-2026 08:57:57|06-23-2026 09:33:24|06-23-2026 09:34:33|06-23-2026 10:00:42||06-23-2026 10:00:58|06-25-2026 11:05:45|06-25-2026 11:29:27|11.05|60.53|49.47
BRCJM01|BRHARLD|BRHARLD|100066498|Shipped|||13685709000110|70750-525|DISTRITO FEDERAL|BR|ALL IN||4|0|0|4|4|Y|06-22-2026 22:57:46|06-22-2026 00:00:00|04-17-2025 00:00:00|04-17-2025 00:00:00||06-23-2026 08:57:58|06-23-2026 09:57:41|06-23-2026 09:59:52|06-23-2026 10:10:20||06-23-2026 10:10:48|06-25-2026 11:06:23|06-25-2026 11:29:27|11.22|60.53|49.31
BRCJM01|BRHARLD|BRHARLD|100066499|Shipped|||14296414000114|88085-150|SANTA CATARINA|BR|TAC CWB||3|0|0|7|7|Y|06-22-2026 22:57:46|06-22-2026 00:00:00|05-01-2026 00:00:00|05-01-2026 00:00:00||06-23-2026 08:58:05|06-23-2026 10:17:59|06-23-2026 10:23:23|06-23-2026 12:05:54||06-23-2026 12:06:45|07-03-2026 11:27:44|07-03-2026 11:27:46|13.15|252.5|239.35
BRCJM01|BRHARLD|BRHARLD|100066500|Shipped|||16520353000152|14024-800|SAO PAULO|BR|ALL IN||6|0|0|57|57|Y|06-22-2026 22:57:46|06-22-2026 00:00:00|07-01-2025 00:00:00|07-01-2025 00:00:00|06-24-2026 09:12:28|06-24-2026 09:43:26|06-24-2026 12:59:20|06-25-2026 13:52:48|06-25-2026 14:04:02||06-25-2026 14:10:37|06-30-2026 13:59:24|07-01-2026 09:20:59|63.21|202.39|139.17
BRCJM01|BRHARLD|BRHARLD|100066501|Shipped|||16520353000152|14024-800|SAO PAULO|BR|ALL IN||3|0|0|4|4|Y|06-22-2026 22:58:47|06-22-2026 00:00:00|06-06-2025 00:00:00|06-06-2025 00:00:00||06-23-2026 08:57:58|06-23-2026 10:07:05|06-23-2026 10:10:51|06-23-2026 12:10:02||06-23-2026 12:11:39|06-25-2026 11:06:29|06-25-2026 11:29:37|13.21|60.51|47.3
BRCJM01|BRHARLD|BRHARLD|100066502|Shipped|||19231827000134|22790-702|RIO DE JANEIRO|BR|ANDRE/TRANSP||6|19|19|21|21|Y|06-22-2026 22:57:46|06-22-2026 00:00:00|05-06-2026 00:00:00|05-06-2026 00:00:00|06-24-2026 15:13:35|06-24-2026 15:21:09|06-25-2026 13:12:31|06-25-2026 13:57:32|06-25-2026 14:28:37||06-25-2026 14:29:50|06-30-2026 13:59:36|07-01-2026 09:21:00|63.53|202.39|138.85
BRCJM01|BRHARLD|BRHARLD|100066503|Shipped|||19231827000134|22790-702|RIO DE JANEIRO|BR|ANDRE/TRANSP||2|0|0|4|4|Y|06-22-2026 22:58:47|06-22-2026 00:00:00|02-17-2025 00:00:00|02-17-2025 00:00:00||06-23-2026 08:57:57|06-23-2026 09:39:51|06-23-2026 09:41:08|06-23-2026 10:05:03||06-23-2026 10:05:32|06-25-2026 11:06:38|06-25-2026 11:29:37|11.11|60.51|49.4
BRCJM01|BRHARLD|BRHARLD|100066504|Shipped|||19231827000134|22790-702|RIO DE JANEIRO|BR|ANDRE/TRANSP||1|0|0|3|3|Y|06-22-2026 22:58:47|06-22-2026 00:00:00|05-01-2026 00:00:00|05-01-2026 00:00:00||06-23-2026 08:58:05|06-23-2026 09:34:22|06-23-2026 09:34:22|06-23-2026 11:59:43||06-23-2026 12:00:28|06-25-2026 11:06:47|06-25-2026 11:29:37|13.03|60.51|47.49
BRCJM01|BRHARLD|BRHARLD|100066505|Shipped|||20110460000180|18047-620|SAO PAULO|BR|TAC SOR||7|55|55|75|75|Y|06-22-2026 22:58:47|06-22-2026 00:00:00|03-31-2026 00:00:00|03-31-2026 00:00:00|06-24-2026 09:12:32|06-24-2026 09:43:27|06-24-2026 12:28:24|06-27-2026 19:30:00|06-27-2026 19:36:03||06-27-2026 19:52:14|07-01-2026 09:02:26|07-01-2026 09:21:02|116.89|202.37|85.48
BRCJM01|BRHARLD|BRHARLD|100066506|Shipped|||20110460000180|18047-620|SAO PAULO|BR|TAC SOR||2|0|0|2|2|Y|06-22-2026 22:58:47|06-22-2026 00:00:00|05-01-2026 00:00:00|05-01-2026 00:00:00||06-23-2026 08:58:05|06-23-2026 09:30:59|06-23-2026 09:32:18|06-23-2026 11:45:19||06-23-2026 11:46:17|06-25-2026 11:07:25|06-25-2026 11:29:37|12.79|60.51|47.72
BRCJM01|BRHARLD|BRHARLD|100066507|Shipped|||13244867000304|13295-622|SAO PAULO|BR|TAC CPQ||4|1|1|7|7|Y|06-22-2026 22:58:47|06-22-2026 00:00:00|04-29-2026 00:00:00|04-29-2026 00:00:00||06-23-2026 08:58:05|06-23-2026 10:02:28|06-23-2026 10:08:51|06-23-2026 11:20:18||06-23-2026 11:24:48|06-25-2026 11:08:09|06-25-2026 11:29:08|12.43|60.51|48.07
BRCJM01|BRHARLD|BRHARLD|100066508|Shipped|||13244867000304|13295-622|SAO PAULO|BR|TAC CPQ||1|0|0|6|6|Y|06-22-2026 22:58:47|06-22-2026 00:00:00|09-23-2025 00:00:00|09-23-2025 00:00:00||06-23-2026 08:58:00|06-23-2026 09:40:43|06-23-2026 09:40:43|06-23-2026 10:47:16||06-23-2026 10:48:25|06-25-2026 11:08:19|06-25-2026 11:29:08|11.83|60.51|48.68
BRCJM01|BRHARLD|BRHARLD|100066509|Shipped|||01693497000214|86020-000|PARANA|BR|ALL IN||4|0|0|16|16|Y|06-22-2026 22:58:47|06-22-2026 00:00:00|05-05-2026 00:00:00|05-05-2026 00:00:00|06-23-2026 08:58:06|06-24-2026 09:12:33|06-24-2026 11:44:09|06-24-2026 11:46:57|06-24-2026 12:52:24||06-24-2026 12:54:39|06-30-2026 13:59:39|07-01-2026 09:20:53|37.93|202.37|164.44
BRCJM01|BRHARLD|BRHARLD|100066510|Shipped|||01693497000214|86020-000|PARANA|BR|ALL IN||3|0|0|4|4|Y|06-22-2026 22:58:48|06-22-2026 00:00:00|06-12-2025 00:00:00|06-12-2025 00:00:00||06-23-2026 08:57:58|06-23-2026 10:26:17|06-23-2026 10:33:14|06-23-2026 11:33:14||06-23-2026 11:34:43|06-25-2026 11:08:35|06-25-2026 11:28:37|12.6|60.5|47.9
BRCJM01|BRHARLD|BRHARLD|100066511|Shipped|||23633012000159|69050-055|AMAZONAS|BR|NORTEX||1|1|1|1|1|Y|06-22-2026 22:58:47|06-22-2026 00:00:00|06-18-2026 00:00:00|06-18-2026 00:00:00||06-23-2026 08:58:07|06-23-2026 09:19:18|06-23-2026 09:19:18|06-23-2026 11:41:04||06-23-2026 11:41:23|06-30-2026 13:59:39|07-01-2026 09:21:03|12.71|202.37|189.66
BRCJM01|BRHARLD|BRHARLD|100066512|Shipped|||23633012000159|69050-055|AMAZONAS|BR|NORTEX||4|0|0|5|5|Y|06-22-2026 22:58:48|06-22-2026 00:00:00|06-17-2026 00:00:00|06-17-2026 00:00:00||06-23-2026 08:58:07|06-23-2026 10:35:09|06-23-2026 10:38:01|06-23-2026 12:15:13||06-23-2026 12:22:11|06-30-2026 13:59:42|07-01-2026 09:21:03|13.39|202.37|188.98
BRCJM01|BRHARLD|BRHARLD|100066513|Shipped|||59997590000111|30494-080|MINAS GERAIS|BR|ANDRE/TRANSP||7|7|7|12|12|Y|06-22-2026 22:58:48|06-22-2026 00:00:00|04-24-2026 00:00:00|04-24-2026 00:00:00|06-24-2026 09:12:33|06-24-2026 09:43:27|06-24-2026 11:56:20|06-25-2026 13:39:01|06-25-2026 13:43:30||06-25-2026 13:46:12|06-30-2026 14:00:01|07-01-2026 09:21:03|62.79|202.37|139.58
BRCJM01|BRHARLD|BRHARLD|100066514|Shipped|||59997590000111|30494-080|MINAS GERAIS|BR|ANDRE/TRANSP||2|0|0|8|8|Y|06-22-2026 22:58:48|06-22-2026 00:00:00|02-17-2025 00:00:00|02-17-2025 00:00:00||06-23-2026 08:57:57|06-23-2026 09:36:32|06-23-2026 09:38:35|06-23-2026 09:55:20||06-23-2026 09:56:01|06-25-2026 11:08:43|06-25-2026 11:29:37|10.95|60.51|49.56
BRCJM01|BRHARLD|BRHARLD|100066515|Shipped|||59997590000111|30494-080|MINAS GERAIS|BR|ANDRE/TRANSP||5|0|0|7|7|Y|06-22-2026 22:58:48|06-22-2026 00:00:00|06-13-2025 00:00:00|06-13-2025 00:00:00||06-23-2026 08:57:58|06-23-2026 09:54:14|06-23-2026 09:58:28|06-23-2026 10:58:54||06-23-2026 10:59:42|06-25-2026 11:22:25|06-25-2026 11:29:37|12.02|60.51|48.5
BRCJM01|BRHARLD|BRHARLD|100066517|Shipped|||61810431000108|29060-730|ESPIRITO SANTO|BR|AEREO||1|0|0|3|3|Y|06-22-2026 22:58:49|06-22-2026 00:00:00|05-01-2026 00:00:00|05-01-2026 00:00:00||06-23-2026 08:58:05|06-23-2026 09:27:33|06-23-2026 09:27:33|06-23-2026 11:37:37||06-23-2026 11:38:29|06-25-2026 11:09:04|06-25-2026 11:29:37|12.66|60.51|47.85
BRCJM01|BRHARLD|BRHARLD|100066518|Shipped|||61810431000108|29060-730|ESPIRITO SANTO|BR|AEREO||3|0|0|7|7|Y|06-22-2026 22:58:48|06-22-2026 00:00:00|06-13-2025 00:00:00|06-13-2025 00:00:00|06-24-2026 09:12:26|06-24-2026 09:43:25|06-24-2026 11:45:35|06-24-2026 11:52:25|06-24-2026 13:04:08||06-24-2026 13:07:38|06-30-2026 14:00:04|07-01-2026 09:21:04|38.15|202.37|164.22
BRCJM01|BRHARLD|BRHARLD|100066519|Shipped|||13232008000125|04794-000|SAO PAULO|BR|TRANSP DSV||3|0|0|4|4|Y|06-23-2026 11:24:51|06-23-2026 00:00:00|04-28-2026 00:00:00|04-28-2026 00:00:00||06-24-2026 09:12:33|06-24-2026 11:42:15|06-24-2026 11:43:06|06-24-2026 12:34:49||06-24-2026 12:35:46|06-30-2026 14:00:08|07-01-2026 09:20:55|25.18|189.93|164.75
BRCJM01|BRHARLD|BRHARLD|100066520|Shipped|||16520353000152|14024-800|SAO PAULO|BR|ALL IN||1|2|2|2|2|Y|06-23-2026 11:24:49|06-23-2026 00:00:00|05-14-2026 00:00:00|05-14-2026 00:00:00||06-24-2026 09:12:34|06-24-2026 11:48:08|06-24-2026 11:48:08|06-24-2026 12:47:25||06-24-2026 12:48:53|06-30-2026 14:00:18|07-01-2026 09:21:00|25.4|189.94|164.54
BRCJM01|BRHARLD|BRHARLD|100066521|Shipped|||59997590000111|30494-080|MINAS GERAIS|BR|ANDRE/TRANSP||1|0|0|1|1|Y|06-23-2026 11:25:51|06-23-2026 00:00:00|05-16-2026 00:00:00|05-16-2026 00:00:00||06-24-2026 09:12:34|06-24-2026 11:48:51|06-24-2026 11:48:51|06-24-2026 12:43:43||06-24-2026 12:45:17|06-30-2026 14:00:19|07-01-2026 09:21:03|25.32|189.92|164.6
BRCJM01|BRHARLD|BRHARLD|100066523|Shipped|||13232008000125|04794-000|SAO PAULO|BR|TRANSP DSV||1|0|0|3|3|Y|06-23-2026 22:23:22|06-23-2026 00:00:00|05-20-2025 00:00:00|05-20-2025 00:00:00||06-24-2026 09:12:26|06-24-2026 12:19:25|06-24-2026 12:19:25|06-24-2026 13:11:03||06-24-2026 13:13:05|06-30-2026 14:00:20|07-01-2026 09:20:55|14.83|178.96|164.13
BRCJM01|BRHARLD|BRHARLD|100066524|Shipped|||13232008000125|04794-000|SAO PAULO|BR|TRANSP DSV||1|0|0|2|2|Y|06-23-2026 22:24:24|06-23-2026 00:00:00|06-13-2025 00:00:00|06-13-2025 00:00:00|06-25-2026 07:57:15|06-25-2026 11:15:24|06-25-2026 15:54:14|06-25-2026 15:54:14|06-25-2026 16:38:22||06-25-2026 16:39:09|06-30-2026 14:00:24|07-01-2026 09:20:55|42.25|178.94|136.7
BRCJM01|BRHARLD|BRHARLD|100066525|Shipped|||13244867000134|13092-305|SAO PAULO|BR|TAC CPQ||2|0|0|2|2|Y|06-23-2026 22:24:22|06-23-2026 00:00:00|06-13-2025 00:00:00|06-13-2025 00:00:00||06-24-2026 09:12:27|06-24-2026 12:10:10|06-24-2026 12:11:37|06-24-2026 13:15:53||06-24-2026 13:17:12|06-30-2026 14:00:29|07-01-2026 09:20:56|14.88|178.94|164.06
BRCJM01|BRHARLD|BRHARLD|100066530|Shipped|||23633012000159|69050-055|AMAZONAS|BR|NORTEX||5|0|0|6|6|Y|06-23-2026 22:24:23|06-23-2026 00:00:00|05-01-2026 00:00:00|05-01-2026 00:00:00||06-24-2026 09:12:33|06-24-2026 11:58:48|06-24-2026 12:06:52|06-24-2026 12:58:20||06-24-2026 12:59:44|06-30-2026 14:00:31|07-01-2026 09:21:03|14.59|178.94|164.36
BRCJM01|BRHARLD|BRHARLD|100066532|Shipped|||20110460000180|18047-620|SAO PAULO|BR|TAC SOR||1|0|0|1|1|Y|06-24-2026 13:57:13|06-24-2026 00:00:00|03-01-2026 00:00:00|03-01-2026 00:00:00||06-24-2026 15:13:17|06-25-2026 07:30:27|06-25-2026 07:30:27|06-25-2026 09:46:13||06-25-2026 09:47:02|06-30-2026 14:00:36|07-01-2026 09:21:02|19.83|163.4|143.57
BRCJM01|BRHARLD|BRHARLD|100066533|Shipped|||23633012000159|69050-055|AMAZONAS|BR|NORTEX||2|0|0|3|3|Y|06-24-2026 13:57:14|06-24-2026 00:00:00|06-17-2026 00:00:00|06-17-2026 00:00:00||06-24-2026 15:13:18|06-25-2026 07:31:35|06-25-2026 07:32:53|06-25-2026 09:44:26||06-25-2026 09:45:08|06-30-2026 14:00:40|07-01-2026 09:21:03|19.8|163.4|143.6
BRCJM01|BRHARLD|BRHARLD|100066535|Shipped|||01693497000214|86020-000|PARANA|BR|ALL IN||46|58|58|86|86|Y|06-24-2026 21:28:31|06-24-2026 00:00:00|06-24-2026 00:00:00|06-24-2026 00:00:00||06-25-2026 07:57:17|06-25-2026 17:58:17|06-25-2026 19:20:43|06-25-2026 23:54:25||06-25-2026 23:58:38|06-30-2026 14:01:09|07-01-2026 09:20:54|26.5|155.87|129.37
BRCJM01|BRHARLD|BRHARLD|100066536|Shipped|||13232008000125|04794-000|SAO PAULO|BR|TRANSP DSV||29|56|56|91|91|Y|06-25-2026 18:25:10|06-25-2026 00:00:00|11-18-2024 00:00:00|11-18-2024 00:00:00||06-26-2026 06:35:41|06-26-2026 10:23:35|06-26-2026 14:52:12|06-28-2026 07:19:13||06-28-2026 07:20:32|07-01-2026 09:03:07|07-01-2026 09:18:25|60.92|134.89|73.96
BRCJM01|BRHARLD|BRHARLD|100066537|Shipped|||13232008000125|04794-000|SAO PAULO|BR|TRANSP DSV||3|5|5|9|9|Y|06-25-2026 18:25:10|06-25-2026 00:00:00|06-22-2026 00:00:00|06-22-2026 00:00:00||06-26-2026 06:35:56|06-26-2026 08:04:52|06-26-2026 08:06:55|06-26-2026 11:20:59||06-26-2026 11:23:44|06-30-2026 14:01:21|07-01-2026 09:20:55|16.98|134.93|117.95
BRCJM01|BRHARLD|BRHARLD|100066538|Shipped|||13244867000134|13092-305|SAO PAULO|BR|TAC CPQ||36|222|222|353|353|Y|06-25-2026 18:25:09|06-25-2026 00:00:00|04-28-2026 00:00:00|04-28-2026 00:00:00|06-26-2026 06:35:51|06-26-2026 12:07:16|06-28-2026 06:10:15|06-28-2026 08:26:19|06-28-2026 09:32:35||06-28-2026 09:34:09|07-01-2026 09:04:17|07-01-2026 09:20:57|63.15|134.93|71.78
BRCJM01|BRHARLD|BRHARLD|100066539|Shipped|||13268423000139|90160-003|RIO GRANDE DO SUL|BR|TRANSTRY||2|5|5|5|5|Y|06-25-2026 18:25:10|06-25-2026 00:00:00|06-22-2026 00:00:00|06-22-2026 00:00:00||06-26-2026 06:35:56|06-26-2026 08:52:44|06-26-2026 08:55:13|06-26-2026 15:46:36||06-26-2026 15:47:29|07-01-2026 09:04:42|07-01-2026 09:20:58|21.37|134.93|113.56
BRCJM01|BRHARLD|BRHARLD|100066540|Shipped|||01693497000133|80740-000|PARANA|BR|TAC CWB||16|67|67|106|106|Y|06-25-2026 18:25:12|06-25-2026 00:00:00|06-02-2026 00:00:00|06-02-2026 00:00:00|06-26-2026 06:35:54|06-26-2026 12:07:18|06-26-2026 18:54:55|06-26-2026 19:28:47|06-27-2026 14:33:04||06-27-2026 14:36:49|07-01-2026 09:05:37|07-01-2026 09:16:05|44.19|134.85|90.65
BRCJM01|BRHARLD|BRHARLD|100066541|Shipped|||13304379000175|74823-420|GOIAS|BR|ALL IN||23|64|64|118|118|Y|06-25-2026 18:25:12|06-25-2026 00:00:00|02-24-2026 00:00:00|02-24-2026 00:00:00||06-26-2026 06:35:45|06-27-2026 08:33:17|06-27-2026 15:14:21|06-27-2026 19:09:11||06-27-2026 19:13:34|07-01-2026 09:08:43|07-01-2026 09:20:58|48.81|134.93|86.12
BRCJM01|BRHARLD|BRHARLD|100066542|Shipped|||13685709000110|70750-525|DISTRITO FEDERAL|BR|ALL IN||7|26|26|30|30|Y|06-25-2026 18:25:13|06-25-2026 00:00:00|06-17-2026 00:00:00|06-17-2026 00:00:00|06-26-2026 06:35:55|06-26-2026 12:07:19|06-26-2026 13:33:15|06-26-2026 13:43:42|06-26-2026 18:54:50||06-26-2026 18:55:26|07-01-2026 09:09:02|07-01-2026 09:20:59|24.5|134.93|110.43
BRCJM01|BRHARLD|BRHARLD|100066543|Shipped|||13685709000110|70750-525|DISTRITO FEDERAL|BR|ALL IN||12|8|8|12|12|Y|06-25-2026 18:25:13|06-25-2026 00:00:00|10-01-2025 00:00:00|10-01-2025 00:00:00|06-26-2026 06:35:45|06-26-2026 12:07:15|06-26-2026 14:22:02|06-26-2026 14:46:09|06-26-2026 18:45:30||06-26-2026 18:46:58|07-01-2026 09:09:09|07-01-2026 09:20:59|24.36|134.93|110.57
BRCJM01|BRHARLD|BRHARLD|100066544|Shipped|||14296414000114|88085-150|SANTA CATARINA|BR|TAC CWB||7|24|24|30|30|Y|06-25-2026 18:25:13|06-25-2026 00:00:00|05-07-2026 00:00:00|05-07-2026 00:00:00||06-26-2026 06:35:51|06-26-2026 09:23:51|06-26-2026 09:33:34|06-26-2026 10:45:06||06-26-2026 10:46:17|07-01-2026 09:09:16|07-01-2026 09:16:06|16.35|134.85|118.5
BRCJM01|BRHARLD|BRHARLD|100066545|Shipped|||16520353000152|14024-800|SAO PAULO|BR|ALL IN||11|18|18|59|59|Y|06-25-2026 18:25:13|06-25-2026 00:00:00|06-03-2026 00:00:00|06-03-2026 00:00:00|06-26-2026 06:35:55|06-26-2026 12:07:19|06-26-2026 13:53:26|06-26-2026 14:55:44|06-26-2026 19:50:56||06-26-2026 19:51:49|07-01-2026 09:09:55|07-01-2026 09:21:00|25.44|134.93|109.49
BRCJM01|BRHARLD|BRHARLD|100066546|Shipped|||19231827000134|22790-702|RIO DE JANEIRO|BR|ANDRE/TRANSP||4|13|13|14|14|Y|06-25-2026 18:26:14|06-25-2026 00:00:00|06-22-2026 00:00:00|06-22-2026 00:00:00||06-26-2026 06:35:56|06-26-2026 08:55:54|06-26-2026 09:02:32|06-26-2026 18:04:16||06-26-2026 18:22:10|07-01-2026 09:10:04|07-01-2026 09:21:00|23.93|134.91|110.98
BRCJM01|BRHARLD|BRHARLD|100066547|Shipped|||20110460000180|18047-620|SAO PAULO|BR|TAC SOR||21|60|60|252|252|Y|06-25-2026 18:26:14|06-25-2026 00:00:00|06-22-2026 00:00:00|06-22-2026 00:00:00||06-26-2026 06:35:56|06-26-2026 09:46:14|06-26-2026 16:04:56|06-26-2026 16:14:01||06-26-2026 16:14:30|07-01-2026 09:10:27|07-01-2026 09:21:02|21.8|134.91|113.11
BRCJM01|BRHARLD|BRHARLD|100066548|Shipped|||13244867000304|13295-622|SAO PAULO|BR|TAC CPQ||32|314|314|497|497|Y|06-25-2026 18:26:14|06-25-2026 00:00:00|06-23-2026 00:00:00|06-23-2026 00:00:00|06-26-2026 06:36:00|06-26-2026 12:07:20|06-26-2026 14:06:42|06-27-2026 16:47:53|06-28-2026 09:15:35||06-28-2026 09:18:56|07-01-2026 09:11:42|07-01-2026 09:20:57|62.88|134.91|72.03
BRCJM01|BRHARLD|BRHARLD|100066549|Shipped|||13244867000304|13295-622|SAO PAULO|BR|TAC CPQ||1|1|1|1|1|Y|06-25-2026 18:26:14|06-25-2026 00:00:00|06-23-2026 00:00:00|06-23-2026 00:00:00||06-26-2026 06:36:00|06-26-2026 08:03:59|06-26-2026 08:03:59|06-26-2026 15:40:21||06-26-2026 15:40:55|07-01-2026 09:11:50|07-01-2026 09:20:57|21.24|134.91|113.67
BRCJM01|BRHARLD|BRHARLD|100066550|Shipped|||01693497000214|86020-000|PARANA|BR|ALL IN||18|30|30|51|51|Y|06-25-2026 18:26:15|06-25-2026 00:00:00|06-22-2026 00:00:00|06-22-2026 00:00:00|06-26-2026 06:35:58|06-26-2026 12:07:20|06-26-2026 18:04:17|06-26-2026 18:44:27|06-27-2026 12:54:50||06-27-2026 13:03:14|07-01-2026 09:12:23|07-01-2026 09:20:55|42.62|134.91|92.29
BRCJM01|BRHARLD|BRHARLD|100066551|Shipped|||23633012000159|69050-055|AMAZONAS|BR|NORTEX||1|0|0|1|1|Y|06-25-2026 18:26:15|06-25-2026 00:00:00|05-15-2026 00:00:00|05-15-2026 00:00:00||06-26-2026 06:35:53|06-26-2026 08:50:44|06-26-2026 08:50:44|06-26-2026 15:51:29||06-26-2026 15:52:35|07-01-2026 09:12:29|07-01-2026 09:21:03|21.44|134.91|113.47
BRCJM01|BRHARLD|BRHARLD|100066552|Shipped|||59997590000111|30494-080|MINAS GERAIS|BR|ANDRE/TRANSP||1|25|25|25|25|Y|06-25-2026 18:26:15|06-25-2026 00:00:00|04-23-2026 00:00:00|04-23-2026 00:00:00||06-26-2026 06:35:46|06-26-2026 08:48:03|06-26-2026 08:48:03|06-26-2026 15:50:49||06-26-2026 15:52:40|07-01-2026 09:12:35|07-01-2026 09:21:03|21.44|134.91|113.47
BRCJM01|BRHARLD|BRHARLD|100066553|Shipped|||61810431000108|29060-730|ESPIRITO SANTO|BR|AEREO||1|0|0|1|1|Y|06-25-2026 18:26:15|06-25-2026 00:00:00|04-24-2026 00:00:00|04-24-2026 00:00:00||06-26-2026 06:35:46|06-26-2026 08:49:28|06-26-2026 08:49:28|06-26-2026 16:56:14||06-26-2026 16:59:32|07-01-2026 09:12:42|07-01-2026 09:21:04|22.55|134.91|112.36
BRCJM01|BRHARLD|BRHARLD|100066555|Shipped|NORMAL||26691888855|06710-400|SAO PAULO|BR|TAC CWB||9|3|3|9|9|Y|06-25-2026 18:26:15|06-25-2026 00:00:00|06-24-2026 00:00:00|06-24-2026 00:00:00||06-26-2026 06:36:00|06-26-2026 07:55:21|06-26-2026 08:02:34|06-30-2026 06:15:48||06-30-2026 06:16:54|07-07-2026 11:56:29|07-07-2026 11:56:30|107.84|281.5|173.66
BRCJM01|BRHARLD|BRHARLD|100066556|Shipped|||13232008000125|04794-000|SAO PAULO|BR|TRANSP DSV||19|4|4|28|28|Y|06-25-2026 21:31:59|06-25-2026 00:00:00|01-04-2025 00:00:00|01-04-2025 00:00:00||06-26-2026 06:35:43|06-26-2026 09:38:10|06-26-2026 10:15:09|06-26-2026 11:01:06||06-26-2026 11:04:21|06-30-2026 14:02:02|07-01-2026 09:20:56|13.54|131.82|118.28
BRCJM01|BRHARLD|BRHARLD|100066557|Shipped|||13244867000134|13092-305|SAO PAULO|BR|TAC CPQ||5|2|2|5|5|Y|06-25-2026 21:31:59|06-25-2026 00:00:00|05-11-2026 00:00:00|05-11-2026 00:00:00||06-26-2026 06:35:53|06-26-2026 08:26:25|06-26-2026 08:34:27|06-26-2026 17:50:35||06-26-2026 17:51:43|07-01-2026 09:13:08|07-01-2026 09:20:57|20.33|131.82|111.49
BRCJM01|BRHARLD|BRHARLD|100066558|Shipped|||13268423000139|90160-003|RIO GRANDE DO SUL|BR|TRANSTRY||3|0|0|3|3|Y|06-25-2026 21:32:00|06-25-2026 00:00:00|05-04-2026 00:00:00|05-04-2026 00:00:00||06-26-2026 06:35:51|06-26-2026 08:20:19|06-26-2026 08:21:39|06-26-2026 16:32:35||06-26-2026 16:32:47|07-01-2026 09:13:17|07-01-2026 09:20:58|19.01|131.82|112.8
BRCJM01|BRHARLD|BRHARLD|100066559|Shipped|||01693497000133|80740-000|PARANA|BR|TAC CWB||4|0|0|4|4|Y|06-25-2026 21:32:01|06-25-2026 00:00:00|05-13-2026 00:00:00|05-13-2026 00:00:00||06-26-2026 06:35:53|06-26-2026 08:40:40|06-26-2026 08:42:59|06-26-2026 15:59:33||06-26-2026 16:02:27|07-01-2026 09:13:55|07-01-2026 09:16:06|18.51|131.73|113.23
BRCJM01|BRHARLD|BRHARLD|100066560|Shipped|||13304379000175|74823-420|GOIAS|BR|ALL IN||3|0|0|3|3|Y|06-25-2026 21:32:01|06-25-2026 00:00:00|05-11-2026 00:00:00|05-11-2026 00:00:00||06-26-2026 06:35:53|06-26-2026 08:37:28|06-26-2026 08:38:08|06-26-2026 16:27:10||06-26-2026 16:27:56|07-01-2026 09:14:33|07-01-2026 09:20:59|18.93|131.82|112.88
BRCJM01|BRHARLD|BRHARLD|100066561|Shipped|||13685709000110|70750-525|DISTRITO FEDERAL|BR|ALL IN||5|2|2|6|6|Y|06-25-2026 21:32:01|06-25-2026 00:00:00|02-19-2026 00:00:00|02-19-2026 00:00:00||06-26-2026 06:35:45|06-26-2026 09:09:26|06-26-2026 09:11:52|06-26-2026 16:21:55||06-26-2026 16:23:17|07-01-2026 09:14:25|07-01-2026 09:20:59|18.85|131.82|112.96
BRCJM01|BRHARLD|BRHARLD|100066562|Shipped|||14296414000114|88085-150|SANTA CATARINA|BR|TAC CWB||5|61.69|0|5|5|Y|06-25-2026 21:32:01|06-25-2026 00:00:00|04-27-2026 00:00:00|04-27-2026 00:00:00||06-26-2026 06:35:47|06-26-2026 09:04:07|06-26-2026 09:07:21|06-26-2026 16:37:59||06-26-2026 16:39:35|07-01-2026 09:14:36|07-01-2026 09:16:06|19.13|131.73|112.61
BRCJM01|BRHARLD|BRHARLD|100066563|Shipped|||14296414000114|88085-150|SANTA CATARINA|BR|TAC CWB||1|0|0|5|5|Y|06-25-2026 21:32:02|06-25-2026 00:00:00|11-19-2024 00:00:00|11-19-2024 00:00:00||06-26-2026 06:35:43|06-26-2026 09:47:41|06-26-2026 09:47:41|06-28-2026 09:50:50||06-28-2026 09:51:30|07-01-2026 09:14:40|07-01-2026 09:16:06|60.32|131.73|71.41
BRCJM01|BRHARLD|BRHARLD|100066564|Shipped|||16520353000152|14024-800|SAO PAULO|BR|ALL IN||2|0|0|2|2|Y|06-25-2026 21:32:02|06-25-2026 00:00:00|05-07-2026 00:00:00|05-07-2026 00:00:00||06-26-2026 06:35:52|06-26-2026 08:23:47|06-26-2026 08:24:57|06-26-2026 17:04:46||06-26-2026 17:05:45|07-01-2026 09:14:48|07-01-2026 09:21:00|19.56|131.82|112.25
BRCJM01|BRHARLD|BRHARLD|100066565|Shipped|||19231827000134|22790-702|RIO DE JANEIRO|BR|ANDRE/TRANSP||22|4|4|26|26|Y|06-25-2026 21:32:02|06-25-2026 00:00:00|05-07-2026 00:00:00|05-07-2026 00:00:00||06-26-2026 06:35:52|06-26-2026 19:45:00|06-26-2026 21:42:50|06-27-2026 15:07:37||06-27-2026 15:08:41|07-01-2026 09:15:02|07-01-2026 09:21:01|41.61|131.82|90.21
BRCJM01|BRHARLD|BRHARLD|100066566|Shipped|||20110460000180|18047-620|SAO PAULO|BR|TAC SOR||2|0|0|2|2|Y|06-25-2026 21:32:02|06-25-2026 00:00:00|04-25-2026 00:00:00|04-25-2026 00:00:00||06-26-2026 06:35:46|06-26-2026 08:44:59|06-26-2026 08:45:38|06-26-2026 17:18:54||06-26-2026 17:19:42|07-01-2026 09:15:10|07-01-2026 09:21:02|19.79|131.82|112.02
BRCJM01|BRHARLD|BRHARLD|100066567|Shipped|||13244867000304|13295-622|SAO PAULO|BR|TAC CPQ||6|0|0|7|7|Y|06-25-2026 21:32:03|06-25-2026 00:00:00|04-27-2026 00:00:00|04-27-2026 00:00:00||06-26-2026 06:35:48|06-26-2026 09:14:26|06-26-2026 09:18:02|06-26-2026 18:28:34||06-26-2026 18:29:10|07-01-2026 09:15:22|07-01-2026 09:20:57|20.95|131.82|110.86
BRCJM01|BRHARLD|BRHARLD|100066568|Shipped|||01693497000214|86020-000|PARANA|BR|ALL IN||1|0|0|5|5|Y|06-25-2026 21:32:02|06-25-2026 00:00:00|07-21-2025 00:00:00|07-21-2025 00:00:00||06-26-2026 06:35:44|06-26-2026 09:53:16|06-26-2026 09:53:16|06-28-2026 09:54:22||06-28-2026 09:57:14|07-01-2026 09:15:24|07-01-2026 09:20:55|60.42|131.81|71.39
BRCJM01|BRHARLD|BRHARLD|100066569|Shipped|||59997590000111|30494-080|MINAS GERAIS|BR|ANDRE/TRANSP||14|9.26|4|24|24|Y|06-25-2026 21:32:02|06-25-2026 00:00:00|04-25-2026 00:00:00|04-25-2026 00:00:00||06-26-2026 06:35:47|06-26-2026 09:33:08|06-26-2026 09:44:28|06-26-2026 11:10:17||06-26-2026 11:11:01|07-03-2026 09:55:56|07-03-2026 09:56:41|13.65|180.41|166.76
BRCJM01|BRHARLD|BRHARLD|100066570|Shipped|||59997590000111|30494-080|MINAS GERAIS|BR|ANDRE/TRANSP||3|20|20|174|174|Y|06-26-2026 14:20:00|06-26-2026 00:00:00|06-13-2026 00:00:00|06-13-2026 00:00:00||06-26-2026 15:17:12|06-27-2026 11:57:09|06-27-2026 12:02:43|06-27-2026 13:18:36||06-27-2026 13:21:36|07-01-2026 09:15:29|07-01-2026 09:21:03|23.03|115.02|91.99
BRCJM01|BRHARLD|BRHARLD|100066571|Shipped|||13232008000125|04794-000|SAO PAULO|BR|TRANSP DSV||7|32|32|39|39|Y|06-26-2026 21:46:34|06-26-2026 00:00:00|06-11-2026 00:00:00|06-11-2026 00:00:00||06-27-2026 11:59:53|06-27-2026 12:51:45|06-27-2026 13:05:50|06-27-2026 15:15:33||06-27-2026 15:16:57|07-01-2026 09:15:34|07-01-2026 09:18:25|17.51|107.53|90.02
BRCJM01|BRHARLD|BRHARLD|100066572|Shipped|||13244867000134|13092-305|SAO PAULO|BR|TAC CPQ||4|0|0|11|11|Y|06-26-2026 21:46:35|06-26-2026 00:00:00|02-20-2026 00:00:00|02-20-2026 00:00:00||06-27-2026 07:44:14|06-27-2026 12:20:50|06-27-2026 12:31:51|06-27-2026 14:29:56||06-27-2026 14:31:07|07-01-2026 09:15:36|07-01-2026 09:20:57|16.74|107.57|90.83
BRCJM01|BRHARLD|BRHARLD|100066573|Shipped|||13268423000139|90160-003|RIO GRANDE DO SUL|BR|TRANSTRY||24|19|19|52|52|Y|06-26-2026 21:46:35|06-26-2026 00:00:00|06-25-2026 00:00:00|06-25-2026 00:00:00||06-27-2026 07:44:16|06-28-2026 06:14:17|06-28-2026 08:38:41|06-28-2026 11:20:51||06-28-2026 11:28:03|07-01-2026 09:16:22|07-01-2026 09:20:58|37.69|107.57|69.88
BRCJM01|BRHARLD|BRHARLD|100066574|Shipped|||01693497000133|80740-000|PARANA|BR|TAC CWB||2|0|0|4|4|Y|06-26-2026 21:46:35|06-26-2026 00:00:00|06-02-2026 00:00:00|06-02-2026 00:00:00||06-27-2026 11:59:53|06-27-2026 14:41:45|06-27-2026 14:43:36|06-27-2026 15:00:33||06-27-2026 15:01:36|07-01-2026 09:16:25|07-01-2026 09:18:24|17.25|107.53|90.28
BRCJM01|BRHARLD|BRHARLD|100066575|Shipped|||13685709000110|70750-525|DISTRITO FEDERAL|BR|ALL IN||3|9|9|9|9|Y|06-26-2026 21:47:36|06-26-2026 00:00:00|11-19-2025 00:00:00|11-19-2025 00:00:00||06-27-2026 07:44:13|06-27-2026 11:34:31|06-27-2026 11:38:34|06-27-2026 14:41:16||06-27-2026 14:43:08|07-01-2026 09:16:29|07-01-2026 09:20:59|16.93|107.56|90.63
BRCJM01|BRHARLD|BRHARLD|100066576|Shipped|||14296414000114|88085-150|SANTA CATARINA|BR|TAC CWB||27|106|106|151|151|Y|06-26-2026 21:47:35|06-26-2026 00:00:00|06-25-2026 00:00:00|06-25-2026 00:00:00||06-27-2026 07:44:17|06-27-2026 09:33:55|06-27-2026 15:58:16|06-27-2026 18:39:31||06-27-2026 18:47:50|07-01-2026 09:16:56|07-01-2026 09:18:26|21|107.51|86.51
BRCJM01|BRHARLD|BRHARLD|100066577|Shipped|||16520353000152|14024-800|SAO PAULO|BR|ALL IN||1|4|4|4|4|Y|06-26-2026 21:47:36|06-26-2026 00:00:00|06-02-2026 00:00:00|06-02-2026 00:00:00||06-27-2026 07:44:14|06-27-2026 12:40:09|06-27-2026 12:41:08|06-27-2026 14:34:55||06-27-2026 14:35:14|07-01-2026 09:16:59|07-01-2026 09:21:00|16.79|107.56|90.76
BRCJM01|BRHARLD|BRHARLD|100066578|Shipped|||19231827000134|22790-702|RIO DE JANEIRO|BR|ANDRE/TRANSP||3|2|2|4|4|Y|06-26-2026 21:47:36|06-26-2026 00:00:00|05-29-2026 00:00:00|05-29-2026 00:00:00||06-27-2026 07:44:14|06-27-2026 12:34:28|06-27-2026 12:37:07|06-27-2026 13:57:15||06-27-2026 13:58:22|07-01-2026 09:17:07|07-01-2026 09:21:01|16.18|107.56|91.38
BRCJM01|BRHARLD|BRHARLD|100066579|Shipped|||13244867000304|13295-622|SAO PAULO|BR|TAC CPQ||2|0|0|16|16|Y|06-26-2026 21:47:36|06-26-2026 00:00:00|06-26-2026 00:00:00|06-26-2026 00:00:00||06-27-2026 07:44:19|06-27-2026 14:32:26|06-27-2026 14:35:47|06-27-2026 14:52:45||06-27-2026 14:54:05|07-01-2026 09:17:09|07-01-2026 09:20:57|17.11|107.56|90.45
BRCJM01|BRHARLD|BRHARLD|100066580|Shipped|||01693497000214|86020-000|PARANA|BR|ALL IN||11|13|13|18|18|Y|06-26-2026 21:47:36|06-26-2026 00:00:00|06-09-2026 00:00:00|06-09-2026 00:00:00||06-27-2026 11:59:53|06-28-2026 06:35:22|06-28-2026 06:52:30|06-28-2026 10:12:35||06-28-2026 10:13:42|07-01-2026 09:17:21|07-01-2026 09:20:55|36.44|107.56|71.12
BRCJM01|BRHARLD|BRHARLD|100066581|Shipped|||23633012000159|69050-055|AMAZONAS|BR|NORTEX||1|1|1|1|1|Y|06-26-2026 21:47:37|06-26-2026 00:00:00|04-22-2026 00:00:00|04-22-2026 00:00:00||06-27-2026 07:44:14|06-27-2026 16:58:23|06-27-2026 16:58:23|06-28-2026 09:55:25||06-28-2026 09:57:20|07-01-2026 09:17:25|07-01-2026 09:21:03|36.16|107.56|71.4
BRCJM01|BRHARLD|BRHARLD|100066582|Shipped|||59997590000111|30494-080|MINAS GERAIS|BR|ANDRE/TRANSP||9|59|59|67|67|Y|06-26-2026 21:47:36|06-26-2026 00:00:00|06-12-2026 00:00:00|06-12-2026 00:00:00|06-27-2026 07:44:15|06-27-2026 11:59:54|06-27-2026 17:01:44|06-29-2026 08:56:07|06-29-2026 09:01:51||06-29-2026 09:02:59|07-01-2026 09:17:28|07-01-2026 09:21:04|59.26|107.56|48.3
BRCJM01|BRHARLD|BRHARLD|100066583|Shipped|||19231827000134|22790-702|RIO DE JANEIRO|BR|ANDRE/TRANSP||59|13|13|135|135|Y|06-27-2026 14:41:57|06-27-2026 00:00:00|10-01-2025 00:00:00|10-01-2025 00:00:00|06-28-2026 07:39:06|06-28-2026 07:47:21|06-28-2026 10:07:26|06-28-2026 12:02:58|06-28-2026 13:16:29||06-28-2026 13:19:41|07-01-2026 09:17:51|07-01-2026 09:21:01|22.63|90.65|68.02
BRCJM01|BRHARLD|BRHARLD|100066584|Shipped|||13232008000125|04794-000|SAO PAULO|BR|TRANSP DSV||1|0|0|1|1|Y|06-28-2026 01:34:06|06-27-2026 00:00:00|03-08-2025 00:00:00|03-08-2025 00:00:00||06-28-2026 07:39:02|06-28-2026 09:02:04|06-28-2026 09:02:04|06-28-2026 09:51:54||06-28-2026 09:53:03|07-01-2026 09:17:54|07-01-2026 09:20:56|8.32|79.78|71.46
BRCJM01|BRHARLD|BRHARLD|100066585|Shipped|||13304379000175|74823-420|GOIAS|BR|ALL IN||1|2|2|2|2|Y|06-28-2026 01:34:06|06-27-2026 00:00:00|05-26-2026 00:00:00|05-26-2026 00:00:00||06-28-2026 07:39:06|06-28-2026 09:06:35|06-28-2026 09:06:35|06-28-2026 09:57:47||06-28-2026 10:56:24|07-01-2026 09:17:56|07-01-2026 09:20:59|9.37|79.78|70.41
BRCJM01|BRHARLD|BRHARLD|100066586|Shipped|||13685709000110|70750-525|DISTRITO FEDERAL|BR|ALL IN||2|10|10|12|12|Y|06-28-2026 01:34:05|06-27-2026 00:00:00|06-26-2026 00:00:00|06-26-2026 00:00:00||06-28-2026 07:39:06|06-28-2026 09:20:25|06-28-2026 09:22:51|06-28-2026 09:46:55||06-28-2026 09:48:10|07-01-2026 09:18:08|07-01-2026 09:20:59|8.23|79.78|71.55
BRCJM01|BRHARLD|BRHARLD|100066587|Shipped|||14296414000114|88085-150|SANTA CATARINA|BR|TAC CWB||5|4|4|5|5|Y|06-28-2026 01:34:01|06-27-2026 00:00:00|06-27-2026 00:00:00|06-27-2026 00:00:00||06-28-2026 07:39:07|06-28-2026 09:46:34|06-28-2026 09:53:03|06-28-2026 11:12:59||06-28-2026 11:16:48|07-01-2026 09:18:13|07-01-2026 09:20:59|9.71|79.78|70.07
BRCJM01|BRHARLD|BRHARLD|100066588|Shipped|||19231827000134|22790-702|RIO DE JANEIRO|BR|ANDRE/TRANSP||3|3|3|3|3|Y|06-28-2026 01:34:06|06-27-2026 00:00:00|05-20-2026 00:00:00|05-20-2026 00:00:00|06-28-2026 07:39:06|06-28-2026 07:47:23|06-28-2026 09:16:22|06-28-2026 09:19:02|06-28-2026 09:31:44||06-28-2026 09:33:11|07-01-2026 09:18:27|07-01-2026 09:21:02|7.98|79.78|71.8
BRCJM01|BRHARLD|BRHARLD|100066589|Shipped|||13244867000304|13295-622|SAO PAULO|BR|TAC CPQ||1|0|0|10|10|Y|06-28-2026 01:34:06|06-27-2026 00:00:00|06-24-2026 00:00:00|06-24-2026 00:00:00||06-28-2026 07:39:06|06-28-2026 09:12:45|06-28-2026 09:12:45|06-28-2026 09:37:56||06-28-2026 09:41:46|07-01-2026 09:18:30|07-01-2026 09:20:58|8.13|79.78|71.65
BRCJM01|BRHARLD|BRHARLD|100066590|Shipped|||59997590000111|30494-080|MINAS GERAIS|BR|ANDRE/TRANSP||9|50|50|63|63|Y|06-28-2026 01:34:06|06-27-2026 00:00:00|06-26-2026 00:00:00|06-26-2026 00:00:00||06-28-2026 07:39:07|06-28-2026 08:33:57|06-28-2026 09:13:36|06-28-2026 10:02:41||06-28-2026 10:03:22|07-01-2026 09:18:34|07-01-2026 14:01:17|8.49|84.45|75.97
BRCJM01|BRHARLD|BRHARLD|100066591|Shipped|||13232008000125|04794-000|SAO PAULO|BR|TRANSP DSV||97|199|199|408|408|Y|06-28-2026 23:53:16|06-28-2026 00:00:00|03-08-2025 00:00:00|03-08-2025 00:00:00|06-29-2026 06:21:48|06-29-2026 07:11:59|06-29-2026 09:03:50|06-29-2026 16:21:05|06-29-2026 21:28:13||06-29-2026 21:47:44|07-01-2026 09:20:58|07-01-2026 14:01:11|21.91|62.13|40.22
BRCJM01|BRHARLD|BRHARLD|100066592|Shipped|||13232008000125|04794-000|SAO PAULO|BR|TRANSP DSV||33|107|107|547|547|Y|06-28-2026 23:53:19|06-28-2026 00:00:00|05-25-2026 00:00:00|05-25-2026 00:00:00|06-29-2026 06:22:17|06-29-2026 07:12:08|06-29-2026 07:40:13|06-29-2026 08:41:17|06-29-2026 09:30:56||06-29-2026 09:32:12|07-01-2026 09:21:05|07-01-2026 14:01:11|9.65|62.13|52.48
BRCJM01|BRHARLD|BRHARLD|100066593|Shipped|||13244867000134|13092-305|SAO PAULO|BR|TAC CPQ||42|46|46|159|159|Y|06-28-2026 23:53:18|06-28-2026 00:00:00|02-20-2026 00:00:00|02-20-2026 00:00:00||06-29-2026 06:21:50|06-29-2026 06:36:47|06-29-2026 08:06:17|06-29-2026 09:14:29||06-29-2026 09:25:04|07-01-2026 09:23:22|07-01-2026 14:01:12|9.53|62.13|52.6
BRCJM01|BRHARLD|BRHARLD|100066594|Shipped|||13268423000139|90160-003|RIO GRANDE DO SUL|BR|TRANSTRY||24|14|14|170|170|Y|06-28-2026 23:54:24|06-28-2026 00:00:00|11-27-2025 00:00:00|11-27-2025 00:00:00||06-29-2026 06:21:48|06-29-2026 06:55:03|06-29-2026 08:07:18|06-29-2026 08:40:03||06-29-2026 08:41:57|07-01-2026 09:24:11|07-01-2026 14:01:13|8.79|62.11|53.32
BRCJM01|BRHARLD|BRHARLD|100066595|Shipped|||01693497000133|80740-000|PARANA|BR|TAC CWB||1|0|0|1|1|Y|06-28-2026 23:54:25|06-28-2026 00:00:00|03-16-2026 00:00:00|03-16-2026 00:00:00||06-29-2026 06:22:09|06-29-2026 07:32:51|06-29-2026 07:32:51|06-29-2026 10:03:10||06-29-2026 10:03:53|07-01-2026 09:24:15|07-01-2026 14:01:07|10.16|62.11|51.95
BRCJM01|BRHARLD|BRHARLD|100066596|Shipped|||13304379000175|74823-420|GOIAS|BR|ALL IN||29|22|22|58|58|Y|06-28-2026 23:53:20|06-28-2026 00:00:00|03-16-2026 00:00:00|03-16-2026 00:00:00|06-29-2026 11:41:22|06-29-2026 11:42:57|06-29-2026 16:43:44|06-29-2026 17:12:48|06-29-2026 19:08:03||06-29-2026 19:13:14|07-01-2026 09:31:21|07-01-2026 14:01:13|19.33|62.13|42.8
BRCJM01|BRHARLD|BRHARLD|100066597|Shipped|||13685709000110|70750-525|DISTRITO FEDERAL|BR|ALL IN||50|175.4|174|273|273|Y|06-28-2026 23:53:22|06-28-2026 00:00:00|03-07-2026 00:00:00|03-07-2026 00:00:00||06-29-2026 06:22:00|06-29-2026 06:35:25|06-29-2026 07:25:24|06-29-2026 08:09:02||06-29-2026 08:13:25|07-01-2026 09:31:35|07-01-2026 14:01:14|8.33|62.13|53.8
BRCJM01|BRHARLD|BRHARLD|100066598|Shipped|||14296414000114|88085-150|SANTA CATARINA|BR|TAC CWB||36|35|35|118|118|Y|06-28-2026 23:53:22|06-28-2026 00:00:00|04-17-2026 00:00:00|04-17-2026 00:00:00|06-29-2026 06:22:15|06-29-2026 07:12:07|06-29-2026 08:17:20|06-29-2026 09:23:16|06-29-2026 10:13:44||06-29-2026 10:15:07|08-12-2026 05:47:48|08-13-2026 14:41:17|10.36|1094.8|1084.44
BRCJM01|BRHARLD|BRHARLD|100066599|Shipped|||16520353000152|14024-800|SAO PAULO|BR|ALL IN||30|9|9|69|69|Y|06-28-2026 23:54:26|06-28-2026 00:00:00|03-04-2026 00:00:00|03-04-2026 00:00:00||06-29-2026 06:21:52|06-29-2026 06:39:46|06-29-2026 19:55:37|06-29-2026 20:33:26||06-29-2026 20:36:09|07-01-2026 09:32:27|07-01-2026 14:01:14|20.7|62.11|41.42
BRCJM01|BRHARLD|BRHARLD|100066600|Shipped|||19231827000134|22790-702|RIO DE JANEIRO|BR|ANDRE/TRANSP||60|79|79|681|681|Y|06-28-2026 23:54:25|06-28-2026 00:00:00|03-12-2026 00:00:00|03-12-2026 00:00:00||06-29-2026 06:22:06|06-29-2026 06:39:38|06-29-2026 10:34:33|06-29-2026 12:21:35||06-29-2026 21:42:12|07-01-2026 09:33:31|07-01-2026 14:01:15|21.8|62.11|40.32
BRCJM01|BRHARLD|BRHARLD|100066601|Shipped|||20110460000180|18047-620|SAO PAULO|BR|TAC SOR||44|84.61|71|169|169|Y|06-28-2026 23:54:27|06-28-2026 00:00:00|03-04-2026 00:00:00|03-04-2026 00:00:00|06-29-2026 06:21:57|06-29-2026 07:12:02|06-29-2026 09:04:10|06-29-2026 19:29:52|06-29-2026 20:12:01||06-29-2026 20:12:36|07-01-2026 09:33:52|07-01-2026 14:01:16|20.3|62.11|41.81
BRCJM01|BRHARLD|BRHARLD|100066602|Shipped|||13244867000304|13295-622|SAO PAULO|BR|TAC CPQ||42|81|81|178|170|N|06-28-2026 23:54:26|06-28-2026 00:00:00|03-11-2026 00:00:00|03-11-2026 00:00:00|06-29-2026 06:22:05|06-29-2026 07:12:04|06-29-2026 08:41:19|06-29-2026 20:39:29|06-29-2026 21:30:00||06-29-2026 21:40:49|07-03-2026 11:30:16|07-03-2026 15:27:13|21.77|111.55|89.77
BRCJM01|BRHARLD|BRHARLD|100066603|Shipped|||23633012000159|69050-055|AMAZONAS|BR|NORTEX||18|4|4|24|24|Y|06-28-2026 23:54:26|06-28-2026 00:00:00|03-11-2026 00:00:00|03-11-2026 00:00:00||06-29-2026 06:22:05|06-29-2026 06:42:43|06-29-2026 07:24:05|06-29-2026 10:12:15||06-29-2026 10:13:59|07-01-2026 09:35:21|07-01-2026 14:01:16|10.33|62.11|51.79
BRCJM01|BRHARLD|BRHARLD|100066604|Shipped|||59997590000111|30494-080|MINAS GERAIS|BR|ANDRE/TRANSP||48|65|65|140|140|Y|06-28-2026 23:54:27|06-28-2026 00:00:00|03-06-2026 00:00:00|03-06-2026 00:00:00|06-29-2026 06:22:00|06-29-2026 07:12:03|06-29-2026 08:37:14|06-29-2026 10:01:26|06-29-2026 11:34:02||06-29-2026 11:43:46|07-01-2026 09:35:54|07-01-2026 14:01:17|11.82|62.11|50.29
BRCJM01|BRHARLD|BRHARLD|100066605|Shipped|||61810431000108|29060-730|ESPIRITO SANTO|BR|AEREO||1|0|0|2|2|Y|06-28-2026 23:54:27|06-28-2026 00:00:00|01-06-2026 00:00:00|01-06-2026 00:00:00||06-29-2026 06:21:50|06-29-2026 07:29:51|06-29-2026 07:29:51|06-29-2026 10:01:18||06-29-2026 10:01:56|07-01-2026 09:35:58|07-01-2026 14:01:18|10.12|62.11|51.99
BRCJM01|BRHARLD|BRHARLD|100066606|Shipped|||61810431000108|29060-730|ESPIRITO SANTO|BR|AEREO||17|15|15|43|43|Y|06-28-2026 23:54:27|06-28-2026 00:00:00|03-16-2026 00:00:00|03-16-2026 00:00:00|06-29-2026 11:37:24|06-29-2026 11:48:00|06-29-2026 13:54:13|06-29-2026 16:33:13|06-29-2026 18:23:22||06-29-2026 18:27:13|07-01-2026 09:36:20|07-01-2026 14:01:18|18.55|62.11|43.57
BRCJM01|BRHARLD|BRHARLD|100066607|Shipped|||13244867000134|13092-305|SAO PAULO|BR|TAC CPQ||1|10|10|10|10|Y|06-29-2026 11:57:59|06-29-2026 00:00:00|02-12-2026 00:00:00|02-12-2026 00:00:00|06-29-2026 17:30:28|06-29-2026 17:31:29|06-29-2026 18:06:27|06-29-2026 18:06:27|06-29-2026 19:33:36||06-29-2026 19:34:10|07-01-2026 09:36:24|07-01-2026 14:01:12|7.6|50.05|42.45
BRCJM01|BRHARLD|BRHARLD|100066608|Shipped|||01693497000214|86020-000|PARANA|BR|ALL IN||9|3|3|13|13|Y|06-29-2026 12:09:05|06-29-2026 00:00:00|05-22-2026 00:00:00|05-22-2026 00:00:00|06-29-2026 12:19:23|06-29-2026 12:26:52|06-29-2026 13:51:37|06-29-2026 17:52:37|06-29-2026 19:26:25||06-29-2026 19:27:23|07-01-2026 09:36:41|07-01-2026 14:01:07|7.31|49.87|42.56
BRCJM01|BRHARLD|BRHARLD|100066609|Shipped|||01693497000214|86020-000|PARANA|BR|ALL IN||18|0|0|21|21|Y|06-29-2026 12:09:06|06-29-2026 00:00:00|06-25-2026 00:00:00|06-25-2026 00:00:00||06-29-2026 12:19:23|06-29-2026 16:39:37|06-29-2026 17:17:13|06-29-2026 19:43:12||06-29-2026 19:43:43|07-01-2026 09:36:49|07-01-2026 14:01:08|7.58|49.87|42.29
BRCJM01|BRHARLD|BRHARLD|100066610|Shipped|||01693497000214|86020-000|PARANA|BR|ALL IN||7|0|0|11|11|Y|06-29-2026 12:28:12|06-29-2026 00:00:00|06-28-2026 00:00:00|06-28-2026 00:00:00||06-29-2026 12:37:58|06-29-2026 17:26:24|06-29-2026 17:35:35|06-29-2026 19:48:34||06-29-2026 19:49:07|07-01-2026 09:36:51|07-01-2026 14:01:08|7.35|49.55|42.2
BRCJM01|BRHARLD|BRHARLD|100066611|Shipped|||13244867000134|13092-305|SAO PAULO|BR|TAC CPQ||1|0|0|1|1|Y|06-29-2026 17:17:11|06-29-2026 00:00:00|06-29-2026 00:00:00|06-29-2026 00:00:00||06-29-2026 17:22:30|06-29-2026 18:11:16|06-29-2026 18:11:16|06-29-2026 19:35:51||06-29-2026 19:36:31|07-01-2026 09:36:53|07-01-2026 14:01:12|2.32|44.73|42.41
BRCJM01|BRHARLD|BRHARLD|100066612|Shipped|||01693497000214|86020-000|PARANA|BR|ALL IN||16|0|0|35|35|Y|06-29-2026 18:18:26|06-29-2026 00:00:00|04-01-2025 00:00:00|04-01-2025 00:00:00|06-29-2026 19:29:30|06-29-2026 19:31:45|06-29-2026 19:57:24|06-29-2026 20:16:41|06-29-2026 21:15:50||06-29-2026 21:17:55|07-01-2026 09:37:05|07-01-2026 14:01:08|2.99|43.71|40.72
BRCJM01|BRHARLD|BRHARLD|100066613|Shipped|||02273580000469|07789-100|SAO PAULO|BR|TRANSP DSV||9|0|0|41|41|Y|06-30-2026 10:55:58|06-30-2026 00:00:00|04-27-2026 00:00:00|04-27-2026 00:00:00||06-30-2026 13:39:05|06-30-2026 16:30:56|06-30-2026 16:54:30|06-30-2026 17:34:46||06-30-2026 17:37:23|06-30-2026 17:37:23|07-07-2026 07:58:16|6.69|165.04|158.35
BRCJM01|BRHARLD|BRHARLD|100066614|Shipped|||13232008000125|04794-000|SAO PAULO|BR|TRANSP DSV||1|0|0|5|5|Y|06-30-2026 11:26:11|06-30-2026 00:00:00|06-26-2026 00:00:00|06-26-2026 00:00:00||06-30-2026 13:39:06|06-30-2026 17:09:29|06-30-2026 17:09:29|06-30-2026 17:28:49||06-30-2026 17:29:46|06-30-2026 17:29:46|07-07-2026 11:53:48|6.06|168.46|162.4
BRCJM01|BRHARLD|BRHARLD|100066615|Shipped|||13244867000134|13092-305|SAO PAULO|BR|TAC CPQ||1|0|0|5|5|Y|06-30-2026 11:26:11|06-30-2026 00:00:00|06-26-2026 00:00:00|06-26-2026 00:00:00||06-30-2026 13:39:06|06-30-2026 17:22:46|06-30-2026 17:22:46|06-30-2026 18:05:19||06-30-2026 18:06:27|06-30-2026 18:06:27|07-07-2026 11:53:48|6.67|168.46|161.79
BRCJM01|BRHARLD|BRHARLD|100066616|Shipped|||13268423000139|90160-003|RIO GRANDE DO SUL|BR|TRANSTRY||1|0|0|5|5|Y|06-30-2026 11:26:11|06-30-2026 00:00:00|06-26-2026 00:00:00|06-26-2026 00:00:00||06-30-2026 13:39:06|06-30-2026 17:23:41|06-30-2026 17:23:41|06-30-2026 17:36:42||06-30-2026 17:37:38|06-30-2026 17:37:38|07-07-2026 11:53:49|6.19|168.46|162.27
BRCJM01|BRHARLD|BRHARLD|100066617|Shipped|||01693497000133|80740-000|PARANA|BR|TAC CWB||1|0|0|5|5|Y|06-30-2026 11:26:11|06-30-2026 00:00:00|06-26-2026 00:00:00|06-26-2026 00:00:00||06-30-2026 13:39:06|06-30-2026 17:27:51|06-30-2026 17:27:51|06-30-2026 18:24:29||06-30-2026 18:25:41|08-12-2026 05:40:45|08-13-2026 14:41:07|6.99|1059.25|1052.26
BRCJM01|BRHARLD|BRHARLD|100066618|Shipped|||13304379000175|74823-420|GOIAS|BR|ALL IN||1|0|0|2|2|Y|06-30-2026 11:26:11|06-30-2026 00:00:00|06-26-2026 00:00:00|06-26-2026 00:00:00||06-30-2026 13:39:06|06-30-2026 17:26:20|06-30-2026 17:26:20|06-30-2026 18:31:31||06-30-2026 18:32:34|06-30-2026 18:32:34|07-07-2026 11:53:49|7.11|168.46|161.35
BRCJM01|BRHARLD|BRHARLD|100066619|Shipped|||14296414000114|88085-150|SANTA CATARINA|BR|TAC CWB||1|0|0|5|5|Y|06-30-2026 11:26:11|06-30-2026 00:00:00|06-26-2026 00:00:00|06-26-2026 00:00:00||06-30-2026 13:39:06|06-30-2026 17:26:55|06-30-2026 17:26:55|06-30-2026 18:17:03||06-30-2026 18:17:49|08-12-2026 05:41:18|08-13-2026 14:41:17|6.86|1059.25|1052.39
BRCJM01|BRHARLD|BRHARLD|100066620|Shipped|||16520353000152|14024-800|SAO PAULO|BR|ALL IN||1|0|0|5|5|Y|06-30-2026 11:26:11|06-30-2026 00:00:00|06-26-2026 00:00:00|06-26-2026 00:00:00||06-30-2026 13:39:06|06-30-2026 17:29:37|06-30-2026 17:29:37|06-30-2026 18:12:03||06-30-2026 18:12:51|06-30-2026 18:12:51|07-07-2026 11:53:49|6.78|168.46|161.68
BRCJM01|BRHARLD|BRHARLD|100066621|Shipped|||19231827000134|22790-702|RIO DE JANEIRO|BR|ANDRE/TRANSP||3|0|0|22|22|Y|06-30-2026 11:26:12|06-30-2026 00:00:00|06-26-2026 00:00:00|06-26-2026 00:00:00||06-30-2026 13:39:06|06-30-2026 17:57:02|06-30-2026 18:12:06|06-30-2026 19:26:44||06-30-2026 19:29:52|06-30-2026 19:29:52|07-07-2026 11:53:49|8.06|168.46|160.4
BRCJM01|BRHARLD|BRHARLD|100066622|Shipped|||20110460000180|18047-620|SAO PAULO|BR|TAC SOR||1|0|0|5|5|Y|06-30-2026 11:26:11|06-30-2026 00:00:00|06-26-2026 00:00:00|06-26-2026 00:00:00||06-30-2026 13:39:06|06-30-2026 17:44:41|06-30-2026 17:47:12|06-30-2026 19:38:36||06-30-2026 19:39:45|06-30-2026 19:39:45|07-07-2026 11:53:49|8.23|168.46|160.23
BRCJM01|BRHARLD|BRHARLD|100066623|Shipped|||01693497000214|86020-000|PARANA|BR|ALL IN||1|0|0|2|2|Y|06-30-2026 11:26:12|06-30-2026 00:00:00|06-26-2026 00:00:00|06-26-2026 00:00:00||06-30-2026 13:39:06|06-30-2026 17:42:22|06-30-2026 17:42:22|06-30-2026 19:45:28||06-30-2026 19:46:29|06-30-2026 19:46:29|07-07-2026 11:53:48|8.34|168.46|160.12
BRCJM01|BRHARLD|BRHARLD|100066624|Shipped|||59997590000111|30494-080|MINAS GERAIS|BR|ANDRE/TRANSP||2|0|0|4|4|Y|06-30-2026 11:26:11|06-30-2026 00:00:00|06-26-2026 00:00:00|06-26-2026 00:00:00||06-30-2026 13:39:06|06-30-2026 18:20:52|06-30-2026 18:26:27|06-30-2026 18:36:31||06-30-2026 18:37:34|06-30-2026 18:37:34|07-07-2026 11:53:49|7.19|168.46|161.27
BRCJM01|BRHARLD|BRHARLD|100066625|Shipped|||61810431000108|29060-730|ESPIRITO SANTO|BR|AEREO||1|0|0|2|2|Y|06-30-2026 11:26:12|06-30-2026 00:00:00|06-26-2026 00:00:00|06-26-2026 00:00:00||06-30-2026 13:39:07|06-30-2026 17:43:33|06-30-2026 17:43:33|06-30-2026 19:41:11||06-30-2026 19:41:40|06-30-2026 19:41:40|07-07-2026 11:53:49|8.26|168.46|160.2
BRCJM01|BRHARLD|BRHARLD|100066626|Shipped|||14296414000114|88085-150|SANTA CATARINA|BR|TAC CWB||1|1|1|1|1|Y|06-30-2026 14:44:02|06-30-2026 00:00:00|06-01-2026 00:00:00|06-01-2026 00:00:00||07-01-2026 09:58:15|07-01-2026 11:03:14|07-01-2026 11:03:14|07-01-2026 13:55:26||07-01-2026 13:57:17|07-06-2026 09:05:46|07-06-2026 09:50:25|23.22|139.11|115.89
BRCJM01|BRHARLD|BRHARLD|100066628|Shipped|||02273580000469|07789-100|SAO PAULO|BR|TRANSP DSV||1|0|0|1|1|Y|07-01-2026 03:04:54|06-30-2026 00:00:00|02-27-2026 00:00:00|02-27-2026 00:00:00||07-01-2026 09:58:05|07-01-2026 11:18:42|07-01-2026 11:18:42|07-01-2026 13:42:06||07-01-2026 13:42:25|07-06-2026 09:05:49|07-06-2026 09:50:22|10.63|126.76|116.13
BRCJM01|BRHARLD|BRHARLD|100066629|Shipped|||13232008000125|04794-000|SAO PAULO|BR|TRANSP DSV||50|13|13|83|83|Y|07-01-2026 03:04:55|06-30-2026 00:00:00|06-29-2026 00:00:00|06-29-2026 00:00:00|07-06-2026 20:27:58|07-06-2026 20:31:19|07-06-2026 21:31:13|07-06-2026 22:37:14|07-08-2026 12:02:23||07-08-2026 12:03:39|07-14-2026 11:02:19|07-14-2026 11:17:43|176.98|320.21|143.23
BRCJM01|BRHARLD|BRHARLD|100066630|Shipped|||13232008000125|04794-000|SAO PAULO|BR|TRANSP DSV||2|0|0|3|3|Y|07-01-2026 03:04:56|06-30-2026 00:00:00|06-29-2025 00:00:00|06-29-2025 00:00:00|07-01-2026 09:58:00|07-02-2026 09:59:09|07-02-2026 15:45:04|07-02-2026 15:45:52|07-02-2026 22:37:35||07-02-2026 23:18:09|07-13-2026 15:43:12|07-13-2026 16:05:05|44.22|301|256.78
BRCJM01|BRHARLD|BRHARLD|100066631|Shipped|||13232008000125|04794-000|SAO PAULO|BR|TRANSP DSV||51|3|3|204|204|Y|07-01-2026 03:04:56|06-30-2026 00:00:00|05-01-2026 00:00:00|05-01-2026 00:00:00|07-03-2026 14:46:31|07-06-2026 15:45:30|07-06-2026 23:39:41|07-08-2026 22:15:35|07-08-2026 23:35:22||07-08-2026 23:42:09|07-14-2026 11:04:16|07-14-2026 11:17:44|188.62|320.21|131.59
BRCJM01|BRHARLD|BRHARLD|100066632|Shipped|||13244867000134|13092-305|SAO PAULO|BR|TAC CPQ||6|2|2|11|11|Y|07-01-2026 03:04:56|06-30-2026 00:00:00|02-20-2026 00:00:00|02-20-2026 00:00:00||07-01-2026 09:58:04|07-01-2026 11:04:29|07-01-2026 11:09:24|07-01-2026 13:52:20||07-01-2026 13:53:24|07-06-2026 09:06:07|07-06-2026 09:50:22|10.81|126.76|115.95
BRCJM01|BRHARLD|BRHARLD|100066633|Shipped|||13244867000134|13092-305|SAO PAULO|BR|TAC CPQ||8|0|0|9|9|Y|07-01-2026 03:04:57|06-30-2026 00:00:00|05-01-2026 00:00:00|05-01-2026 00:00:00|07-01-2026 09:58:14|07-02-2026 09:59:18|07-02-2026 16:50:57|07-02-2026 16:56:49|07-02-2026 22:31:22||07-02-2026 22:31:31|07-07-2026 11:36:04|07-07-2026 12:00:31|43.44|152.93|109.48
BRCJM01|BRHARLD|BRHARLD|100066634|Shipped|||13268423000139|90160-003|RIO GRANDE DO SUL|BR|TRANSTRY||25|15|15|25|25|Y|07-01-2026 03:04:58|06-30-2026 00:00:00|06-30-2026 00:00:00|06-30-2026 00:00:00||07-01-2026 17:14:22|07-01-2026 19:18:52|07-01-2026 19:48:45|07-01-2026 22:54:23||07-01-2026 22:56:45|07-06-2026 09:06:22|07-06-2026 09:50:24|19.86|126.76|106.89
BRCJM01|BRHARLD|BRHARLD|100066636|Shipped|||13268423000139|90160-003|RIO GRANDE DO SUL|BR|TRANSTRY||36|5|5|47|47|Y|07-01-2026 03:04:58|06-30-2026 00:00:00|06-29-2026 00:00:00|06-29-2026 00:00:00||07-01-2026 09:58:18|07-01-2026 10:47:20|07-01-2026 11:28:50|07-01-2026 13:36:50||07-01-2026 13:38:54|07-06-2026 09:06:32|07-06-2026 09:50:24|10.57|126.76|116.19
BRCJM01|BRHARLD|BRHARLD|100066637|Shipped|||01693497000133|80740-000|PARANA|BR|TAC CWB||97|367|367|498|498|Y|07-01-2026 03:04:59|06-30-2026 00:00:00|06-30-2026 00:00:00|06-30-2026 00:00:00|07-06-2026 15:45:44|07-06-2026 15:49:35|07-06-2026 21:41:22|07-07-2026 01:44:19|07-10-2026 09:09:16||07-10-2026 09:20:39|07-14-2026 11:06:20|07-14-2026 11:17:42|222.26|320.21|97.95
BRCJM01|BRHARLD|BRHARLD|100066638|Shipped|||01693497000133|80740-000|PARANA|BR|TAC CWB||21|26|26|67|67|Y|07-01-2026 03:04:58|06-30-2026 00:00:00|06-02-2026 00:00:00|06-02-2026 00:00:00||07-01-2026 17:14:16|07-01-2026 18:19:58|07-01-2026 18:47:37|07-01-2026 21:30:00||07-01-2026 21:33:26|07-06-2026 09:07:08|07-06-2026 09:50:21|18.47|126.76|108.28
BRCJM01|BRHARLD|BRHARLD|100066640|Shipped|||01693497000133|80740-000|PARANA|BR|TAC CWB||4|2|2|16|16|Y|07-01-2026 03:05:00|06-30-2026 00:00:00|02-19-2026 00:00:00|02-19-2026 00:00:00||07-01-2026 09:58:04|07-01-2026 11:02:52|07-01-2026 11:10:07|07-01-2026 13:46:00||07-01-2026 13:47:28|07-06-2026 09:07:13|07-06-2026 09:50:22|10.71|126.76|116.05
BRCJM01|BRHARLD|BRHARLD|100066641|Shipped|||13304379000175|74823-420|GOIAS|BR|ALL IN||9|25|25|38|38|Y|07-01-2026 03:05:01|06-30-2026 00:00:00|06-29-2026 00:00:00|06-29-2026 00:00:00|07-01-2026 09:58:20|07-02-2026 09:59:19|07-02-2026 17:57:15|07-03-2026 04:41:36|07-03-2026 04:43:26||07-03-2026 04:43:55|07-07-2026 11:37:55|07-07-2026 12:00:32|49.65|152.93|103.28
BRCJM01|BRHARLD|BRHARLD|100066642|Shipped|||13304379000175|74823-420|GOIAS|BR|ALL IN||18|0|0|22|22|Y|07-01-2026 03:05:01|06-30-2026 00:00:00|02-23-2026 00:00:00|02-23-2026 00:00:00||07-01-2026 09:58:04|07-01-2026 11:19:51|07-01-2026 12:14:07|07-01-2026 12:27:48||07-01-2026 12:32:04|07-06-2026 09:07:16|07-06-2026 09:50:24|9.45|126.76|117.31
BRCJM01|BRHARLD|BRHARLD|100066643|Shipped|||13685709000110|70750-525|DISTRITO FEDERAL|BR|ALL IN||13|24.52|14|24|24|Y|07-01-2026 03:05:01|06-30-2026 00:00:00|10-10-2025 00:00:00|10-10-2025 00:00:00|07-06-2026 20:37:12|07-06-2026 20:39:41|07-07-2026 08:33:19|07-07-2026 09:09:22|07-08-2026 15:42:22||07-08-2026 15:43:44|07-14-2026 11:06:30|07-14-2026 11:17:47|180.65|320.21|139.57
BRCJM01|BRHARLD|BRHARLD|100066644|Shipped|||13685709000110|70750-525|DISTRITO FEDERAL|BR|ALL IN||1|0|0|1|1|Y|07-01-2026 03:05:01|06-30-2026 00:00:00|02-17-2025 00:00:00|02-17-2025 00:00:00||07-01-2026 09:57:59|07-01-2026 11:00:14|07-01-2026 11:00:14|07-01-2026 13:22:07||07-01-2026 13:42:37|07-06-2026 09:07:20|07-06-2026 09:50:24|10.63|126.76|116.13
BRCJM01|BRHARLD|BRHARLD|100066645|Shipped|||13685709000110|70750-525|DISTRITO FEDERAL|BR|ALL IN||44|17|17|54|54|Y|07-01-2026 03:06:02|06-30-2026 00:00:00|03-24-2026 00:00:00|03-24-2026 00:00:00|07-01-2026 09:58:09|07-02-2026 09:59:12|07-02-2026 15:51:00|07-02-2026 17:26:23|07-02-2026 23:16:54||07-02-2026 23:18:34|07-07-2026 11:38:12|07-07-2026 12:00:33|44.21|152.91|108.7
BRCJM01|BRHARLD|BRHARLD|100066646|Shipped|||14296414000114|88085-150|SANTA CATARINA|BR|TAC CWB||22|55|55|67|67|Y|07-01-2026 03:06:02|06-30-2026 00:00:00|06-29-2026 00:00:00|06-29-2026 00:00:00||07-01-2026 09:58:20|07-01-2026 11:41:39|07-01-2026 12:08:45|07-01-2026 12:57:04||07-01-2026 13:08:13|07-06-2026 09:08:55|07-06-2026 09:50:25|10.04|126.74|116.7
BRCJM01|BRHARLD|BRHARLD|100066647|Shipped|||14296414000114|88085-150|SANTA CATARINA|BR|TAC CWB||33|0|0|46|46|Y|07-01-2026 03:06:03|06-30-2026 00:00:00|03-25-2026 00:00:00|03-25-2026 00:00:00|07-01-2026 09:58:10|07-02-2026 09:59:13|07-02-2026 15:50:46|07-02-2026 16:24:14|07-02-2026 23:13:11||07-02-2026 23:17:56|07-13-2026 15:43:44|07-13-2026 16:05:07|44.2|300.98|256.79
BRCJM01|BRHARLD|BRHARLD|100066648|Shipped|||16520353000152|14024-800|SAO PAULO|BR|ALL IN||4|5|5|7|7|Y|07-01-2026 03:06:03|06-30-2026 00:00:00|03-26-2026 00:00:00|03-26-2026 00:00:00|07-03-2026 14:46:27|07-06-2026 15:45:29|07-06-2026 19:53:07|07-06-2026 20:00:37|07-06-2026 21:51:38||07-06-2026 21:53:04|07-13-2026 15:44:05|07-13-2026 16:05:07|138.78|300.98|162.2
BRCJM01|BRHARLD|BRHARLD|100066649|Shipped|||16520353000152|14024-800|SAO PAULO|BR|ALL IN||2|0|0|7|7|Y|07-01-2026 03:06:03|06-30-2026 00:00:00|06-06-2025 00:00:00|06-06-2025 00:00:00||07-01-2026 09:57:59|07-01-2026 10:51:07|07-01-2026 10:52:40|07-01-2026 13:28:45||07-01-2026 13:42:23|07-06-2026 09:08:59|07-06-2026 09:50:25|10.61|126.74|116.13
BRCJM01|BRHARLD|BRHARLD|100066650|Shipped|||19231827000134|22790-702|RIO DE JANEIRO|BR|ANDRE/TRANSP||20|22|22|68|68|Y|07-01-2026 03:06:04|06-30-2026 00:00:00|06-30-2026 00:00:00|06-30-2026 00:00:00|07-06-2026 15:45:45|07-06-2026 15:54:45|07-06-2026 18:13:42|07-06-2026 21:28:12|07-07-2026 23:42:09||07-08-2026 08:48:13|07-14-2026 11:16:53|07-14-2026 11:17:47|173.7|320.2|146.49
BRCJM01|BRHARLD|BRHARLD|100066651|Shipped|||19231827000134|22790-702|RIO DE JANEIRO|BR|ANDRE/TRANSP||17|0|0|75|75|Y|07-01-2026 03:06:03|06-30-2026 00:00:00|02-01-2026 00:00:00|02-01-2026 00:00:00|07-03-2026 14:46:27|07-06-2026 15:45:27|07-06-2026 22:50:24|07-06-2026 23:30:41|07-08-2026 18:30:06||07-08-2026 18:35:47|07-14-2026 11:06:40|07-14-2026 11:17:48|183.5|320.2|136.7
BRCJM01|BRHARLD|BRHARLD|100066652|Shipped|||20110460000180|18047-620|SAO PAULO|BR|TAC SOR||5|14|14|16|16|Y|07-01-2026 03:06:04|06-30-2026 00:00:00|06-22-2026 00:00:00|06-22-2026 00:00:00|07-03-2026 14:46:32|07-06-2026 15:45:33|07-06-2026 20:08:07|07-06-2026 20:10:29|07-06-2026 22:03:03||07-06-2026 22:04:00|07-13-2026 15:44:14|07-13-2026 16:05:08|138.97|300.98|162.02
BRCJM01|BRHARLD|BRHARLD|100066653|Shipped|||20110460000180|18047-620|SAO PAULO|BR|TAC SOR||34|0|0|51|51|Y|07-01-2026 03:06:04|06-30-2026 00:00:00|01-23-2026 00:00:00|01-23-2026 00:00:00||07-01-2026 09:58:01|07-01-2026 13:16:20|07-01-2026 13:42:03|07-01-2026 19:35:54||07-01-2026 19:36:42|07-06-2026 09:09:06|07-06-2026 09:50:26|16.51|126.74|110.23
BRCJM01|BRHARLD|BRHARLD|100066654|Shipped|||13244867000304|13295-622|SAO PAULO|BR|TAC CPQ||4|1|1|15|15|Y|07-01-2026 03:06:05|06-30-2026 00:00:00|06-24-2026 00:00:00|06-24-2026 00:00:00|07-01-2026 09:58:18|07-02-2026 09:59:19|07-02-2026 17:08:01|07-02-2026 17:13:17|07-02-2026 22:20:34||07-02-2026 22:21:57|07-07-2026 11:38:16|07-07-2026 12:00:31|43.26|152.91|109.64
BRCJM01|BRHARLD|BRHARLD|100066655|Shipped|||13244867000304|13295-622|SAO PAULO|BR|TAC CPQ||35|0|0|40|40|Y|07-01-2026 03:06:06|06-30-2026 00:00:00|09-23-2025 00:00:00|09-23-2025 00:00:00||07-01-2026 09:58:00|07-01-2026 11:14:15|07-01-2026 11:46:39|07-01-2026 14:09:34||07-01-2026 14:11:19|07-06-2026 09:09:45|07-06-2026 09:50:23|11.09|126.74|115.65
BRCJM01|BRHARLD|BRHARLD|100066656|Shipped|||01693497000214|86020-000|PARANA|BR|ALL IN||16|43|43|64|64|Y|07-01-2026 03:06:05|06-30-2026 00:00:00|06-29-2026 00:00:00|06-29-2026 00:00:00||07-01-2026 17:14:21|07-01-2026 18:52:55|07-01-2026 19:12:28|07-01-2026 21:56:31||07-01-2026 21:57:44|07-06-2026 09:09:48|07-06-2026 09:50:22|18.86|126.74|107.88
BRCJM01|BRHARLD|BRHARLD|100066657|Shipped|||01693497000214|86020-000|PARANA|BR|ALL IN||6|1|1|18|18|Y|07-01-2026 03:06:05|06-30-2026 00:00:00|05-01-2026 00:00:00|05-01-2026 00:00:00|07-01-2026 09:58:15|07-02-2026 09:59:18|07-02-2026 17:17:07|07-02-2026 17:28:12|07-03-2026 00:08:18||07-03-2026 00:09:31|07-07-2026 11:38:22|07-07-2026 12:00:31|45.06|152.91|107.85
BRCJM01|BRHARLD|BRHARLD|100066658|Shipped|||23633012000159|69050-055|AMAZONAS|BR|NORTEX||16|0|0|17|17|Y|07-01-2026 03:06:06|06-30-2026 00:00:00|05-21-2026 00:00:00|05-21-2026 00:00:00||07-01-2026 09:58:15|07-01-2026 12:52:06|07-01-2026 13:06:28|07-01-2026 13:15:32||07-01-2026 14:54:30|07-13-2026 16:01:06|07-13-2026 16:05:08|11.81|300.98|289.18
BRCJM01|BRHARLD|BRHARLD|100066659|Shipped|||59997590000111|30494-080|MINAS GERAIS|BR|ANDRE/TRANSP||10|1|1|10|10|Y|07-01-2026 03:06:06|06-30-2026 00:00:00|03-27-2026 00:00:00|03-27-2026 00:00:00|07-01-2026 09:58:11|07-02-2026 09:59:15|07-02-2026 16:38:36|07-02-2026 16:44:39|07-03-2026 01:25:20||07-03-2026 02:01:41|07-07-2026 11:38:36|07-07-2026 12:00:33|46.93|152.91|105.98
BRCJM01|BRHARLD|BRHARLD|100066660|Shipped|||59997590000111|30494-080|MINAS GERAIS|BR|ANDRE/TRANSP||1|0|0|1|1|Y|07-01-2026 03:06:07|06-30-2026 00:00:00|06-10-2026 00:00:00|06-10-2026 00:00:00||07-01-2026 09:58:15|07-01-2026 10:58:05|07-01-2026 10:58:05|07-01-2026 13:24:52||07-01-2026 13:42:29|07-13-2026 15:45:11|07-13-2026 16:05:08|10.61|300.98|290.38
BRCJM01|BRHARLD|BRHARLD|100066661|Shipped|||59997590000111|30494-080|MINAS GERAIS|BR|ANDRE/TRANSP||56|7|7|81|81|Y|07-01-2026 03:06:07|06-30-2026 00:00:00|06-10-2026 00:00:00|06-10-2026 00:00:00||07-01-2026 09:58:15|07-01-2026 10:49:16|07-01-2026 14:12:46|07-01-2026 14:41:18||07-01-2026 14:42:30|07-06-2026 09:10:01|07-06-2026 09:50:26|11.61|126.74|115.13
BRCJM01|BRHARLD|BRHARLD|100066662|Shipped|||61810431000108|29060-730|ESPIRITO SANTO|BR|AEREO||2|3|3|13|13|Y|07-01-2026 03:06:07|06-30-2026 00:00:00|06-30-2026 00:00:00|06-30-2026 00:00:00|07-01-2026 09:58:22|07-02-2026 09:59:19|07-02-2026 17:02:29|07-02-2026 17:04:51|07-02-2026 22:31:02||07-02-2026 23:18:03|07-07-2026 11:38:40|07-07-2026 12:00:33|44.2|152.91|108.71
BRCJM01|BRHARLD|BRHARLD|100066663|Shipped|||61810431000108|29060-730|ESPIRITO SANTO|BR|AEREO||3|0|0|11|11|Y|07-01-2026 03:06:07|06-30-2026 00:00:00|05-01-2026 00:00:00|05-01-2026 00:00:00||07-01-2026 09:58:15|07-01-2026 11:15:27|07-01-2026 11:17:15|07-01-2026 13:46:09||07-01-2026 13:46:54|07-06-2026 09:10:04|07-06-2026 09:50:27|10.68|126.74|116.06
BRCJM01|BRHARLD|BRHARLD|100066664|Shipped|||61810431000108|29060-730|ESPIRITO SANTO|BR|AEREO||36|11|11|85|85|Y|07-01-2026 03:06:08|06-30-2026 00:00:00|03-23-2026 00:00:00|03-23-2026 00:00:00|07-01-2026 09:58:07|07-02-2026 09:59:10|07-02-2026 10:37:55|07-02-2026 23:34:04|07-03-2026 00:35:47||07-03-2026 00:38:40|07-07-2026 11:39:01|07-07-2026 12:00:34|45.54|152.91|107.37
BRCJM01|BRHARLD|BRHARLD|100066665|Shipped|||13232008000125|04794-000|SAO PAULO|BR|TRANSP DSV||48|349|349|595|588|N|07-02-2026 21:43:58|07-02-2026 00:00:00|12-26-2025 00:00:00|12-26-2025 00:00:00||07-03-2026 09:06:31|07-03-2026 13:34:53|07-07-2026 18:02:30|07-07-2026 21:08:33||07-10-2026 11:08:45|07-14-2026 11:13:15|07-14-2026 11:17:45|181.41|277.56|96.15
BRCJM01|BRHARLD|BRHARLD|100066666|Shipped|||13232008000125|04794-000|SAO PAULO|BR|TRANSP DSV||9|0|0|28|28|Y|07-02-2026 21:43:56|07-02-2026 00:00:00|05-01-2026 00:00:00|05-01-2026 00:00:00|07-07-2026 14:40:33|07-08-2026 09:03:36|07-08-2026 17:48:47|07-08-2026 18:04:52|07-11-2026 09:40:34||07-11-2026 09:45:39|07-18-2026 11:19:45|07-20-2026 08:53:38|204.03|419.16|215.13
BRCJM01|BRHARLD|BRHARLD|100066667|Shipped|||13244867000134|13092-305|SAO PAULO|BR|TAC CPQ||4|3|3|13|13|Y|07-02-2026 21:43:58|07-02-2026 00:00:00|06-24-2026 00:00:00|06-24-2026 00:00:00||07-03-2026 09:06:42|07-03-2026 14:17:47|07-03-2026 14:21:10|07-03-2026 19:13:40||07-03-2026 19:15:09|07-08-2026 10:25:17|07-08-2026 17:06:06|21.52|139.37|117.85
BRCJM01|BRHARLD|BRHARLD|100066668|Shipped|||13244867000134|13092-305|SAO PAULO|BR|TAC CPQ||2|0|0|4|4|Y|07-02-2026 21:43:58|07-02-2026 00:00:00|02-17-2025 00:00:00|02-17-2025 00:00:00||07-03-2026 09:06:29|07-03-2026 09:57:19|07-03-2026 10:01:52|07-03-2026 11:09:51||07-03-2026 11:10:31|07-07-2026 11:39:05|07-07-2026 12:00:31|13.44|110.28|96.83
BRCJM01|BRHARLD|BRHARLD|100066669|Shipped|||13244867000134|13092-305|SAO PAULO|BR|TAC CPQ||5|0|0|19|19|Y|07-02-2026 21:43:59|07-02-2026 00:00:00|03-19-2026 00:00:00|03-19-2026 00:00:00||07-03-2026 09:06:36|07-03-2026 12:57:59|07-03-2026 13:13:26|07-04-2026 17:03:16||07-04-2026 17:04:37|07-08-2026 10:25:22|07-08-2026 17:06:06|43.34|139.37|96.02
BRCJM01|BRHARLD|BRHARLD|100066670|Shipped|||13268423000139|90160-003|RIO GRANDE DO SUL|BR|TRANSTRY||5|6|6|11|11|Y|07-02-2026 21:43:59|07-02-2026 00:00:00|06-30-2026 00:00:00|06-30-2026 00:00:00||07-03-2026 09:06:50|07-03-2026 16:10:28|07-03-2026 16:21:20|07-03-2026 23:30:54||07-03-2026 23:33:16|07-13-2026 15:45:40|07-13-2026 16:05:05|25.82|258.35|232.53
BRCJM01|BRHARLD|BRHARLD|100066671|Shipped|||13268423000139|90160-003|RIO GRANDE DO SUL|BR|TRANSTRY||4|0|0|4|4|Y|07-02-2026 21:43:59|07-02-2026 00:00:00|03-25-2026 00:00:00|03-25-2026 00:00:00|07-03-2026 14:46:27|07-06-2026 15:45:28|07-06-2026 19:43:51|07-06-2026 19:48:04|07-06-2026 21:41:29||07-06-2026 21:42:52|07-13-2026 15:49:27|07-13-2026 16:05:05|95.98|258.35|162.37
BRCJM01|BRHARLD|BRHARLD|100066672|Shipped|||01693497000133|80740-000|PARANA|BR|TAC CWB||22|30|30|47|47|Y|07-02-2026 21:44:59|07-02-2026 00:00:00|06-30-2026 00:00:00|06-30-2026 00:00:00|07-03-2026 09:28:51|07-03-2026 14:46:43|07-03-2026 16:33:56|07-03-2026 17:00:47|07-04-2026 10:02:05||07-04-2026 10:03:40|07-08-2026 10:25:54|07-08-2026 17:06:05|36.31|139.35|103.04
BRCJM01|BRHARLD|BRHARLD|100066673|Shipped|||01693497000133|80740-000|PARANA|BR|TAC CWB||2|0|0|6|6|Y|07-02-2026 21:45:00|07-02-2026 00:00:00|07-01-2026 00:00:00|07-01-2026 00:00:00||07-03-2026 09:06:52|07-03-2026 14:35:36|07-03-2026 14:37:22|07-03-2026 18:54:51||07-03-2026 18:56:10|07-08-2026 10:25:59|07-08-2026 17:06:06|21.19|139.35|118.17
BRCJM01|BRHARLD|BRHARLD|100066674|Shipped|||13304379000175|74823-420|GOIAS|BR|ALL IN||4|16|16|24|24|Y|07-02-2026 21:45:00|07-02-2026 00:00:00|05-11-2026 00:00:00|05-11-2026 00:00:00||07-03-2026 09:06:41|07-03-2026 14:04:40|07-03-2026 14:07:52|07-03-2026 18:19:04||07-03-2026 18:19:56|07-08-2026 10:26:04|07-08-2026 17:06:06|20.58|139.35|118.77
BRCJM01|BRHARLD|BRHARLD|100066675|Shipped|||13304379000175|74823-420|GOIAS|BR|ALL IN||1|0|0|1|1|Y|07-02-2026 21:45:00|07-02-2026 00:00:00|12-09-2025 00:00:00|12-09-2025 00:00:00||07-03-2026 09:06:30|07-03-2026 12:08:55|07-03-2026 12:08:55|07-03-2026 18:09:41||07-03-2026 18:10:43|07-08-2026 10:26:08|07-08-2026 17:06:06|20.43|139.35|118.92
BRCJM01|BRHARLD|BRHARLD|100066676|Shipped|||13685709000110|70750-525|DISTRITO FEDERAL|BR|ALL IN||18|14|14|42|42|Y|07-02-2026 21:45:00|07-02-2026 00:00:00|12-26-2025 00:00:00|12-26-2025 00:00:00||07-03-2026 09:06:34|07-03-2026 15:38:29|07-03-2026 16:01:29|07-03-2026 17:30:00||07-03-2026 17:30:45|07-08-2026 10:26:16|07-08-2026 17:06:07|19.76|139.35|119.59
BRCJM01|BRHARLD|BRHARLD|100066677|Shipped|||13685709000110|70750-525|DISTRITO FEDERAL|BR|ALL IN||19|4|4|49|49|Y|07-02-2026 21:45:00|07-02-2026 00:00:00|07-01-2026 00:00:00|07-01-2026 00:00:00|07-03-2026 14:46:44|07-06-2026 15:45:45|07-06-2026 21:14:08|07-06-2026 21:54:45|07-08-2026 07:30:41||07-08-2026 08:38:46|07-14-2026 11:17:08|07-14-2026 11:17:47|130.9|277.55|146.65
BRCJM01|BRHARLD|BRHARLD|100066678|Shipped|||14296414000114|88085-150|SANTA CATARINA|BR|TAC CWB||10|12|12|44|44|Y|07-02-2026 21:45:01|07-02-2026 00:00:00|06-29-2026 00:00:00|06-29-2026 00:00:00||07-03-2026 09:06:45|07-03-2026 14:22:20|07-03-2026 14:32:54|07-03-2026 20:58:01||07-03-2026 21:01:44|07-08-2026 10:26:43|07-08-2026 17:06:07|23.28|139.35|116.07
BRCJM01|BRHARLD|BRHARLD|100066679|Shipped|||14296414000114|88085-150|SANTA CATARINA|BR|TAC CWB||15|0|0|15|15|Y|07-02-2026 21:45:01|07-02-2026 00:00:00|07-01-2026 00:00:00|07-01-2026 00:00:00|07-03-2026 14:46:45|07-06-2026 15:45:46|07-06-2026 22:47:24|07-06-2026 23:04:28|07-08-2026 13:00:39||07-08-2026 13:01:39|07-18-2026 11:19:49|07-20-2026 08:53:42|135.28|419.14|283.87
BRCJM01|BRHARLD|BRHARLD|100066680|Shipped|||16520353000152|14024-800|SAO PAULO|BR|ALL IN||3|5|5|7|7|Y|07-02-2026 21:45:01|07-02-2026 00:00:00|03-21-2026 00:00:00|03-21-2026 00:00:00||07-03-2026 09:06:36|07-03-2026 11:58:03|07-03-2026 12:04:38|07-03-2026 17:57:22||07-03-2026 18:00:08|07-08-2026 10:26:50|07-08-2026 17:06:07|20.25|139.35|119.1
BRCJM01|BRHARLD|BRHARLD|100066681|Shipped|||19231827000134|22790-702|RIO DE JANEIRO|BR|ANDRE/TRANSP||5|2|2|6|6|Y|07-02-2026 21:45:01|07-02-2026 00:00:00|05-12-2026 00:00:00|05-12-2026 00:00:00||07-03-2026 09:06:41|07-03-2026 13:46:51|07-03-2026 13:52:30|07-03-2026 19:03:44||07-07-2026 08:13:47|07-13-2026 15:46:12|07-13-2026 16:05:07|106.48|258.34|151.86
BRCJM01|BRHARLD|BRHARLD|100066683|Shipped|||20110460000180|18047-620|SAO PAULO|BR|TAC SOR||7|5|5|13|13|Y|07-02-2026 21:45:02|07-02-2026 00:00:00|06-22-2026 00:00:00|06-22-2026 00:00:00||07-03-2026 09:06:41|07-03-2026 14:09:44|07-03-2026 14:13:51|07-03-2026 19:02:29||07-03-2026 19:04:53|07-08-2026 10:26:57|07-08-2026 17:06:08|21.33|139.35|118.02
BRCJM01|BRHARLD|BRHARLD|100066684|Shipped|||20110460000180|18047-620|SAO PAULO|BR|TAC SOR||4|0|0|4|4|Y|07-02-2026 21:45:02|07-02-2026 00:00:00|12-09-2025 00:00:00|12-09-2025 00:00:00||07-03-2026 09:06:30|07-03-2026 10:43:48|07-03-2026 10:52:33|07-03-2026 11:06:10||07-03-2026 11:07:26|07-07-2026 11:39:08|07-07-2026 12:00:33|13.37|110.26|96.89
BRCJM01|BRHARLD|BRHARLD|100066685|Shipped|||13244867000304|13295-622|SAO PAULO|BR|TAC CPQ||1|0|0|1|1|Y|07-02-2026 21:45:02|07-02-2026 00:00:00|06-23-2026 00:00:00|06-23-2026 00:00:00||07-03-2026 09:06:42|07-03-2026 14:15:22|07-03-2026 14:15:22|07-03-2026 18:47:36||07-03-2026 18:49:04|07-08-2026 10:26:57|07-08-2026 17:06:06|21.07|139.35|118.28
BRCJM01|BRHARLD|BRHARLD|100066686|Shipped|||13244867000304|13295-622|SAO PAULO|BR|TAC CPQ||3|0|0|11|11|Y|07-02-2026 21:45:02|07-02-2026 00:00:00|09-23-2025 00:00:00|09-23-2025 00:00:00||07-03-2026 09:06:29|07-03-2026 10:14:29|07-03-2026 10:32:21|07-03-2026 11:44:50||07-03-2026 11:45:48|07-07-2026 11:39:15|07-07-2026 12:00:32|14.01|110.26|96.25
BRCJM01|BRHARLD|BRHARLD|100066687|Shipped|||01693497000214|86020-000|PARANA|BR|ALL IN||9|3|3|35|35|Y|07-10-2026 19:37:09|07-10-2026 19:37:09|04-15-2026 00:00:00|04-15-2026 00:00:00|07-10-2026 19:46:04|07-10-2026 19:46:36|07-10-2026 19:57:30|07-10-2026 20:00:44|07-10-2026 21:05:53||07-10-2026 21:08:57|08-04-2026 11:10:27|08-04-2026 11:10:31|1.53|591.56|590.03
BRCJM01|BRHARLD|BRHARLD|100066688|Shipped|||01693497000214|86020-000|PARANA|BR|ALL IN||2|2|2|2|2|Y|07-02-2026 21:45:03|07-02-2026 00:00:00|07-01-2026 00:00:00|07-01-2026 00:00:00||07-03-2026 09:06:53|07-03-2026 14:59:41|07-03-2026 15:01:02|07-03-2026 17:45:52||07-03-2026 17:47:28|07-08-2026 10:27:02|07-08-2026 17:06:06|20.04|139.35|119.31
BRCJM01|BRHARLD|BRHARLD|100066689|Shipped|||23633012000159|69050-055|AMAZONAS|BR|NORTEX||17|0|0|20|20|Y|07-02-2026 21:45:03|07-02-2026 00:00:00|12-09-2025 00:00:00|12-09-2025 00:00:00|07-13-2026 18:20:06|07-13-2026 18:28:14|07-13-2026 19:07:01|07-13-2026 19:27:05|07-13-2026 19:55:05||07-13-2026 19:56:30|08-14-2026 09:11:34|08-14-2026 09:11:59|262.19|1019.45|757.26
BRCJM01|BRHARLD|BRHARLD|100066690|Shipped|||59997590000111|30494-080|MINAS GERAIS|BR|ANDRE/TRANSP||19|15|15|44|44|Y|07-02-2026 21:45:03|07-02-2026 00:00:00|04-15-2026 00:00:00|04-15-2026 00:00:00||07-03-2026 09:06:37|07-03-2026 13:41:45|07-03-2026 14:44:26|07-04-2026 02:22:20||07-04-2026 03:58:17|07-08-2026 10:27:18|07-08-2026 17:06:08|30.22|139.35|109.13
BRCJM01|BRHARLD|BRHARLD|100066691|Shipped|||59997590000111|30494-080|MINAS GERAIS|BR|ANDRE/TRANSP||5|0|0|7|7|Y|07-02-2026 21:45:03|07-02-2026 00:00:00|04-02-2026 00:00:00|04-02-2026 00:00:00|07-03-2026 14:46:28|07-06-2026 15:45:29|07-06-2026 20:02:33|07-06-2026 20:06:13|07-06-2026 21:56:24||07-06-2026 21:57:17|07-13-2026 15:46:21|07-13-2026 16:05:08|96.2|258.33|162.13
BRCJM01|BRHARLD|BRHARLD|100066692|Shipped|||61810431000108|29060-730|ESPIRITO SANTO|BR|AEREO||3|2|2|3|3|Y|07-02-2026 21:45:03|07-02-2026 00:00:00|07-01-2026 00:00:00|07-01-2026 00:00:00||07-03-2026 09:06:53|07-03-2026 15:05:55|07-03-2026 15:08:14|07-03-2026 17:40:53||07-03-2026 17:41:29|07-08-2026 10:27:27|07-08-2026 17:06:09|19.94|139.35|119.41
BRCJM01|BRHARLD|BRHARLD|100066693|Shipped|||61810431000108|29060-730|ESPIRITO SANTO|BR|AEREO||7|0|0|14|14|Y|07-02-2026 21:45:04|07-02-2026 00:00:00|07-01-2026 00:00:00|07-01-2026 00:00:00|07-03-2026 14:46:46|07-06-2026 15:45:46|07-06-2026 21:44:03|07-06-2026 21:53:32|07-08-2026 16:28:06||07-08-2026 16:29:24|07-14-2026 11:11:41|07-14-2026 11:17:49|138.74|277.55|138.81
BRCJM01|BRHARLD|BRHARLD|100066694|Shipped|||59997590000111|30494-080|MINAS GERAIS|BR|ANDRE/TRANSP||1|0|0|1|1|Y|07-03-2026 13:29:11|07-03-2026 00:00:00|02-23-2026 00:00:00|02-23-2026 00:00:00||07-03-2026 14:46:27|07-03-2026 16:31:02|07-03-2026 16:31:02|07-03-2026 17:06:37||07-03-2026 17:06:55|07-08-2026 10:27:30|07-08-2026 17:06:08|3.63|123.62|119.99
BRCJM01|BRHARLD|BRHARLD|100066695|Shipped|||23633012000159|69050-055|AMAZONAS|BR|NORTEX||2|0|0|2|2|Y|07-03-2026 13:53:16|07-03-2026 00:00:00|03-12-2026 00:00:00|03-12-2026 00:00:00||07-03-2026 14:46:27|07-03-2026 16:25:08|07-03-2026 16:25:48|07-03-2026 17:00:43||07-03-2026 17:02:02|07-08-2026 10:27:37|07-08-2026 17:06:08|3.15|123.21|120.07
BRCJM01|BRHARLD|BRHARLD|100066696|Shipped|||14296414000114|88085-150|SANTA CATARINA|BR|TAC CWB||1|0|0|1|1|Y|07-03-2026 14:11:29|07-03-2026 00:00:00|04-09-2026 00:00:00|04-09-2026 00:00:00||07-03-2026 14:46:28|07-03-2026 16:29:32|07-03-2026 16:29:32|07-03-2026 16:50:15||07-03-2026 16:51:16|07-08-2026 10:27:41|07-08-2026 17:06:07|2.66|122.91|120.25
BRCJM01|BRHARLD|BRHARLD|100066699|Shipped|||13232008000125|04794-000|SAO PAULO|BR|TRANSP DSV||58|66|66|185|185|Y|07-07-2026 13:49:51|07-07-2026 00:00:00|03-08-2025 00:00:00|03-08-2025 00:00:00||07-07-2026 14:40:19|07-07-2026 15:48:34|07-07-2026 18:47:19|07-09-2026 16:02:11||07-09-2026 16:05:15|07-14-2026 11:11:40|07-14-2026 11:17:46|50.26|165.47|115.21
BRCJM01|BRHARLD|BRHARLD|100066700|Shipped|||13232008000125|04794-000|SAO PAULO|BR|TRANSP DSV||6|5|5|9|9|Y|07-07-2026 13:49:54|07-07-2026 00:00:00|05-01-2026 00:00:00|05-01-2026 00:00:00||07-07-2026 14:40:34|07-07-2026 18:40:06|07-07-2026 18:48:57|07-07-2026 21:20:05||07-07-2026 21:22:14|07-13-2026 15:46:36|07-13-2026 16:05:05|7.54|146.25|138.71
BRCJM01|BRHARLD|BRHARLD|100066701|Shipped|||13244867000134|13092-305|SAO PAULO|BR|TAC CPQ||9|7|7|18|18|Y|07-07-2026 13:50:55|07-07-2026 00:00:00|04-22-2026 00:00:00|04-22-2026 00:00:00|07-08-2026 16:35:18|07-10-2026 15:35:42|07-10-2026 21:37:58|07-10-2026 21:48:22|07-11-2026 00:13:39||07-11-2026 00:16:38|07-18-2026 11:22:06|07-20-2026 08:53:38|82.43|307.05|224.62
BRCJM01|BRHARLD|BRHARLD|100066702|Shipped|||13268423000139|90160-003|RIO GRANDE DO SUL|BR|TRANSTRY||9|9|9|13|13|Y|07-07-2026 13:50:55|07-07-2026 00:00:00|05-04-2026 00:00:00|05-04-2026 00:00:00||07-07-2026 14:40:34|07-07-2026 17:45:31|07-07-2026 18:12:14|07-07-2026 19:08:09||07-07-2026 19:08:51|07-14-2026 11:11:10|07-14-2026 11:17:46|5.3|165.45|160.15
BRCJM01|BRHARLD|BRHARLD|100066703|Shipped|||01693497000133|80740-000|PARANA|BR|TAC CWB||38|93|93|152|152|Y|07-07-2026 13:50:54|07-07-2026 00:00:00|04-27-2026 00:00:00|04-27-2026 00:00:00||07-07-2026 14:40:31|07-07-2026 16:22:50|07-07-2026 17:14:35|07-08-2026 04:50:37||07-08-2026 08:41:03|07-13-2026 15:47:36|07-13-2026 16:05:04|18.84|146.24|127.4
BRCJM01|BRHARLD|BRHARLD|100066704|Shipped|||01693497000133|80740-000|PARANA|BR|TAC CWB||13|19|19|31|31|Y|07-07-2026 13:50:55|07-07-2026 00:00:00|07-03-2026 00:00:00|07-03-2026 00:00:00||07-07-2026 14:40:35|07-07-2026 18:59:26|07-07-2026 19:40:17|07-08-2026 22:45:31||07-08-2026 22:46:17|07-14-2026 11:10:59|07-14-2026 11:17:42|32.92|165.45|132.52
BRCJM01|BRHARLD|BRHARLD|100066705|Shipped|||13304379000175|74823-420|GOIAS|BR|ALL IN||9|1|1|15|15|Y|07-07-2026 13:49:53|07-07-2026 00:00:00|04-14-2026 00:00:00|04-14-2026 00:00:00||07-07-2026 14:40:25|07-07-2026 15:58:28|07-07-2026 16:16:55|07-07-2026 22:43:03||07-07-2026 22:44:16|07-13-2026 15:47:46|07-13-2026 16:05:06|8.91|146.25|137.35
BRCJM01|BRHARLD|BRHARLD|100066706|Shipped|||13685709000110|70750-525|DISTRITO FEDERAL|BR|ALL IN||14|20|20|70|70|Y|07-07-2026 13:50:56|07-07-2026 00:00:00|05-25-2026 00:00:00|05-25-2026 00:00:00||07-07-2026 14:40:35|07-07-2026 18:29:47|07-07-2026 18:42:52|07-07-2026 19:10:39||07-07-2026 19:11:55|07-13-2026 15:48:02|07-13-2026 16:05:06|5.35|146.24|140.89
BRCJM01|BRHARLD|BRHARLD|100066708|Shipped|||14296414000114|88085-150|SANTA CATARINA|BR|TAC CWB||25|17|17|51|51|Y|07-07-2026 13:50:57|07-07-2026 00:00:00|04-08-2026 00:00:00|04-08-2026 00:00:00|07-14-2026 12:12:02|07-14-2026 12:16:58|07-14-2026 12:20:26|07-14-2026 12:25:04|07-14-2026 14:43:30||07-14-2026 14:45:36|07-14-2026 14:45:36|07-20-2026 08:53:43|168.91|307.05|138.14
BRCJM01|BRHARLD|BRHARLD|100066709|Shipped|||16520353000152|14024-800|SAO PAULO|BR|ALL IN||5|4|4|7|7|Y|07-07-2026 13:50:56|07-07-2026 00:00:00|04-17-2026 00:00:00|04-17-2026 00:00:00||07-07-2026 14:40:25|07-07-2026 16:35:28|07-07-2026 16:41:06|07-07-2026 22:29:03||07-07-2026 22:31:22|07-13-2026 15:48:06|07-13-2026 16:05:07|8.67|146.24|137.56
BRCJM01|BRHARLD|BRHARLD|100066710|Shipped|||19231827000134|22790-702|RIO DE JANEIRO|BR|ANDRE/TRANSP||16|15|15|40|40|Y|07-07-2026 13:50:57|07-07-2026 00:00:00|04-17-2026 00:00:00|04-17-2026 00:00:00||07-07-2026 14:40:25|07-07-2026 16:45:57|07-07-2026 17:20:45|07-07-2026 23:08:25||07-07-2026 23:12:56|07-13-2026 15:48:37|07-13-2026 16:05:07|9.37|146.24|136.87
BRCJM01|BRHARLD|BRHARLD|100066711|Shipped|||20110460000180|18047-620|SAO PAULO|BR|TAC SOR||36|47|47|114|114|Y|07-07-2026 13:50:56|07-07-2026 00:00:00|04-24-2026 00:00:00|04-24-2026 00:00:00||07-07-2026 14:40:29|07-07-2026 17:25:39|07-09-2026 12:05:07|07-09-2026 15:18:43||07-09-2026 15:20:03|07-14-2026 11:10:54|07-14-2026 11:17:48|49.49|165.45|115.96
BRCJM01|BRHARLD|BRHARLD|100066712|Shipped|||13244867000304|13295-622|SAO PAULO|BR|TAC CPQ||7|0|0|11|11|Y|07-07-2026 13:50:57|07-07-2026 00:00:00|04-27-2026 00:00:00|04-27-2026 00:00:00|07-15-2026 16:37:52|07-15-2026 16:39:05|07-15-2026 17:04:32|07-15-2026 17:06:52|07-15-2026 17:11:55||07-15-2026 17:13:45|07-27-2026 16:08:02|07-27-2026 16:08:14|195.38|482.29|286.91
BRCJM01|BRHARLD|BRHARLD|100066713|Shipped|||13244867000304|13295-622|SAO PAULO|BR|TAC CPQ||2|0|0|4|4|Y|07-07-2026 13:50:58|07-07-2026 00:00:00|03-19-2026 00:00:00|03-19-2026 00:00:00||07-07-2026 14:40:23|07-07-2026 18:22:31|07-07-2026 18:29:16|07-08-2026 03:23:21||07-08-2026 08:41:35|07-13-2026 15:48:41|07-13-2026 16:05:05|18.84|146.24|127.39
BRCJM01|BRHARLD|BRHARLD|100066714|Shipped|||01693497000214|86020-000|PARANA|BR|ALL IN||11|2|2|13|13|Y|07-07-2026 13:50:58|07-07-2026 00:00:00|04-23-2026 00:00:00|04-23-2026 00:00:00||07-07-2026 14:40:27|07-07-2026 16:35:16|07-07-2026 16:50:23|07-07-2026 17:32:44||07-07-2026 17:35:23|07-13-2026 15:48:59|07-13-2026 16:05:04|3.74|146.24|142.49
BRCJM01|BRHARLD|BRHARLD|100066715|Shipped|||01693497000214|86020-000|PARANA|BR|ALL IN||12|13|13|18|18|Y|07-07-2026 13:50:58|07-07-2026 00:00:00|07-03-2026 00:00:00|07-03-2026 00:00:00|07-15-2026 12:36:34|07-15-2026 15:02:24|07-15-2026 18:51:40|07-15-2026 19:34:32|07-16-2026 01:23:33||07-16-2026 01:41:30|07-27-2026 16:08:06|07-27-2026 16:08:13|203.84|482.29|278.45
BRCJM01|BRHARLD|BRHARLD|100066716|Shipped|||23633012000159|69050-055|AMAZONAS|BR|NORTEX||2|0|0|3|3|Y|07-07-2026 13:50:58|07-07-2026 00:00:00|04-22-2026 00:00:00|04-22-2026 00:00:00||07-07-2026 14:40:27|07-07-2026 17:22:46|07-07-2026 17:24:50|07-07-2026 22:24:23||07-07-2026 22:25:30|07-14-2026 11:10:42|07-14-2026 11:17:49|8.58|165.45|156.87
BRCJM01|BRHARLD|BRHARLD|100066717|Shipped|||23633012000159|69050-055|AMAZONAS|BR|NORTEX||15|0|0|22|22|Y|07-07-2026 13:50:58|07-07-2026 00:00:00|12-09-2025 00:00:00|12-09-2025 00:00:00||07-07-2026 14:40:22|07-07-2026 16:07:04|07-07-2026 16:43:19|07-07-2026 17:46:02||07-07-2026 17:47:10|07-14-2026 11:10:37|07-14-2026 11:17:49|3.94|165.45|161.51
BRCJM01|BRHARLD|BRHARLD|100066718|Shipped|||59997590000111|30494-080|MINAS GERAIS|BR|ANDRE/TRANSP||35|60.61|47|86|86|Y|07-07-2026 13:50:59|07-07-2026 00:00:00|04-23-2026 00:00:00|04-23-2026 00:00:00|07-08-2026 16:35:20|07-10-2026 15:35:43|07-10-2026 21:02:11|07-10-2026 21:36:30|07-11-2026 12:38:44||07-11-2026 12:40:27|07-18-2026 11:23:24|07-20-2026 08:53:46|94.82|307.05|212.22
BRCJM01|BRHARLD|BRHARLD|100066719|Shipped|||61810431000108|29060-730|ESPIRITO SANTO|BR|AEREO||9|3|3|20|20|Y|07-07-2026 13:50:59|07-07-2026 00:00:00|05-22-2026 00:00:00|05-22-2026 00:00:00||07-07-2026 14:40:34|07-07-2026 18:57:59|07-07-2026 19:15:10|07-07-2026 20:59:53||07-10-2026 11:09:50|07-14-2026 11:10:34|07-14-2026 11:17:49|69.31|165.45|96.13
BRCJM01|BRHARLD|BRHARLD|100066720|Shipped|||61810431000108|29060-730|ESPIRITO SANTO|BR|AEREO||2|0|0|2|2|Y|07-07-2026 13:51:00|07-07-2026 00:00:00|04-01-2026 00:00:00|04-01-2026 00:00:00|07-15-2026 12:36:21|07-15-2026 15:02:17|07-15-2026 18:24:00|07-15-2026 18:25:38|07-16-2026 01:35:24||07-16-2026 01:41:32|07-22-2026 16:38:05|07-22-2026 16:38:29|203.84|362.79|158.95
BRCJM01|BRHARLD|BRHARLD|100066721|Shipped|||14696086852|04055-010|SAO PAULO|BR|TRANSP DSV||4|1|1|4|4|Y|07-07-2026 13:51:00|07-07-2026 00:00:00|06-12-2026 00:00:00|06-12-2026 00:00:00||07-07-2026 14:40:35|07-07-2026 19:47:47|07-07-2026 19:52:20|07-08-2026 22:10:38||07-08-2026 22:12:29|07-14-2026 11:10:06|07-14-2026 11:17:47|32.36|165.45|133.09
BRCJM01|BRHARLD|BRHARLD|100066722|Shipped|||13232008000125|04794-000|SAO PAULO|BR|TRANSP DSV||75|285.26|278|553|553|Y|07-08-2026 09:28:15|07-08-2026 00:00:00|04-06-2026 00:00:00|04-06-2026 00:00:00|07-14-2026 16:46:52|07-14-2026 17:26:35|07-15-2026 08:58:16|07-15-2026 10:20:49|07-15-2026 14:39:21||07-15-2026 14:59:20|07-27-2026 16:08:00|07-27-2026 16:08:14|173.52|462.67|289.15
BRCJM01|BRHARLD|BRHARLD|100066723|Shipped|||13232008000125|04794-000|SAO PAULO|BR|TRANSP DSV||1|0|0|2|2|Y|07-08-2026 09:28:18|07-08-2026 00:00:00|08-18-2025 00:00:00|08-18-2025 00:00:00||07-08-2026 12:39:32|07-09-2026 14:56:10|07-09-2026 14:56:11|07-11-2026 15:38:29||07-11-2026 15:39:40|07-18-2026 11:23:26|07-20-2026 08:53:38|78.19|287.42|209.23
BRCJM01|BRHARLD|BRHARLD|100066724|Shipped|||13232008000125|04794-000|SAO PAULO|BR|TRANSP DSV||6|11|11|13|13|Y|07-08-2026 09:28:18|07-08-2026 00:00:00|07-07-2026 00:00:00|07-07-2026 00:00:00||07-08-2026 12:40:00|07-09-2026 11:53:48|07-09-2026 12:08:38|07-10-2026 22:08:52||07-10-2026 22:09:59|07-18-2026 11:23:31|07-20-2026 08:53:38|60.69|287.42|226.73
BRCJM01|BRHARLD|BRHARLD|100066725|Shipped|||13244867000134|13092-305|SAO PAULO|BR|TAC CPQ||13|7.4|7.004|43|43|Y|07-08-2026 09:28:18|07-08-2026 00:00:00|04-13-2026 00:00:00|04-13-2026 00:00:00||07-08-2026 12:39:51|07-09-2026 14:58:47|07-09-2026 15:25:13|07-13-2026 10:08:43||07-13-2026 10:16:23|07-18-2026 11:23:49|07-20-2026 08:53:39|120.8|287.42|166.62
BRCJM01|BRHARLD|BRHARLD|100066726|Shipped|||13268423000139|90160-003|RIO GRANDE DO SUL|BR|TRANSTRY||14|4|4|14|14|Y|07-08-2026 09:28:19|07-08-2026 00:00:00|06-22-2026 00:00:00|06-22-2026 00:00:00|07-08-2026 16:35:21|07-10-2026 15:35:44|07-10-2026 18:23:39|07-10-2026 18:39:08|07-10-2026 19:18:55||07-10-2026 19:21:58|07-18-2026 11:24:32|07-20-2026 08:53:39|57.89|287.42|229.53
BRCJM01|BRHARLD|BRHARLD|100066727|Shipped|||13268423000139|90160-003|RIO GRANDE DO SUL|BR|TRANSTRY||1|1|1|1|1|Y|07-08-2026 09:28:19|07-08-2026 00:00:00|06-10-2026 00:00:00|06-10-2026 00:00:00||07-08-2026 12:39:55|07-09-2026 11:26:09|07-09-2026 11:26:09|07-10-2026 22:14:08||07-10-2026 22:15:16|07-18-2026 11:24:38|07-20-2026 08:53:39|60.78|287.42|226.64
BRCJM01|BRHARLD|BRHARLD|100066728|Shipped|||01693497000133|80740-000|PARANA|BR|TAC CWB||74|254|254|449|449|Y|07-08-2026 09:29:19|07-08-2026 00:00:00|10-27-2025 00:00:00|10-27-2025 00:00:00||07-08-2026 12:39:32|07-09-2026 06:52:15|07-09-2026 12:30:49|07-09-2026 17:17:51||07-09-2026 17:22:47|07-18-2026 11:25:20|07-20-2026 08:53:34|31.89|287.4|255.51
BRCJM01|BRHARLD|BRHARLD|100066729|Shipped|||13304379000175|74823-420|GOIAS|BR|ALL IN||20|41|41|183|183|Y|07-08-2026 09:29:20|07-08-2026 00:00:00|04-06-2026 00:00:00|04-06-2026 00:00:00||07-08-2026 12:39:46|07-09-2026 10:02:05|07-09-2026 10:40:11|07-11-2026 10:52:42||07-11-2026 10:54:48|07-18-2026 11:25:32|07-20-2026 08:53:40|73.42|287.41|213.98
BRCJM01|BRHARLD|BRHARLD|100066730|Shipped|||13685709000110|70750-525|DISTRITO FEDERAL|BR|ALL IN||20|17|17|59|59|Y|07-08-2026 09:29:20|07-08-2026 00:00:00|04-09-2026 00:00:00|04-09-2026 00:00:00|07-08-2026 16:35:15|07-10-2026 15:35:40|07-10-2026 21:51:44|07-10-2026 22:16:22|07-10-2026 23:14:59||07-10-2026 23:16:53|07-18-2026 11:25:44|07-20-2026 08:53:40|61.79|287.41|225.61
BRCJM01|BRHARLD|BRHARLD|100066731|Shipped|||13685709000110|70750-525|DISTRITO FEDERAL|BR|ALL IN||20|15|15|25|25|Y|07-08-2026 09:29:21|07-08-2026 00:00:00|07-07-2026 00:00:00|07-07-2026 00:00:00|07-11-2026 19:18:47|07-11-2026 19:19:17|07-11-2026 19:36:21|07-11-2026 19:49:30|07-13-2026 06:46:37||07-13-2026 06:47:05|07-18-2026 11:25:50|07-20-2026 08:53:41|117.3|287.41|170.11
BRCJM01|BRHARLD|BRHARLD|100066732|Shipped|||14296414000114|88085-150|SANTA CATARINA|BR|TAC CWB||28|51|51|128|128|Y|07-08-2026 09:29:21|07-08-2026 00:00:00|03-25-2026 00:00:00|03-25-2026 00:00:00||07-08-2026 12:39:40|07-09-2026 08:43:40|07-13-2026 06:51:08|07-13-2026 07:39:17||07-13-2026 07:44:33|07-16-2026 12:10:45|07-16-2026 12:11:09|118.25|194.7|76.44
BRCJM01|BRHARLD|BRHARLD|100066734|Shipped|||16520353000152|14024-800|SAO PAULO|BR|ALL IN||31|28|28|181|181|Y|07-08-2026 09:29:21|07-08-2026 00:00:00|06-22-2026 00:00:00|06-22-2026 00:00:00||07-08-2026 12:39:56|07-10-2026 06:19:23|07-10-2026 07:27:20|07-10-2026 10:02:28||07-10-2026 15:40:16|07-18-2026 11:26:28|07-20-2026 08:53:44|54.18|287.41|233.22
BRCJM01|BRHARLD|BRHARLD|100066735|Shipped|||19231827000134|22790-702|RIO DE JANEIRO|BR|ANDRE/TRANSP||21|71.4|71.004|614|614|Y|07-08-2026 09:29:22|07-08-2026 00:00:00|11-04-2025 00:00:00|11-04-2025 00:00:00|07-10-2026 23:32:32|07-10-2026 23:41:34|07-11-2026 00:11:48|07-11-2026 00:18:11|07-11-2026 01:36:38||07-11-2026 01:57:35|07-18-2026 11:28:13|07-20-2026 08:53:45|64.47|287.41|222.94
BRCJM01|BRHARLD|BRHARLD|100066736|Shipped|||20110460000180|18047-620|SAO PAULO|BR|TAC SOR||37|72|72|248|248|Y|07-08-2026 09:29:22|07-08-2026 00:00:00|06-22-2026 00:00:00|06-22-2026 00:00:00|07-15-2026 12:36:33|07-15-2026 15:02:22|07-15-2026 18:02:54|07-15-2026 21:18:58|07-16-2026 00:45:05||07-16-2026 00:51:41|07-22-2026 16:38:05|07-22-2026 16:38:28|183.37|343.15|159.78
BRCJM01|BRHARLD|BRHARLD|100066737|Shipped|||13244867000304|13295-622|SAO PAULO|BR|TAC CPQ||15|37|37|168|168|Y|07-08-2026 09:29:22|07-08-2026 00:00:00|04-08-2026 00:00:00|04-08-2026 00:00:00||07-08-2026 12:39:47|07-09-2026 13:45:25|07-09-2026 14:13:21|07-09-2026 19:11:35||07-09-2026 19:16:21|07-14-2026 11:10:06|07-14-2026 11:17:46|33.78|145.81|112.02
BRCJM01|BRHARLD|BRHARLD|100066738|Shipped|||13244867000304|13295-622|SAO PAULO|BR|TAC CPQ||1|1|1|1|1|Y|07-08-2026 09:29:22|07-08-2026 00:00:00|07-06-2026 00:00:00|07-06-2026 00:00:00||07-08-2026 12:40:00|07-09-2026 11:19:09|07-09-2026 11:19:09|07-09-2026 13:33:33||07-09-2026 13:33:54|07-14-2026 11:09:44|07-14-2026 11:17:46|28.08|145.81|117.73
BRCJM01|BRHARLD|BRHARLD|100066739|Shipped|||01693497000214|86020-000|PARANA|BR|ALL IN||33|73|73|140|140|Y|07-08-2026 09:29:23|07-08-2026 00:00:00|03-04-2026 00:00:00|03-04-2026 00:00:00|07-08-2026 16:35:08|07-10-2026 15:35:33|07-10-2026 21:43:18|07-10-2026 22:32:26|07-11-2026 07:50:21||07-11-2026 07:51:43|07-18-2026 11:28:35|07-20-2026 08:53:37|70.37|287.4|217.03
BRCJM01|BRHARLD|BRHARLD|100066740|Shipped|||23633012000159|69050-055|AMAZONAS|BR|NORTEX||6|0|0|8|8|Y|07-08-2026 09:29:23|07-08-2026 00:00:00|04-08-2026 00:00:00|04-08-2026 00:00:00||07-08-2026 12:39:48|07-08-2026 17:26:19|07-08-2026 17:33:36|07-11-2026 09:52:39||07-11-2026 09:52:47|08-04-2026 11:10:28|08-04-2026 11:10:31|72.39|649.69|577.3
BRCJM01|BRHARLD|BRHARLD|100066741|Shipped|||23633012000159|69050-055|AMAZONAS|BR|NORTEX||11|0|0|13|13|Y|07-08-2026 09:29:24|07-08-2026 00:00:00|05-01-2026 00:00:00|05-01-2026 00:00:00|07-14-2026 16:56:41|07-14-2026 16:59:58|07-14-2026 18:37:53|07-14-2026 18:44:35|07-14-2026 19:00:35||07-14-2026 19:01:26|07-18-2026 11:28:40|07-20-2026 08:53:45|153.53|287.41|133.87
BRCJM01|BRHARLD|BRHARLD|100066742|Shipped|||59997590000111|30494-080|MINAS GERAIS|BR|ANDRE/TRANSP||40|95|95|173|173|Y|07-08-2026 09:29:24|07-08-2026 00:00:00|04-10-2026 00:00:00|04-10-2026 00:00:00|07-08-2026 16:35:17|07-10-2026 15:35:41|07-10-2026 21:41:44|07-10-2026 22:18:52|07-11-2026 01:15:16||07-11-2026 01:24:39|07-18-2026 11:29:20|07-20-2026 08:53:47|63.92|287.41|223.49
BRCJM01|BRHARLD|BRHARLD|100066744|Shipped|||61810431000108|29060-730|ESPIRITO SANTO|BR|AEREO||1|2|2|2|2|Y|07-08-2026 09:29:24|07-08-2026 00:00:00|01-06-2026 00:00:00|01-06-2026 00:00:00||07-08-2026 12:39:38|07-09-2026 11:24:35|07-09-2026 11:24:36|07-09-2026 13:37:27||07-09-2026 13:38:04|07-14-2026 11:09:42|07-14-2026 11:17:49|28.14|145.81|117.66
BRCJM01|BRHARLD|BRHARLD|100066745|Shipped|||61810431000108|29060-730|ESPIRITO SANTO|BR|AEREO||6|1|1|53|53|Y|07-08-2026 09:29:24|07-08-2026 00:00:00|04-01-2026 00:00:00|04-01-2026 00:00:00||07-08-2026 12:39:42|07-09-2026 11:28:05|07-09-2026 11:37:25|07-10-2026 21:46:20||07-10-2026 21:49:06|07-18-2026 11:29:37|07-20-2026 08:53:47|60.33|287.41|227.08
BRCJM01|BRHARLD|BRHARLD|100066746|Shipped|||20110460000180|18047-620|SAO PAULO|BR|TAC SOR||1|0|0|1|1|Y|07-08-2026 09:49:29|07-08-2026 00:00:00|03-31-2026 00:00:00|03-31-2026 00:00:00||07-08-2026 12:39:42|07-09-2026 11:21:38|07-09-2026 11:21:38|07-10-2026 21:54:45||07-10-2026 21:55:27|07-18-2026 11:29:39|07-20-2026 08:53:45|60.1|287.07|226.97
BRCJM01|BRHARLD|BRHARLD|100066747|Shipped|||01693497000133|80740-000|PARANA|BR|TAC CWB||3|1|1|14|14|Y|07-08-2026 16:23:55|07-08-2026 00:00:00|07-07-2026 00:00:00|07-07-2026 00:00:00||07-10-2026 15:35:48|07-10-2026 22:13:25|07-10-2026 22:20:07|07-10-2026 23:25:30||07-10-2026 23:26:11|07-18-2026 11:29:44|07-20-2026 08:53:34|55.04|280.49|225.46
BRCJM01|BRHARLD|BRHARLD|100066748|Shipped|||13304379000175|74823-420|GOIAS|BR|ALL IN||1|0|0|1|1|Y|07-08-2026 16:24:56|07-08-2026 00:00:00|07-07-2026 00:00:00|07-07-2026 00:00:00||07-08-2026 16:35:24|07-10-2026 18:21:48|07-10-2026 18:21:48|07-10-2026 18:50:39||07-10-2026 18:51:54|07-18-2026 11:29:50|07-20-2026 08:53:40|50.45|280.48|230.03
BRCJM01|BRHARLD|BRHARLD|100066749|Shipped|||01693497000214|86020-000|PARANA|BR|ALL IN||2|0|0|3|3|Y|07-08-2026 16:24:56|07-08-2026 00:00:00|07-07-2026 00:00:00|07-07-2026 00:00:00||07-08-2026 16:35:24|07-10-2026 18:09:25|07-10-2026 18:10:25|07-10-2026 21:27:17||07-10-2026 21:28:32|07-18-2026 11:30:01|07-20-2026 08:53:37|53.06|280.48|227.42
BRCJM01|BRHARLD|BRHARLD|100066750|Shipped|||61810431000108|29060-730|ESPIRITO SANTO|BR|AEREO||1|0|0|1|1|Y|07-08-2026 16:24:56|07-08-2026 00:00:00|07-07-2026 00:00:00|07-07-2026 00:00:00||07-08-2026 16:35:25|07-10-2026 18:11:07|07-10-2026 18:11:07|07-10-2026 21:19:10||07-10-2026 21:20:13|07-18-2026 11:30:05|07-20-2026 08:53:47|52.92|280.48|227.56
BRCJM01|BRHARLD|BRHARLD|100066751|Shipped|||13232008000125|04794-000|SAO PAULO|BR|TRANSP DSV||51|19.26|14|62|62|Y|07-11-2026 03:28:43|07-10-2026 00:00:00|04-01-2026 00:00:00|04-01-2026 00:00:00|07-15-2026 15:33:08|07-16-2026 08:53:50|07-16-2026 11:50:38|07-17-2026 02:18:06|07-17-2026 22:30:45||07-17-2026 22:36:46|07-22-2026 16:38:22|07-22-2026 16:38:26|163.13|277.16|114.03
BRCJM01|BRHARLD|BRHARLD|100066752|Shipped|||13232008000125|04794-000|SAO PAULO|BR|TRANSP DSV||8|3|3|16|16|Y|07-11-2026 03:28:45|07-10-2026 00:00:00|05-01-2026 00:00:00|05-01-2026 00:00:00|07-15-2026 12:36:29|07-15-2026 15:02:21|07-15-2026 18:13:57|07-15-2026 18:26:06|07-15-2026 18:56:38||07-15-2026 18:57:09|07-22-2026 16:37:59|07-22-2026 16:38:26|111.47|277.16|165.69
BRCJM01|BRHARLD|BRHARLD|100066753|Shipped|||13244867000134|13092-305|SAO PAULO|BR|TAC CPQ||1|0|0|1|1|Y|07-11-2026 03:28:45|07-10-2026 00:00:00|05-30-2026 00:00:00|05-30-2026 00:00:00||07-13-2026 10:41:22|07-13-2026 14:14:04|07-13-2026 14:14:04|07-13-2026 14:25:14||07-13-2026 14:27:50|07-16-2026 12:10:45|07-16-2026 12:11:07|58.98|128.71|69.72
BRCJM01|BRHARLD|BRHARLD|100066754|Shipped|||13244867000134|13092-305|SAO PAULO|BR|TAC CPQ||8|0|0|13|13|Y|07-11-2026 03:28:45|07-10-2026 00:00:00|12-09-2025 00:00:00|12-09-2025 00:00:00||07-13-2026 13:44:48|07-13-2026 21:41:37|07-13-2026 21:50:27|07-14-2026 01:17:43||07-14-2026 03:43:53|07-16-2026 12:11:05|07-16-2026 12:11:07|72.25|128.71|56.45
BRCJM01|BRHARLD|BRHARLD|100066755|Shipped|||13268423000139|90160-003|RIO GRANDE DO SUL|BR|TRANSTRY||8|5|5|8|8|Y|07-11-2026 03:28:45|07-10-2026 00:00:00|05-07-2026 00:00:00|05-07-2026 00:00:00||07-13-2026 10:41:20|07-13-2026 14:10:28|07-13-2026 14:24:44|07-13-2026 16:06:54||07-13-2026 16:08:23|07-16-2026 12:10:50|07-16-2026 12:11:08|60.66|128.71|68.05
BRCJM01|BRHARLD|BRHARLD|100066756|Shipped|||13268423000139|90160-003|RIO GRANDE DO SUL|BR|TRANSTRY||4|2|2|10|10|Y|07-11-2026 03:28:45|07-10-2026 00:00:00|05-01-2026 00:00:00|05-01-2026 00:00:00||07-13-2026 13:44:52|07-13-2026 22:15:52|07-13-2026 22:18:43|07-13-2026 23:21:36||07-13-2026 23:22:20|07-16-2026 12:10:59|07-16-2026 12:11:08|67.89|128.71|60.81
BRCJM01|BRHARLD|BRHARLD|100066757|Shipped|||01693497000133|80740-000|PARANA|BR|TAC CWB||52|161.3|150|255|255|Y|07-11-2026 03:28:46|07-10-2026 00:00:00|05-21-2026 00:00:00|05-21-2026 00:00:00||07-14-2026 12:48:33|07-15-2026 02:41:55|07-15-2026 04:37:56|07-15-2026 11:08:47||07-15-2026 11:11:42|07-18-2026 11:30:57|07-20-2026 08:53:36|103.72|221.41|117.7
BRCJM01|BRHARLD|BRHARLD|100066758|Shipped|||01693497000133|80740-000|PARANA|BR|TAC CWB||5|0|0|9|9|Y|07-11-2026 03:28:47|07-10-2026 00:00:00|04-11-2026 00:00:00|04-11-2026 00:00:00||07-13-2026 13:44:50|07-13-2026 22:20:59|07-13-2026 22:32:09|07-14-2026 01:03:36||07-14-2026 01:15:13|07-16-2026 12:11:04|07-16-2026 12:11:06|69.77|128.71|58.93
BRCJM01|BRHARLD|BRHARLD|100066759|Shipped|||13304379000175|74823-420|GOIAS|BR|ALL IN||5|30|30|37|37|Y|07-11-2026 03:28:46|07-10-2026 00:00:00|07-07-2026 00:00:00|07-07-2026 00:00:00||07-13-2026 10:41:22|07-13-2026 14:39:24|07-13-2026 14:50:53|07-13-2026 16:42:10||07-13-2026 16:44:26|07-16-2026 12:10:53|07-16-2026 12:11:08|61.26|128.71|67.44
BRCJM01|BRHARLD|BRHARLD|100066760|Shipped|||13304379000175|74823-420|GOIAS|BR|ALL IN||1|0|0|3|3|Y|07-11-2026 03:28:47|07-10-2026 00:00:00|05-01-2026 00:00:00|05-01-2026 00:00:00||07-13-2026 13:44:52|07-13-2026 22:13:54|07-13-2026 22:13:54|07-13-2026 23:06:04||07-13-2026 23:06:53|07-16-2026 12:10:59|07-16-2026 12:11:08|67.64|128.71|61.07
BRCJM01|BRHARLD|BRHARLD|100066761|Shipped|||13685709000110|70750-525|DISTRITO FEDERAL|BR|ALL IN||40|240|240|325|325|Y|07-11-2026 03:28:47|07-10-2026 00:00:00|07-07-2026 00:00:00|07-07-2026 00:00:00|07-13-2026 10:41:25|07-14-2026 12:48:40|07-14-2026 21:51:37|07-15-2026 11:16:53|07-15-2026 11:19:04||07-15-2026 11:36:14|07-18-2026 11:31:31|07-20-2026 08:53:42|104.12|221.42|117.29
BRCJM01|BRHARLD|BRHARLD|100066762|Shipped|||13685709000110|70750-525|DISTRITO FEDERAL|BR|ALL IN||1|0|0|1|1|Y|07-11-2026 03:28:48|07-10-2026 00:00:00|04-10-2026 00:00:00|04-10-2026 00:00:00||07-13-2026 10:41:19|07-13-2026 14:10:29|07-13-2026 14:10:29|07-13-2026 14:44:04||07-13-2026 14:45:23|07-16-2026 12:10:45|07-16-2026 12:11:08|59.28|128.71|69.43
BRCJM01|BRHARLD|BRHARLD|100066763|Shipped|||13685709000110|70750-525|DISTRITO FEDERAL|BR|ALL IN||7|4|4|8|8|Y|07-11-2026 03:28:47|07-10-2026 00:00:00|07-04-2026 00:00:00|07-04-2026 00:00:00|07-15-2026 12:36:34|07-15-2026 15:02:25|07-15-2026 16:01:37|07-15-2026 16:11:43|07-15-2026 16:25:46||07-15-2026 16:27:33|07-27-2026 16:08:01|07-27-2026 16:08:15|108.98|396.66|287.68
BRCJM01|BRHARLD|BRHARLD|100066764|Shipped|||14296414000114|88085-150|SANTA CATARINA|BR|TAC CWB||26|20|20|68|68|Y|07-11-2026 03:28:48|07-10-2026 00:00:00|07-10-2026 00:00:00|07-10-2026 00:00:00|07-14-2026 15:22:06|07-15-2026 12:36:35|07-15-2026 16:20:22|07-15-2026 16:52:44|07-15-2026 18:30:47||07-15-2026 18:50:04|07-27-2026 16:08:05|07-27-2026 16:08:15|111.35|396.66|285.3
BRCJM01|BRHARLD|BRHARLD|100066765|Shipped|||14296414000114|88085-150|SANTA CATARINA|BR|TAC CWB||16|9|9|22|22|Y|07-11-2026 03:28:48|07-10-2026 00:00:00|04-21-2026 00:00:00|04-21-2026 00:00:00|07-15-2026 12:36:27|07-15-2026 15:02:20|07-15-2026 18:28:15|07-15-2026 18:53:35|07-16-2026 01:31:41||07-16-2026 01:41:26|07-27-2026 16:08:08|07-27-2026 16:08:16|118.21|396.66|278.45
BRCJM01|BRHARLD|BRHARLD|100066766|Shipped|||16520353000152|14024-800|SAO PAULO|BR|ALL IN||4|2|2|10|10|Y|07-11-2026 03:28:49|07-10-2026 00:00:00|07-07-2026 00:00:00|07-07-2026 00:00:00||07-14-2026 12:48:41|07-14-2026 22:05:35|07-14-2026 22:11:40|07-15-2026 00:20:15||07-15-2026 03:00:13|07-18-2026 11:31:35|07-20-2026 08:53:44|95.52|221.42|125.89
BRCJM01|BRHARLD|BRHARLD|100066767|Shipped|||16520353000152|14024-800|SAO PAULO|BR|ALL IN||16|13|13|21|21|Y|07-11-2026 03:28:49|07-10-2026 00:00:00|07-08-2026 00:00:00|07-08-2026 00:00:00||07-13-2026 13:44:53|07-13-2026 23:35:33|07-14-2026 00:12:29|07-14-2026 01:12:30||07-14-2026 01:15:08|07-16-2026 12:11:04|07-16-2026 12:11:09|69.77|128.71|58.93
BRCJM01|BRHARLD|BRHARLD|100066768|Shipped|||19231827000134|22790-702|RIO DE JANEIRO|BR|ANDRE/TRANSP||4|37|37|37|37|Y|07-11-2026 03:28:49|07-10-2026 00:00:00|03-06-2026 00:00:00|03-06-2026 00:00:00||07-14-2026 12:48:21|07-14-2026 18:30:13|07-14-2026 18:38:28|07-14-2026 22:47:13||07-14-2026 23:16:09|07-18-2026 11:31:42|07-20-2026 08:53:45|91.79|221.42|129.63
BRCJM01|BRHARLD|BRHARLD|100066769|Shipped|||19231827000134|22790-702|RIO DE JANEIRO|BR|ANDRE/TRANSP||5|1|1|21|21|Y|07-11-2026 03:28:49|07-10-2026 00:00:00|05-07-2026 00:00:00|05-07-2026 00:00:00|07-15-2026 12:36:29|07-15-2026 15:02:21|07-15-2026 18:35:47|07-15-2026 20:16:35|07-15-2026 20:27:16||07-15-2026 20:27:46|07-22-2026 16:38:00|07-22-2026 16:38:27|112.98|277.16|164.18
BRCJM01|BRHARLD|BRHARLD|100066770|Shipped|||20110460000180|18047-620|SAO PAULO|BR|TAC SOR||28|10|10|50|50|Y|07-11-2026 03:28:50|07-10-2026 00:00:00|05-16-2026 00:00:00|05-16-2026 00:00:00||07-13-2026 10:41:21|07-13-2026 13:26:58|07-13-2026 13:55:13|07-13-2026 15:02:40||07-13-2026 15:03:18|07-16-2026 12:10:49|07-16-2026 12:11:09|59.57|128.71|69.13
BRCJM01|BRHARLD|BRHARLD|100066771|Shipped|||20110460000180|18047-620|SAO PAULO|BR|TAC SOR||4|0|0|6|6|Y|07-11-2026 03:28:50|07-10-2026 00:00:00|05-01-2026 00:00:00|05-01-2026 00:00:00||07-13-2026 13:44:52|07-13-2026 22:44:10|07-13-2026 22:49:28|07-13-2026 23:23:54||07-14-2026 00:14:02|07-16-2026 12:11:00|07-16-2026 12:11:09|68.75|128.71|59.95
BRCJM01|BRHARLD|BRHARLD|100066772|Shipped|||13244867000304|13295-622|SAO PAULO|BR|TAC CPQ||10|17|17|30|30|Y|07-11-2026 03:28:50|07-10-2026 00:00:00|07-07-2026 00:00:00|07-07-2026 00:00:00||07-13-2026 10:41:25|07-13-2026 14:18:06|07-13-2026 14:33:54|07-13-2026 16:59:01||07-13-2026 16:59:32|07-16-2026 12:10:54|07-16-2026 12:11:07|61.51|128.7|67.19
BRCJM01|BRHARLD|BRHARLD|100066773|Shipped|||13244867000304|13295-622|SAO PAULO|BR|TAC CPQ||8|0|0|11|11|Y|07-11-2026 03:29:51|07-10-2026 00:00:00|12-09-2025 00:00:00|12-09-2025 00:00:00||07-13-2026 13:44:49|07-13-2026 22:02:08|07-13-2026 22:07:44|07-14-2026 00:49:16||07-14-2026 01:15:20|07-27-2026 16:07:46|07-27-2026 16:08:15|69.76|396.64|326.88
BRCJM01|BRHARLD|BRHARLD|100066774|Shipped|||01693497000214|86020-000|PARANA|BR|ALL IN||35|159.73|30|83|83|Y|07-11-2026 03:29:51|07-10-2026 00:00:00|07-10-2026 00:00:00|07-10-2026 00:00:00||07-13-2026 10:41:26|07-13-2026 18:40:01|07-13-2026 19:35:41|07-13-2026 22:10:40||07-13-2026 22:17:12|07-16-2026 12:10:58|07-16-2026 12:11:07|66.79|128.69|61.9
BRCJM01|BRHARLD|BRHARLD|100066775|Shipped|||01693497000214|86020-000|PARANA|BR|ALL IN||6|5|5|8|8|Y|07-11-2026 03:29:51|07-10-2026 00:00:00|07-07-2026 00:00:00|07-07-2026 00:00:00|07-14-2026 12:41:00|07-14-2026 12:47:06|07-14-2026 12:48:09|07-14-2026 12:48:35|07-15-2026 16:17:56||07-16-2026 12:15:50|07-22-2026 16:40:44|07-22-2026 16:45:20|128.77|277.26|148.49
BRCJM01|BRHARLD|BRHARLD|100066776|Shipped|||23633012000159|69050-055|AMAZONAS|BR|NORTEX||1|1|1|1|1|Y|07-11-2026 03:29:52|07-10-2026 00:00:00|07-09-2026 00:00:00|07-09-2026 00:00:00||07-13-2026 10:41:26|07-13-2026 13:59:22|07-13-2026 13:59:22|07-13-2026 14:38:16||07-13-2026 14:39:13|08-04-2026 11:10:28|08-04-2026 11:10:31|59.16|583.68|524.52
BRCJM01|BRHARLD|BRHARLD|100066777|Shipped|||23633012000159|69050-055|AMAZONAS|BR|NORTEX||17|0|0|25|25|Y|07-11-2026 03:29:52|07-10-2026 00:00:00|12-09-2025 00:00:00|12-09-2025 00:00:00||07-13-2026 10:41:19|07-13-2026 13:51:25|07-13-2026 14:12:52|07-13-2026 16:15:22||07-13-2026 16:16:16|08-04-2026 11:10:30|08-04-2026 11:10:32|60.77|583.68|522.9
BRCJM01|BRHARLD|BRHARLD|100066778|Shipped|||59997590000111|30494-080|MINAS GERAIS|BR|ANDRE/TRANSP||17|12|12|43|43|Y|07-11-2026 03:29:52|07-10-2026 00:00:00|05-16-2026 00:00:00|05-16-2026 00:00:00|07-16-2026 08:53:53|07-16-2026 10:35:50|07-16-2026 13:41:24|07-16-2026 14:03:57|07-17-2026 05:28:15||07-17-2026 05:32:25|07-22-2026 16:38:12|07-22-2026 16:38:28|146.04|277.14|131.1
BRCJM01|BRHARLD|BRHARLD|100066779|Shipped|||59997590000111|30494-080|MINAS GERAIS|BR|ANDRE/TRANSP||19|0|0|24|24|Y|07-11-2026 03:29:52|07-10-2026 00:00:00|04-02-2026 00:00:00|04-02-2026 00:00:00||07-13-2026 13:44:49|07-13-2026 21:38:33|07-13-2026 22:07:31|07-14-2026 00:15:44||07-14-2026 00:38:30|07-16-2026 12:11:02|07-16-2026 12:11:10|69.14|128.69|59.54
BRCJM01|BRHARLD|BRHARLD|100066780|Shipped|||61810431000108|29060-730|ESPIRITO SANTO|BR|AEREO||1|0|0|1|1|Y|07-11-2026 03:29:52|07-10-2026 00:00:00|07-09-2026 00:00:00|07-09-2026 00:00:00||07-13-2026 10:41:26|07-13-2026 14:17:31|07-13-2026 14:17:31|07-13-2026 14:33:42||07-13-2026 14:35:10|07-16-2026 12:10:45|07-16-2026 12:11:10|59.09|128.69|69.6
BRCJM01|BRHARLD|BRHARLD|100066781|Shipped|||61810431000108|29060-730|ESPIRITO SANTO|BR|AEREO||4|0|0|11|11|Y|07-11-2026 03:29:52|07-10-2026 00:00:00|06-13-2025 00:00:00|06-13-2025 00:00:00||07-13-2026 13:44:48|07-13-2026 22:04:27|07-13-2026 22:09:26|07-14-2026 01:22:08||07-14-2026 03:43:27|07-16-2026 12:11:06|07-16-2026 12:11:10|72.23|128.69|56.46
BRCJM01|BRHARLD|BRHARLD|100066782|Shipped|||61810431000108|29060-730|ESPIRITO SANTO|BR|AEREO||4|2|2|13|13|Y|07-11-2026 03:29:53|07-10-2026 00:00:00|06-13-2025 00:00:00|06-13-2025 00:00:00|07-15-2026 12:36:20|07-15-2026 15:02:16|07-15-2026 18:15:09|07-15-2026 18:17:59|07-16-2026 01:39:27||07-16-2026 01:41:37|07-22-2026 16:38:06|07-22-2026 16:38:29|118.2|277.14|158.95
BRCJM01|BRHARLD|BRHARLD|100066783|Shipped|||13232008000125|04794-000|SAO PAULO|BR|TRANSP DSV||5|3|3|7|7|Y|07-16-2026 11:17:00|07-14-2026 00:00:00|06-29-2026 00:00:00|06-29-2026 00:00:00||07-16-2026 12:29:43|07-16-2026 14:34:45|07-16-2026 14:39:38|07-17-2026 02:21:20||07-17-2026 04:41:44|07-27-2026 16:08:09|07-27-2026 16:08:14|17.41|268.85|251.44
BRCJM01|BRHARLD|BRHARLD|100066785|Shipped|||13244867000134|13092-305|SAO PAULO|BR|TAC CPQ||4|2|2|4|4|Y|07-16-2026 11:18:04|07-14-2026 00:00:00|06-16-2026 00:00:00|06-16-2026 00:00:00|07-20-2026 09:48:58|07-20-2026 11:51:49|07-20-2026 12:55:01|07-20-2026 12:58:46|07-20-2026 14:33:32||07-20-2026 14:34:14|07-31-2026 11:43:17|07-31-2026 11:44:02|99.27|360.43|261.16
BRCJM01|BRHARLD|BRHARLD|100066786|Shipped|||13244867000134|13092-305|SAO PAULO|BR|TAC CPQ||2|0|0|10|10|Y|07-16-2026 11:18:04|07-14-2026 00:00:00|07-11-2026 00:00:00|07-11-2026 00:00:00||07-16-2026 12:29:45|07-16-2026 23:13:54|07-16-2026 23:15:48|07-17-2026 02:30:26||07-17-2026 04:42:09|07-22-2026 16:38:07|07-22-2026 16:38:26|17.4|149.34|131.94
BRCJM01|BRHARLD|BRHARLD|100066788|Shipped|||01693497000133|80740-000|PARANA|BR|TAC CWB||1|2|2|2|2|Y|07-16-2026 11:18:03|07-14-2026 00:00:00|07-07-2026 00:00:00|07-07-2026 00:00:00|07-17-2026 08:58:09|07-20-2026 09:48:59|07-20-2026 13:36:23|07-20-2026 13:36:23|07-21-2026 14:58:52||07-21-2026 14:59:15|07-27-2026 16:08:10|07-27-2026 16:08:12|123.69|268.84|145.15
BRCJM01|BRHARLD|BRHARLD|100066789|Shipped|||13304379000175|74823-420|GOIAS|BR|ALL IN||2|5|5|6|6|Y|07-16-2026 11:18:04|07-14-2026 00:00:00|07-01-2026 00:00:00|07-01-2026 00:00:00||07-16-2026 12:29:43|07-16-2026 14:48:30|07-16-2026 14:49:40|07-17-2026 02:25:44||07-17-2026 04:41:50|07-22-2026 16:38:07|07-22-2026 16:38:26|17.4|149.34|131.94
BRCJM01|BRHARLD|BRHARLD|100066790|Shipped|||13685709000110|70750-525|DISTRITO FEDERAL|BR|ALL IN||9|71|71|106|106|Y|07-16-2026 11:18:04|07-14-2026 00:00:00|04-08-2026 00:00:00|04-08-2026 00:00:00|07-20-2026 09:48:57|07-20-2026 11:51:48|07-20-2026 12:26:38|07-20-2026 12:45:58|07-20-2026 14:47:37||07-20-2026 14:48:17|07-31-2026 11:43:19|07-31-2026 11:44:02|99.5|360.43|260.93
BRCJM01|BRHARLD|BRHARLD|100066791|Shipped|||13685709000110|70750-525|DISTRITO FEDERAL|BR|ALL IN||6|2|2|10|10|Y|07-16-2026 11:18:04|07-14-2026 00:00:00|07-13-2026 00:00:00|07-13-2026 00:00:00||07-16-2026 12:29:45|07-16-2026 20:42:51|07-16-2026 20:55:22|07-16-2026 21:09:56||07-16-2026 21:11:30|07-22-2026 16:38:07|07-22-2026 16:38:27|9.89|149.34|139.45
BRCJM01|BRHARLD|BRHARLD|100066792|Shipped|||14296414000114|88085-150|SANTA CATARINA|BR|TAC CWB||2|5|5|17|17|Y|07-16-2026 11:17:01|07-14-2026 00:00:00|07-02-2026 00:00:00|07-02-2026 00:00:00||07-16-2026 12:29:44|07-16-2026 20:36:34|07-16-2026 20:39:01|07-16-2026 21:15:44||07-16-2026 21:16:56|07-27-2026 16:08:08|07-27-2026 16:08:16|10|268.85|258.86
BRCJM01|BRHARLD|BRHARLD|100066793|Shipped|||16520353000152|14024-800|SAO PAULO|BR|ALL IN||3|1|1|3|3|Y|07-16-2026 11:18:03|07-14-2026 00:00:00|03-26-2026 00:00:00|03-26-2026 00:00:00||07-16-2026 12:29:40|07-16-2026 22:30:05|07-16-2026 22:33:22|07-17-2026 02:40:26||07-17-2026 04:41:32|07-22-2026 16:38:08|07-22-2026 16:38:27|17.39|149.34|131.95
BRCJM01|BRHARLD|BRHARLD|100066794|Shipped|||19231827000134|22790-702|RIO DE JANEIRO|BR|ANDRE/TRANSP||10|38|38|55|55|Y|07-16-2026 11:18:02|07-14-2026 00:00:00|07-13-2026 00:00:00|07-13-2026 00:00:00||07-16-2026 12:29:45|07-16-2026 22:44:45|07-16-2026 23:03:53|07-17-2026 04:30:03||07-17-2026 04:42:39|07-22-2026 16:38:10|07-22-2026 16:38:27|17.41|149.34|131.93
BRCJM01|BRHARLD|BRHARLD|100066795|Shipped|||20110460000180|18047-620|SAO PAULO|BR|TAC SOR||7|0|0|16|16|Y|07-16-2026 11:18:03|07-14-2026 00:00:00|06-22-2026 00:00:00|06-22-2026 00:00:00|07-17-2026 08:58:09|07-20-2026 09:48:58|07-20-2026 13:25:27|07-20-2026 13:35:08|07-20-2026 16:36:08||07-20-2026 16:38:51|07-31-2026 11:43:20|07-31-2026 11:44:04|101.35|360.43|259.09
BRCJM01|BRHARLD|BRHARLD|100066796|Shipped|||13244867000304|13295-622|SAO PAULO|BR|TAC CPQ||1|1|1|1|1|Y|07-16-2026 11:18:02|07-14-2026 00:00:00|07-10-2026 00:00:00|07-10-2026 00:00:00||07-16-2026 12:29:45|07-16-2026 23:09:20|07-16-2026 23:09:20|07-17-2026 02:37:29||07-17-2026 04:41:47|07-27-2026 16:08:09|07-27-2026 16:08:15|17.4|268.84|251.44
BRCJM01|BRHARLD|BRHARLD|100066797|Shipped|||01693497000214|86020-000|PARANA|BR|ALL IN||16|12.4|11|37|37|Y|07-16-2026 11:17:02|07-14-2026 00:00:00|07-06-2026 00:00:00|07-06-2026 00:00:00||07-16-2026 12:29:44|07-16-2026 21:05:37|07-20-2026 17:57:39|07-20-2026 18:30:14||07-20-2026 18:33:02|07-31-2026 11:43:22|07-31-2026 11:44:00|103.27|360.45|257.18
BRCJM01|BRHARLD|BRHARLD|100066798|Shipped|||23633012000159|69050-055|AMAZONAS|BR|NORTEX||3|1|1|3|3|Y|07-16-2026 11:18:03|07-14-2026 00:00:00|07-09-2026 00:00:00|07-09-2026 00:00:00|07-17-2026 08:58:09|07-20-2026 09:48:59|07-20-2026 13:49:14|07-20-2026 13:54:39|07-21-2026 14:56:16||07-21-2026 14:56:47|07-27-2026 16:08:10|07-27-2026 16:08:16|123.65|268.84|145.19
BRCJM01|BRHARLD|BRHARLD|100066799|Shipped|||23633012000159|69050-055|AMAZONAS|BR|NORTEX||2|1|1|2|2|Y|07-16-2026 11:18:03|07-14-2026 00:00:00|06-09-2026 00:00:00|06-09-2026 00:00:00||07-16-2026 12:29:42|07-16-2026 20:31:14|07-16-2026 20:32:37|07-16-2026 21:19:37||07-16-2026 21:20:15|07-27-2026 16:08:08|07-27-2026 16:08:16|10.04|268.84|258.8
BRCJM01|BRHARLD|BRHARLD|100066800|Shipped|||59997590000111|30494-080|MINAS GERAIS|BR|ANDRE/TRANSP||3|3|3|6|6|Y|07-16-2026 11:18:03|07-14-2026 00:00:00|06-12-2026 00:00:00|06-12-2026 00:00:00|07-20-2026 09:51:43|07-21-2026 12:10:42|07-21-2026 15:05:45|07-21-2026 15:15:42|07-21-2026 15:23:45||07-21-2026 15:28:18|07-31-2026 14:25:42|07-31-2026 14:31:41|124.17|363.23|239.06
BRCJM01|BRHARLD|BRHARLD|100066801|Shipped|||61810431000108|29060-730|ESPIRITO SANTO|BR|AEREO||3|26|26|27|27|Y|07-16-2026 11:18:04|07-14-2026 00:00:00|07-13-2026 00:00:00|07-13-2026 00:00:00||07-16-2026 12:29:46|07-16-2026 22:35:56|07-16-2026 22:39:22|07-17-2026 02:35:08||07-17-2026 04:42:01|07-22-2026 16:38:08|07-22-2026 16:38:29|17.4|149.34|131.94
BRCJM01|BRHARLD|BRHARLD|100066802|Shipped|||02273580000469|07789-100|SAO PAULO|BR|TRANSP DSV||12|2|2|12|12|Y|07-16-2026 17:41:21|07-16-2026 00:00:00|07-13-2026 00:00:00|07-13-2026 00:00:00||07-17-2026 08:58:09|07-17-2026 15:24:29|07-17-2026 16:15:28|07-17-2026 20:12:56||07-17-2026 20:13:28|08-14-2026 09:11:36|08-14-2026 09:11:56|26.54|687.51|660.97
BRCJM01|BRHARLD|BRHARLD|100066803|Shipped|||13232008000125|04794-000|SAO PAULO|BR|TRANSP DSV||42|140|140|261|261|Y|07-16-2026 17:41:21|07-16-2026 00:00:00|07-14-2026 00:00:00|07-14-2026 00:00:00||07-17-2026 08:58:10|07-17-2026 13:36:50|07-17-2026 14:36:42|07-18-2026 05:43:01||07-18-2026 06:10:21|07-22-2026 16:44:52|07-22-2026 16:45:21|36.48|143.07|106.58
BRCJM01|BRHARLD|BRHARLD|100066804|Shipped|||13268423000139|90160-003|RIO GRANDE DO SUL|BR|TRANSTRY||2|0|0|4|4|Y|07-16-2026 17:41:23|07-16-2026 00:00:00|07-14-2026 00:00:00|07-14-2026 00:00:00||07-17-2026 08:58:12|07-17-2026 18:55:30|07-20-2026 20:42:32|07-20-2026 21:03:14||07-20-2026 21:04:57|07-31-2026 11:43:23|07-31-2026 11:44:02|99.39|354.04|254.65
BRCJM01|BRHARLD|BRHARLD|100066805|Shipped|||01693497000133|80740-000|PARANA|BR|TAC CWB||41|117.3|106|179|179|Y|07-16-2026 17:41:22|07-16-2026 00:00:00|07-14-2026 00:00:00|07-14-2026 00:00:00||07-17-2026 08:58:12|07-17-2026 09:53:02|07-20-2026 20:44:17|07-20-2026 21:49:37||07-20-2026 21:50:10|07-31-2026 11:43:28|07-31-2026 11:43:59|100.15|354.04|253.9
BRCJM01|BRHARLD|BRHARLD|100066806|Shipped|||13304379000175|74823-420|GOIAS|BR|ALL IN||6|18|18|34|34|Y|07-16-2026 17:41:23|07-16-2026 00:00:00|07-15-2026 00:00:00|07-15-2026 00:00:00||07-17-2026 08:58:18|07-17-2026 18:21:48|07-17-2026 18:39:04|07-18-2026 01:28:20||07-18-2026 02:16:59|07-22-2026 16:38:23|07-22-2026 16:38:26|32.59|142.95|110.36
BRCJM01|BRHARLD|BRHARLD|100066807|Shipped|||13685709000110|70750-525|DISTRITO FEDERAL|BR|ALL IN||16|37|37|68|68|Y|07-16-2026 17:41:24|07-16-2026 00:00:00|07-14-2026 00:00:00|07-14-2026 00:00:00|07-21-2026 12:11:14|07-21-2026 14:35:10|07-21-2026 16:25:49|07-21-2026 16:53:30|07-21-2026 18:30:47||07-21-2026 18:32:07|07-31-2026 11:43:30|07-31-2026 11:44:03|120.85|354.04|233.2
BRCJM01|BRHARLD|BRHARLD|100066808|Shipped|||13685709000110|70750-525|DISTRITO FEDERAL|BR|ALL IN||11|10|10|14|14|Y|07-16-2026 17:41:23|07-16-2026 00:00:00|07-14-2026 00:00:00|07-14-2026 00:00:00||07-17-2026 08:58:15|07-17-2026 16:29:04|07-17-2026 16:40:10|07-17-2026 20:06:23||07-17-2026 20:07:13|07-22-2026 16:38:16|07-22-2026 16:38:27|26.43|142.95|116.52
BRCJM01|BRHARLD|BRHARLD|100066809|Shipped|||14296414000114|88085-150|SANTA CATARINA|BR|TAC CWB||8|11|11|15|15|Y|07-16-2026 17:41:24|07-16-2026 00:00:00|07-14-2026 00:00:00|07-14-2026 00:00:00||07-17-2026 08:58:16|07-17-2026 17:03:18|07-17-2026 17:09:19|07-17-2026 18:52:50||07-17-2026 18:53:46|07-31-2026 11:43:16|07-31-2026 11:44:03|25.21|354.04|328.84
BRCJM01|BRHARLD|BRHARLD|100066810|Shipped|||16520353000152|14024-800|SAO PAULO|BR|ALL IN||3|0|0|3|3|Y|07-16-2026 17:41:24|07-16-2026 00:00:00|07-15-2026 00:00:00|07-15-2026 00:00:00||07-17-2026 08:58:18|07-17-2026 18:41:41|07-17-2026 18:44:33|07-17-2026 19:48:05||07-17-2026 19:48:52|07-22-2026 16:38:14|07-22-2026 16:38:27|26.12|142.95|116.83
BRCJM01|BRHARLD|BRHARLD|100066811|Shipped|||19231827000134|22790-702|RIO DE JANEIRO|BR|ANDRE/TRANSP||4|2|2|16|16|Y|07-16-2026 17:41:24|07-16-2026 00:00:00|07-14-2026 00:00:00|07-14-2026 00:00:00||07-17-2026 08:58:16|07-17-2026 17:11:34|07-31-2026 14:07:02|07-31-2026 14:07:11||07-31-2026 14:07:11|07-31-2026 14:09:21|07-31-2026 14:09:23|356.43|356.47|.04
BRCJM01|BRHARLD|BRHARLD|100066812|Shipped|||19231827000134|22790-702|RIO DE JANEIRO|BR|ANDRE/TRANSP||17|19|19|37|37|Y|07-16-2026 17:41:24|07-16-2026 00:00:00|07-14-2026 00:00:00|07-14-2026 00:00:00||07-17-2026 08:58:16|07-17-2026 17:20:01|07-17-2026 17:39:27|07-17-2026 19:35:27||07-17-2026 19:36:02|07-22-2026 16:38:14|07-22-2026 16:38:28|25.91|142.95|117.04
BRCJM01|BRHARLD|BRHARLD|100066813|Shipped|||20110460000180|18047-620|SAO PAULO|BR|TAC SOR||2|25|25|26|26|Y|07-16-2026 17:41:25|07-16-2026 00:00:00|07-15-2026 00:00:00|07-15-2026 00:00:00||07-17-2026 08:58:18|07-17-2026 18:50:35|07-23-2026 13:07:59|07-23-2026 13:19:13||07-23-2026 14:47:13|07-27-2026 16:28:29|07-27-2026 16:28:31|165.1|262.79|97.69
BRCJM01|BRHARLD|BRHARLD|100066814|Shipped|||01693497000214|86020-000|PARANA|BR|ALL IN||12|13|13|17|17|Y|07-16-2026 17:41:25|07-16-2026 00:00:00|07-14-2026 00:00:00|07-14-2026 00:00:00||07-17-2026 08:58:17|07-17-2026 17:46:31|07-17-2026 18:02:03|07-18-2026 02:08:56||07-18-2026 06:02:03|07-22-2026 16:44:57|07-22-2026 16:45:20|36.34|143.07|106.72
BRCJM01|BRHARLD|BRHARLD|100066815|Shipped|||23633012000159|69050-055|AMAZONAS|BR|NORTEX||1|0|0|1|1|Y|07-16-2026 17:41:25|07-16-2026 00:00:00|04-13-2026 00:00:00|04-13-2026 00:00:00||07-17-2026 08:58:07|07-17-2026 18:43:34|07-17-2026 18:43:34|07-18-2026 01:33:00||07-18-2026 06:05:47|07-27-2026 16:08:09|07-27-2026 16:08:16|36.41|262.45|226.04
BRCJM01|BRHARLD|BRHARLD|100066816|Shipped|||23633012000159|69050-055|AMAZONAS|BR|NORTEX||1|0|0|1|1|Y|07-16-2026 17:41:25|07-16-2026 00:00:00|03-02-2026 00:00:00|03-02-2026 00:00:00||07-17-2026 08:58:06|07-17-2026 18:37:30|07-17-2026 18:37:30|07-18-2026 01:36:46||07-18-2026 02:14:29|07-27-2026 16:08:10|07-27-2026 16:08:16|32.55|262.45|229.9
BRCJM01|BRHARLD|BRHARLD|100066817|Shipped|||59997590000111|30494-080|MINAS GERAIS|BR|ANDRE/TRANSP||12|10|10|65|65|Y|07-16-2026 17:41:25|07-16-2026 00:00:00|07-14-2026 00:00:00|07-14-2026 00:00:00||07-17-2026 08:58:17|07-17-2026 18:06:15|07-17-2026 18:23:29|07-18-2026 01:50:54||07-18-2026 06:03:46|07-22-2026 16:38:24|07-22-2026 16:38:29|36.37|142.95|106.58
BRCJM01|BRHARLD|BRHARLD|100066818|Shipped|||61810431000108|29060-730|ESPIRITO SANTO|BR|AEREO||1|2|2|2|2|Y|07-16-2026 17:41:25|07-16-2026 00:00:00|07-16-2026 00:00:00|07-16-2026 00:00:00||07-17-2026 08:58:19|07-17-2026 18:53:36|07-17-2026 18:53:36|07-17-2026 19:54:10||07-17-2026 19:54:56|07-22-2026 16:38:15|07-22-2026 16:38:29|26.23|142.95|116.73
BRCJM01|BRHARLD|BRHARLD|100066819|Shipped|||61810431000108|29060-730|ESPIRITO SANTO|BR|AEREO||1|0|0|1|1|Y|07-16-2026 17:41:25|07-16-2026 00:00:00|04-01-2026 00:00:00|04-01-2026 00:00:00||07-17-2026 08:58:06|07-17-2026 18:41:06|07-17-2026 18:41:06|07-18-2026 01:34:49||07-18-2026 06:04:50|07-22-2026 16:38:23|07-22-2026 16:38:29|36.39|142.95|106.56
BRCJM01|BRHARLD|BRHARLD|100066820|Shipped|||01693497000133|80740-000|PARANA|BR|TAC CWB||1|0|0|1|1|Y|07-20-2026 11:27:11|07-20-2026 00:00:00|05-21-2026 00:00:00|05-21-2026 00:00:00||07-20-2026 11:51:49|07-20-2026 12:51:07|07-20-2026 12:51:07|07-20-2026 14:29:25||07-20-2026 14:29:55|07-31-2026 11:43:17|07-31-2026 11:43:59|3.05|264.28|261.23
BRCJM01|BRHARLD|BRHARLD|100066821|Shipped|||13232008000125|04794-000|SAO PAULO|BR|TRANSP DSV||15|114|114|132|132|Y|07-21-2026 13:56:20|07-21-2026 00:00:00|04-06-2026 00:00:00|04-06-2026 00:00:00|07-23-2026 08:36:03|07-23-2026 09:00:45|07-23-2026 09:44:32|07-23-2026 10:31:05|07-23-2026 11:48:25||07-23-2026 11:54:58|07-31-2026 11:43:48|07-31-2026 11:44:01|45.98|237.79|191.82
BRCJM01|BRHARLD|BRHARLD|100066824|Shipped|||13268423000139|90160-003|RIO GRANDE DO SUL|BR|TRANSTRY||5|8|8|13|13|Y|07-21-2026 13:56:22|07-21-2026 00:00:00|07-17-2026 00:00:00|07-17-2026 00:00:00||07-21-2026 14:35:13|07-22-2026 02:11:25|07-22-2026 02:27:44|07-22-2026 08:07:20||07-22-2026 08:07:58|07-31-2026 11:43:31|07-31-2026 11:44:02|18.19|237.79|219.6
BRCJM01|BRHARLD|BRHARLD|100066826|Shipped|||01693497000133|80740-000|PARANA|BR|TAC CWB||6|2|2|26|26|Y|07-21-2026 13:56:25|07-21-2026 00:00:00|07-16-2026 00:00:00|07-16-2026 00:00:00|07-22-2026 09:56:46|07-22-2026 17:38:33|07-24-2026 18:06:24|07-24-2026 18:15:18|07-25-2026 05:31:45||07-25-2026 05:58:03|07-31-2026 14:39:18|07-31-2026 14:56:47|88.03|241.01|152.98
BRCJM01|BRHARLD|BRHARLD|100066828|Shipped|||13304379000175|74823-420|GOIAS|BR|ALL IN||1|0|0|1|1|Y|07-21-2026 13:56:25|07-21-2026 00:00:00|06-11-2026 00:00:00|06-11-2026 00:00:00||07-22-2026 17:38:32|07-24-2026 18:04:05|07-24-2026 18:04:05|07-24-2026 18:08:06||07-24-2026 18:08:41|07-31-2026 14:39:24|07-31-2026 14:56:48|76.2|241.01|164.8
BRCJM01|BRHARLD|BRHARLD|100066829|Shipped|||13685709000110|70750-525|DISTRITO FEDERAL|BR|ALL IN||17|49|49|63|63|Y|07-21-2026 13:56:25|07-21-2026 00:00:00|07-16-2026 00:00:00|07-16-2026 00:00:00||07-21-2026 14:35:12|07-21-2026 16:10:31|07-21-2026 18:45:48|07-23-2026 18:29:27||07-23-2026 18:30:48|07-31-2026 11:43:51|07-31-2026 11:44:03|52.57|237.79|185.22
BRCJM01|BRHARLD|BRHARLD|100066830|Shipped|||13685709000110|70750-525|DISTRITO FEDERAL|BR|ALL IN||4|2|2|4|4|Y|07-21-2026 13:56:25|07-21-2026 00:00:00|06-16-2026 00:00:00|06-16-2026 00:00:00|07-23-2026 08:36:04|07-23-2026 09:00:46|07-23-2026 10:51:31|07-23-2026 11:23:38|07-24-2026 02:10:54||07-24-2026 04:30:44|07-31-2026 11:43:55|07-31-2026 11:44:03|62.57|237.79|175.22
BRCJM01|BRHARLD|BRHARLD|100066833|Shipped|||16520353000152|14024-800|SAO PAULO|BR|ALL IN||3|1|1|11|11|Y|07-21-2026 13:56:26|07-21-2026 00:00:00|03-26-2026 00:00:00|03-26-2026 00:00:00||07-21-2026 14:35:03|07-22-2026 02:30:30|07-22-2026 02:34:46|07-22-2026 09:12:07||07-22-2026 09:12:16|07-31-2026 11:43:33|07-31-2026 11:44:03|19.26|237.79|218.53
BRCJM01|BRHARLD|BRHARLD|100066834|Shipped|||19231827000134|22790-702|RIO DE JANEIRO|BR|ANDRE/TRANSP||2|2|2|50|50|Y|07-21-2026 13:56:26|07-21-2026 00:00:00|07-17-2026 00:00:00|07-17-2026 00:00:00|07-23-2026 08:36:06|07-23-2026 09:00:47|07-23-2026 12:57:13|07-23-2026 13:02:16|07-24-2026 01:49:26||07-24-2026 04:31:14|07-31-2026 11:43:53|07-31-2026 11:44:04|62.58|237.79|175.21
BRCJM01|BRHARLD|BRHARLD|100066835|Shipped|||19231827000134|22790-702|RIO DE JANEIRO|BR|ANDRE/TRANSP||1|1|1|1|1|Y|07-21-2026 13:56:26|07-21-2026 00:00:00|05-21-2026 00:00:00|05-21-2026 00:00:00|07-23-2026 09:00:46|07-23-2026 14:43:31|07-24-2026 19:17:24|07-24-2026 19:17:24|07-25-2026 05:22:46||07-25-2026 05:59:13|07-31-2026 14:39:26|07-31-2026 14:56:49|88.05|241.01|152.96
BRCJM01|BRHARLD|BRHARLD|100066836|Shipped|||20110460000180|18047-620|SAO PAULO|BR|TAC SOR||14|45|45|55|55|Y|07-21-2026 13:57:26|07-21-2026 00:00:00|04-24-2026 00:00:00|04-24-2026 00:00:00||07-21-2026 14:35:07|07-22-2026 01:27:43|07-22-2026 02:08:28|07-22-2026 08:50:46||07-22-2026 08:54:59|07-31-2026 11:43:33|07-31-2026 11:44:04|18.96|237.78|218.82
BRCJM01|BRHARLD|BRHARLD|100066837|Shipped|||13244867000304|13295-622|SAO PAULO|BR|TAC CPQ||1|1|1|1|1|Y|07-21-2026 13:57:27|07-21-2026 00:00:00|03-17-2026 00:00:00|03-17-2026 00:00:00|07-23-2026 08:36:02|07-23-2026 09:00:45|07-23-2026 09:40:34|07-23-2026 09:40:34|07-23-2026 12:02:25||07-23-2026 12:04:12|08-14-2026 09:11:36|08-14-2026 09:11:59|46.11|571.24|525.13
BRCJM01|BRHARLD|BRHARLD|100066838|Shipped|||01693497000214|86020-000|PARANA|BR|ALL IN||1|1|1|1|1|Y|07-21-2026 13:57:27|07-21-2026 00:00:00|07-17-2026 00:00:00|07-17-2026 00:00:00||07-21-2026 14:35:14|07-22-2026 02:39:22|07-22-2026 02:39:22|07-22-2026 07:59:09||07-22-2026 07:59:18|07-31-2026 11:43:30|07-31-2026 11:44:00|18.03|237.78|219.75
BRCJM01|BRHARLD|BRHARLD|100066839|Shipped|||23633012000159|69050-055|AMAZONAS|BR|NORTEX||1|1|1|1|1|Y|07-21-2026 13:57:27|07-21-2026 00:00:00|07-13-2026 00:00:00|07-13-2026 00:00:00||07-21-2026 14:35:10|07-21-2026 16:21:42|07-21-2026 16:21:42|07-23-2026 10:30:01||07-23-2026 10:30:58|07-31-2026 11:43:46|07-31-2026 11:44:04|44.56|237.78|193.22
BRCJM01|BRHARLD|BRHARLD|100066840|Shipped|||23633012000159|69050-055|AMAZONAS|BR|NORTEX||20|0|0|29|29|Y|07-21-2026 13:57:27|07-21-2026 00:00:00|07-01-2026 00:00:00|07-01-2026 00:00:00|07-23-2026 08:36:05|07-23-2026 09:00:46|07-23-2026 13:51:40|07-23-2026 14:33:32|07-24-2026 02:01:26||07-24-2026 04:31:12|07-31-2026 11:43:54|07-31-2026 11:44:05|62.56|237.78|175.21
BRCJM01|BRHARLD|BRHARLD|100066841|Shipped|||59997590000111|30494-080|MINAS GERAIS|BR|ANDRE/TRANSP||12|44|44|54|54|Y|07-21-2026 13:57:27|07-21-2026 00:00:00|07-15-2026 00:00:00|07-15-2026 00:00:00||07-21-2026 14:35:11|07-21-2026 16:07:16|07-21-2026 16:18:21|07-21-2026 16:41:35||07-21-2026 16:43:35|07-27-2026 16:08:12|07-27-2026 16:08:16|2.77|146.18|143.41
BRCJM01|BRHARLD|BRHARLD|100066843|Shipped|||01693497000133|80740-000|PARANA|BR|TAC CWB||1|5.26|0|1|1|Y|07-21-2026 15:30:03|07-21-2026 00:00:00|03-26-2026 00:00:00|03-26-2026 00:00:00||07-22-2026 09:56:41|07-22-2026 12:41:28|07-22-2026 12:41:28|07-22-2026 17:05:39||07-22-2026 17:06:31|07-31-2026 11:43:33|07-31-2026 11:43:59|25.61|236.23|210.62
BRCJM01|BRHARLD|BRHARLD|100066844|Shipped|||01693497000214|86020-000|PARANA|BR|ALL IN||1|0|0|1|1|Y|07-21-2026 15:51:08|07-21-2026 00:00:00|06-05-2026 00:00:00|06-05-2026 00:00:00||07-22-2026 09:56:43|07-22-2026 12:48:21|07-22-2026 12:48:21|07-23-2026 05:30:19||07-23-2026 05:54:37|07-31-2026 11:43:41|07-31-2026 11:44:00|38.06|235.88|197.82
BRCJM01|BRHARLD|BRHARLD|100066845|Shipped|||16520353000152|14024-800|SAO PAULO|BR|ALL IN||1|0|0|1|1|Y|07-21-2026 15:57:09|07-21-2026 00:00:00|05-14-2026 00:00:00|05-14-2026 00:00:00||07-22-2026 09:56:43|07-22-2026 12:46:06|07-22-2026 12:46:06|07-22-2026 17:09:09||07-22-2026 17:09:46|07-31-2026 11:43:34|07-31-2026 11:44:03|25.21|235.78|210.57
BRCJM01|BRHARLD|BRHARLD|100066846|Shipped|||01693497000214|86020-000|PARANA|BR|ALL IN||1|0|0|1|1|Y|07-21-2026 15:57:09|07-21-2026 00:00:00|03-18-2026 00:00:00|03-18-2026 00:00:00||07-22-2026 09:56:41|07-22-2026 12:28:34|07-22-2026 12:28:34|07-23-2026 05:10:05||07-23-2026 05:38:10|07-31-2026 11:43:40|07-31-2026 11:44:01|37.68|235.78|198.1
BRCJM01|BRHARLD|BRHARLD|100066847|Shipped|||13232008000125|04794-000|SAO PAULO|BR|TRANSP DSV||1|0|0|10|10|Y|07-21-2026 16:20:14|07-21-2026 00:00:00|06-26-2026 00:00:00|06-26-2026 00:00:00||07-22-2026 09:56:44|07-22-2026 13:57:13|07-22-2026 13:57:13|07-22-2026 18:19:08||07-22-2026 18:20:02|07-31-2026 11:43:34|07-31-2026 11:44:01|26|235.4|209.4
BRCJM01|BRHARLD|BRHARLD|100066848|Shipped|||13244867000134|13092-305|SAO PAULO|BR|TAC CPQ||2|0|0|8|8|Y|07-21-2026 16:20:14|07-21-2026 00:00:00|06-26-2026 00:00:00|06-26-2026 00:00:00||07-22-2026 09:56:44|07-22-2026 13:58:26|07-22-2026 13:58:58|07-22-2026 18:05:52||07-22-2026 18:06:49|07-31-2026 11:43:34|07-31-2026 11:44:02|25.78|235.4|209.62
BRCJM01|BRHARLD|BRHARLD|100066849|Shipped|||13268423000139|90160-003|RIO GRANDE DO SUL|BR|TRANSTRY||1|0|0|5|5|Y|07-21-2026 16:20:14|07-21-2026 00:00:00|06-26-2026 00:00:00|06-26-2026 00:00:00||07-22-2026 09:56:44|07-22-2026 14:00:28|07-22-2026 14:00:28|07-23-2026 04:57:47||07-23-2026 05:37:27|07-31-2026 11:43:39|07-31-2026 11:44:02|37.29|235.4|198.11
BRCJM01|BRHARLD|BRHARLD|100066850|Shipped|||01693497000133|80740-000|PARANA|BR|TAC CWB||1|0|0|5|5|Y|07-21-2026 16:20:14|07-21-2026 00:00:00|06-26-2026 00:00:00|06-26-2026 00:00:00||07-22-2026 09:56:44|07-22-2026 14:02:38|07-22-2026 14:02:38|07-22-2026 17:21:47||07-22-2026 17:22:33|07-31-2026 11:43:34|07-31-2026 11:43:59|25.04|235.4|210.36
BRCJM01|BRHARLD|BRHARLD|100066851|Shipped|||13685709000110|70750-525|DISTRITO FEDERAL|BR|ALL IN||7|3|3|11|11|Y|07-21-2026 16:20:15|07-21-2026 00:00:00|06-26-2026 00:00:00|06-26-2026 00:00:00||07-22-2026 09:56:44|07-24-2026 09:02:49|07-25-2026 15:10:18|07-27-2026 09:43:15||07-27-2026 09:44:47|07-31-2026 14:39:29|07-31-2026 14:56:49|137.41|238.61|101.2
BRCJM01|BRHARLD|BRHARLD|100066852|Shipped|||14296414000114|88085-150|SANTA CATARINA|BR|TAC CWB||1|0|0|5|5|Y|07-21-2026 16:20:15|07-21-2026 00:00:00|06-26-2026 00:00:00|06-26-2026 00:00:00||07-22-2026 09:56:44|07-22-2026 13:52:14|07-22-2026 13:52:14|07-22-2026 18:29:36||07-22-2026 18:30:19|07-31-2026 14:39:32|07-31-2026 14:56:49|26.17|238.61|212.44
BRCJM01|BRHARLD|BRHARLD|100066853|Shipped|||16520353000152|14024-800|SAO PAULO|BR|ALL IN||1|0|0|5|5|Y|07-21-2026 16:20:15|07-21-2026 00:00:00|06-26-2026 00:00:00|06-26-2026 00:00:00||07-22-2026 09:56:44|07-22-2026 13:49:53|07-22-2026 13:49:53|07-22-2026 18:37:51||07-22-2026 18:41:22|07-31-2026 11:43:35|07-31-2026 11:44:03|26.35|235.4|209.04
BRCJM01|BRHARLD|BRHARLD|100066854|Shipped|||19231827000134|22790-702|RIO DE JANEIRO|BR|ANDRE/TRANSP||1|0|0|2|2|Y|07-21-2026 16:21:15|07-21-2026 00:00:00|06-26-2026 00:00:00|06-26-2026 00:00:00||07-22-2026 09:56:44|07-22-2026 13:47:24|07-22-2026 13:47:24|07-22-2026 18:22:53||07-22-2026 18:23:36|07-31-2026 11:43:35|07-31-2026 11:44:04|26.04|235.38|209.34
BRCJM01|BRHARLD|BRHARLD|100066855|Shipped|||20110460000180|18047-620|SAO PAULO|BR|TAC SOR||1|0|0|5|5|Y|07-21-2026 16:21:15|07-21-2026 00:00:00|06-26-2026 00:00:00|06-26-2026 00:00:00||07-22-2026 09:56:44|07-22-2026 14:03:57|07-22-2026 14:03:57|07-23-2026 05:02:35||07-23-2026 05:37:51|07-31-2026 11:43:40|07-31-2026 11:44:04|37.28|235.38|198.1
BRCJM01|BRHARLD|BRHARLD|100066856|Shipped|||59997590000111|30494-080|MINAS GERAIS|BR|ANDRE/TRANSP||1|0|0|2|2|Y|07-21-2026 16:21:15|07-21-2026 00:00:00|06-26-2026 00:00:00|06-26-2026 00:00:00||07-22-2026 09:56:44|07-22-2026 14:05:38|07-22-2026 14:05:38|07-22-2026 17:16:54||07-22-2026 17:18:00|07-31-2026 11:43:34|07-31-2026 11:44:05|24.95|235.38|210.43
BRCJM01|BRHARLD|BRHARLD|100066857|Shipped|||61810431000108|29060-730|ESPIRITO SANTO|BR|AEREO||1|0|0|2|2|Y|07-21-2026 16:21:15|07-21-2026 00:00:00|06-26-2026 00:00:00|06-26-2026 00:00:00||07-22-2026 09:56:44|07-22-2026 14:07:00|07-22-2026 14:07:00|07-22-2026 17:12:54||07-22-2026 17:13:45|07-31-2026 11:43:34|07-31-2026 11:44:05|24.87|235.38|210.51
BRCJM01|BRHARLD|BRHARLD|100066858|Shipped|||13685709000110|70750-525|DISTRITO FEDERAL|BR|ALL IN||4|5|5|20|20|Y|07-21-2026 16:28:19|07-21-2026 00:00:00|07-16-2026 00:00:00|07-16-2026 00:00:00||07-22-2026 09:56:46|07-24-2026 05:12:29|07-24-2026 05:28:13|07-25-2026 04:20:11||07-25-2026 04:38:38|07-31-2026 14:39:42|07-31-2026 14:56:49|84.17|238.48|154.3
BRCJM01|BRHARLD|BRHARLD|100066859|Shipped|||01693497000214|86020-000|PARANA|BR|ALL IN||1|0|0|1|1|Y|07-21-2026 16:28:19|07-21-2026 00:00:00|07-16-2026 00:00:00|07-16-2026 00:00:00||07-22-2026 09:56:46|07-27-2026 14:30:57|07-27-2026 14:30:57|07-28-2026 05:58:43||07-28-2026 06:00:11|07-30-2026 15:39:07|07-30-2026 15:39:23|157.53|215.18|57.65
BRCJM01|BRHARLD|BRHARLD|100066860|Shipped|||61810431000108|29060-730|ESPIRITO SANTO|BR|AEREO||1|0|0|1|1|Y|07-21-2026 17:17:33|07-21-2026 00:00:00|03-02-2026 00:00:00|03-02-2026 00:00:00||07-22-2026 09:56:41|07-22-2026 12:25:09|07-22-2026 12:25:10|07-23-2026 05:12:26||07-23-2026 05:37:21|07-31-2026 11:43:40|07-31-2026 11:44:05|36.33|234.44|198.11
BRCJM01|BRHARLD|BRHARLD|100066862|Shipped|||13232008000125|04794-000|SAO PAULO|BR|TRANSP DSV||21|81|81|119|119|Y|07-21-2026 22:58:02|07-21-2026 00:00:00|07-21-2026 00:00:00|07-21-2026 00:00:00||07-22-2026 09:56:47|07-22-2026 16:45:13|07-23-2026 08:56:35|07-23-2026 09:01:55||07-23-2026 09:10:27|07-31-2026 11:43:45|07-31-2026 11:44:02|34.21|228.77|194.56
BRCJM01|BRHARLD|BRHARLD|100066863|Shipped|||13232008000125|04794-000|SAO PAULO|BR|TRANSP DSV||2|2|2|4|4|Y|07-21-2026 22:58:02|07-21-2026 00:00:00|07-21-2026 00:00:00|07-21-2026 00:00:00||07-22-2026 09:56:48|07-23-2026 07:43:35|07-23-2026 07:46:17|07-24-2026 02:18:05||07-24-2026 04:30:51|07-31-2026 11:43:55|07-31-2026 11:44:02|53.55|228.77|175.22
BRCJM01|BRHARLD|BRHARLD|100066864|Shipped|||13268423000139|90160-003|RIO GRANDE DO SUL|BR|TRANSTRY||7|17|17|26|26|Y|07-21-2026 22:58:02|07-21-2026 00:00:00|07-21-2026 00:00:00|07-21-2026 00:00:00||07-22-2026 09:56:48|07-22-2026 18:03:05|07-22-2026 18:25:38|07-23-2026 18:47:38||07-23-2026 18:49:19|07-31-2026 11:43:52|07-31-2026 11:44:02|43.85|228.77|184.91
BRCJM01|BRHARLD|BRHARLD|100066865|Shipped|||01693497000133|80740-000|PARANA|BR|TAC CWB||32|83.78|77|151|151|Y|07-21-2026 22:58:01|07-21-2026 00:00:00|07-21-2026 00:00:00|07-21-2026 00:00:00||07-22-2026 09:56:48|07-22-2026 15:45:14|07-22-2026 16:27:15|07-22-2026 19:41:39||07-22-2026 19:56:10|07-31-2026 11:43:39|07-31-2026 11:44:00|20.97|228.77|207.8
BRCJM01|BRHARLD|BRHARLD|100066866|Shipped|||01693497000133|80740-000|PARANA|BR|TAC CWB||4|6|6|8|8|Y|07-21-2026 22:58:01|07-21-2026 00:00:00|07-21-2026 00:00:00|07-21-2026 00:00:00|07-22-2026 09:56:49|07-22-2026 17:38:34|07-24-2026 18:17:00|07-24-2026 19:01:05|07-25-2026 04:33:34||07-25-2026 04:37:31|07-31-2026 14:51:30|07-31-2026 14:56:47|77.66|231.98|154.32
BRCJM01|BRHARLD|BRHARLD|100066867|Shipped|||13304379000175|74823-420|GOIAS|BR|ALL IN||3|11|11|12|12|Y|07-21-2026 22:58:01|07-21-2026 00:00:00|07-21-2026 00:00:00|07-21-2026 00:00:00||07-22-2026 09:56:50|07-22-2026 13:55:51|07-22-2026 14:01:04|07-23-2026 07:42:53||07-23-2026 07:43:53|07-31-2026 11:43:42|07-31-2026 11:44:02|32.76|228.77|196
BRCJM01|BRHARLD|BRHARLD|100066868|Shipped|||13685709000110|70750-525|DISTRITO FEDERAL|BR|ALL IN||7|32|32|81|81|Y|07-21-2026 22:58:01|07-21-2026 00:00:00|07-21-2026 00:00:00|07-21-2026 00:00:00||07-22-2026 09:56:50|07-22-2026 14:04:39|07-22-2026 14:24:18|07-23-2026 17:13:25||07-23-2026 17:15:38|07-31-2026 11:43:49|07-31-2026 11:44:03|42.29|228.77|186.47
BRCJM01|BRHARLD|BRHARLD|100066869|Shipped|||14296414000114|88085-150|SANTA CATARINA|BR|TAC CWB||7|13|13|24|24|Y|07-21-2026 22:58:01|07-21-2026 00:00:00|07-21-2026 00:00:00|07-21-2026 00:00:00||07-22-2026 09:56:50|07-22-2026 14:26:46|07-22-2026 14:41:00|07-23-2026 05:47:01||07-23-2026 14:47:52|07-27-2026 16:28:30|07-27-2026 16:28:31|39.83|137.51|97.68
BRCJM01|BRHARLD|BRHARLD|100066871|Shipped|||16520353000152|14024-800|SAO PAULO|BR|ALL IN||1|0|0|1|1|Y|07-21-2026 22:58:01|07-21-2026 00:00:00|07-21-2026 00:00:00|07-21-2026 00:00:00||07-22-2026 09:56:50|07-23-2026 07:50:27|07-23-2026 07:50:28|07-24-2026 02:34:32||07-24-2026 04:28:12|07-31-2026 11:43:57|07-31-2026 11:44:03|53.5|228.77|175.26
BRCJM01|BRHARLD|BRHARLD|100066872|Shipped|||16520353000152|14024-800|SAO PAULO|BR|ALL IN||8|6|6|9|9|Y|07-21-2026 22:58:01|07-21-2026 00:00:00|07-21-2026 00:00:00|07-21-2026 00:00:00||07-22-2026 09:56:50|07-23-2026 07:04:31|07-23-2026 07:17:29|07-24-2026 02:30:56||07-24-2026 04:32:16|07-31-2026 11:43:56|07-31-2026 11:44:04|53.57|228.77|175.2
BRCJM01|BRHARLD|BRHARLD|100066873|Shipped|||19231827000134|22790-702|RIO DE JANEIRO|BR|ANDRE/TRANSP||1|0|0|7|7|Y|07-21-2026 22:58:00|07-21-2026 00:00:00|07-08-2026 00:00:00|07-08-2026 00:00:00||07-22-2026 09:56:46|07-22-2026 14:16:57|07-22-2026 14:16:57|07-23-2026 05:20:05||07-23-2026 05:37:09|07-31-2026 11:43:41|07-31-2026 11:44:04|30.65|228.77|198.12
BRCJM01|BRHARLD|BRHARLD|100066874|Shipped|||20110460000180|18047-620|SAO PAULO|BR|TAC SOR||2|2|2|6|6|Y|07-21-2026 22:58:00|07-21-2026 00:00:00|07-21-2026 00:00:00|07-21-2026 00:00:00||07-22-2026 09:56:51|07-23-2026 07:51:54|07-23-2026 07:58:21|07-24-2026 03:10:01||07-27-2026 10:58:22|07-31-2026 14:51:47|07-31-2026 14:56:49|132.01|231.98|99.97
BRCJM01|BRHARLD|BRHARLD|100066875|Shipped|||01693497000214|86020-000|PARANA|BR|ALL IN||5|6|6|15|15|Y|07-21-2026 22:58:00|07-21-2026 00:00:00|07-21-2026 00:00:00|07-21-2026 00:00:00|07-23-2026 09:00:48|07-23-2026 14:43:31|07-24-2026 19:25:34|07-24-2026 19:30:51|07-25-2026 04:45:46||07-25-2026 05:51:40|07-31-2026 14:52:05|07-31-2026 14:56:48|78.89|231.98|153.09
BRCJM01|BRHARLD|BRHARLD|100066876|Shipped|||23633012000159|69050-055|AMAZONAS|BR|NORTEX||4|2|2|15|15|Y|07-21-2026 22:58:00|07-21-2026 00:00:00|03-19-2026 00:00:00|03-19-2026 00:00:00||07-22-2026 09:56:41|07-22-2026 12:33:08|07-22-2026 12:37:29|07-23-2026 04:55:31||07-23-2026 05:37:44|07-31-2026 11:43:39|07-31-2026 11:44:05|30.66|228.77|198.11
BRCJM01|BRHARLD|BRHARLD|100066877|Shipped|||23633012000159|69050-055|AMAZONAS|BR|NORTEX||2|0|0|2|2|Y|07-21-2026 22:58:00|07-21-2026 00:00:00|06-10-2026 00:00:00|06-10-2026 00:00:00||07-22-2026 09:56:43|07-23-2026 08:04:50|07-23-2026 08:08:20|07-24-2026 02:21:51||07-24-2026 04:30:56|07-31-2026 11:43:56|07-31-2026 11:44:05|53.55|228.77|175.22
BRCJM01|BRHARLD|BRHARLD|100066878|Shipped|||59997590000111|30494-080|MINAS GERAIS|BR|ANDRE/TRANSP||7|13|13|20|20|Y|07-21-2026 22:58:00|07-21-2026 00:00:00|07-01-2026 00:00:00|07-01-2026 00:00:00||07-22-2026 09:56:45|07-23-2026 07:27:18|07-23-2026 07:36:09|07-24-2026 02:57:14||07-24-2026 04:31:46|07-31-2026 11:43:58|07-31-2026 11:44:05|53.56|228.77|175.21
BRCJM01|BRHARLD|BRHARLD|100066880|Shipped|||14296414000114|88085-150|SANTA CATARINA|BR|TAC CWB||1|0|0|1|1|Y|07-22-2026 10:27:36|07-22-2026 00:00:00|05-01-2026 00:00:00|05-01-2026 00:00:00||07-23-2026 08:36:04|07-24-2026 19:12:48|07-24-2026 19:12:48|07-25-2026 05:25:39||07-25-2026 05:58:48|07-30-2026 15:38:38|07-30-2026 15:39:27|67.52|197.2|129.68
BRCJM01|BRHARLD|BRHARLD|100066882|Shipped|||13232008000125|04794-000|SAO PAULO|BR|TRANSP DSV||20|13|13|30|30|Y|07-23-2026 20:32:04|07-23-2026 00:00:00|07-02-2026 00:00:00|07-02-2026 00:00:00||07-24-2026 09:27:02|07-24-2026 17:46:22|07-24-2026 18:18:13|07-24-2026 23:02:26||07-24-2026 23:03:35|07-31-2026 14:52:15|07-31-2026 14:56:48|26.53|186.41|159.89
BRCJM01|BRHARLD|BRHARLD|100066883|Shipped|||13244867000134|13092-305|SAO PAULO|BR|TAC CPQ||2|1|1|2|2|Y|07-23-2026 20:32:07|07-23-2026 00:00:00|06-23-2026 00:00:00|06-23-2026 00:00:00||07-24-2026 09:27:02|07-24-2026 19:37:02|07-24-2026 19:39:52|07-25-2026 04:29:39||07-25-2026 05:51:06|07-31-2026 14:52:18|07-31-2026 14:56:48|33.32|186.41|153.1
BRCJM01|BRHARLD|BRHARLD|100066884|Shipped|||13268423000139|90160-003|RIO GRANDE DO SUL|BR|TRANSTRY||2|1|1|2|2|Y|07-23-2026 20:32:06|07-23-2026 00:00:00|06-30-2026 00:00:00|06-30-2026 00:00:00||07-24-2026 09:27:02|07-24-2026 19:48:39|07-24-2026 19:52:33|07-25-2026 05:00:14||07-25-2026 05:51:00|07-31-2026 14:52:24|07-31-2026 14:56:48|33.32|186.41|153.1
BRCJM01|BRHARLD|BRHARLD|100066885|Shipped|||01693497000133|80740-000|PARANA|BR|TAC CWB||1|0|0|1|1|Y|07-23-2026 20:32:05|07-23-2026 00:00:00|07-14-2026 00:00:00|07-14-2026 00:00:00||07-24-2026 09:27:04|07-24-2026 21:47:54|07-24-2026 21:47:54|07-25-2026 05:03:01||07-25-2026 05:50:51|07-31-2026 14:52:29|07-31-2026 14:56:47|33.31|186.41|153.1
BRCJM01|BRHARLD|BRHARLD|100066886|Shipped|||13304379000175|74823-420|GOIAS|BR|ALL IN||14|3|3|52|52|Y|07-23-2026 20:32:07|07-23-2026 00:00:00|07-09-2026 00:00:00|07-09-2026 00:00:00||07-24-2026 09:27:03|07-24-2026 18:35:56|07-24-2026 19:06:24|07-25-2026 04:03:13||07-25-2026 04:38:56|07-31-2026 14:52:41|07-31-2026 14:56:48|32.11|186.41|154.3
BRCJM01|BRHARLD|BRHARLD|100066887|Shipped|||13685709000110|70750-525|DISTRITO FEDERAL|BR|ALL IN||6|5|5|8|8|Y|07-23-2026 20:32:07|07-23-2026 00:00:00|07-09-2026 00:00:00|07-09-2026 00:00:00||07-24-2026 09:27:04|07-24-2026 19:50:17|07-24-2026 19:58:26|07-24-2026 22:23:22||07-24-2026 22:24:21|07-31-2026 14:52:52|07-31-2026 14:56:49|25.87|186.41|160.54
BRCJM01|BRHARLD|BRHARLD|100066888|Shipped|||14296414000114|88085-150|SANTA CATARINA|BR|TAC CWB||2|0|0|3|3|Y|07-23-2026 20:32:08|07-23-2026 00:00:00|07-21-2026 00:00:00|07-21-2026 00:00:00||07-24-2026 09:27:04|07-24-2026 21:55:39|07-24-2026 21:57:36|07-24-2026 23:11:53||07-24-2026 23:12:21|07-30-2026 15:38:38|07-30-2026 15:39:27|26.67|163.12|136.45
BRCJM01|BRHARLD|BRHARLD|100066889|Shipped|||16520353000152|14024-800|SAO PAULO|BR|ALL IN||2|1|1|2|2|Y|07-23-2026 20:32:08|07-23-2026 00:00:00|06-24-2026 00:00:00|06-24-2026 00:00:00||07-24-2026 09:27:02|07-24-2026 19:45:07|07-24-2026 19:46:19|07-25-2026 05:06:29||07-25-2026 05:50:45|07-31-2026 14:25:52|07-31-2026 14:31:41|33.31|185.99|152.68
BRCJM01|BRHARLD|BRHARLD|100066890|Shipped|||19231827000134|22790-702|RIO DE JANEIRO|BR|ANDRE/TRANSP||2|0|0|3|3|Y|07-23-2026 20:32:08|07-23-2026 00:00:00|05-27-2026 00:00:00|05-27-2026 00:00:00||07-24-2026 09:27:01|07-24-2026 19:34:07|07-24-2026 19:35:25|07-25-2026 04:54:00||07-25-2026 05:50:56|07-31-2026 14:52:54|07-31-2026 14:56:49|33.31|186.41|153.1
BRCJM01|BRHARLD|BRHARLD|100066891|Shipped|||01693497000214|86020-000|PARANA|BR|ALL IN||6|3|3|8|8|Y|07-23-2026 20:32:08|07-23-2026 00:00:00|07-22-2026 00:00:00|07-22-2026 00:00:00||07-24-2026 09:27:05|07-24-2026 19:21:46|07-24-2026 19:32:17|07-24-2026 22:51:08||07-24-2026 22:51:26|07-31-2026 14:52:59|07-31-2026 14:56:48|26.32|186.41|160.09
BRCJM01|BRHARLD|BRHARLD|100066892|Shipped|||59997590000111|30494-080|MINAS GERAIS|BR|ANDRE/TRANSP||6|28|28|39|39|Y|07-23-2026 20:32:08|07-23-2026 00:00:00|07-01-2026 00:00:00|07-01-2026 00:00:00||07-24-2026 09:27:02|07-24-2026 19:38:15|07-24-2026 19:45:12|07-24-2026 22:45:44||07-24-2026 22:46:18|07-31-2026 14:53:06|07-31-2026 14:56:49|26.24|186.41|160.18
BRCJM01|BRHARLD|BRHARLD|100066893|Shipped|||02273580000469|07789-100|SAO PAULO|BR|TRANSP DSV||1|0|0|1|1|Y|07-24-2026 10:12:14|07-24-2026 00:00:00|05-01-2026 00:00:00|05-01-2026 00:00:00||07-24-2026 11:55:43|07-24-2026 21:51:57|07-24-2026 21:51:57|07-24-2026 23:08:20||07-24-2026 23:08:50|08-06-2026 10:48:44|08-06-2026 10:49:06|12.94|312.61|299.67
BRCJM01|BRHARLD|BRHARLD|100066897|Shipped|||13685709000110|70750-525|DISTRITO FEDERAL|BR|ALL IN||1|1|1|1|1|Y|07-24-2026 11:20:47|07-24-2026 00:00:00|06-01-2026 00:00:00|06-01-2026 00:00:00|07-24-2026 11:55:43|07-24-2026 15:14:06|07-24-2026 21:51:01|07-24-2026 21:51:01|07-25-2026 04:49:38||07-25-2026 05:50:05|07-31-2026 14:53:08|07-31-2026 14:56:49|18.49|171.6|153.11
BRCJM01|BRHARLD|BRHARLD|100066899|Shipped|||13232008000125|04794-000|SAO PAULO|BR|TRANSP DSV||38|99.25|98|186|186|Y|07-24-2026 20:06:08|07-23-2026 00:00:00|07-07-2026 00:00:00|07-07-2026 00:00:00||07-27-2026 09:14:39|07-27-2026 16:46:13|07-27-2026 17:40:39|07-28-2026 10:10:57||07-28-2026 10:13:38|07-30-2026 15:39:14|07-30-2026 15:39:24|86.13|139.55|53.43
BRCJM01|BRHARLD|BRHARLD|100066900|Shipped|||13232008000125|04794-000|SAO PAULO|BR|TRANSP DSV||22|0|0|110|110|Y|07-24-2026 20:06:10|07-23-2026 00:00:00|05-01-2026 00:00:00|05-01-2026 00:00:00||07-27-2026 09:14:24|07-28-2026 00:54:45|07-28-2026 01:38:40|07-28-2026 04:14:27||07-28-2026 05:45:42|08-12-2026 09:57:25|08-13-2026 14:41:11|81.66|474.58|392.92
BRCJM01|BRHARLD|BRHARLD|100066901|Shipped|||13244867000134|13092-305|SAO PAULO|BR|TAC CPQ||19|10|10|29|29|Y|07-24-2026 20:06:10|07-23-2026 00:00:00|06-12-2026 00:00:00|06-12-2026 00:00:00|07-27-2026 09:14:35|07-27-2026 16:56:13|07-28-2026 04:48:41|07-28-2026 12:00:05|07-28-2026 15:55:09||07-28-2026 15:57:06|07-31-2026 14:26:20|07-31-2026 14:31:40|91.85|162.43|70.58
BRCJM01|BRHARLD|BRHARLD|100066902|Shipped|||13244867000134|13092-305|SAO PAULO|BR|TAC CPQ||15|0|0|21|21|Y|07-24-2026 20:06:10|07-23-2026 00:00:00|05-01-2026 00:00:00|05-01-2026 00:00:00||07-27-2026 09:14:24|07-27-2026 23:32:09|07-27-2026 23:45:17|07-28-2026 05:44:21||07-28-2026 05:45:46|07-30-2026 15:39:05|07-30-2026 15:39:25|81.66|139.55|57.89
BRCJM01|BRHARLD|BRHARLD|100066903|Shipped|||13268423000139|90160-003|RIO GRANDE DO SUL|BR|TRANSTRY||6|5|5|10|10|Y|07-24-2026 20:06:10|07-23-2026 00:00:00|06-11-2026 00:00:00|06-11-2026 00:00:00||07-27-2026 09:14:33|07-27-2026 18:12:53|07-27-2026 18:25:04|07-28-2026 04:57:45||07-28-2026 05:45:37|07-30-2026 15:38:59|07-30-2026 15:39:26|81.66|139.55|57.9
BRCJM01|BRHARLD|BRHARLD|100066904|Shipped|||13268423000139|90160-003|RIO GRANDE DO SUL|BR|TRANSTRY||35|2|2|42|42|Y|07-24-2026 20:06:11|07-23-2026 00:00:00|03-25-2026 00:00:00|03-25-2026 00:00:00||07-27-2026 09:14:22|07-28-2026 10:06:26|07-29-2026 01:04:44|07-29-2026 04:45:21||07-29-2026 05:46:14|07-31-2026 14:26:25|07-31-2026 14:31:41|105.67|162.43|56.76
BRCJM01|BRHARLD|BRHARLD|100066905|Shipped|||01693497000133|80740-000|PARANA|BR|TAC CWB||33|51|51|196|196|Y|07-24-2026 20:06:11|07-23-2026 00:00:00|07-14-2026 00:00:00|07-14-2026 00:00:00|07-27-2026 09:14:44|07-27-2026 16:56:16|07-28-2026 09:19:52|07-28-2026 11:17:25|07-28-2026 13:17:15||07-28-2026 13:19:54|07-30-2026 15:39:22|07-30-2026 15:39:23|89.23|139.55|50.32
BRCJM01|BRHARLD|BRHARLD|100066906|Shipped|||01693497000133|80740-000|PARANA|BR|TAC CWB||14|0|0|36|36|Y|07-24-2026 20:06:12|07-23-2026 00:00:00|05-01-2026 00:00:00|05-01-2026 00:00:00||07-27-2026 09:14:25|07-27-2026 23:06:49|07-27-2026 23:24:00|07-28-2026 04:32:54||07-28-2026 05:45:34|08-12-2026 09:57:35|08-13-2026 14:41:07|81.66|474.58|392.93
BRCJM01|BRHARLD|BRHARLD|100066907|Shipped|||13304379000175|74823-420|GOIAS|BR|ALL IN||12|4|4|24|24|Y|07-24-2026 20:06:11|07-23-2026 00:00:00|07-15-2026 00:00:00|07-15-2026 00:00:00||07-27-2026 09:14:44|07-29-2026 17:12:58|07-29-2026 17:35:05|07-29-2026 19:37:24||07-29-2026 19:39:20|08-04-2026 11:12:24|08-04-2026 11:12:41|119.55|255.11|135.56
BRCJM01|BRHARLD|BRHARLD|100066908|Shipped|||13304379000175|74823-420|GOIAS|BR|ALL IN||28|0|0|36|36|Y|07-24-2026 20:06:12|07-23-2026 00:00:00|05-01-2026 00:00:00|05-01-2026 00:00:00||07-27-2026 09:14:25|07-27-2026 18:48:00|07-27-2026 19:17:17|07-28-2026 05:45:43||07-28-2026 05:51:31|07-30-2026 15:39:04|07-30-2026 15:39:26|81.76|139.55|57.8
BRCJM01|BRHARLD|BRHARLD|100066909|Shipped|||13685709000110|70750-525|DISTRITO FEDERAL|BR|ALL IN||29|104|104|165|165|Y|07-24-2026 20:06:12|07-23-2026 00:00:00|07-13-2026 00:00:00|07-13-2026 00:00:00|07-28-2026 07:55:41|07-28-2026 07:58:34|07-29-2026 19:14:29|07-29-2026 20:19:21|07-30-2026 09:07:43||07-30-2026 09:09:08|08-04-2026 11:12:32|08-04-2026 11:12:42|133.05|255.11|122.06
BRCJM01|BRHARLD|BRHARLD|100066910|Shipped|||13685709000110|70750-525|DISTRITO FEDERAL|BR|ALL IN||15|0|0|24|24|Y|07-24-2026 20:06:13|07-23-2026 00:00:00|07-01-2026 00:00:00|07-01-2026 00:00:00|07-27-2026 09:14:36|07-27-2026 16:56:15|07-27-2026 22:44:01|07-27-2026 23:03:25|07-28-2026 04:42:55||07-28-2026 05:45:10|07-30-2026 15:38:56|07-30-2026 15:39:26|81.65|139.55|57.9
BRCJM01|BRHARLD|BRHARLD|100066911|Shipped|||14296414000114|88085-150|SANTA CATARINA|BR|TAC CWB||14|5|5|67|67|Y|07-24-2026 20:06:12|07-23-2026 00:00:00|07-07-2026 00:00:00|07-07-2026 00:00:00||07-27-2026 09:14:40|07-27-2026 14:21:48|07-27-2026 14:48:57|07-28-2026 04:33:27||07-28-2026 06:10:36|07-30-2026 15:38:54|07-30-2026 15:39:27|82.07|139.55|57.48
BRCJM01|BRHARLD|BRHARLD|100066912|Shipped|||14296414000114|88085-150|SANTA CATARINA|BR|TAC CWB||51|2|2|87|87|Y|07-24-2026 20:06:13|07-23-2026 00:00:00|07-01-2026 00:00:00|07-01-2026 00:00:00||07-27-2026 09:14:36|07-28-2026 08:27:06|07-28-2026 22:19:26|07-28-2026 23:09:15||07-28-2026 23:52:03|08-04-2026 11:12:11|08-04-2026 11:12:43|99.76|255.11|155.34
BRCJM01|BRHARLD|BRHARLD|100066913|Shipped|||16520353000152|14024-800|SAO PAULO|BR|ALL IN||2|1|1|2|2|Y|07-24-2026 20:06:13|07-23-2026 00:00:00|03-26-2026 00:00:00|03-26-2026 00:00:00||07-27-2026 09:14:24|07-27-2026 23:19:58|07-27-2026 23:20:54|07-28-2026 10:39:03||07-28-2026 10:39:55|07-30-2026 15:39:15|07-30-2026 15:39:27|86.56|139.55|52.99
BRCJM01|BRHARLD|BRHARLD|100066914|Shipped|||16520353000152|14024-800|SAO PAULO|BR|ALL IN||18|0|0|28|28|Y|07-24-2026 20:06:13|07-23-2026 00:00:00|05-01-2026 00:00:00|05-01-2026 00:00:00||07-27-2026 09:14:26|07-28-2026 00:11:02|07-28-2026 00:40:58|07-28-2026 04:57:37||07-28-2026 05:45:17|07-30-2026 15:38:58|07-30-2026 15:39:27|81.65|139.55|57.9
BRCJM01|BRHARLD|BRHARLD|100066915|Shipped|||19231827000134|22790-702|RIO DE JANEIRO|BR|ANDRE/TRANSP||11|18|18|43|43|Y|07-24-2026 20:06:14|07-23-2026 00:00:00|07-02-2026 00:00:00|07-02-2026 00:00:00|07-27-2026 09:14:38|07-27-2026 16:56:15|07-28-2026 07:10:57|07-29-2026 00:41:34|07-29-2026 01:26:50||07-30-2026 15:15:30|08-04-2026 11:12:15|08-04-2026 11:12:43|139.15|255.11|115.95
BRCJM01|BRHARLD|BRHARLD|100066916|Shipped|||19231827000134|22790-702|RIO DE JANEIRO|BR|ANDRE/TRANSP||21|4|4|104|104|Y|07-24-2026 20:06:14|07-23-2026 00:00:00|05-01-2026 00:00:00|05-01-2026 00:00:00||07-27-2026 09:14:26|07-27-2026 19:52:13|07-27-2026 20:24:41|07-28-2026 12:59:28||07-28-2026 13:03:31|07-30-2026 15:39:20|07-30-2026 15:39:28|88.95|139.55|50.6
BRCJM01|BRHARLD|BRHARLD|100066917|Shipped|||20110460000180|18047-620|SAO PAULO|BR|TAC SOR||17|4|4|34|34|Y|07-24-2026 20:07:14|07-23-2026 00:00:00|07-11-2026 00:00:00|07-11-2026 00:00:00||07-27-2026 09:14:41|07-29-2026 17:40:30|07-29-2026 17:50:39|07-29-2026 18:53:17||07-29-2026 18:56:20|08-04-2026 11:12:22|08-04-2026 11:12:44|118.82|255.09|136.27
BRCJM01|BRHARLD|BRHARLD|100066918|Shipped|||20110460000180|18047-620|SAO PAULO|BR|TAC SOR||31|0|0|47|47|Y|07-24-2026 20:07:14|07-23-2026 00:00:00|05-01-2026 00:00:00|05-01-2026 00:00:00||07-27-2026 09:14:27|07-27-2026 10:22:24|07-27-2026 11:03:36|07-27-2026 17:56:53||07-27-2026 17:58:40|07-30-2026 15:38:46|07-30-2026 15:39:28|69.86|139.54|69.68
BRCJM01|BRHARLD|BRHARLD|100066919|Shipped|||13244867000304|13295-622|SAO PAULO|BR|TAC CPQ||15|13|13|370|370|Y|07-24-2026 20:07:15|07-23-2026 00:00:00|06-24-2026 00:00:00|06-24-2026 00:00:00|07-27-2026 09:14:36|07-27-2026 16:56:14|07-27-2026 23:21:36|07-28-2026 03:48:03|07-28-2026 03:48:45||07-28-2026 05:44:04|07-30-2026 15:38:53|07-30-2026 15:39:25|81.61|139.54|57.92
BRCJM01|BRHARLD|BRHARLD|100066920|Shipped|||13244867000304|13295-622|SAO PAULO|BR|TAC CPQ||43|0|0|60|60|Y|07-24-2026 20:07:15|07-23-2026 00:00:00|05-01-2026 00:00:00|05-01-2026 00:00:00||07-27-2026 09:14:28|07-27-2026 12:51:59|07-27-2026 14:06:29|07-27-2026 22:41:10||07-27-2026 22:46:12|07-30-2026 15:38:50|07-30-2026 15:39:26|74.65|139.54|64.89
BRCJM01|BRHARLD|BRHARLD|100066921|Shipped|||01693497000214|86020-000|PARANA|BR|ALL IN||15|37|37|60|60|Y|07-24-2026 20:07:15|07-23-2026 00:00:00|07-08-2026 00:00:00|07-08-2026 00:00:00||07-27-2026 09:14:40|07-28-2026 04:08:35|07-29-2026 13:14:11|07-29-2026 17:17:52||07-29-2026 17:19:49|08-04-2026 11:12:20|08-04-2026 11:12:40|117.21|255.09|137.88
BRCJM01|BRHARLD|BRHARLD|100066922|Shipped|||01693497000214|86020-000|PARANA|BR|ALL IN||27|0|0|46|46|Y|07-24-2026 20:07:16|07-23-2026 00:00:00|05-01-2026 00:00:00|05-01-2026 00:00:00||07-27-2026 09:14:29|07-27-2026 22:08:38|07-27-2026 22:52:02|07-28-2026 05:38:32||07-28-2026 05:45:05|07-30-2026 15:39:02|07-30-2026 15:39:24|81.63|139.54|57.91
BRCJM01|BRHARLD|BRHARLD|100066923|Shipped|||23633012000159|69050-055|AMAZONAS|BR|NORTEX||64|0|0|92|92|Y|07-24-2026 20:07:16|07-23-2026 00:00:00|05-01-2026 00:00:00|05-01-2026 00:00:00|07-27-2026 09:14:32|07-27-2026 16:56:11|07-27-2026 21:45:29|07-27-2026 22:59:22|07-28-2026 13:54:57||07-28-2026 13:59:39|08-04-2026 11:12:05|08-04-2026 11:12:44|89.87|255.09|165.22
BRCJM01|BRHARLD|BRHARLD|100066924|Shipped|||59997590000111|30494-080|MINAS GERAIS|BR|ANDRE/TRANSP||39|106|106|182|182|Y|07-24-2026 20:07:17|07-23-2026 00:00:00|09-22-2025 00:00:00|09-22-2025 00:00:00||07-27-2026 09:14:20|07-27-2026 09:59:19|07-27-2026 14:43:42|07-27-2026 16:51:21||07-27-2026 16:52:29|07-30-2026 15:38:43|07-30-2026 15:39:29|68.75|139.54|70.78
BRCJM01|BRHARLD|BRHARLD|100066925|Shipped|||59997590000111|30494-080|MINAS GERAIS|BR|ANDRE/TRANSP||30|2|2|46|46|Y|07-24-2026 20:07:17|07-23-2026 00:00:00|05-01-2026 00:00:00|05-01-2026 00:00:00||07-27-2026 09:14:32|07-28-2026 07:04:33|07-28-2026 08:07:19|07-28-2026 08:30:50||07-28-2026 08:33:08|07-30-2026 15:39:10|07-30-2026 15:39:29|84.43|139.54|55.11
BRCJM01|BRHARLD|BRHARLD|100066926|Shipped|||61810431000108|29060-730|ESPIRITO SANTO|BR|AEREO||8|13|13|17|17|Y|07-24-2026 20:07:18|07-23-2026 00:00:00|07-02-2026 00:00:00|07-02-2026 00:00:00||07-27-2026 09:14:38|07-28-2026 08:06:00|07-28-2026 09:08:42|07-28-2026 10:33:38||07-28-2026 10:35:19|07-30-2026 15:39:15|07-30-2026 15:39:29|86.47|139.54|53.07
BRCJM01|BRHARLD|BRHARLD|100066927|Shipped|||61810431000108|29060-730|ESPIRITO SANTO|BR|AEREO||15|0|0|54|54|Y|07-24-2026 20:07:18|07-23-2026 00:00:00|05-01-2026 00:00:00|05-01-2026 00:00:00||07-27-2026 09:14:33|07-27-2026 23:49:14|07-28-2026 00:06:43|07-28-2026 05:53:42||07-28-2026 06:00:04|07-30-2026 15:39:07|07-30-2026 15:39:30|81.88|139.54|57.66
BRCJM01|BRHARLD|BRHARLD|100066928|Shipped|||61810431000108|29060-730|ESPIRITO SANTO|BR|AEREO||28|0|0|71|71|Y|07-24-2026 20:07:18|07-23-2026 00:00:00|07-01-2026 00:00:00|07-01-2026 00:00:00||07-28-2026 07:55:37|07-29-2026 09:14:52|07-30-2026 20:52:05|07-30-2026 21:44:38||07-30-2026 21:47:14|08-05-2026 14:55:14|08-05-2026 15:36:14|145.67|283.48|137.82
BRCJM01|BRHARLD|BRHARLD|100066929|Shipped|||01693497000133|80740-000|PARANA|BR|TAC CWB||1|1|1|1|1|Y|07-27-2026 11:06:31|07-27-2026 00:00:00|07-24-2026 00:00:00|07-24-2026 00:00:00||07-27-2026 15:09:13|07-27-2026 17:10:52|07-27-2026 17:10:52|07-27-2026 17:13:31||07-27-2026 17:13:51|07-30-2026 15:38:43|07-30-2026 15:39:23|6.12|76.55|70.43
BRCJM01|BRHARLD|BRHARLD|100066930|Shipped|||13232008000125|04794-000|SAO PAULO|BR|TRANSP DSV||14|9|9|15|15|Y|07-28-2026 12:51:15|07-28-2026 00:00:00|07-24-2026 00:00:00|07-24-2026 00:00:00||07-29-2026 08:31:36|07-29-2026 12:38:02|07-29-2026 13:12:15|07-29-2026 14:21:58||07-29-2026 14:22:34|08-04-2026 11:12:16|08-04-2026 11:12:40|25.52|166.36|140.84
BRCJM01|BRHARLD|BRHARLD|100066931|Shipped|||13268423000139|90160-003|RIO GRANDE DO SUL|BR|TRANSTRY||4|20|20|27|27|Y|07-28-2026 12:51:17|07-28-2026 00:00:00|05-07-2026 00:00:00|05-07-2026 00:00:00||07-29-2026 08:31:35|07-29-2026 11:27:24|07-29-2026 11:32:21|07-29-2026 14:58:26||07-29-2026 15:04:26|08-04-2026 11:12:18|08-04-2026 11:12:40|26.22|166.36|140.14
BRCJM01|BRHARLD|BRHARLD|100066932|Shipped|||01693497000133|80740-000|PARANA|BR|TAC CWB||7|4|4|14|14|Y|07-28-2026 12:51:16|07-28-2026 00:00:00|06-12-2026 00:00:00|06-12-2026 00:00:00||07-29-2026 08:31:35|07-29-2026 17:55:28|07-30-2026 11:48:52|07-30-2026 12:32:21||07-30-2026 12:37:21|08-04-2026 11:12:34|08-04-2026 11:12:39|47.77|166.36|118.59
BRCJM01|BRHARLD|BRHARLD|100066933|Shipped|||13304379000175|74823-420|GOIAS|BR|ALL IN||3|1|1|13|13|Y|07-28-2026 12:51:17|07-28-2026 00:00:00|07-24-2026 00:00:00|07-24-2026 00:00:00||07-29-2026 08:31:37|07-29-2026 14:45:19|07-29-2026 14:51:15|07-29-2026 20:06:27||07-29-2026 20:08:46|08-04-2026 11:12:26|08-04-2026 11:12:41|31.29|166.36|135.07
BRCJM01|BRHARLD|BRHARLD|100066934|Shipped|||13685709000110|70750-525|DISTRITO FEDERAL|BR|ALL IN||11|57|57|73|73|Y|07-28-2026 12:51:18|07-28-2026 00:00:00|07-24-2026 00:00:00|07-24-2026 00:00:00||07-29-2026 08:31:37|07-29-2026 08:59:27|07-29-2026 09:28:30|07-29-2026 11:57:20||07-29-2026 12:03:03|07-31-2026 14:27:00|07-31-2026 14:31:41|23.2|73.67|50.48
BRCJM01|BRHARLD|BRHARLD|100066935|Shipped|||14296414000114|88085-150|SANTA CATARINA|BR|TAC CWB||7|6|6|43|43|Y|07-28-2026 12:51:17|07-28-2026 00:00:00|10-01-2025 00:00:00|10-01-2025 00:00:00||07-29-2026 08:31:34|07-29-2026 11:11:49|07-29-2026 11:21:58|07-29-2026 14:07:24||07-29-2026 14:08:28|08-14-2026 09:11:37|08-14-2026 09:11:59|25.29|404.35|379.06
BRCJM01|BRHARLD|BRHARLD|100066936|Shipped|||16520353000152|14024-800|SAO PAULO|BR|ALL IN||3|6|6|7|7|Y|07-28-2026 12:51:18|07-28-2026 00:00:00|05-11-2026 00:00:00|05-11-2026 00:00:00|07-29-2026 16:18:58|07-29-2026 16:28:51|07-29-2026 18:59:06|07-29-2026 19:00:25|07-29-2026 22:52:02||07-29-2026 22:52:16|08-04-2026 11:12:26|08-04-2026 11:12:43|34.02|166.36|132.34
BRCJM01|BRHARLD|BRHARLD|100066937|Shipped|||19231827000134|22790-702|RIO DE JANEIRO|BR|ANDRE/TRANSP||6|6|6|11|11|Y|07-28-2026 12:51:17|07-28-2026 00:00:00|07-28-2026 00:00:00|07-28-2026 00:00:00||07-29-2026 08:31:38|07-29-2026 09:30:32|07-30-2026 05:22:59|07-30-2026 05:37:51||07-30-2026 05:47:10|08-04-2026 11:12:28|08-04-2026 11:12:43|40.93|166.36|125.43
BRCJM01|BRHARLD|BRHARLD|100066938|Shipped|||20110460000180|18047-620|SAO PAULO|BR|TAC SOR||1|0|0|3|3|Y|07-28-2026 12:51:17|07-28-2026 00:00:00|07-27-2026 00:00:00|07-27-2026 00:00:00||07-29-2026 08:31:38|07-29-2026 10:50:35|07-29-2026 10:50:35|07-29-2026 12:15:33||07-29-2026 12:16:29|07-31-2026 14:27:04|07-31-2026 14:31:41|23.42|73.67|50.25
BRCJM01|BRHARLD|BRHARLD|100066939|Shipped|||13244867000304|13295-622|SAO PAULO|BR|TAC CPQ||2|2|2|3|3|Y|07-28-2026 12:51:17|07-28-2026 00:00:00|07-24-2026 00:00:00|07-24-2026 00:00:00||07-29-2026 08:31:38|07-29-2026 10:54:58|07-29-2026 10:56:42|07-29-2026 12:10:34||07-29-2026 12:11:29|07-31-2026 14:27:06|07-31-2026 14:31:40|23.34|73.67|50.34
BRCJM01|BRHARLD|BRHARLD|100066940|Shipped|||01693497000214|86020-000|PARANA|BR|ALL IN||2|0|0|2|2|Y|07-28-2026 12:51:17|07-28-2026 00:00:00|07-21-2026 00:00:00|07-21-2026 00:00:00||07-29-2026 08:31:36|07-29-2026 11:23:56|07-29-2026 11:25:01|07-29-2026 13:46:57||07-29-2026 13:51:01|07-31-2026 14:27:11|07-31-2026 14:31:40|25|73.67|48.68
BRCJM01|BRHARLD|BRHARLD|100066941|Shipped|||59997590000111|30494-080|MINAS GERAIS|BR|ANDRE/TRANSP||3|10|10|13|13|Y|07-28-2026 12:51:18|07-28-2026 00:00:00|07-22-2026 00:00:00|07-22-2026 00:00:00||07-29-2026 08:31:36|07-29-2026 11:09:04|07-29-2026 11:10:04|07-29-2026 13:56:07||07-29-2026 13:56:45|07-31-2026 14:27:13|07-31-2026 14:31:41|25.09|73.67|48.58
BRCJM01|BRHARLD|BRHARLD|100066942|Shipped|||13685709000110|70750-525|DISTRITO FEDERAL|BR|ALL IN||1|1|1|1|1|Y|07-29-2026 10:06:52|07-29-2026 00:00:00|07-24-2026 00:00:00|07-24-2026 00:00:00||07-29-2026 16:18:59|07-29-2026 19:08:38|07-29-2026 19:08:38|07-29-2026 22:48:44||07-29-2026 22:49:00|08-04-2026 11:12:26|08-04-2026 11:12:42|12.7|145.1|132.4
BRCJM01|BRHARLD|BRHARLD|100066943|Shipped|||14296414000114|88085-150|SANTA CATARINA|BR|TAC CWB||1|0|0|3|3|Y|07-29-2026 10:06:53|07-29-2026 00:00:00|07-24-2026 00:00:00|07-24-2026 00:00:00||07-29-2026 16:18:59|07-29-2026 19:11:16|07-29-2026 19:11:16|07-29-2026 22:54:21||07-29-2026 22:54:46|08-04-2026 11:12:27|08-04-2026 11:12:43|12.8|145.1|132.3
BRCJM01|BRHARLD|BRHARLD|100066944|Shipped|||16520353000152|14024-800|SAO PAULO|BR|ALL IN||2|0|0|15|15|Y|07-29-2026 10:06:53|07-29-2026 00:00:00|07-24-2026 00:00:00|07-24-2026 00:00:00||07-29-2026 16:18:59|07-29-2026 19:39:56|07-29-2026 20:24:22|07-29-2026 23:00:32||07-29-2026 23:00:47|08-04-2026 11:12:27|08-04-2026 11:12:43|12.9|145.1|132.2
BRCJM01|BRHARLD|BRHARLD|100066945|Shipped|||02273580000469|07789-100|SAO PAULO|BR|TRANSP DSV||1|1|1|1|1|Y|07-29-2026 15:26:47|07-29-2026 00:00:00|05-21-2026 00:00:00|05-21-2026 00:00:00||07-29-2026 16:18:58|07-29-2026 19:05:31|07-29-2026 19:05:31|07-29-2026 22:46:52||07-29-2026 22:47:07|08-04-2026 11:12:26|08-04-2026 11:12:40|7.34|139.76|132.43
BRCJM01|BRHARLD|BRHARLD|100066946|Shipped|||13232008000125|04794-000|SAO PAULO|BR|TRANSP DSV||25|37.26|32|57|57|Y|07-29-2026 18:48:47|07-29-2026 00:00:00|06-29-2026 00:00:00|06-29-2026 00:00:00|07-30-2026 08:34:39|07-30-2026 16:50:45|07-30-2026 18:15:21|07-30-2026 18:48:57|07-30-2026 20:40:12||07-30-2026 20:41:31|08-05-2026 14:55:29|08-05-2026 15:36:11|25.88|164.79|138.91
BRCJM01|BRHARLD|BRHARLD|100066947|Shipped|||13244867000134|13092-305|SAO PAULO|BR|TAC CPQ||1|0|0|1|1|Y|07-29-2026 18:48:49|07-29-2026 00:00:00|06-23-2026 00:00:00|06-23-2026 00:00:00||07-30-2026 08:34:37|07-30-2026 09:39:52|07-30-2026 09:39:52|07-30-2026 10:29:59||07-30-2026 10:31:33|08-04-2026 11:12:32|08-04-2026 11:12:40|15.71|136.4|120.69
BRCJM01|BRHARLD|BRHARLD|100066948|Shipped|||13268423000139|90160-003|RIO GRANDE DO SUL|BR|TRANSTRY||10|2|2|10|10|Y|07-29-2026 18:48:49|07-29-2026 00:00:00|06-30-2026 00:00:00|06-30-2026 00:00:00||07-30-2026 08:34:40|07-30-2026 10:31:25|07-30-2026 10:41:08|07-30-2026 12:11:13||07-30-2026 12:13:23|08-04-2026 11:12:33|08-04-2026 11:12:41|17.41|136.4|118.99
BRCJM01|BRHARLD|BRHARLD|100066949|Shipped|||01693497000133|80740-000|PARANA|BR|TAC CWB||17|1|1|17|17|Y|07-29-2026 18:48:48|07-29-2026 00:00:00|06-29-2026 00:00:00|06-29-2026 00:00:00||07-30-2026 08:34:39|07-30-2026 09:51:02|07-30-2026 10:16:05|07-30-2026 14:56:22||07-30-2026 14:58:11|08-04-2026 11:12:38|08-04-2026 11:12:39|20.16|136.4|116.24
BRCJM01|BRHARLD|BRHARLD|100066950|Shipped|||13304379000175|74823-420|GOIAS|BR|ALL IN||3|1|1|3|3|Y|07-29-2026 18:48:49|07-29-2026 00:00:00|04-14-2026 00:00:00|04-14-2026 00:00:00||07-30-2026 08:34:37|07-30-2026 09:41:43|07-30-2026 09:43:09|07-30-2026 14:39:45||07-30-2026 14:40:09|08-04-2026 11:12:36|08-04-2026 11:12:41|19.86|136.4|116.54
BRCJM01|BRHARLD|BRHARLD|100066951|Shipped|||13685709000110|70750-525|DISTRITO FEDERAL|BR|ALL IN||5|4|4|6|6|Y|07-29-2026 18:48:49|07-29-2026 00:00:00|07-29-2026 00:00:00|07-29-2026 00:00:00||07-30-2026 08:34:40|07-30-2026 10:54:02|07-30-2026 11:17:54|07-30-2026 14:28:02||07-30-2026 14:29:41|08-04-2026 11:12:34|08-04-2026 11:12:42|19.68|136.4|116.72
BRCJM01|BRHARLD|BRHARLD|100066952|Shipped|||14296414000114|88085-150|SANTA CATARINA|BR|TAC CWB||1|1|1|1|1|Y|07-29-2026 18:48:49|07-29-2026 00:00:00|07-28-2026 00:00:00|07-28-2026 00:00:00||07-30-2026 08:34:40|07-30-2026 11:22:59|07-30-2026 11:22:59|07-30-2026 16:39:38||07-30-2026 16:40:16|08-14-2026 09:11:37|08-14-2026 09:11:59|21.86|374.39|352.53
BRCJM01|BRHARLD|BRHARLD|100066953|Shipped|||16520353000152|14024-800|SAO PAULO|BR|ALL IN||1|0|0|1|1|Y|07-29-2026 18:48:49|07-29-2026 00:00:00|07-07-2026 00:00:00|07-07-2026 00:00:00||07-30-2026 08:34:40|07-30-2026 10:44:27|07-30-2026 10:44:28|07-30-2026 14:36:01||07-30-2026 14:37:31|08-04-2026 11:12:35|08-04-2026 11:12:43|19.81|136.4|116.59
BRCJM01|BRHARLD|BRHARLD|100066954|Shipped|||19231827000134|22790-702|RIO DE JANEIRO|BR|ANDRE/TRANSP||1|0|0|1|1|Y|07-29-2026 18:48:49|07-29-2026 00:00:00|03-20-2025 00:00:00|03-20-2025 00:00:00||07-30-2026 08:41:53|07-30-2026 11:20:53|07-30-2026 11:20:53|07-30-2026 16:44:15||07-30-2026 16:44:37|08-04-2026 11:12:38|08-04-2026 11:12:43|21.93|136.4|114.47
BRCJM01|BRHARLD|BRHARLD|100066955|Shipped|||01693497000214|86020-000|PARANA|BR|ALL IN||10|3|3|10|10|Y|07-29-2026 18:48:49|07-29-2026 00:00:00|05-28-2026 00:00:00|05-28-2026 00:00:00||07-30-2026 08:34:37|07-30-2026 09:28:33|07-30-2026 09:37:57|07-30-2026 14:33:26||07-30-2026 14:34:27|08-04-2026 11:12:35|08-04-2026 11:12:40|19.76|136.4|116.64
BRCJM01|BRHARLD|BRHARLD|100066956|Shipped|||59997590000111|30494-080|MINAS GERAIS|BR|ANDRE/TRANSP||4|1|1|5|5|Y|07-29-2026 18:48:50|07-29-2026 00:00:00|07-28-2026 00:00:00|07-28-2026 00:00:00||07-30-2026 08:34:40|07-30-2026 11:27:59|07-30-2026 11:30:03|07-30-2026 16:33:13||07-30-2026 16:33:29|08-04-2026 11:12:38|08-04-2026 11:12:44|21.74|136.4|114.65
BRCJM01|BRHARLD|BRHARLD|100066957|Shipped|||13232008000125|04794-000|SAO PAULO|BR|TRANSP DSV||93|454|454|1022|1022|Y|07-30-2026 22:20:37|07-30-2026 00:00:00|07-14-2026 00:00:00|07-14-2026 00:00:00|08-03-2026 08:55:17|08-03-2026 16:19:16|08-03-2026 21:28:00|08-04-2026 00:16:13|08-04-2026 04:30:44||08-04-2026 04:50:13|08-10-2026 09:12:44|08-10-2026 09:46:02|102.49|251.42|148.93
BRCJM01|BRHARLD|BRHARLD|100066958|Shipped|||13232008000125|04794-000|SAO PAULO|BR|TRANSP DSV||5|13.61|0|21|21|Y|07-30-2026 22:20:40|07-30-2026 00:00:00|05-13-2026 00:00:00|05-13-2026 00:00:00||07-31-2026 17:22:02|08-01-2026 12:34:30|08-01-2026 12:38:07|08-01-2026 12:47:16||08-01-2026 12:47:55|08-05-2026 14:55:31|08-05-2026 15:36:11|38.45|137.26|98.8
BRCJM01|BRHARLD|BRHARLD|100066959|Shipped|||13232008000125|04794-000|SAO PAULO|BR|TRANSP DSV||2|0|0|4|4|Y|07-30-2026 22:20:42|07-30-2026 00:00:00|06-12-2024 00:00:00|06-12-2024 00:00:00||07-31-2026 17:21:56|07-31-2026 17:49:32|07-31-2026 18:13:47|08-01-2026 00:39:57||08-01-2026 01:08:45|08-05-2026 14:55:34|08-05-2026 15:36:11|26.8|137.26|110.46
BRCJM01|BRHARLD|BRHARLD|100066960|Shipped|||13232008000125|04794-000|SAO PAULO|BR|TRANSP DSV||3|4|4|5|5|Y|07-30-2026 22:20:40|07-30-2026 00:00:00|02-07-2025 00:00:00|02-07-2025 00:00:00|08-03-2026 08:55:06|08-03-2026 16:19:12|08-03-2026 23:27:51|08-04-2026 03:17:59|08-04-2026 04:58:03||08-04-2026 05:41:04|08-10-2026 09:12:57|08-10-2026 09:46:02|103.34|251.42|148.08
BRCJM01|BRHARLD|BRHARLD|100066961|Shipped|||13244867000134|13092-305|SAO PAULO|BR|TAC CPQ||21|19|19|36|36|Y|07-30-2026 22:20:42|07-30-2026 00:00:00|11-14-2025 00:00:00|11-14-2025 00:00:00|08-03-2026 08:55:08|08-03-2026 16:19:12|08-04-2026 00:42:20|08-08-2026 12:59:58|08-08-2026 13:01:25||08-08-2026 13:11:42|08-12-2026 09:57:50|08-13-2026 14:41:12|206.85|328.34|121.49
BRCJM01|BRHARLD|BRHARLD|100066962|Shipped|||13244867000134|13092-305|SAO PAULO|BR|TAC CPQ||2|0|0|2|2|Y|07-30-2026 22:20:40|07-30-2026 00:00:00|03-19-2026 00:00:00|03-19-2026 00:00:00||07-31-2026 17:22:00|07-31-2026 20:14:03|07-31-2026 20:15:45|08-01-2026 00:51:54||08-01-2026 01:08:42|08-05-2026 14:55:39|08-05-2026 15:36:11|26.8|137.26|110.46
BRCJM01|BRHARLD|BRHARLD|100066963|Shipped|||13268423000139|90160-003|RIO GRANDE DO SUL|BR|TRANSTRY||11|29|29|38|38|Y|07-30-2026 22:20:42|07-30-2026 00:00:00|07-17-2026 00:00:00|07-17-2026 00:00:00||07-31-2026 17:22:20|08-01-2026 12:45:55|08-01-2026 12:58:15|08-01-2026 13:20:16||08-01-2026 13:21:25|08-05-2026 14:55:46|08-05-2026 15:36:12|39.01|137.26|98.25
BRCJM01|BRHARLD|BRHARLD|100066964|Shipped|||13268423000139|90160-003|RIO GRANDE DO SUL|BR|TRANSTRY||14|7|7|17|17|Y|07-30-2026 22:20:41|07-30-2026 00:00:00|06-03-2026 00:00:00|06-03-2026 00:00:00||07-31-2026 17:22:02|08-01-2026 14:50:56|08-01-2026 17:33:17|08-01-2026 17:37:28||08-01-2026 17:37:56|08-05-2026 14:55:51|08-05-2026 15:36:12|43.29|137.26|93.97
BRCJM01|BRHARLD|BRHARLD|100066965|Shipped|||01693497000133|80740-000|PARANA|BR|TAC CWB||40|80|80|164|164|Y|07-30-2026 22:20:41|07-30-2026 00:00:00|07-14-2026 00:00:00|07-14-2026 00:00:00|08-05-2026 08:08:32|08-05-2026 08:35:18|08-05-2026 23:38:34|08-06-2026 01:02:01|08-06-2026 04:28:05||08-06-2026 04:29:27|08-12-2026 09:58:00|08-13-2026 14:41:08|150.15|328.34|178.19
BRCJM01|BRHARLD|BRHARLD|100066966|Shipped|||13304379000175|74823-420|GOIAS|BR|ALL IN||24|34|34|59|59|Y|07-30-2026 22:20:42|07-30-2026 00:00:00|06-29-2026 00:00:00|06-29-2026 00:00:00||07-31-2026 17:22:04|08-01-2026 11:04:06|08-01-2026 11:27:43|08-01-2026 12:24:18||08-01-2026 12:25:01|08-05-2026 14:56:20|08-05-2026 15:36:13|38.07|137.26|99.19
BRCJM01|BRHARLD|BRHARLD|100066967|Shipped|||13685709000110|70750-525|DISTRITO FEDERAL|BR|ALL IN||33|88|88|248|248|Y|07-30-2026 22:20:40|07-30-2026 00:00:00|06-30-2026 00:00:00|06-30-2026 00:00:00|08-03-2026 08:55:12|08-03-2026 16:19:15|08-03-2026 23:25:11|09-08-2026 10:12:44|09-08-2026 10:12:48||09-08-2026 10:12:48|09-08-2026 10:14:39|09-08-2026 10:15:22|947.87|947.91|.04
BRCJM01|BRHARLD|BRHARLD|100066968|Shipped|||13685709000110|70750-525|DISTRITO FEDERAL|BR|ALL IN||26|13|13|43|43|Y|07-30-2026 22:20:42|07-30-2026 00:00:00|06-26-2026 00:00:00|06-26-2026 00:00:00|08-03-2026 08:55:11|08-03-2026 16:19:14|08-04-2026 00:40:30|08-04-2026 01:44:31|08-04-2026 05:25:04||08-04-2026 05:39:49|08-10-2026 09:17:51|08-10-2026 09:47:13|103.32|251.44|148.12
BRCJM01|BRHARLD|BRHARLD|100066969|Shipped|||14296414000114|88085-150|SANTA CATARINA|BR|TAC CWB||26|113|113|192|192|Y|07-30-2026 22:20:43|07-30-2026 00:00:00|06-29-2026 00:00:00|06-29-2026 00:00:00||07-31-2026 17:22:05|08-01-2026 09:42:29|08-03-2026 06:17:29|08-03-2026 11:19:24||08-03-2026 11:26:33|08-10-2026 09:20:02|08-10-2026 09:46:03|85.1|251.42|166.33
BRCJM01|BRHARLD|BRHARLD|100066970|Shipped|||14296414000114|88085-150|SANTA CATARINA|BR|TAC CWB||3|0|0|4|4|Y|07-30-2026 22:20:43|07-30-2026 00:00:00|07-09-2026 00:00:00|07-09-2026 00:00:00||07-31-2026 17:22:11|07-31-2026 22:31:50|07-31-2026 22:36:21|08-01-2026 00:55:07||08-01-2026 01:10:39|08-05-2026 14:56:27|08-05-2026 15:36:13|26.83|137.26|110.43
BRCJM01|BRHARLD|BRHARLD|100066971|Shipped|||14296414000114|88085-150|SANTA CATARINA|BR|TAC CWB||1|1|1|1|1|Y|07-30-2026 22:20:43|07-30-2026 00:00:00|03-12-2025 00:00:00|03-12-2025 00:00:00||07-31-2026 17:21:57|07-31-2026 17:48:00|07-31-2026 17:48:00|08-01-2026 00:38:20||08-01-2026 01:08:29|08-05-2026 14:56:29|08-05-2026 15:36:13|26.8|137.26|110.46
BRCJM01|BRHARLD|BRHARLD|100066972|Shipped|||16520353000152|14024-800|SAO PAULO|BR|ALL IN||14|40|40|46|46|Y|07-30-2026 22:20:43|07-30-2026 00:00:00|03-26-2026 00:00:00|03-26-2026 00:00:00|08-03-2026 08:55:09|08-03-2026 16:19:13|08-04-2026 02:06:15|08-04-2026 02:22:06|08-04-2026 04:12:57||08-04-2026 04:31:39|08-10-2026 09:30:38|08-10-2026 09:46:04|102.18|251.42|149.24
BRCJM01|BRHARLD|BRHARLD|100066973|Shipped|||16520353000152|14024-800|SAO PAULO|BR|ALL IN||2|3|3|5|5|Y|07-30-2026 22:20:43|07-30-2026 00:00:00|07-08-2026 00:00:00|07-08-2026 00:00:00||07-31-2026 17:22:10|07-31-2026 21:59:12|07-31-2026 23:24:31|08-01-2026 00:42:56||08-01-2026 01:08:40|08-05-2026 14:56:36|08-05-2026 15:36:13|26.8|137.26|110.46
BRCJM01|BRHARLD|BRHARLD|100066974|Shipped|||19231827000134|22790-702|RIO DE JANEIRO|BR|ANDRE/TRANSP||26|170|170|340|340|Y|07-30-2026 22:21:44|07-30-2026 00:00:00|07-14-2026 00:00:00|07-14-2026 00:00:00|08-06-2026 15:15:31|08-07-2026 14:20:49|08-08-2026 16:34:35|08-10-2026 10:58:09|08-10-2026 12:56:10||08-13-2026 15:50:20|08-19-2026 11:00:06|08-19-2026 11:00:57|329.48|468.65|139.18
BRCJM01|BRHARLD|BRHARLD|100066975|Shipped|||19231827000134|22790-702|RIO DE JANEIRO|BR|ANDRE/TRANSP||8|4|4|16|16|Y|07-30-2026 22:21:44|07-30-2026 00:00:00|07-14-2026 00:00:00|07-14-2026 00:00:00||07-31-2026 17:22:19|08-01-2026 13:04:48|08-01-2026 15:23:41|08-01-2026 15:30:46||08-01-2026 15:31:47|08-05-2026 14:56:43|08-05-2026 15:36:13|41.17|137.24|96.07
BRCJM01|BRHARLD|BRHARLD|100066976|Shipped|||20110460000180|18047-620|SAO PAULO|BR|TAC SOR||31|57|57|128|128|Y|07-30-2026 22:20:43|07-30-2026 00:00:00|07-20-2026 00:00:00|07-20-2026 00:00:00||07-31-2026 17:22:20|08-01-2026 16:09:45|08-03-2026 22:51:04|08-03-2026 23:03:20||08-03-2026 23:06:25|08-10-2026 09:31:34|08-10-2026 09:46:04|96.76|251.42|154.66
BRCJM01|BRHARLD|BRHARLD|100066977|Shipped|||13244867000304|13295-622|SAO PAULO|BR|TAC CPQ||20|43|43|70|70|Y|07-30-2026 22:20:44|07-30-2026 00:00:00|11-26-2025 00:00:00|11-26-2025 00:00:00||07-31-2026 17:21:59|08-01-2026 11:41:59|08-03-2026 19:29:48|08-03-2026 20:26:14||08-03-2026 20:27:45|08-10-2026 09:35:09|08-10-2026 09:46:03|94.12|251.42|157.31
BRCJM01|BRHARLD|BRHARLD|100066978|Shipped|||13244867000304|13295-622|SAO PAULO|BR|TAC CPQ||1|0|0|10|10|Y|07-30-2026 22:21:45|07-30-2026 00:00:00|03-19-2026 00:00:00|03-19-2026 00:00:00||07-31-2026 17:22:00|07-31-2026 20:09:03|07-31-2026 20:09:03|08-01-2026 01:02:34||08-01-2026 01:10:35|08-05-2026 14:56:54|08-05-2026 15:36:11|26.81|137.24|110.43
BRCJM01|BRHARLD|BRHARLD|100066979|Shipped|||01693497000214|86020-000|PARANA|BR|ALL IN||30|82|82|123|123|Y|07-30-2026 22:21:44|07-30-2026 00:00:00|07-06-2026 00:00:00|07-06-2026 00:00:00||07-31-2026 17:22:09|08-01-2026 11:08:28|08-03-2026 16:25:39|08-03-2026 17:58:04||08-03-2026 18:04:40|08-10-2026 09:36:56|08-10-2026 09:47:12|91.72|251.42|159.71
BRCJM01|BRHARLD|BRHARLD|100066980|Shipped|||01693497000214|86020-000|PARANA|BR|ALL IN||2|0|0|3|3|Y|07-30-2026 22:21:45|07-30-2026 00:00:00|05-01-2026 00:00:00|05-01-2026 00:00:00|08-03-2026 08:55:09|08-03-2026 16:19:14|08-04-2026 00:28:52|08-04-2026 00:30:43|08-04-2026 04:48:20||08-04-2026 04:51:57|08-10-2026 09:37:10|08-10-2026 09:47:12|102.5|251.42|148.92
BRCJM01|BRHARLD|BRHARLD|100066981|Shipped|||59997590000111|30494-080|MINAS GERAIS|BR|ANDRE/TRANSP||39|95|95|158|158|Y|07-30-2026 22:21:45|07-30-2026 00:00:00|07-01-2026 00:00:00|07-01-2026 00:00:00||07-31-2026 17:22:08|08-01-2026 12:41:02|08-03-2026 07:16:00|08-03-2026 12:42:13||08-03-2026 12:52:05|08-10-2026 09:38:50|08-10-2026 09:46:05|86.51|251.41|164.9
BRCJM01|BRHARLD|BRHARLD|100066982|Shipped|||59997590000111|30494-080|MINAS GERAIS|BR|ANDRE/TRANSP||4|0|0|6|6|Y|07-30-2026 22:21:45|07-30-2026 00:00:00|12-09-2025 00:00:00|12-09-2025 00:00:00||07-31-2026 17:22:00|07-31-2026 22:43:01|07-31-2026 23:54:45|08-01-2026 00:31:27||08-01-2026 05:42:59|08-05-2026 14:56:59|08-05-2026 15:36:13|31.35|137.24|105.89
BRCJM01|BRHARLD|BRHARLD|100066983|Shipped|||61810431000108|29060-730|ESPIRITO SANTO|BR|AEREO||4|0|0|115|115|Y|07-30-2026 22:21:45|07-30-2026 00:00:00|07-15-2026 00:00:00|07-15-2026 00:00:00||07-31-2026 17:22:20|08-01-2026 12:28:05|08-01-2026 12:33:00|08-01-2026 13:03:58||08-01-2026 13:04:44|08-05-2026 14:57:04|08-05-2026 15:36:14|38.72|137.24|98.52
BRCJM01|BRHARLD|BRHARLD|100066984|Shipped|||61810431000108|29060-730|ESPIRITO SANTO|BR|AEREO||1|1|1|1|1|Y|07-30-2026 22:21:46|07-30-2026 00:00:00|08-21-2025 00:00:00|08-21-2025 00:00:00||07-31-2026 17:21:57|07-31-2026 17:46:41|07-31-2026 17:46:41|08-01-2026 00:37:11||08-01-2026 01:08:26|08-05-2026 14:57:06|08-05-2026 15:36:14|26.78|137.24|110.46
BRCJM01|BRHARLD|BRHARLD|100066985|Shipped|||61810431000108|29060-730|ESPIRITO SANTO|BR|AEREO||15|7|7|16|16|Y|07-30-2026 22:21:46|07-30-2026 00:00:00|08-21-2025 00:00:00|08-21-2025 00:00:00||07-31-2026 17:21:57|07-31-2026 19:36:57|07-31-2026 19:58:24|08-01-2026 00:49:50||08-01-2026 01:10:41|08-05-2026 14:57:14|08-05-2026 15:36:14|26.82|137.24|110.43
BRCJM01|BRHARLD|BRHARLD|100066986|Shipped|||13232008000125|04794-000|SAO PAULO|BR|TRANSP DSV||8|16|16|58|58|Y|08-03-2026 12:00:05|08-03-2026 00:00:00|07-31-2026 00:00:00|07-31-2026 00:00:00||08-03-2026 17:18:50|08-04-2026 12:54:12|08-04-2026 13:14:19|08-04-2026 17:16:33||08-04-2026 17:18:48|08-10-2026 09:40:05|08-10-2026 09:46:02|29.31|165.77|136.45
BRCJM01|BRHARLD|BRHARLD|100066987|Shipped|||13232008000125|04794-000|SAO PAULO|BR|TRANSP DSV||1|0|0|2|2|Y|08-03-2026 12:00:05|08-03-2026 00:00:00|06-12-2024 00:00:00|06-12-2024 00:00:00||08-03-2026 17:18:45|08-04-2026 13:47:23|08-04-2026 13:47:23|08-04-2026 16:20:55||08-04-2026 16:23:20|08-10-2026 09:40:27|08-10-2026 09:46:02|28.39|165.77|137.38
BRCJM01|BRHARLD|BRHARLD|100066988|Shipped|||13232008000125|04794-000|SAO PAULO|BR|TRANSP DSV||1|1|1|1|1|Y|08-03-2026 12:00:05|08-03-2026 00:00:00|02-07-2025 00:00:00|02-07-2025 00:00:00||08-03-2026 17:18:45|08-04-2026 13:52:35|08-04-2026 13:52:35|08-04-2026 16:24:37||08-04-2026 16:25:34|08-10-2026 09:40:36|08-10-2026 09:46:02|28.42|165.77|137.34
BRCJM01|BRHARLD|BRHARLD|100066989|Shipped|||13268423000139|90160-003|RIO GRANDE DO SUL|BR|TRANSTRY||7|4|4|19|19|Y|08-03-2026 12:00:05|08-03-2026 00:00:00|07-30-2026 00:00:00|07-30-2026 00:00:00||08-03-2026 17:18:50|08-04-2026 13:23:51|08-04-2026 13:29:43|08-04-2026 16:10:59||08-04-2026 16:12:07|08-10-2026 09:43:36|08-10-2026 09:46:03|28.2|165.77|137.57
BRCJM01|BRHARLD|BRHARLD|100066990|Shipped|||13268423000139|90160-003|RIO GRANDE DO SUL|BR|TRANSTRY||2|1|1|2|2|Y|08-03-2026 12:00:05|08-03-2026 00:00:00|06-30-2026 00:00:00|06-30-2026 00:00:00||08-03-2026 17:18:46|08-04-2026 13:33:47|08-04-2026 13:38:39|08-04-2026 15:45:31||08-04-2026 15:46:07|08-10-2026 09:43:46|08-10-2026 09:46:03|27.77|165.77|138
BRCJM01|BRHARLD|BRHARLD|100066992|Shipped|||13685709000110|70750-525|DISTRITO FEDERAL|BR|ALL IN||4|8|8|8|8|Y|08-03-2026 12:00:06|08-03-2026 00:00:00|07-31-2026 00:00:00|07-31-2026 00:00:00||08-03-2026 17:18:51|08-04-2026 12:37:43|08-04-2026 12:39:46|08-04-2026 16:42:35||08-04-2026 16:43:35|08-10-2026 09:43:59|08-10-2026 09:46:03|28.72|165.77|137.04
BRCJM01|BRHARLD|BRHARLD|100066993|Shipped|||14296414000114|88085-150|SANTA CATARINA|BR|TAC CWB||2|6|6|6|6|Y|08-03-2026 12:00:06|08-03-2026 00:00:00|07-31-2026 00:00:00|07-31-2026 00:00:00||08-03-2026 17:18:51|08-04-2026 12:32:58|08-04-2026 12:35:55|08-04-2026 16:30:40||08-04-2026 16:44:27|08-10-2026 09:44:06|08-10-2026 09:46:03|28.74|165.77|137.03
BRCJM01|BRHARLD|BRHARLD|100066994|Shipped|||16520353000152|14024-800|SAO PAULO|BR|ALL IN||1|0|0|2|2|Y|08-03-2026 12:00:06|08-03-2026 00:00:00|07-31-2026 00:00:00|07-31-2026 00:00:00||08-03-2026 17:18:51|08-04-2026 12:31:45|08-04-2026 12:31:45|08-04-2026 16:27:54||08-04-2026 16:29:06|08-10-2026 09:44:14|08-10-2026 09:46:04|28.48|165.77|137.28
BRCJM01|BRHARLD|BRHARLD|100066995|Shipped|||13244867000304|13295-622|SAO PAULO|BR|TAC CPQ||1|0|0|3|3|Y|08-03-2026 12:00:06|08-03-2026 00:00:00|09-23-2025 00:00:00|09-23-2025 00:00:00||08-03-2026 17:18:45|08-04-2026 14:16:58|08-04-2026 14:16:58|08-04-2026 15:48:23||08-04-2026 15:48:55|08-10-2026 09:44:24|08-10-2026 09:46:03|27.81|165.77|137.95
BRCJM01|BRHARLD|BRHARLD|100066996|Shipped|||01693497000214|86020-000|PARANA|BR|ALL IN||1|5|5|5|5|Y|08-03-2026 12:00:06|08-03-2026 00:00:00|07-31-2026 00:00:00|07-31-2026 00:00:00||08-03-2026 17:18:51|08-04-2026 12:30:09|08-04-2026 12:30:09|08-04-2026 16:18:03||08-04-2026 16:18:46|08-10-2026 09:44:31|08-10-2026 09:46:00|28.31|165.77|137.45
BRCJM01|BRHARLD|BRHARLD|100066997|Shipped|||01693497000214|86020-000|PARANA|BR|ALL IN||5|0|0|8|8|Y|08-03-2026 12:00:06|08-03-2026 00:00:00|06-25-2026 00:00:00|06-25-2026 00:00:00|08-06-2026 08:28:38|08-06-2026 15:15:28|08-07-2026 10:13:55|08-07-2026 10:26:30|08-07-2026 17:03:58||08-07-2026 17:05:23|08-14-2026 09:11:54|08-14-2026 09:11:56|101.09|261.2|160.11
BRCJM01|BRHARLD|BRHARLD|100066998|Shipped|||59997590000111|30494-080|MINAS GERAIS|BR|ANDRE/TRANSP||5|2|2|5|5|Y|08-03-2026 12:00:06|08-03-2026 00:00:00|07-31-2026 00:00:00|07-31-2026 00:00:00||08-03-2026 17:18:51|08-04-2026 12:24:30|08-04-2026 12:28:30|08-04-2026 16:49:30||08-04-2026 16:50:49|08-10-2026 09:44:44|08-10-2026 09:46:05|28.85|165.77|136.92
BRCJM01|BRHARLD|BRHARLD|100066999|Shipped|||59997590000111|30494-080|MINAS GERAIS|BR|ANDRE/TRANSP||3|0|0|3|3|Y|08-03-2026 12:00:06|08-03-2026 00:00:00|05-07-2026 00:00:00|05-07-2026 00:00:00||08-03-2026 17:18:45|08-04-2026 14:19:30|08-04-2026 14:19:46|08-04-2026 15:39:52||08-04-2026 15:40:39|08-10-2026 09:44:49|08-10-2026 09:46:05|27.68|165.77|138.09
BRCJM01|BRHARLD|BRHARLD|100067000|Shipped|||26691888855|06710-400|SAO PAULO|BR|T7||5|1|1|5|5|Y|08-04-2026 14:07:35|08-04-2026 00:00:00|08-03-2026 00:00:00|08-03-2026 00:00:00|08-06-2026 08:28:49|08-06-2026 15:15:32|08-06-2026 20:13:36|08-06-2026 20:19:26|08-08-2026 13:24:43||08-08-2026 13:56:51|08-12-2026 09:58:07|08-13-2026 14:41:19|95.82|216.56|120.74
BRCJM01|BRHARLD|BRHARLD|100067001|Shipped|||13232008000125|04794-000|SAO PAULO|BR|TRANSP DSV||1|0|0|1|1|Y|08-04-2026 14:34:47|08-04-2026 00:00:00|07-01-2026 00:00:00|07-01-2026 00:00:00||08-05-2026 08:08:30|08-05-2026 21:33:27|08-05-2026 21:33:27|08-06-2026 04:32:01||08-06-2026 04:32:46|08-12-2026 09:58:09|08-13-2026 14:41:11|37.97|216.11|178.14
BRCJM01|BRHARLD|BRHARLD|100067002|Shipped|||02273580000469|07789-100|SAO PAULO|BR|TRANSP DSV||6|3|3|6|6|Y|08-04-2026 17:21:01|08-04-2026 00:00:00|07-31-2026 00:00:00|07-31-2026 00:00:00||08-05-2026 08:08:35|08-05-2026 21:43:36|08-07-2026 04:48:43|08-07-2026 04:51:24||08-07-2026 04:52:40|08-14-2026 09:11:52|08-14-2026 09:11:56|59.53|231.85|172.32
BRCJM01|BRHARLD|BRHARLD|100067003|Shipped|||02273580000469|07789-100|SAO PAULO|BR|TRANSP DSV||5|0|0|5|5|Y|08-04-2026 17:25:02|08-04-2026 00:00:00|08-04-2026 00:00:00|08-04-2026 00:00:00||08-05-2026 08:08:35|08-05-2026 18:31:04|08-07-2026 04:55:18|08-07-2026 04:58:18||08-07-2026 04:59:15|08-14-2026 09:11:53|08-14-2026 09:11:56|59.57|231.78|172.21
BRCJM01|BRHARLD|BRHARLD|100067004|Shipped|||13232008000125|04794-000|SAO PAULO|BR|TRANSP DSV||11|3|3|15|15|Y|08-05-2026 10:12:47|08-05-2026 00:00:00|06-02-2026 00:00:00|06-02-2026 00:00:00||08-05-2026 11:59:10|08-05-2026 20:17:41|08-05-2026 20:28:44|08-06-2026 05:04:57||08-06-2026 05:06:16|08-12-2026 09:58:20|08-13-2026 14:41:11|18.89|196.47|177.58
BRCJM01|BRHARLD|BRHARLD|100067005|Shipped|||13244867000134|13092-305|SAO PAULO|BR|TAC CPQ||11|1|1|24|24|Y|08-05-2026 10:12:48|08-05-2026 00:00:00|05-30-2026 00:00:00|05-30-2026 00:00:00||08-05-2026 11:59:10|08-05-2026 19:58:13|08-05-2026 20:08:08|08-06-2026 04:55:17||08-06-2026 04:55:41|08-12-2026 09:58:23|08-13-2026 14:41:12|18.71|196.47|177.76
BRCJM01|BRHARLD|BRHARLD|100067006|Shipped|||13268423000139|90160-003|RIO GRANDE DO SUL|BR|TRANSTRY||2|1|1|3|3|Y|08-05-2026 10:12:48|08-05-2026 00:00:00|06-30-2026 00:00:00|06-30-2026 00:00:00||08-05-2026 11:59:12|08-05-2026 20:48:38|08-05-2026 20:49:30|08-06-2026 04:48:08||08-06-2026 04:48:44|08-12-2026 09:58:27|08-13-2026 14:41:14|18.6|196.47|177.88
BRCJM01|BRHARLD|BRHARLD|100067007|Shipped|||01693497000133|80740-000|PARANA|BR|TAC CWB||10|2|2|19|19|Y|08-05-2026 10:12:49|08-05-2026 00:00:00|08-03-2026 00:00:00|08-03-2026 00:00:00||08-06-2026 08:28:49|08-07-2026 22:13:32|08-08-2026 00:52:11|08-08-2026 00:57:51||08-08-2026 01:03:04|08-12-2026 09:58:38|08-13-2026 14:41:09|62.84|196.47|133.63
BRCJM01|BRHARLD|BRHARLD|100067008|Shipped|||13685709000110|70750-525|DISTRITO FEDERAL|BR|ALL IN||2|0|0|2|2|Y|08-05-2026 10:12:50|08-05-2026 00:00:00|06-11-2026 00:00:00|06-11-2026 00:00:00||08-07-2026 14:17:16|08-08-2026 13:34:11|08-08-2026 13:36:24|08-08-2026 14:26:52||08-08-2026 14:27:41|08-12-2026 09:58:43|08-13-2026 14:41:15|76.25|196.47|120.23
BRCJM01|BRHARLD|BRHARLD|100067009|Shipped|||14296414000114|88085-150|SANTA CATARINA|BR|TAC CWB||8|16|16|21|21|Y|08-05-2026 10:12:50|08-05-2026 00:00:00|06-12-2026 00:00:00|06-12-2026 00:00:00||08-06-2026 08:28:34|08-07-2026 10:32:19|08-07-2026 10:42:27|08-07-2026 16:52:48||08-07-2026 16:53:08|08-13-2026 15:43:33|08-13-2026 15:43:46|54.67|197.52|142.84
BRCJM01|BRHARLD|BRHARLD|100067010|Shipped|||16520353000152|14024-800|SAO PAULO|BR|ALL IN||1|1|1|1|1|Y|08-05-2026 10:12:50|08-05-2026 00:00:00|06-24-2026 00:00:00|06-24-2026 00:00:00||08-05-2026 11:59:11|08-05-2026 20:34:17|08-05-2026 20:34:17|08-06-2026 04:36:27||08-06-2026 04:37:10|08-12-2026 09:58:45|08-13-2026 14:41:17|18.41|196.47|178.07
BRCJM01|BRHARLD|BRHARLD|100067011|Shipped|||19231827000134|22790-702|RIO DE JANEIRO|BR|ANDRE/TRANSP||4|0|0|4|4|Y|08-05-2026 10:12:50|08-05-2026 00:00:00|06-25-2026 00:00:00|06-25-2026 00:00:00||08-05-2026 11:59:12|08-05-2026 20:39:08|08-05-2026 20:42:02|08-06-2026 04:38:31||08-06-2026 04:40:10|08-12-2026 09:58:49|08-13-2026 14:41:18|18.46|196.47|178.02
BRCJM01|BRHARLD|BRHARLD|100067012|Shipped|||20110460000180|18047-620|SAO PAULO|BR|TAC SOR||1|0|0|5|5|Y|08-05-2026 10:12:50|08-05-2026 00:00:00|03-18-2026 00:00:00|03-18-2026 00:00:00||08-05-2026 11:59:10|08-05-2026 19:56:18|08-05-2026 19:56:18|08-06-2026 04:33:39||08-06-2026 04:34:21|08-12-2026 09:58:52|08-13-2026 14:41:18|18.36|196.47|178.12
BRCJM01|BRHARLD|BRHARLD|100067013|Shipped|||13244867000304|13295-622|SAO PAULO|BR|TAC CPQ||1|0|0|1|1|Y|08-05-2026 10:12:50|08-05-2026 00:00:00|06-23-2026 00:00:00|06-23-2026 00:00:00||08-05-2026 11:59:11|08-05-2026 20:31:30|08-05-2026 20:31:30|08-06-2026 04:44:40||08-06-2026 04:45:19|08-12-2026 09:58:56|08-13-2026 14:41:13|18.54|196.47|177.93
BRCJM01|BRHARLD|BRHARLD|100067014|Shipped|||01693497000214|86020-000|PARANA|BR|ALL IN||11|4|4|15|15|Y|08-05-2026 10:12:50|08-05-2026 00:00:00|06-12-2026 00:00:00|06-12-2026 00:00:00||08-05-2026 11:59:11|08-05-2026 21:15:13|08-05-2026 21:58:21|08-06-2026 07:22:46||08-06-2026 07:24:47|08-12-2026 09:59:13|08-13-2026 14:41:10|21.2|196.47|175.27
BRCJM01|BRHARLD|BRHARLD|100067015|Shipped|||59997590000111|30494-080|MINAS GERAIS|BR|ANDRE/TRANSP||3|0|0|16|16|Y|08-05-2026 10:12:50|08-05-2026 00:00:00|06-25-2026 00:00:00|06-25-2026 00:00:00||08-05-2026 11:59:12|08-05-2026 20:43:46|08-05-2026 20:46:21|08-06-2026 04:41:09||08-06-2026 04:42:47|08-12-2026 09:59:26|08-13-2026 14:41:19|18.5|196.47|177.98
BRCJM01|BRHARLD|BRHARLD|100067016|Shipped|||13232008000125|04794-000|SAO PAULO|BR|TRANSP DSV||8|7.26|2|14|14|Y|08-05-2026 18:27:32|08-05-2026 00:00:00|06-20-2026 00:00:00|06-20-2026 00:00:00||08-06-2026 08:28:36|08-07-2026 10:45:12|08-07-2026 10:57:49|08-07-2026 16:57:10||08-07-2026 16:57:25|08-12-2026 09:59:31|08-13-2026 14:41:11|46.5|188.23|141.73
BRCJM01|BRHARLD|BRHARLD|100067017|Shipped|||13232008000125|04794-000|SAO PAULO|BR|TRANSP DSV||3|0|0|6|6|Y|08-05-2026 18:27:31|08-05-2026 00:00:00|08-01-2026 00:00:00|08-01-2026 00:00:00||08-06-2026 08:28:44|08-07-2026 17:52:57|08-07-2026 17:57:41|08-07-2026 19:13:09||08-07-2026 19:14:12|08-12-2026 09:59:35|08-13-2026 14:41:12|48.78|188.23|139.45
BRCJM01|BRHARLD|BRHARLD|100067018|Shipped|||13244867000134|13092-305|SAO PAULO|BR|TAC CPQ||5|1|1|15|15|Y|08-05-2026 18:27:33|08-05-2026 00:00:00|06-23-2026 00:00:00|06-23-2026 00:00:00||08-06-2026 08:28:37|08-07-2026 19:14:05|08-07-2026 19:25:02|08-07-2026 20:19:41||08-07-2026 20:20:26|08-12-2026 09:59:41|08-13-2026 14:41:12|49.88|188.23|138.35
BRCJM01|BRHARLD|BRHARLD|100067019|Shipped|||13244867000134|13092-305|SAO PAULO|BR|TAC CPQ||19|0|0|19|19|Y|08-05-2026 18:27:33|08-05-2026 00:00:00|08-01-2026 00:00:00|08-01-2026 00:00:00||08-06-2026 08:28:44|08-07-2026 19:37:24|08-07-2026 21:12:20|08-07-2026 22:17:13||08-07-2026 22:17:47|08-12-2026 09:59:47|08-13-2026 14:41:13|51.84|188.23|136.39
BRCJM01|BRHARLD|BRHARLD|100067020|Shipped|||13268423000139|90160-003|RIO GRANDE DO SUL|BR|TRANSTRY||6|22|22|59|59|Y|08-05-2026 18:27:33|08-05-2026 00:00:00|07-31-2026 00:00:00|07-31-2026 00:00:00||08-06-2026 08:28:44|08-07-2026 17:30:40|08-07-2026 17:46:45|08-07-2026 19:29:33||08-07-2026 19:33:14|08-12-2026 10:00:40|08-13-2026 14:41:14|49.09|188.23|139.13
BRCJM01|BRHARLD|BRHARLD|100067021|Shipped|||13268423000139|90160-003|RIO GRANDE DO SUL|BR|TRANSTRY||30|1|1|34|34|Y|08-05-2026 18:27:33|08-05-2026 00:00:00|08-01-2026 00:00:00|08-01-2026 00:00:00||08-06-2026 08:28:44|08-07-2026 21:43:57|08-07-2026 22:30:26|08-08-2026 04:45:58||08-08-2026 04:46:37|08-12-2026 10:00:48|08-13-2026 14:41:14|58.32|188.23|129.91
BRCJM01|BRHARLD|BRHARLD|100067022|Shipped|||01693497000133|80740-000|PARANA|BR|TAC CWB||12|8|8|28|28|Y|08-05-2026 18:27:34|08-05-2026 00:00:00|06-26-2026 00:00:00|06-26-2026 00:00:00|08-13-2026 14:39:49|08-14-2026 13:17:13|08-15-2026 06:25:58|08-15-2026 06:39:02|08-15-2026 12:33:47||08-15-2026 12:35:10|08-19-2026 11:00:49|08-19-2026 11:00:51|234.13|328.55|94.43
BRCJM01|BRHARLD|BRHARLD|100067023|Shipped|||01693497000133|80740-000|PARANA|BR|TAC CWB||12|0|0|24|24|Y|08-05-2026 18:27:33|08-05-2026 00:00:00|08-01-2026 00:00:00|08-01-2026 00:00:00|08-06-2026 08:28:46|08-06-2026 15:15:31|08-06-2026 17:58:34|08-06-2026 18:19:29|08-06-2026 19:41:26||08-06-2026 19:42:32|08-12-2026 10:00:58|08-13-2026 14:41:09|25.25|188.23|162.98
BRCJM01|BRHARLD|BRHARLD|100067024|Shipped|||13304379000175|74823-420|GOIAS|BR|ALL IN||6|3|3|17|17|Y|08-05-2026 18:27:34|08-05-2026 00:00:00|04-22-2026 00:00:00|04-22-2026 00:00:00||08-06-2026 08:28:32|08-06-2026 10:32:33|08-06-2026 10:50:23|08-06-2026 12:14:15||08-06-2026 13:41:01|08-12-2026 10:02:49|08-13-2026 14:41:15|19.22|188.23|169
BRCJM01|BRHARLD|BRHARLD|100067025|Shipped|||13304379000175|74823-420|GOIAS|BR|ALL IN||19|0|0|20|20|Y|08-05-2026 18:27:34|08-05-2026 00:00:00|08-01-2026 00:00:00|08-01-2026 00:00:00||08-06-2026 08:28:46|08-07-2026 22:35:51|08-07-2026 23:49:00|08-08-2026 01:31:46||08-08-2026 01:34:11|08-12-2026 10:02:51|08-13-2026 14:41:15|55.11|188.23|133.12
BRCJM01|BRHARLD|BRHARLD|100067026|Shipped|||13685709000110|70750-525|DISTRITO FEDERAL|BR|ALL IN||20|26|26|119|119|Y|08-05-2026 18:27:34|08-05-2026 00:00:00|04-13-2026 00:00:00|04-13-2026 00:00:00|08-06-2026 08:28:32|08-06-2026 15:15:26|08-08-2026 00:31:03|08-08-2026 02:00:02|08-08-2026 05:49:47||08-08-2026 06:29:34|08-12-2026 10:08:47|08-13-2026 14:41:16|60.03|188.23|128.2
BRCJM01|BRHARLD|BRHARLD|100067027|Shipped|||13685709000110|70750-525|DISTRITO FEDERAL|BR|ALL IN||27|0|0|32|32|Y|08-05-2026 18:27:35|08-05-2026 00:00:00|07-01-2026 00:00:00|07-01-2026 00:00:00|08-06-2026 08:28:40|08-06-2026 15:15:29|08-07-2026 09:10:37|08-07-2026 10:02:30|08-07-2026 18:24:16||08-07-2026 18:25:16|08-12-2026 10:08:57|08-13-2026 14:41:16|47.96|188.23|140.27
BRCJM01|BRHARLD|BRHARLD|100067028|Shipped|||14296414000114|88085-150|SANTA CATARINA|BR|TAC CWB||21|83|83|108|108|Y|08-05-2026 18:27:35|08-05-2026 00:00:00|07-27-2026 00:00:00|07-27-2026 00:00:00||08-06-2026 08:28:42|08-08-2026 00:23:05|08-08-2026 01:36:30|08-08-2026 03:59:02||08-08-2026 06:20:59|08-13-2026 15:43:39|08-13-2026 15:43:47|59.89|189.27|129.38
BRCJM01|BRHARLD|BRHARLD|100067029|Shipped|||14296414000114|88085-150|SANTA CATARINA|BR|TAC CWB||21|0|0|23|23|Y|08-05-2026 18:27:35|08-05-2026 00:00:00|08-01-2026 00:00:00|08-01-2026 00:00:00||08-06-2026 08:28:46|08-07-2026 21:52:42|08-07-2026 22:25:10|08-08-2026 01:46:59||08-08-2026 01:49:03|08-13-2026 15:43:35|08-13-2026 15:43:47|55.36|189.27|133.91
BRCJM01|BRHARLD|BRHARLD|100067030|Shipped|||16520353000152|14024-800|SAO PAULO|BR|ALL IN||8|5|5|16|16|Y|08-05-2026 18:27:35|08-05-2026 00:00:00|07-29-2026 00:00:00|07-29-2026 00:00:00||08-06-2026 08:28:43|08-07-2026 15:36:20|08-07-2026 15:55:39|08-07-2026 16:45:57||08-07-2026 16:46:27|08-12-2026 10:09:04|08-13-2026 14:41:17|46.31|188.23|141.91
BRCJM01|BRHARLD|BRHARLD|100067031|Shipped|||16520353000152|14024-800|SAO PAULO|BR|ALL IN||28|0|0|34|34|Y|08-05-2026 18:27:36|08-05-2026 00:00:00|08-01-2026 00:00:00|08-01-2026 00:00:00||08-06-2026 08:28:47|08-07-2026 21:27:33|08-07-2026 22:00:21|08-07-2026 22:48:16||08-07-2026 22:49:21|08-12-2026 10:09:23|08-13-2026 14:41:18|52.36|188.23|135.87
BRCJM01|BRHARLD|BRHARLD|100067032|Shipped|||19231827000134|22790-702|RIO DE JANEIRO|BR|ANDRE/TRANSP||5|15|15|36|36|Y|08-05-2026 18:27:36|08-05-2026 00:00:00|07-28-2026 00:00:00|07-28-2026 00:00:00||08-06-2026 08:28:43|08-08-2026 01:49:48|08-08-2026 02:09:14|08-08-2026 12:33:54||08-08-2026 13:57:36|08-12-2026 10:09:24|08-13-2026 14:41:18|67.5|188.23|120.73
BRCJM01|BRHARLD|BRHARLD|100067033|Shipped|||19231827000134|22790-702|RIO DE JANEIRO|BR|ANDRE/TRANSP||14|0|0|24|24|Y|08-05-2026 18:27:36|08-05-2026 00:00:00|05-01-2026 00:00:00|05-01-2026 00:00:00|08-06-2026 08:28:33|08-06-2026 15:15:27|08-07-2026 08:13:13|08-07-2026 08:50:44|08-07-2026 19:21:21||08-07-2026 19:22:00|08-12-2026 10:09:57|08-13-2026 14:41:18|48.91|188.23|139.32
BRCJM01|BRHARLD|BRHARLD|100067034|Shipped|||20110460000180|18047-620|SAO PAULO|BR|TAC SOR||6|8|8|16|16|Y|08-05-2026 18:27:36|08-05-2026 00:00:00|07-25-2026 00:00:00|07-25-2026 00:00:00||08-06-2026 08:28:42|08-07-2026 18:03:54|08-07-2026 19:31:53|08-07-2026 19:46:16||08-07-2026 19:47:04|08-14-2026 09:11:55|08-14-2026 09:11:59|49.32|206.74|157.42
BRCJM01|BRHARLD|BRHARLD|100067035|Shipped|||20110460000180|18047-620|SAO PAULO|BR|TAC SOR||26|0|0|36|36|Y|08-05-2026 18:27:36|08-05-2026 00:00:00|08-01-2026 00:00:00|08-01-2026 00:00:00||08-06-2026 08:28:47|08-07-2026 22:42:03|08-07-2026 23:15:19|08-08-2026 00:24:47||08-08-2026 00:26:42|08-12-2026 10:10:03|08-13-2026 14:41:19|53.99|188.23|134.24
BRCJM01|BRHARLD|BRHARLD|100067036|Shipped|||13244867000304|13295-622|SAO PAULO|BR|TAC CPQ||3|21|21|21|21|Y|08-05-2026 18:27:37|08-05-2026 00:00:00|04-27-2026 00:00:00|04-27-2026 00:00:00||08-06-2026 08:28:32|08-06-2026 10:36:55|08-11-2026 16:25:20|08-11-2026 16:37:34||08-11-2026 16:38:54|08-15-2026 08:48:14|08-15-2026 08:48:30|142.19|230.35|88.16
BRCJM01|BRHARLD|BRHARLD|100067037|Shipped|||13244867000304|13295-622|SAO PAULO|BR|TAC CPQ||30|0|0|50|50|Y|08-05-2026 18:27:37|08-05-2026 00:00:00|08-01-2026 00:00:00|08-01-2026 00:00:00||08-06-2026 08:28:48|08-08-2026 00:40:31|08-08-2026 01:25:53|08-08-2026 02:00:07||08-08-2026 06:26:08|08-12-2026 10:10:09|08-13-2026 14:41:13|59.98|188.23|128.25
BRCJM01|BRHARLD|BRHARLD|100067038|Shipped|||01693497000214|86020-000|PARANA|BR|ALL IN||4|12|12|13|13|Y|08-05-2026 18:28:38|08-05-2026 00:00:00|07-21-2026 00:00:00|07-21-2026 00:00:00||08-06-2026 08:28:42|08-07-2026 18:49:27|08-07-2026 18:55:42|08-07-2026 19:01:22||08-07-2026 19:02:15|08-12-2026 10:10:13|08-13-2026 14:41:10|48.56|188.21|139.65
BRCJM01|BRHARLD|BRHARLD|100067039|Shipped|||59997590000111|30494-080|MINAS GERAIS|BR|ANDRE/TRANSP||11|18|18|43|43|Y|08-05-2026 18:27:37|08-05-2026 00:00:00|05-04-2026 00:00:00|05-04-2026 00:00:00||08-06-2026 08:28:33|08-06-2026 14:17:23|08-06-2026 15:00:11|08-06-2026 22:38:51||08-06-2026 22:39:53|08-12-2026 10:10:20|08-13-2026 14:41:19|28.2|188.23|160.02
BRCJM01|BRHARLD|BRHARLD|100067040|Shipped|||61810431000108|29060-730|ESPIRITO SANTO|BR|AEREO||3|3|3|7|7|Y|08-05-2026 18:28:37|08-05-2026 00:00:00|08-05-2026 00:00:00|08-05-2026 00:00:00||08-06-2026 08:28:50|08-07-2026 14:11:54|08-07-2026 14:14:56|08-08-2026 00:44:06||08-08-2026 00:45:18|08-12-2026 10:10:22|08-13-2026 14:41:20|54.28|188.21|133.93
BRCJM01|BRHARLD|BRHARLD|100067041|Shipped|||61810431000108|29060-730|ESPIRITO SANTO|BR|AEREO||7|0|0|10|10|Y|08-05-2026 18:28:37|08-05-2026 00:00:00|08-01-2026 00:00:00|08-01-2026 00:00:00||08-06-2026 08:28:49|08-07-2026 23:19:05|08-07-2026 23:53:44|08-08-2026 01:30:56||08-08-2026 01:49:13|08-12-2026 10:10:33|08-13-2026 14:41:20|55.34|188.21|132.87
BRCJM01|BRHARLD|BRHARLD|100067042|Shipped|||61810431000108|29060-730|ESPIRITO SANTO|BR|AEREO||46|0|0|61|61|Y|08-05-2026 18:28:38|08-05-2026 00:00:00|06-17-2026 00:00:00|06-17-2026 00:00:00||08-06-2026 08:28:35|08-08-2026 00:37:21|08-08-2026 15:06:45|08-08-2026 15:55:01||08-08-2026 15:59:06|08-12-2026 10:10:49|08-13-2026 14:41:20|69.51|188.21|118.7
BRCJM01|BRHARLD|BRHARLD|100067043|Shipped|||02273580000469|07789-100|SAO PAULO|BR|TRANSP DSV||6|1|1|6|6|Y|08-06-2026 11:31:36|08-06-2026 00:00:00|08-06-2026 00:00:00|08-06-2026 00:00:00||08-06-2026 15:15:32|08-06-2026 16:50:19|08-06-2026 17:00:26|08-06-2026 18:58:44||08-06-2026 18:59:33|08-14-2026 09:11:38|08-14-2026 09:11:57|7.47|189.67|182.21
BRCJM01|BRHARLD|BRHARLD|100067044|Shipped|||13232008000125|04794-000|SAO PAULO|BR|TRANSP DSV||81|64|64|235|235|Y|08-06-2026 13:02:59|08-06-2026 00:00:00|06-13-2025 00:00:00|06-13-2025 00:00:00|08-06-2026 15:15:26|08-06-2026 16:35:46|08-06-2026 18:47:55|08-07-2026 02:44:10|08-07-2026 05:28:28||08-07-2026 05:44:44|08-14-2026 09:11:54|08-14-2026 09:11:58|16.7|188.15|171.45
BRCJM01|BRHARLD|BRHARLD|100067045|Shipped|||13232008000125|04794-000|SAO PAULO|BR|TRANSP DSV||2|0|0|50|50|Y|08-06-2026 15:07:45|08-06-2026 00:00:00|08-06-2026 00:00:00|08-06-2026 00:00:00||08-06-2026 15:15:32|08-07-2026 14:04:15|08-07-2026 14:09:39|08-08-2026 00:40:37||08-08-2026 00:41:50|08-12-2026 10:10:58|08-13-2026 14:41:12|33.57|167.56|133.99
BRCJM01|BRHARLD|BRHARLD|100067046|Shipped|||01693497000133|80740-000|PARANA|BR|TAC CWB||3|1|1|4|4|Y|08-06-2026 15:07:45|08-06-2026 00:00:00|08-06-2026 00:00:00|08-06-2026 00:00:00||08-08-2026 09:58:24|08-08-2026 14:05:23|08-10-2026 09:02:24|08-10-2026 11:25:34||08-10-2026 11:25:56|08-13-2026 15:43:43|08-13-2026 15:43:46|92.3|168.6|76.3
BRCJM01|BRHARLD|BRHARLD|100067047|Shipped|||19231827000134|22790-702|RIO DE JANEIRO|BR|ANDRE/TRANSP||1|0|0|20|20|Y|08-06-2026 15:07:45|08-06-2026 00:00:00|08-06-2026 00:00:00|08-06-2026 00:00:00||08-06-2026 15:15:32|08-07-2026 14:01:28|08-07-2026 14:01:28|08-07-2026 23:37:36||08-07-2026 23:38:34|08-12-2026 10:11:02|08-13-2026 14:41:18|32.51|167.56|135.05
BRCJM01|BRHARLD|BRHARLD|100067048|Shipped|||01693497000214|86020-000|PARANA|BR|ALL IN||1|0|0|1|1|Y|08-06-2026 15:07:45|08-06-2026 00:00:00|08-06-2026 00:00:00|08-06-2026 00:00:00||08-06-2026 15:15:32|08-07-2026 07:38:07|08-07-2026 07:38:07|08-07-2026 09:13:25||08-07-2026 09:14:13|08-12-2026 10:11:04|08-13-2026 14:41:10|18.11|167.56|149.45
BRCJM01|BRHARLD|BRHARLD|100067049|Shipped|||59997590000111|30494-080|MINAS GERAIS|BR|ANDRE/TRANSP||1|0|0|1|1|Y|08-06-2026 15:07:45|08-06-2026 00:00:00|08-06-2026 00:00:00|08-06-2026 00:00:00||08-06-2026 15:15:33|08-07-2026 13:58:31|08-07-2026 13:58:31|08-08-2026 00:46:12||08-08-2026 00:47:03|08-12-2026 10:11:08|08-13-2026 14:41:19|33.66|167.56|133.9
BRCJM01|BRHARLD|BRHARLD|100067050|Shipped|||13268423000139|90160-003|RIO GRANDE DO SUL|BR|TRANSTRY||8|6|6|10|10|Y|08-06-2026 23:52:19|08-06-2026 00:00:00|05-04-2026 00:00:00|05-04-2026 00:00:00||08-08-2026 09:58:16|08-08-2026 15:08:08|08-08-2026 15:17:13|08-08-2026 16:38:51||08-08-2026 16:39:14|08-12-2026 10:11:15|08-13-2026 14:41:14|40.78|158.82|118.03
BRCJM01|BRHARLD|BRHARLD|100067051|Shipped|||13268423000139|90160-003|RIO GRANDE DO SUL|BR|TRANSTRY||1|0|0|1|1|Y|08-06-2026 23:52:21|08-06-2026 00:00:00|08-05-2026 00:00:00|08-05-2026 00:00:00||08-08-2026 09:58:23|08-08-2026 13:08:38|08-08-2026 13:08:38|08-08-2026 15:41:53||08-08-2026 15:42:22|08-12-2026 10:11:17|08-13-2026 14:41:15|39.83|158.82|118.98
BRCJM01|BRHARLD|BRHARLD|100067052|Shipped|||01693497000133|80740-000|PARANA|BR|TAC CWB||13|4|4|18|18|Y|08-06-2026 23:52:22|08-06-2026 00:00:00|03-31-2026 00:00:00|03-31-2026 00:00:00||08-08-2026 09:58:16|08-08-2026 15:37:12|08-11-2026 16:00:30|08-11-2026 16:17:15||08-11-2026 16:23:33|08-15-2026 08:48:14|08-15-2026 08:48:29|112.52|200.94|88.42
BRCJM01|BRHARLD|BRHARLD|100067053|Shipped|||13685709000110|70750-525|DISTRITO FEDERAL|BR|ALL IN||13|11|11|23|23|Y|08-06-2026 23:52:22|08-06-2026 00:00:00|07-01-2026 00:00:00|07-01-2026 00:00:00||08-08-2026 09:58:21|08-08-2026 12:27:37|08-08-2026 14:38:27|08-08-2026 14:55:02||08-08-2026 14:57:37|08-12-2026 10:11:39|08-13-2026 14:41:17|39.09|158.82|119.73
BRCJM01|BRHARLD|BRHARLD|100067054|Shipped|||13685709000110|70750-525|DISTRITO FEDERAL|BR|ALL IN||11|6|6|12|12|Y|08-06-2026 23:52:21|08-06-2026 00:00:00|08-05-2026 00:00:00|08-05-2026 00:00:00||08-08-2026 09:58:23|08-08-2026 13:32:31|08-08-2026 14:01:22|08-08-2026 15:47:47||08-08-2026 15:48:26|08-12-2026 10:11:46|08-13-2026 14:41:17|39.93|158.82|118.88
BRCJM01|BRHARLD|BRHARLD|100067055|Shipped|||14296414000114|88085-150|SANTA CATARINA|BR|TAC CWB||4|5|5|8|8|Y|08-06-2026 23:52:23|08-06-2026 00:00:00|06-16-2026 00:00:00|06-16-2026 00:00:00||08-08-2026 09:58:18|08-08-2026 15:12:19|08-08-2026 15:16:36|08-08-2026 16:21:50||08-08-2026 16:22:14|08-13-2026 15:43:39|08-13-2026 15:43:47|40.5|159.86|119.36
BRCJM01|BRHARLD|BRHARLD|100067056|Shipped|||16520353000152|14024-800|SAO PAULO|BR|ALL IN||17|63|63|88|88|Y|08-06-2026 23:52:22|08-06-2026 00:00:00|07-02-2026 00:00:00|07-02-2026 00:00:00||08-08-2026 09:58:22|08-08-2026 17:21:42|08-08-2026 17:51:14|08-11-2026 04:42:26||08-11-2026 04:51:26|08-13-2026 15:43:45|08-13-2026 15:43:47|100.98|159.86|58.87
BRCJM01|BRHARLD|BRHARLD|100067057|Shipped|||16520353000152|14024-800|SAO PAULO|BR|ALL IN||1|1|1|1|1|Y|08-06-2026 23:52:22|08-06-2026 00:00:00|08-05-2026 00:00:00|08-05-2026 00:00:00||08-08-2026 09:58:24|08-08-2026 13:05:54|08-08-2026 13:05:54|08-08-2026 13:53:09||08-08-2026 13:53:39|08-12-2026 10:11:51|08-13-2026 14:41:18|38.02|158.82|120.79
BRCJM01|BRHARLD|BRHARLD|100067058|Shipped|||19231827000134|22790-702|RIO DE JANEIRO|BR|ANDRE/TRANSP||5|2|2|14|14|Y|08-06-2026 23:52:23|08-06-2026 00:00:00|08-04-2026 00:00:00|08-04-2026 00:00:00||08-08-2026 09:58:23|08-08-2026 15:23:18|08-10-2026 09:05:26|08-10-2026 10:39:26||08-10-2026 11:12:11|08-13-2026 15:43:41|08-13-2026 15:43:47|83.33|159.86|76.53
BRCJM01|BRHARLD|BRHARLD|100067059|Shipped|||19231827000134|22790-702|RIO DE JANEIRO|BR|ANDRE/TRANSP||1|0|0|2|2|Y|08-06-2026 23:52:23|08-06-2026 00:00:00|07-01-2026 00:00:00|07-01-2026 00:00:00||08-08-2026 09:58:22|08-08-2026 15:52:38|08-08-2026 15:52:38|08-08-2026 16:41:18||08-08-2026 16:41:42|08-12-2026 10:11:53|08-13-2026 14:41:18|40.82|158.82|117.99
BRCJM01|BRHARLD|BRHARLD|100067060|Shipped|||20110460000180|18047-620|SAO PAULO|BR|TAC SOR||1|0|0|1|1|Y|08-06-2026 23:52:23|08-06-2026 00:00:00|08-06-2026 00:00:00|08-06-2026 00:00:00||08-08-2026 09:58:24|08-08-2026 14:14:16|08-08-2026 14:14:16|08-08-2026 16:08:44||08-08-2026 16:09:19|08-12-2026 10:11:57|08-13-2026 14:41:19|40.28|158.82|118.53
BRCJM01|BRHARLD|BRHARLD|100067061|Shipped|||13244867000304|13295-622|SAO PAULO|BR|TAC CPQ||2|0|0|5|5|Y|08-06-2026 23:52:23|08-06-2026 00:00:00|06-25-2026 00:00:00|06-25-2026 00:00:00||08-08-2026 09:58:20|08-08-2026 12:55:22|08-08-2026 12:59:34|08-08-2026 14:18:39||08-08-2026 14:19:31|08-12-2026 10:12:22|08-13-2026 14:41:14|38.45|158.81|120.36
BRCJM01|BRHARLD|BRHARLD|100067062|Shipped|||01693497000214|86020-000|PARANA|BR|ALL IN||7|15|15|17|17|Y|08-06-2026 23:52:23|08-06-2026 00:00:00|08-05-2026 00:00:00|08-05-2026 00:00:00||08-08-2026 09:58:24|08-08-2026 13:52:38|08-08-2026 14:01:20|08-08-2026 16:13:20||08-08-2026 16:13:37|08-12-2026 10:12:25|08-13-2026 14:41:10|40.35|158.81|118.46
BRCJM01|BRHARLD|BRHARLD|100067063|Shipped|||59997590000111|30494-080|MINAS GERAIS|BR|ANDRE/TRANSP||10|14|14|33|33|Y|08-06-2026 23:52:23|08-06-2026 00:00:00|07-01-2026 00:00:00|07-01-2026 00:00:00||08-08-2026 09:58:22|08-08-2026 12:01:02|08-08-2026 12:13:21|08-08-2026 14:28:00||08-08-2026 14:30:20|08-12-2026 10:13:23|08-13-2026 14:41:20|38.63|158.82|120.18
BRCJM01|BRHARLD|BRHARLD|100067064|Shipped|||61810431000108|29060-730|ESPIRITO SANTO|BR|AEREO||5|24|24|26|26|Y|08-06-2026 23:52:23|08-06-2026 00:00:00|08-06-2026 00:00:00|08-06-2026 00:00:00||08-08-2026 09:58:24|08-08-2026 14:24:02|08-08-2026 14:31:28|08-08-2026 16:03:42||08-08-2026 16:04:04|08-12-2026 10:13:28|08-13-2026 14:41:21|40.19|158.82|118.62
BRCJM01|BRHARLD|BRHARLD|100067065|Shipped|||13232008000125|04794-000|SAO PAULO|BR|TRANSP DSV||32|70|70|357|357|Y|08-07-2026 10:30:25|08-07-2026 00:00:00|06-22-2026 00:00:00|06-22-2026 00:00:00||08-08-2026 09:58:18|08-10-2026 06:38:06|08-17-2026 15:41:33|08-17-2026 18:20:23||08-17-2026 18:31:21|08-25-2026 09:13:32|08-25-2026 09:14:31|248.02|430.74|182.72
BRCJM01|BRHARLD|BRHARLD|100067066|Shipped|||13232008000125|04794-000|SAO PAULO|BR|TRANSP DSV||13|34|34|41|41|Y|08-07-2026 10:30:24|08-07-2026 00:00:00|06-10-2026 00:00:00|06-10-2026 00:00:00|08-10-2026 13:51:36|08-11-2026 17:17:53|08-12-2026 02:18:06|08-12-2026 05:01:19|08-12-2026 05:05:40||08-13-2026 15:51:22|08-25-2026 09:13:14|08-25-2026 09:14:31|149.35|430.74|281.39
BRCJM01|BRHARLD|BRHARLD|100067067|Shipped|||13232008000125|04794-000|SAO PAULO|BR|TRANSP DSV||12|5|5|19|19|Y|08-07-2026 23:01:15|08-07-2026 00:00:00|08-07-2026 00:00:00|08-07-2026 00:00:00||08-08-2026 09:58:25|08-08-2026 14:40:31|08-10-2026 09:00:32|08-10-2026 11:03:10||08-10-2026 11:09:32|08-13-2026 15:43:42|08-13-2026 15:43:46|60.14|136.71|76.57
BRCJM01|BRHARLD|BRHARLD|100067068|Shipped|||13232008000125|04794-000|SAO PAULO|BR|TRANSP DSV||6|8|8|25|25|Y|08-07-2026 23:01:14|08-07-2026 00:00:00|08-07-2026 00:00:00|08-07-2026 00:00:00|08-10-2026 13:51:38|08-11-2026 17:17:56|08-12-2026 02:31:09|08-12-2026 02:57:30|08-12-2026 05:13:16||08-13-2026 15:51:30|09-05-2026 13:59:50|09-05-2026 14:00:39|136.84|686.99|550.15
BRCJM01|BRHARLD|BRHARLD|100067069|Shipped|||13244867000134|13092-305|SAO PAULO|BR|TAC CPQ||1|0|0|1|1|Y|08-07-2026 23:01:15|08-07-2026 00:00:00|05-14-2026 00:00:00|05-14-2026 00:00:00||08-08-2026 09:58:17|08-08-2026 13:03:49|08-08-2026 13:03:49|08-08-2026 14:06:51||08-08-2026 14:07:18|08-12-2026 10:13:33|08-13-2026 14:41:13|15.1|135.67|120.57
BRCJM01|BRHARLD|BRHARLD|100067070|Shipped|||13268423000139|90160-003|RIO GRANDE DO SUL|BR|TRANSTRY||1|0|0|1|1|Y|08-07-2026 23:01:15|08-07-2026 00:00:00|08-07-2026 00:00:00|08-07-2026 00:00:00||08-08-2026 09:58:25|08-08-2026 14:20:21|08-08-2026 14:20:21|08-08-2026 16:06:35||08-08-2026 16:07:15|08-12-2026 10:13:35|08-13-2026 14:41:15|17.1|135.67|118.57
BRCJM01|BRHARLD|BRHARLD|100067071|Shipped|||01693497000133|80740-000|PARANA|BR|TAC CWB||30|82|82|119|119|Y|08-07-2026 23:01:15|08-07-2026 00:00:00|08-07-2026 00:00:00|08-07-2026 00:00:00||08-08-2026 09:58:25|08-08-2026 13:11:25|08-08-2026 13:39:38|08-08-2026 17:25:30||08-08-2026 17:32:25|08-12-2026 10:14:11|08-13-2026 14:41:10|18.52|135.67|117.15
BRCJM01|BRHARLD|BRHARLD|100067072|Shipped|||13304379000175|74823-420|GOIAS|BR|ALL IN||2|0|0|4|4|Y|08-07-2026 23:01:16|08-07-2026 00:00:00|07-27-2026 00:00:00|07-27-2026 00:00:00||08-08-2026 09:58:23|08-08-2026 13:12:02|08-08-2026 13:13:07|08-08-2026 14:09:45||08-08-2026 14:10:04|08-12-2026 10:14:13|08-13-2026 14:41:15|15.15|135.67|120.52
BRCJM01|BRHARLD|BRHARLD|100067073|Shipped|||13685709000110|70750-525|DISTRITO FEDERAL|BR|ALL IN||1|0|0|2|2|Y|08-07-2026 23:01:15|08-07-2026 00:00:00|08-07-2026 00:00:00|08-07-2026 00:00:00||08-08-2026 09:58:27|08-08-2026 15:03:34|08-08-2026 15:03:34|08-08-2026 16:27:23||08-08-2026 16:27:49|08-12-2026 10:14:20|08-13-2026 14:41:17|17.44|135.67|118.22
BRCJM01|BRHARLD|BRHARLD|100067074|Shipped|||14296414000114|88085-150|SANTA CATARINA|BR|TAC CWB||3|10|10|12|12|Y|08-07-2026 23:01:16|08-07-2026 00:00:00|08-07-2026 00:00:00|08-07-2026 00:00:00||08-08-2026 09:58:27|08-08-2026 15:08:27|08-08-2026 15:11:03|08-08-2026 16:24:03||08-08-2026 16:24:24|08-13-2026 15:43:40|08-13-2026 15:43:47|17.39|136.71|119.32
BRCJM01|BRHARLD|BRHARLD|100067075|Shipped|||16520353000152|14024-800|SAO PAULO|BR|ALL IN||1|0|0|1|1|Y|08-07-2026 23:01:16|08-07-2026 00:00:00|06-23-2026 00:00:00|06-23-2026 00:00:00||08-08-2026 09:58:20|08-08-2026 13:08:08|08-08-2026 13:08:08|08-08-2026 14:30:39||08-08-2026 14:30:57|08-12-2026 10:14:24|08-13-2026 14:41:18|15.49|135.67|120.17
BRCJM01|BRHARLD|BRHARLD|100067076|Shipped|||19231827000134|22790-702|RIO DE JANEIRO|BR|ANDRE/TRANSP||4|101|101|103|103|Y|08-07-2026 23:01:16|08-07-2026 00:00:00|08-07-2026 00:00:00|08-07-2026 00:00:00||08-08-2026 09:58:27|08-08-2026 15:32:09|08-08-2026 15:40:18|08-08-2026 16:40:21||08-08-2026 16:41:12|08-12-2026 10:14:33|08-13-2026 14:41:18|17.67|135.67|118
BRCJM01|BRHARLD|BRHARLD|100067077|Shipped|||13244867000304|13295-622|SAO PAULO|BR|TAC CPQ||2|0|0|5|5|Y|08-07-2026 23:01:16|08-07-2026 00:00:00|08-07-2026 00:00:00|08-07-2026 00:00:00||08-08-2026 09:58:27|08-08-2026 15:24:18|08-08-2026 15:25:47|08-08-2026 16:33:35||08-08-2026 16:34:10|08-12-2026 10:14:37|08-13-2026 14:41:14|17.55|135.67|118.12
BRCJM01|BRHARLD|BRHARLD|100067079|Shipped|||59997590000111|30494-080|MINAS GERAIS|BR|ANDRE/TRANSP||1|8|8|8|8|Y|08-07-2026 23:01:16|08-07-2026 00:00:00|08-04-2026 00:00:00|08-04-2026 00:00:00||08-08-2026 09:58:23|08-08-2026 13:17:57|08-08-2026 13:17:57|08-08-2026 14:03:35||08-08-2026 14:05:22|08-12-2026 10:14:39|08-13-2026 14:41:20|15.07|135.67|120.6
BRCJM01|BRHARLD|BRHARLD|100067080|Shipped|||13232008000125|04794-000|SAO PAULO|BR|TRANSP DSV||56|51|51|258|258|Y|08-11-2026 22:35:59|08-11-2026 00:00:00|06-11-2026 00:00:00|06-11-2026 00:00:00|08-13-2026 14:39:47|08-13-2026 17:25:24|08-14-2026 17:56:34|08-18-2026 16:07:03|08-18-2026 19:48:09||08-18-2026 19:50:51|08-25-2026 09:13:55|08-25-2026 09:14:32|165.25|322.64|157.39
BRCJM01|BRHARLD|BRHARLD|100067081|Shipped|||13232008000125|04794-000|SAO PAULO|BR|TRANSP DSV||1|0|0|3|3|Y|08-11-2026 22:36:00|08-11-2026 00:00:00|07-01-2026 00:00:00|07-01-2026 00:00:00|08-12-2026 14:18:58|08-13-2026 14:23:07|08-13-2026 19:27:38|08-13-2026 19:27:38|08-13-2026 20:36:52||08-13-2026 20:37:07|08-15-2026 08:48:21|08-15-2026 08:48:30|46.02|82.21|36.19
BRCJM01|BRHARLD|BRHARLD|100067082|Shipped|||13244867000134|13092-305|SAO PAULO|BR|TAC CPQ||7|0|0|12|12|Y|08-11-2026 22:35:58|08-11-2026 00:00:00|07-16-2026 00:00:00|07-16-2026 00:00:00|08-12-2026 14:18:59|08-13-2026 14:39:50|08-14-2026 19:55:02|08-20-2026 09:40:36|08-20-2026 09:42:36||08-22-2026 13:13:26|08-26-2026 13:58:04|08-26-2026 13:58:38|254.62|351.38|96.75
BRCJM01|BRHARLD|BRHARLD|100067083|Shipped|||13244867000134|13092-305|SAO PAULO|BR|TAC CPQ||1|0|0|1|1|Y|08-11-2026 22:36:00|08-11-2026 00:00:00|05-01-2026 00:00:00|05-01-2026 00:00:00||08-12-2026 13:59:23|08-12-2026 19:50:54|08-12-2026 19:50:54|08-12-2026 21:27:56||08-12-2026 21:28:17|08-15-2026 08:48:15|08-15-2026 08:48:30|22.87|82.21|59.34
BRCJM01|BRHARLD|BRHARLD|100067084|Shipped|||13268423000139|90160-003|RIO GRANDE DO SUL|BR|TRANSTRY||16|8|8|36|36|Y|08-11-2026 22:36:01|08-11-2026 00:00:00|07-17-2026 00:00:00|07-17-2026 00:00:00||08-13-2026 14:39:54|08-13-2026 18:17:27|08-14-2026 11:44:18|08-14-2026 12:19:08||08-14-2026 12:20:03|08-19-2026 11:00:14|08-19-2026 11:00:54|61.73|180.41|118.68
BRCJM01|BRHARLD|BRHARLD|100067085|Shipped|||13268423000139|90160-003|RIO GRANDE DO SUL|BR|TRANSTRY||4|2|2|8|8|Y|08-11-2026 22:36:00|08-11-2026 00:00:00|05-21-2026 00:00:00|05-21-2026 00:00:00||08-12-2026 13:59:23|08-12-2026 19:53:40|08-12-2026 19:56:30|08-12-2026 21:24:36||08-12-2026 21:25:40|08-19-2026 11:00:06|08-19-2026 11:00:54|22.83|180.42|157.59
BRCJM01|BRHARLD|BRHARLD|100067086|Shipped|||01693497000133|80740-000|PARANA|BR|TAC CWB||70|64|64|217|217|Y|08-11-2026 22:36:02|08-11-2026 00:00:00|07-16-2026 00:00:00|07-16-2026 00:00:00|08-12-2026 14:19:02|08-13-2026 14:39:51|08-13-2026 17:13:20|08-14-2026 12:38:01|08-14-2026 13:29:59||08-14-2026 13:31:50|08-19-2026 11:00:23|08-19-2026 11:00:53|62.93|180.41|117.48
BRCJM01|BRHARLD|BRHARLD|100067087|Shipped|||13304379000175|74823-420|GOIAS|BR|ALL IN||31|4|4|72|72|Y|08-11-2026 22:36:01|08-11-2026 00:00:00|03-25-2026 00:00:00|03-25-2026 00:00:00|08-17-2026 15:04:59|08-17-2026 16:08:37|08-17-2026 17:58:25|08-17-2026 18:48:55|08-18-2026 05:12:01||08-18-2026 05:17:53|08-25-2026 09:13:45|08-25-2026 09:14:34|150.7|322.64|171.94
BRCJM01|BRHARLD|BRHARLD|100067088|Shipped|||13304379000175|74823-420|GOIAS|BR|ALL IN||4|0|0|5|5|Y|08-11-2026 22:36:03|08-11-2026 00:00:00|05-21-2026 00:00:00|05-21-2026 00:00:00||08-12-2026 13:59:23|08-12-2026 20:03:01|08-12-2026 20:07:46|08-12-2026 21:35:33||08-12-2026 21:35:57|08-15-2026 08:48:15|08-15-2026 08:48:30|23|82.21|59.21
BRCJM01|BRHARLD|BRHARLD|100067089|Shipped|||13685709000110|70750-525|DISTRITO FEDERAL|BR|ALL IN||30|110|110|160|160|Y|08-11-2026 22:37:03|08-11-2026 00:00:00|04-08-2026 00:00:00|04-08-2026 00:00:00|08-13-2026 14:39:45|08-13-2026 17:25:22|08-14-2026 16:51:57|08-14-2026 17:51:01|08-14-2026 19:14:20||08-14-2026 19:20:14|08-19-2026 11:00:28|08-19-2026 11:00:55|68.72|180.4|111.68
BRCJM01|BRHARLD|BRHARLD|100067090|Shipped|||13685709000110|70750-525|DISTRITO FEDERAL|BR|ALL IN||3|4|4|5|5|Y|08-11-2026 22:36:03|08-11-2026 00:00:00|07-01-2026 00:00:00|07-01-2026 00:00:00|08-12-2026 14:18:58|08-13-2026 14:23:07|08-14-2026 19:22:34|08-14-2026 19:25:01|08-14-2026 21:46:35||08-14-2026 21:46:50|08-19-2026 11:00:31|08-19-2026 11:00:55|71.18|180.41|109.23
BRCJM01|BRHARLD|BRHARLD|100067091|Shipped|||14296414000114|88085-150|SANTA CATARINA|BR|TAC CWB||24|18|18|79|79|Y|08-11-2026 22:37:04|08-11-2026 00:00:00|06-08-2026 00:00:00|06-08-2026 00:00:00||08-13-2026 14:23:01|08-13-2026 19:20:42|08-17-2026 19:46:12|08-17-2026 20:34:51||08-17-2026 20:38:56|08-25-2026 09:13:38|08-25-2026 09:14:36|142.03|322.63|180.59
BRCJM01|BRHARLD|BRHARLD|100067092|Shipped|||14296414000114|88085-150|SANTA CATARINA|BR|TAC CWB||2|0|0|6|6|Y|08-11-2026 22:36:03|08-11-2026 00:00:00|05-21-2026 00:00:00|05-21-2026 00:00:00|08-12-2026 14:18:56|08-13-2026 14:23:01|08-13-2026 19:28:58|08-13-2026 19:29:51|08-13-2026 20:32:30||08-13-2026 20:33:18|08-19-2026 11:00:12|08-19-2026 11:00:56|45.95|180.41|134.46
BRCJM01|BRHARLD|BRHARLD|100067093|Shipped|||16520353000152|14024-800|SAO PAULO|BR|ALL IN||10|1|1|24|24|Y|08-11-2026 22:37:04|08-11-2026 00:00:00|07-15-2026 00:00:00|07-15-2026 00:00:00||08-13-2026 14:39:50|08-14-2026 19:30:54|08-14-2026 19:51:05|08-14-2026 21:44:17||08-14-2026 21:44:49|08-19-2026 11:00:31|08-19-2026 11:00:56|71.13|180.4|109.27
BRCJM01|BRHARLD|BRHARLD|100067094|Shipped|||16520353000152|14024-800|SAO PAULO|BR|ALL IN||2|0|0|2|2|Y|08-11-2026 22:37:04|08-11-2026 00:00:00|05-21-2026 00:00:00|05-21-2026 00:00:00||08-12-2026 13:59:23|08-12-2026 18:01:00|08-12-2026 18:07:07|08-13-2026 03:37:32||08-13-2026 03:38:17|08-15-2026 08:48:19|08-15-2026 08:48:30|29.02|82.19|53.17
BRCJM01|BRHARLD|BRHARLD|100067095|Shipped|||19231827000134|22790-702|RIO DE JANEIRO|BR|ANDRE/TRANSP||25|3|3|103|103|Y|08-11-2026 22:37:04|08-11-2026 00:00:00|06-24-2026 00:00:00|06-24-2026 00:00:00||08-12-2026 13:59:26|08-12-2026 17:58:21|08-13-2026 02:42:43|08-13-2026 03:21:40||08-13-2026 03:25:54|08-19-2026 11:00:11|08-19-2026 11:00:57|28.81|180.4|151.58
BRCJM01|BRHARLD|BRHARLD|100067096|Shipped|||19231827000134|22790-702|RIO DE JANEIRO|BR|ANDRE/TRANSP||3|3|3|4|4|Y|08-11-2026 22:37:05|08-11-2026 00:00:00|06-25-2026 00:00:00|06-25-2026 00:00:00||08-12-2026 13:59:27|08-12-2026 20:10:59|08-12-2026 20:16:56|08-12-2026 21:39:55||08-12-2026 21:40:12|08-19-2026 11:00:07|08-19-2026 11:00:57|23.05|180.4|157.35
BRCJM01|BRHARLD|BRHARLD|100067097|Shipped|||20110460000180|18047-620|SAO PAULO|BR|TAC SOR||17|2|2|66|66|Y|08-11-2026 22:37:05|08-11-2026 00:00:00|06-22-2026 00:00:00|06-22-2026 00:00:00|08-14-2026 13:17:13|08-17-2026 14:59:02|08-17-2026 17:24:28|08-17-2026 17:48:44|08-17-2026 19:28:49||08-17-2026 19:30:24|08-25-2026 09:13:34|08-25-2026 09:14:37|140.89|322.63|181.74
BRCJM01|BRHARLD|BRHARLD|100067098|Shipped|||20110460000180|18047-620|SAO PAULO|BR|TAC SOR||40|23|23|47|47|Y|08-11-2026 22:37:05|08-11-2026 00:00:00|05-21-2026 00:00:00|05-21-2026 00:00:00||08-12-2026 13:59:23|08-12-2026 20:45:16|08-13-2026 01:01:18|08-13-2026 01:03:02||08-13-2026 05:39:53|08-15-2026 08:48:19|08-15-2026 08:48:30|31.05|82.19|51.14
BRCJM01|BRHARLD|BRHARLD|100067099|Shipped|||13244867000304|13295-622|SAO PAULO|BR|TAC CPQ||8|4|4|29|29|Y|08-11-2026 22:37:06|08-11-2026 00:00:00|07-14-2026 00:00:00|07-14-2026 00:00:00||08-12-2026 13:59:29|08-12-2026 19:03:05|08-21-2026 07:49:12|08-21-2026 08:02:32||08-21-2026 08:04:54|08-25-2026 09:14:25|08-25-2026 09:14:34|225.46|322.62|97.16
BRCJM01|BRHARLD|BRHARLD|100067100|Shipped|||13244867000304|13295-622|SAO PAULO|BR|TAC CPQ||3|0|0|5|5|Y|08-11-2026 22:37:06|08-11-2026 00:00:00|05-21-2026 00:00:00|05-21-2026 00:00:00||08-12-2026 13:59:25|08-12-2026 18:16:41|08-12-2026 18:20:45|08-13-2026 03:39:29||08-13-2026 03:40:31|08-15-2026 08:48:20|08-15-2026 08:48:30|29.06|82.19|53.13
BRCJM01|BRHARLD|BRHARLD|100067101|Shipped|||01693497000214|86020-000|PARANA|BR|ALL IN||15|22|22|151|151|Y|08-11-2026 22:37:06|08-11-2026 00:00:00|07-03-2026 00:00:00|07-03-2026 00:00:00|08-13-2026 14:39:50|08-13-2026 17:25:27|08-14-2026 19:14:05|08-14-2026 19:37:10|08-14-2026 20:21:13||08-14-2026 22:08:01|08-19-2026 11:00:30|08-19-2026 11:00:53|71.52|180.4|108.88
BRCJM01|BRHARLD|BRHARLD|100067102|Shipped|||01693497000214|86020-000|PARANA|BR|ALL IN||10|0|0|13|13|Y|08-11-2026 22:37:06|08-11-2026 00:00:00|06-28-2026 00:00:00|06-28-2026 00:00:00|08-12-2026 14:18:58|08-13-2026 14:23:07|08-14-2026 14:20:43|08-14-2026 22:05:44|08-14-2026 22:37:15||08-14-2026 22:38:49|08-19-2026 11:00:33|08-19-2026 11:00:53|72.03|180.4|108.37
BRCJM01|BRHARLD|BRHARLD|100067103|Shipped|||59997590000111|30494-080|MINAS GERAIS|BR|ANDRE/TRANSP||24|14|14|60|60|Y|08-11-2026 22:37:06|08-11-2026 00:00:00|07-03-2026 00:00:00|07-03-2026 00:00:00||08-13-2026 14:23:08|08-14-2026 16:37:06|08-22-2026 12:20:39|08-22-2026 13:25:45||08-22-2026 15:04:17|08-26-2026 13:58:20|08-26-2026 13:58:40|256.45|351.36|94.91
BRCJM01|BRHARLD|BRHARLD|100067104|Shipped|||59997590000111|30494-080|MINAS GERAIS|BR|ANDRE/TRANSP||4|0|0|9|9|Y|08-11-2026 22:37:07|08-11-2026 00:00:00|05-21-2026 00:00:00|05-21-2026 00:00:00||08-12-2026 13:59:25|08-12-2026 20:24:28|08-12-2026 20:29:47|08-12-2026 21:31:02||08-12-2026 21:31:24|08-15-2026 08:48:15|08-15-2026 08:48:31|22.9|82.19|59.29
BRCJM01|BRHARLD|BRHARLD|100067105|Shipped|||61810431000108|29060-730|ESPIRITO SANTO|BR|AEREO||8|0|0|111|111|Y|08-11-2026 22:37:07|08-11-2026 00:00:00|05-27-2026 00:00:00|05-27-2026 00:00:00||08-12-2026 13:59:26|08-12-2026 18:30:18|08-12-2026 18:51:17|08-13-2026 05:25:27||08-13-2026 05:26:43|08-15-2026 08:48:21|08-15-2026 08:48:31|30.83|82.19|51.36
BRCJM01|BRHARLD|BRHARLD|100067106|Shipped|||61810431000108|29060-730|ESPIRITO SANTO|BR|AEREO||4|0|0|5|5|Y|08-11-2026 22:37:07|08-11-2026 00:00:00|05-21-2026 00:00:00|05-21-2026 00:00:00||08-12-2026 13:59:25|08-14-2026 05:23:37|08-14-2026 05:26:53|08-14-2026 05:38:16||08-14-2026 05:41:02|08-25-2026 09:13:15|08-25-2026 09:14:38|55.07|322.63|267.56
BRCJM01|BRHARLD|BRHARLD|100067108|Shipped|||13304379000175|74823-420|GOIAS|BR|ALL IN||12|90|90|221|221|Y|08-13-2026 17:21:09|08-13-2026 00:00:00|08-12-2026 00:00:00|08-12-2026 00:00:00||08-14-2026 13:17:16|08-15-2026 10:07:18|08-15-2026 10:25:36|08-17-2026 10:52:51||08-17-2026 10:58:27|08-25-2026 09:13:20|08-25-2026 09:14:35|89.62|279.89|190.27
BRCJM01|BRHARLD|BRHARLD|100067110|Shipped|||13232008000125|04794-000|SAO PAULO|BR|TRANSP DSV||2|0|0|2|2|Y|08-14-2026 00:18:18|08-13-2026 00:00:00|05-13-2026 00:00:00|05-13-2026 00:00:00||08-14-2026 13:17:08|08-15-2026 09:00:23|08-15-2026 09:02:52|08-17-2026 07:28:10||08-17-2026 07:28:27|08-19-2026 11:00:50|08-19-2026 11:00:53|79.17|130.71|51.54
BRCJM01|BRHARLD|BRHARLD|100067111|Shipped|||13268423000139|90160-003|RIO GRANDE DO SUL|BR|TRANSTRY||2|7|7|7|7|Y|08-14-2026 00:18:21|08-13-2026 00:00:00|08-12-2026 00:00:00|08-12-2026 00:00:00||08-14-2026 13:17:17|08-15-2026 03:38:02|08-15-2026 03:49:40|08-15-2026 05:38:38||08-15-2026 05:44:47|08-19-2026 11:00:38|08-19-2026 11:00:54|29.44|130.71|101.27
BRCJM01|BRHARLD|BRHARLD|100067112|Shipped|||13268423000139|90160-003|RIO GRANDE DO SUL|BR|TRANSTRY||11|0|0|20|20|Y|08-14-2026 00:18:19|08-13-2026 00:00:00|05-21-2026 00:00:00|05-21-2026 00:00:00||08-14-2026 13:17:08|08-15-2026 07:52:37|08-15-2026 08:09:33|08-15-2026 11:10:05||08-15-2026 11:10:48|08-19-2026 11:00:41|08-19-2026 11:00:54|34.87|130.71|95.84
BRCJM01|BRHARLD|BRHARLD|100067114|Shipped|||01693497000133|80740-000|PARANA|BR|TAC CWB||4|0|0|6|6|Y|08-14-2026 00:18:18|08-13-2026 00:00:00|05-21-2026 00:00:00|05-21-2026 00:00:00||08-14-2026 13:17:09|08-15-2026 09:37:29|08-15-2026 09:44:55|08-17-2026 07:17:04||08-17-2026 07:17:25|08-19-2026 11:00:50|08-19-2026 11:00:53|78.99|130.71|51.72
BRCJM01|BRHARLD|BRHARLD|100067115|Shipped|||13304379000175|74823-420|GOIAS|BR|ALL IN||3|15|15|22|22|Y|08-14-2026 00:18:21|08-13-2026 00:00:00|08-13-2026 00:00:00|08-13-2026 00:00:00||08-14-2026 13:17:18|08-15-2026 02:30:19|08-15-2026 02:34:09|08-15-2026 05:03:33||08-15-2026 05:40:38|08-19-2026 11:00:34|08-19-2026 11:00:54|29.37|130.71|101.34
BRCJM01|BRHARLD|BRHARLD|100067116|Shipped|||13304379000175|74823-420|GOIAS|BR|ALL IN||12|0|0|12|12|Y|08-14-2026 00:18:21|08-13-2026 00:00:00|05-21-2026 00:00:00|05-21-2026 00:00:00||08-14-2026 13:17:09|08-15-2026 07:33:46|08-15-2026 07:45:20|08-15-2026 11:48:05||08-15-2026 11:48:16|08-19-2026 11:00:45|08-19-2026 11:00:55|35.5|130.71|95.21
BRCJM01|BRHARLD|BRHARLD|100067117|Shipped|||13685709000110|70750-525|DISTRITO FEDERAL|BR|ALL IN||3|8|8|9|9|Y|08-14-2026 00:18:21|08-13-2026 00:00:00|08-13-2026 00:00:00|08-13-2026 00:00:00||08-14-2026 13:17:18|08-15-2026 02:35:47|08-15-2026 02:37:30|08-15-2026 05:06:10||08-15-2026 05:22:07|08-19-2026 11:00:35|08-19-2026 11:00:56|29.06|130.71|101.65
BRCJM01|BRHARLD|BRHARLD|100067118|Shipped|||13685709000110|70750-525|DISTRITO FEDERAL|BR|ALL IN||4|2|2|5|5|Y|08-14-2026 00:18:21|08-13-2026 00:00:00|08-13-2026 00:00:00|08-13-2026 00:00:00||08-14-2026 13:17:18|08-15-2026 02:25:00|08-15-2026 02:27:15|08-15-2026 04:55:36||08-15-2026 05:21:24|08-19-2026 11:00:33|08-19-2026 11:00:56|29.05|130.71|101.66
BRCJM01|BRHARLD|BRHARLD|100067119|Shipped|||14296414000114|88085-150|SANTA CATARINA|BR|TAC CWB||3|0|0|4|4|Y|08-14-2026 00:18:21|08-13-2026 00:00:00|05-21-2026 00:00:00|05-21-2026 00:00:00||08-14-2026 13:17:09|08-15-2026 07:47:38|08-15-2026 07:49:42|08-15-2026 11:24:03||08-15-2026 11:24:44|08-25-2026 09:13:15|08-25-2026 09:14:36|35.11|272.94|237.83
BRCJM01|BRHARLD|BRHARLD|100067120|Shipped|||16520353000152|14024-800|SAO PAULO|BR|ALL IN||16|81|81|101|101|Y|08-14-2026 00:18:21|08-13-2026 00:00:00|08-13-2026 00:00:00|08-13-2026 00:00:00||08-14-2026 13:17:18|08-15-2026 09:06:49|08-15-2026 09:31:36|08-17-2026 11:37:24||08-17-2026 11:46:16|08-25-2026 09:13:22|08-25-2026 09:14:36|83.47|272.94|189.47
BRCJM01|BRHARLD|BRHARLD|100067121|Shipped|||16520353000152|14024-800|SAO PAULO|BR|ALL IN||9|0|0|11|11|Y|08-14-2026 00:18:21|08-13-2026 00:00:00|05-21-2026 00:00:00|05-21-2026 00:00:00||08-14-2026 13:17:10|08-15-2026 07:06:06|08-15-2026 07:19:52|08-15-2026 11:40:36||08-15-2026 11:40:48|08-19-2026 11:00:44|08-19-2026 11:00:56|35.37|130.71|95.34
BRCJM01|BRHARLD|BRHARLD|100067122|Shipped|||19231827000134|22790-702|RIO DE JANEIRO|BR|ANDRE/TRANSP||6|38|38|44|44|Y|08-14-2026 00:18:22|08-13-2026 00:00:00|08-12-2026 00:00:00|08-12-2026 00:00:00||08-14-2026 13:17:17|08-15-2026 02:47:25|08-15-2026 03:03:16|08-15-2026 05:23:53||08-15-2026 05:28:52|08-19-2026 11:00:36|08-19-2026 11:00:58|29.18|130.71|101.54
BRCJM01|BRHARLD|BRHARLD|100067123|Shipped|||20110460000180|18047-620|SAO PAULO|BR|TAC SOR||4|8|8|11|11|Y|08-14-2026 00:18:22|08-13-2026 00:00:00|08-12-2026 00:00:00|08-12-2026 00:00:00||08-14-2026 13:17:17|08-15-2026 10:31:23|08-17-2026 06:52:05|08-17-2026 07:04:31||08-17-2026 07:05:02|08-19-2026 11:00:50|08-19-2026 11:00:58|78.78|130.71|51.93
BRCJM01|BRHARLD|BRHARLD|100067124|Shipped|||20110460000180|18047-620|SAO PAULO|BR|TAC SOR||5|0|0|7|7|Y|08-14-2026 00:18:22|08-13-2026 00:00:00|05-21-2026 00:00:00|05-21-2026 00:00:00||08-14-2026 13:17:10|08-15-2026 07:22:01|08-15-2026 07:25:15|08-15-2026 11:54:30||08-15-2026 11:54:48|08-19-2026 11:00:46|08-19-2026 11:00:58|35.61|130.71|95.1
BRCJM01|BRHARLD|BRHARLD|100067125|Shipped|||13244867000304|13295-622|SAO PAULO|BR|TAC CPQ||6|3|3|6|6|Y|08-14-2026 00:18:22|08-13-2026 00:00:00|07-23-2026 00:00:00|07-23-2026 00:00:00||08-14-2026 13:17:16|08-15-2026 03:51:52|08-15-2026 05:27:01|08-15-2026 05:33:27||08-15-2026 05:36:41|08-19-2026 11:00:37|08-19-2026 11:00:54|29.31|130.71|101.4
BRCJM01|BRHARLD|BRHARLD|100067126|Shipped|||13244867000304|13295-622|SAO PAULO|BR|TAC CPQ||7|0|0|12|12|Y|08-14-2026 00:18:22|08-13-2026 00:00:00|05-21-2026 00:00:00|05-21-2026 00:00:00||08-14-2026 13:17:10|08-15-2026 06:42:12|08-15-2026 06:54:24|08-15-2026 10:59:20||08-15-2026 11:00:11|08-19-2026 11:00:40|08-19-2026 11:00:54|34.7|130.71|96.01
BRCJM01|BRHARLD|BRHARLD|100067127|Shipped|||01693497000214|86020-000|PARANA|BR|ALL IN||6|10|10|14|14|Y|08-14-2026 00:18:22|08-13-2026 00:00:00|08-12-2026 00:00:00|08-12-2026 00:00:00||08-14-2026 13:17:17|08-15-2026 03:10:19|08-15-2026 03:15:53|08-15-2026 05:10:40||08-15-2026 05:21:32|08-19-2026 11:00:36|08-19-2026 11:00:53|29.05|130.71|101.66
BRCJM01|BRHARLD|BRHARLD|100067128|Shipped|||01693497000214|86020-000|PARANA|BR|ALL IN||35|0|0|52|52|Y|08-14-2026 00:18:23|08-13-2026 00:00:00|06-28-2026 00:00:00|06-28-2026 00:00:00|08-17-2026 15:05:02|08-17-2026 16:08:38|08-17-2026 19:11:06|08-18-2026 02:25:32|08-18-2026 02:55:48||08-18-2026 03:27:57|08-25-2026 09:13:42|08-25-2026 09:14:29|99.16|272.94|173.78
BRCJM01|BRHARLD|BRHARLD|100067129|Shipped|||59997590000111|30494-080|MINAS GERAIS|BR|ANDRE/TRANSP||2|4|4|4|4|Y|08-14-2026 00:18:22|08-13-2026 00:00:00|08-12-2026 00:00:00|08-12-2026 00:00:00||08-14-2026 13:17:18|08-15-2026 02:22:09|08-15-2026 02:23:41|08-15-2026 04:58:18||08-15-2026 05:21:40|08-19-2026 11:00:34|08-19-2026 11:00:58|29.06|130.71|101.66
BRCJM01|BRHARLD|BRHARLD|100067130|Shipped|||59997590000111|30494-080|MINAS GERAIS|BR|ANDRE/TRANSP||13|0|0|24|24|Y|08-14-2026 00:18:22|08-13-2026 00:00:00|05-21-2026 00:00:00|05-21-2026 00:00:00||08-14-2026 13:17:10|08-15-2026 08:17:51|08-15-2026 08:39:50|08-15-2026 11:20:57||08-15-2026 11:21:09|08-19-2026 11:00:43|08-19-2026 11:00:58|35.05|130.71|95.66
BRCJM01|BRHARLD|BRHARLD|100067131|Shipped|||61810431000108|29060-730|ESPIRITO SANTO|BR|AEREO||4|0|0|6|6|Y|08-14-2026 00:18:23|08-13-2026 00:00:00|05-21-2026 00:00:00|05-21-2026 00:00:00||08-14-2026 13:17:11|08-15-2026 08:50:46|08-15-2026 08:55:36|08-15-2026 10:39:14||08-15-2026 10:40:58|08-19-2026 11:00:39|08-19-2026 11:00:58|34.38|130.71|96.33
BRCJM01|BRHARLD|BRHARLD|100067132|Shipped|||61810431000108|29060-730|ESPIRITO SANTO|BR|AEREO||19|0|0|32|32|Y|08-14-2026 00:18:23|08-13-2026 00:00:00|05-21-2026 00:00:00|05-21-2026 00:00:00||08-14-2026 13:17:11|08-15-2026 09:03:29|08-15-2026 09:54:16|08-15-2026 12:05:38||08-15-2026 12:06:08|08-19-2026 11:00:48|08-19-2026 11:00:59|35.8|130.71|94.91
BRCJM01|BRHARLD|BRHARLD|100067133|Shipped|||13232008000125|04794-000|SAO PAULO|BR|TRANSP DSV||48|117|117|153|153|Y|08-17-2026 20:15:43|08-17-2026 00:00:00|08-17-2026 00:00:00|08-17-2026 00:00:00|08-18-2026 09:44:23|08-19-2026 11:24:48|08-19-2026 15:41:39|08-20-2026 01:18:21|08-20-2026 02:56:14||08-20-2026 03:02:06|08-25-2026 09:14:09|08-25-2026 09:14:33|54.77|180.98|126.21
BRCJM01|BRHARLD|BRHARLD|100067134|Shipped|||13232008000125|04794-000|SAO PAULO|BR|TRANSP DSV||2|0|0|2|2|Y|08-17-2026 20:15:44|08-17-2026 00:00:00|04-21-2026 00:00:00|04-21-2026 00:00:00|08-18-2026 09:44:19|08-19-2026 11:24:46|08-19-2026 13:54:28|08-19-2026 14:04:21|08-19-2026 15:33:23||08-19-2026 15:34:06|08-25-2026 09:13:57|08-25-2026 09:14:33|43.31|180.98|137.67
BRCJM01|BRHARLD|BRHARLD|100067135|Shipped|||13268423000139|90160-003|RIO GRANDE DO SUL|BR|TRANSTRY||2|1|1|21|21|Y|08-17-2026 20:15:45|08-17-2026 00:00:00|05-04-2026 00:00:00|05-04-2026 00:00:00||08-18-2026 08:35:30|08-19-2026 14:09:06|08-19-2026 14:10:54|08-19-2026 16:16:17||08-19-2026 17:39:34|08-25-2026 09:13:57|08-25-2026 09:14:34|45.4|180.98|135.58
BRCJM01|BRHARLD|BRHARLD|100067136|Shipped|||01693497000133|80740-000|PARANA|BR|TAC CWB||15|9|9|17|17|Y|08-17-2026 20:15:45|08-17-2026 00:00:00|08-14-2026 00:00:00|08-14-2026 00:00:00|08-18-2026 09:44:20|08-19-2026 11:24:47|08-19-2026 14:53:07|08-19-2026 15:46:39|08-20-2026 03:23:50||08-20-2026 03:24:45|08-25-2026 09:14:11|08-25-2026 09:14:28|55.15|180.98|125.83
BRCJM01|BRHARLD|BRHARLD|100067137|Shipped|||13304379000175|74823-420|GOIAS|BR|ALL IN||1|0|0|1|1|Y|08-17-2026 20:15:46|08-17-2026 00:00:00|08-17-2026 00:00:00|08-17-2026 00:00:00||08-18-2026 08:35:39|08-18-2026 11:49:06|08-18-2026 11:49:06|08-18-2026 14:26:57||08-18-2026 14:29:25|08-25-2026 09:13:46|08-25-2026 09:14:35|18.23|180.98|162.75
BRCJM01|BRHARLD|BRHARLD|100067138|Shipped|||13304379000175|74823-420|GOIAS|BR|ALL IN||1|0|0|1|1|Y|08-17-2026 20:16:46|08-17-2026 00:00:00|02-08-2026 00:00:00|02-08-2026 00:00:00||08-18-2026 08:35:29|08-18-2026 15:38:53|08-18-2026 15:38:53|08-18-2026 17:23:29||08-18-2026 17:24:08|08-25-2026 09:13:46|08-25-2026 09:14:35|21.12|180.96|159.84
BRCJM01|BRHARLD|BRHARLD|100067139|Shipped|||13685709000110|70750-525|DISTRITO FEDERAL|BR|ALL IN||5|17|17|24|24|Y|08-17-2026 20:16:46|08-17-2026 00:00:00|08-14-2026 00:00:00|08-14-2026 00:00:00|08-18-2026 09:44:21|08-19-2026 11:24:47|08-19-2026 13:50:36|08-19-2026 14:00:48|08-20-2026 01:46:29||08-20-2026 01:47:35|08-25-2026 09:14:03|08-25-2026 09:14:35|53.51|180.96|127.45
BRCJM01|BRHARLD|BRHARLD|100067140|Shipped|||13685709000110|70750-525|DISTRITO FEDERAL|BR|ALL IN||4|0|0|6|6|Y|08-17-2026 20:16:46|08-17-2026 00:00:00|06-16-2026 00:00:00|06-16-2026 00:00:00|08-18-2026 09:44:19|08-19-2026 11:24:46|08-19-2026 14:31:07|08-19-2026 14:40:43|08-19-2026 18:06:55||08-19-2026 18:08:06|08-25-2026 09:13:59|08-25-2026 09:14:35|45.86|180.96|135.11
BRCJM01|BRHARLD|BRHARLD|100067141|Shipped|||14296414000114|88085-150|SANTA CATARINA|BR|TAC CWB||31|11|11|132|132|Y|08-17-2026 20:16:47|08-17-2026 00:00:00|08-15-2026 00:00:00|08-15-2026 00:00:00||08-18-2026 08:35:34|08-18-2026 16:51:45|08-21-2026 16:32:50|08-21-2026 16:40:44||08-21-2026 17:36:35|08-21-2026 17:36:35|08-28-2026 09:27:03|93.33|253.17|159.84
BRCJM01|BRHARLD|BRHARLD|100067143|Shipped|||16520353000152|14024-800|SAO PAULO|BR|ALL IN||7|4|4|11|11|Y|08-17-2026 20:16:47|08-17-2026 00:00:00|08-17-2026 00:00:00|08-17-2026 00:00:00||08-18-2026 08:35:39|08-19-2026 14:18:45|08-19-2026 14:30:12|08-19-2026 17:06:19||08-19-2026 18:54:47|08-25-2026 09:13:58|08-25-2026 09:14:36|46.63|180.96|134.33
BRCJM01|BRHARLD|BRHARLD|100067144|Shipped|||19231827000134|22790-702|RIO DE JANEIRO|BR|ANDRE/TRANSP||2|1|1|2|2|Y|08-17-2026 20:16:47|08-17-2026 00:00:00|08-17-2026 00:00:00|08-17-2026 00:00:00|08-18-2026 09:44:23|08-19-2026 11:24:50|08-19-2026 14:40:22|08-19-2026 14:42:22|08-20-2026 01:19:12||08-20-2026 01:20:45|08-25-2026 09:14:01|08-25-2026 09:14:36|53.07|180.96|127.9
BRCJM01|BRHARLD|BRHARLD|100067145|Shipped|||19231827000134|22790-702|RIO DE JANEIRO|BR|ANDRE/TRANSP||10|0|0|37|37|Y|08-17-2026 20:16:49|08-17-2026 00:00:00|08-17-2026 00:00:00|08-17-2026 00:00:00||08-18-2026 08:35:40|08-18-2026 15:50:19|08-18-2026 16:04:47|08-18-2026 17:38:51||08-18-2026 17:39:22|08-25-2026 09:13:48|08-25-2026 09:14:37|21.38|180.96|159.59
BRCJM01|BRHARLD|BRHARLD|100067146|Shipped|||20110460000180|18047-620|SAO PAULO|BR|TAC SOR||5|12|12|20|20|Y|08-17-2026 20:16:49|08-17-2026 00:00:00|08-17-2026 00:00:00|08-17-2026 00:00:00||08-18-2026 08:35:40|08-18-2026 16:24:36|08-18-2026 16:34:01|08-18-2026 23:19:26||08-18-2026 23:50:55|08-25-2026 09:13:56|08-25-2026 09:14:37|27.57|180.96|153.4
BRCJM01|BRHARLD|BRHARLD|100067147|Shipped|||13244867000304|13295-622|SAO PAULO|BR|TAC CPQ||3|11|11|13|13|Y|08-17-2026 20:16:49|08-17-2026 00:00:00|08-15-2026 00:00:00|08-15-2026 00:00:00|08-18-2026 09:44:21|08-19-2026 11:24:48|08-19-2026 14:28:12|08-19-2026 18:40:09|08-19-2026 18:41:16||08-19-2026 18:41:37|08-25-2026 09:14:00|08-25-2026 09:14:34|46.41|180.96|134.55
BRCJM01|BRHARLD|BRHARLD|100067148|Shipped|||01693497000214|86020-000|PARANA|BR|ALL IN||18|54|54|72|72|Y|08-17-2026 20:16:50|08-17-2026 00:00:00|08-17-2026 00:00:00|08-17-2026 00:00:00|08-18-2026 09:44:24|08-19-2026 11:24:50|08-19-2026 14:05:54|08-19-2026 14:35:40|08-20-2026 01:45:30||08-20-2026 01:47:08|08-25-2026 09:14:04|08-25-2026 09:14:30|53.51|180.96|127.46
BRCJM01|BRHARLD|BRHARLD|100067149|Shipped|||01693497000214|86020-000|PARANA|BR|ALL IN||2|0|0|3|3|Y|08-17-2026 20:16:50|08-17-2026 00:00:00|06-25-2026 00:00:00|06-25-2026 00:00:00|08-18-2026 09:44:20|08-19-2026 11:24:47|08-19-2026 14:05:56|08-19-2026 14:07:16|08-20-2026 01:28:47||08-20-2026 01:31:44|08-25-2026 09:14:02|08-25-2026 09:14:30|53.25|180.96|127.71
BRCJM01|BRHARLD|BRHARLD|100067150|Shipped|||59997590000111|30494-080|MINAS GERAIS|BR|ANDRE/TRANSP||8|12|12|29|29|Y|08-17-2026 20:16:49|08-17-2026 00:00:00|08-14-2026 00:00:00|08-14-2026 00:00:00||08-18-2026 08:35:33|08-18-2026 15:17:37|08-18-2026 15:30:22|08-18-2026 17:27:25||08-18-2026 17:28:37|08-25-2026 09:13:47|08-25-2026 09:14:38|21.2|180.96|159.77
BRCJM01|BRHARLD|BRHARLD|100067151|Shipped|||59997590000111|30494-080|MINAS GERAIS|BR|ANDRE/TRANSP||1|0|0|2|2|Y|08-17-2026 20:16:50|08-17-2026 00:00:00|04-21-2026 00:00:00|04-21-2026 00:00:00||08-18-2026 08:35:30|08-18-2026 22:42:22|08-18-2026 22:42:55|08-18-2026 23:24:52||08-18-2026 23:49:24|08-25-2026 09:13:57|08-25-2026 09:14:38|27.54|180.96|153.42
BRCJM01|BRHARLD|BRHARLD|100067152|Shipped|||61810431000108|29060-730|ESPIRITO SANTO|BR|AEREO||1|2|2|2|2|Y|08-17-2026 20:16:49|08-17-2026 00:00:00|08-17-2026 00:00:00|08-17-2026 00:00:00||08-18-2026 08:35:42|08-18-2026 16:38:27|08-18-2026 16:38:27|08-18-2026 17:43:42||08-18-2026 17:44:45|08-25-2026 09:13:48|08-25-2026 09:14:38|21.47|180.96|159.5
BRCJM01|BRHARLD|BRHARLD|100067153|Shipped|||19231827000134|22790-702|RIO DE JANEIRO|BR|ANDRE/TRANSP||4|0|0|9|9|Y|08-18-2026 13:34:48|08-18-2026 00:00:00|08-17-2026 00:00:00|08-17-2026 00:00:00||08-19-2026 11:43:13|08-19-2026 14:04:46|08-19-2026 15:53:24|08-19-2026 15:54:45||08-19-2026 15:56:01|08-19-2026 15:56:01|09-01-2026 16:55:14|26.35|339.34|312.99
BRCJM01|BRHARLD|BRHARLD|100067154|Shipped|||13268423000139|90160-003|RIO GRANDE DO SUL|BR|TRANSTRY||1|0|0|1|1|Y|08-19-2026 10:56:23|08-19-2026 00:00:00|05-04-2026 00:00:00|05-04-2026 00:00:00||08-19-2026 11:43:12|08-19-2026 13:47:58|08-19-2026 13:47:58|08-19-2026 18:12:35||08-19-2026 18:13:04|08-25-2026 09:13:59|08-25-2026 09:14:34|7.28|142.3|135.03
BRCJM01|BRHARLD|BRHARLD|100067155|Shipped|||13232008000125|04794-000|SAO PAULO|BR|TRANSP DSV||17|18|18|81|81|Y|08-19-2026 20:45:57|08-19-2026 00:00:00|05-13-2026 00:00:00|05-13-2026 00:00:00|08-20-2026 08:38:44|08-20-2026 14:59:30|08-20-2026 16:20:03|08-21-2026 02:02:48|08-21-2026 08:09:43||08-21-2026 08:11:32|08-25-2026 09:14:26|08-25-2026 09:14:33|35.43|132.48|97.05
BRCJM01|BRHARLD|BRHARLD|100067156|Shipped|||13244867000134|13092-305|SAO PAULO|BR|TAC CPQ||2|2|2|3|3|Y|08-19-2026 20:45:58|08-19-2026 00:00:00|08-19-2026 00:00:00|08-19-2026 00:00:00||08-20-2026 08:38:49|08-20-2026 17:27:58|08-20-2026 17:31:05|08-20-2026 19:06:57||08-20-2026 19:07:41|08-25-2026 09:14:12|08-25-2026 09:14:33|22.36|132.48|110.11
BRCJM01|BRHARLD|BRHARLD|100067157|Shipped|||13268423000139|90160-003|RIO GRANDE DO SUL|BR|TRANSTRY||4|21|21|34|34|Y|08-19-2026 20:45:58|08-19-2026 00:00:00|08-17-2026 00:00:00|08-17-2026 00:00:00||08-20-2026 08:38:47|08-20-2026 21:50:33|08-20-2026 22:25:44|08-20-2026 23:03:48||08-21-2026 05:35:38|08-25-2026 09:14:13|08-25-2026 09:14:34|32.83|132.48|99.65
BRCJM01|BRHARLD|BRHARLD|100067158|Shipped|||13268423000139|90160-003|RIO GRANDE DO SUL|BR|TRANSTRY||1|1|1|1|1|Y|08-19-2026 20:45:57|08-19-2026 00:00:00|08-19-2026 00:00:00|08-19-2026 00:00:00||08-20-2026 08:38:50|08-20-2026 17:34:01|08-20-2026 17:34:01|08-20-2026 18:48:36||08-20-2026 19:04:49|08-28-2026 09:26:37|08-28-2026 09:26:41|22.31|204.68|182.36
BRCJM01|BRHARLD|BRHARLD|100067159|Shipped|||01693497000133|80740-000|PARANA|BR|TAC CWB||20|37|37|46|46|Y|08-19-2026 20:45:58|08-19-2026 00:00:00|08-18-2026 00:00:00|08-18-2026 00:00:00||08-20-2026 08:38:48|08-20-2026 19:27:52|08-21-2026 04:51:12|08-21-2026 07:29:19||08-21-2026 07:40:51|08-25-2026 09:14:22|08-25-2026 09:14:29|34.91|132.48|97.56
BRCJM01|BRHARLD|BRHARLD|100067160|Shipped|||13304379000175|74823-420|GOIAS|BR|ALL IN||11|15|15|25|25|Y|08-19-2026 20:45:58|08-19-2026 00:00:00|05-21-2026 00:00:00|05-21-2026 00:00:00|08-20-2026 08:38:45|08-20-2026 14:59:31|08-20-2026 18:24:58|08-20-2026 18:40:42|08-21-2026 00:59:16||08-21-2026 01:39:07|08-25-2026 09:14:15|08-25-2026 09:14:35|28.89|132.48|103.59
BRCJM01|BRHARLD|BRHARLD|100067161|Shipped|||13685709000110|70750-525|DISTRITO FEDERAL|BR|ALL IN||9|14|14|30|30|Y|08-19-2026 20:45:58|08-19-2026 00:00:00|08-18-2026 00:00:00|08-18-2026 00:00:00||08-20-2026 08:38:49|08-20-2026 23:09:11|08-21-2026 02:07:24|08-21-2026 04:37:30||08-21-2026 04:38:37|08-25-2026 09:14:19|08-25-2026 09:14:35|31.88|132.48|100.6
BRCJM01|BRHARLD|BRHARLD|100067162|Shipped|||13685709000110|70750-525|DISTRITO FEDERAL|BR|ALL IN||1|1|1|1|1|Y|08-19-2026 20:45:59|08-19-2026 00:00:00|08-18-2026 00:00:00|08-18-2026 00:00:00||08-20-2026 08:38:49|08-20-2026 17:36:36|08-20-2026 17:36:36|08-20-2026 18:46:00||08-20-2026 19:04:41|08-25-2026 09:14:12|08-25-2026 09:14:35|22.31|132.48|110.17
BRCJM01|BRHARLD|BRHARLD|100067163|Shipped|||14296414000114|88085-150|SANTA CATARINA|BR|TAC CWB||17|20|20|44|44|Y|08-19-2026 20:45:59|08-19-2026 00:00:00|05-19-2026 00:00:00|05-19-2026 00:00:00||08-20-2026 08:38:44|08-20-2026 10:00:26|08-20-2026 17:06:26|08-20-2026 18:24:34||08-20-2026 18:27:35|08-26-2026 13:58:07|08-26-2026 13:58:39|21.69|161.21|139.52
BRCJM01|BRHARLD|BRHARLD|100067164|Shipped|||14296414000114|88085-150|SANTA CATARINA|BR|TAC CWB||1|0|0|2|2|Y|08-19-2026 20:45:59|08-19-2026 00:00:00|08-17-2026 00:00:00|08-17-2026 00:00:00||08-20-2026 08:38:47|08-20-2026 17:51:20|08-20-2026 17:51:20|08-20-2026 18:40:44||08-20-2026 19:04:59|08-26-2026 13:58:08|08-26-2026 13:58:39|22.32|161.21|138.89
BRCJM01|BRHARLD|BRHARLD|100067165|Shipped|||16520353000152|14024-800|SAO PAULO|BR|ALL IN||3|1|1|4|4|Y|08-19-2026 20:45:59|08-19-2026 00:00:00|08-19-2026 00:00:00|08-19-2026 00:00:00||08-20-2026 08:38:50|08-20-2026 17:57:32|08-20-2026 18:04:17|08-21-2026 01:05:24||08-21-2026 01:39:00|08-25-2026 09:14:15|08-25-2026 09:14:36|28.88|132.48|103.59
BRCJM01|BRHARLD|BRHARLD|100067166|Shipped|||19231827000134|22790-702|RIO DE JANEIRO|BR|ANDRE/TRANSP||16|42|42|97|97|Y|08-19-2026 20:45:59|08-19-2026 00:00:00|06-08-2026 00:00:00|06-08-2026 00:00:00||08-20-2026 08:38:46|08-20-2026 10:18:16|08-20-2026 21:42:13|08-21-2026 02:29:19||08-21-2026 02:33:50|08-25-2026 09:14:18|08-25-2026 09:14:37|29.8|132.48|102.68
BRCJM01|BRHARLD|BRHARLD|100067167|Shipped|||19231827000134|22790-702|RIO DE JANEIRO|BR|ANDRE/TRANSP||7|0|0|16|16|Y|08-19-2026 20:46:00|08-19-2026 00:00:00|08-01-2026 00:00:00|08-01-2026 00:00:00||08-20-2026 08:38:47|08-20-2026 10:44:33|08-20-2026 11:00:30|08-20-2026 16:24:12||08-20-2026 16:25:03|08-25-2026 09:14:12|08-25-2026 09:14:37|19.65|132.48|112.83
BRCJM01|BRHARLD|BRHARLD|100067168|Shipped|||20110460000180|18047-620|SAO PAULO|BR|TAC SOR||5|10|10|11|11|Y|08-19-2026 20:46:00|08-19-2026 00:00:00|08-17-2026 00:00:00|08-17-2026 00:00:00|08-20-2026 08:38:48|08-20-2026 14:59:32|08-20-2026 19:09:38|08-21-2026 08:32:41|08-21-2026 08:36:57||08-21-2026 08:38:14|08-25-2026 09:14:27|08-25-2026 09:14:38|35.87|132.48|96.61
BRCJM01|BRHARLD|BRHARLD|100067169|Shipped|||01693497000214|86020-000|PARANA|BR|ALL IN||7|9|9|15|15|Y|08-19-2026 20:45:59|08-19-2026 00:00:00|06-22-2026 00:00:00|06-22-2026 00:00:00||08-20-2026 08:38:46|08-20-2026 15:24:01|08-21-2026 00:20:55|08-21-2026 07:47:36||08-21-2026 07:49:37|08-25-2026 09:14:23|08-25-2026 09:14:30|35.06|132.48|97.41
BRCJM01|BRHARLD|BRHARLD|100067171|Shipped|||59997590000111|30494-080|MINAS GERAIS|BR|ANDRE/TRANSP||2|1|1|2|2|Y|08-19-2026 20:47:00|08-19-2026 00:00:00|04-24-2026 00:00:00|04-24-2026 00:00:00||08-20-2026 08:38:42|08-20-2026 21:19:36|08-21-2026 09:05:05|08-21-2026 09:07:00||08-21-2026 09:12:32|08-25-2026 09:14:27|08-25-2026 09:14:38|36.43|132.46|96.03
BRCJM01|BRHARLD|BRHARLD|100067172|Shipped|||61810431000108|29060-730|ESPIRITO SANTO|BR|AEREO||1|1|1|1|1|Y|08-19-2026 20:47:00|08-19-2026 00:00:00|04-17-2026 00:00:00|04-17-2026 00:00:00||08-20-2026 08:38:42|08-20-2026 21:17:37|08-20-2026 21:17:37|08-20-2026 22:39:23||08-21-2026 05:34:27|08-25-2026 09:14:13|08-25-2026 09:14:38|32.79|132.46|99.67
BRCJM01|BRHARLD|BRHARLD|100067173|Shipped|||61810431000108|29060-730|ESPIRITO SANTO|BR|AEREO||1|0|0|1|1|Y|08-19-2026 20:47:00|08-19-2026 00:00:00|05-01-2026 00:00:00|05-01-2026 00:00:00||08-20-2026 08:38:42|08-20-2026 22:58:10|08-20-2026 22:58:10|08-20-2026 23:08:51||08-21-2026 05:35:52|08-25-2026 09:14:13|08-25-2026 09:14:38|32.81|132.46|99.65
BRCJM01|BRHARLD|BRHARLD|100067174|Shipped|||01693497000214|86020-000|PARANA|BR|ALL IN||1|10|10|10|10|Y|08-20-2026 13:34:48|08-20-2026 00:00:00|07-21-2026 00:00:00|07-21-2026 00:00:00||08-21-2026 10:17:12|08-21-2026 22:30:24|08-21-2026 22:30:25|08-22-2026 01:42:22||08-22-2026 01:44:11|08-31-2026 14:57:53|08-31-2026 14:57:54|36.16|265.39|229.23
BRCJM01|BRHARLD|BRHARLD|100067175|Shipped|||59997590000111|30494-080|MINAS GERAIS|BR|ANDRE/TRANSP||2|2|2|2|2|Y|08-20-2026 13:40:49|08-20-2026 00:00:00|06-13-2026 00:00:00|06-13-2026 00:00:00||08-21-2026 10:17:11|08-21-2026 17:57:41|08-21-2026 17:57:47|08-21-2026 20:39:42||08-21-2026 20:40:05|08-26-2026 13:58:08|08-26-2026 13:58:40|30.99|144.3|113.31
BRCJM01|BRHARLD|BRHARLD|100067176|Shipped|||13232008000125|04794-000|SAO PAULO|BR|TRANSP DSV||51|152|152|308|308|Y|08-20-2026 20:59:17|08-20-2026 00:00:00|08-12-2026 00:00:00|08-12-2026 00:00:00|08-21-2026 10:17:21|08-22-2026 12:55:40|08-22-2026 13:28:49|08-23-2026 07:31:32|08-23-2026 09:59:50||08-23-2026 10:04:14|08-26-2026 13:58:31|08-26-2026 13:58:38|61.08|136.99|75.91
BRCJM01|BRHARLD|BRHARLD|100067177|Shipped|||13232008000125|04794-000|SAO PAULO|BR|TRANSP DSV||2|0|0|6|6|Y|08-20-2026 20:59:19|08-20-2026 00:00:00|07-01-2026 00:00:00|07-01-2026 00:00:00|08-21-2026 10:17:12|08-22-2026 12:55:38|08-24-2026 09:16:59|08-24-2026 09:18:02|08-24-2026 11:10:09||08-24-2026 11:10:29|08-26-2026 13:58:32|08-26-2026 13:58:38|86.19|136.99|50.8
BRCJM01|BRHARLD|BRHARLD|100067178|Shipped|||13244867000134|13092-305|SAO PAULO|BR|TAC CPQ||4|0|0|9|9|Y|08-20-2026 20:59:19|08-20-2026 00:00:00|07-30-2026 00:00:00|07-30-2026 00:00:00||08-21-2026 10:17:13|08-21-2026 12:37:53|08-21-2026 20:58:39|08-22-2026 13:43:32||08-22-2026 13:45:39|08-26-2026 13:58:21|08-26-2026 13:58:38|40.77|136.99|96.22
BRCJM01|BRHARLD|BRHARLD|100067179|Shipped|||13268423000139|90160-003|RIO GRANDE DO SUL|BR|TRANSTRY||5|0|0|43|43|Y|08-20-2026 20:59:19|08-20-2026 00:00:00|07-21-2026 00:00:00|07-21-2026 00:00:00||08-21-2026 10:17:12|08-24-2026 18:09:23|08-24-2026 19:12:13|08-25-2026 10:44:02||08-25-2026 10:46:58|08-27-2026 11:12:41|08-27-2026 11:12:51|109.79|158.23|48.43
BRCJM01|BRHARLD|BRHARLD|100067180|Shipped|||01693497000133|80740-000|PARANA|BR|TAC CWB||15|17|17|34|34|Y|08-20-2026 20:59:21|08-20-2026 00:00:00|08-11-2026 00:00:00|08-11-2026 00:00:00|08-21-2026 10:17:19|08-22-2026 12:55:39|08-22-2026 13:31:16|08-22-2026 13:43:19|08-22-2026 14:08:28||08-22-2026 14:09:45|08-26-2026 13:58:23|08-26-2026 13:58:37|41.17|136.99|95.81
BRCJM01|BRHARLD|BRHARLD|100067181|Shipped|||13304379000175|74823-420|GOIAS|BR|ALL IN||11|1|1|68|68|Y|08-20-2026 20:59:21|08-20-2026 00:00:00|08-14-2026 00:00:00|08-14-2026 00:00:00|08-27-2026 09:23:01|08-27-2026 16:29:28|08-27-2026 18:11:01|08-27-2026 18:47:28|08-28-2026 02:22:56||08-28-2026 02:24:42|09-03-2026 11:10:57|09-03-2026 11:11:19|173.42|326.2|152.78
BRCJM01|BRHARLD|BRHARLD|100067182|Shipped|||13685709000110|70750-525|DISTRITO FEDERAL|BR|ALL IN||14|30|30|53|53|Y|08-20-2026 20:59:21|08-20-2026 00:00:00|08-06-2026 00:00:00|08-06-2026 00:00:00||08-21-2026 10:17:16|08-21-2026 18:05:36|08-22-2026 02:31:56|08-22-2026 02:43:00||08-22-2026 02:44:54|08-26-2026 13:58:16|08-26-2026 13:58:39|29.76|136.99|107.23
BRCJM01|BRHARLD|BRHARLD|100067183|Shipped|||13685709000110|70750-525|DISTRITO FEDERAL|BR|ALL IN||4|3|3|5|5|Y|08-20-2026 20:59:22|08-20-2026 00:00:00|06-16-2026 00:00:00|06-16-2026 00:00:00|08-21-2026 10:17:12|08-22-2026 12:55:38|08-24-2026 09:03:18|08-24-2026 09:13:52|08-24-2026 11:14:21||08-24-2026 11:14:56|08-26-2026 13:58:32|08-26-2026 13:58:39|86.26|136.99|50.73
BRCJM01|BRHARLD|BRHARLD|100067184|Shipped|||14296414000114|88085-150|SANTA CATARINA|BR|TAC CWB||23|20|20|48|48|Y|08-20-2026 20:59:22|08-20-2026 00:00:00|07-30-2026 00:00:00|07-30-2026 00:00:00||08-21-2026 10:17:13|08-21-2026 15:33:21|08-21-2026 18:16:52|08-21-2026 21:32:34||08-21-2026 21:34:50|08-26-2026 13:58:11|08-26-2026 13:58:39|24.59|136.99|112.4
BRCJM01|BRHARLD|BRHARLD|100067185|Shipped|||16520353000152|14024-800|SAO PAULO|BR|ALL IN||5|0|0|25|25|Y|08-20-2026 20:59:22|08-20-2026 00:00:00|03-12-2026 00:00:00|03-12-2026 00:00:00||08-21-2026 10:17:11|08-22-2026 16:55:52|08-25-2026 12:35:58|08-25-2026 12:38:54||08-25-2026 12:40:07|08-27-2026 11:12:44|08-27-2026 11:12:51|111.68|158.22|46.55
BRCJM01|BRHARLD|BRHARLD|100067186|Shipped|||19231827000134|22790-702|RIO DE JANEIRO|BR|ANDRE/TRANSP||13|32|32|42|42|Y|08-20-2026 20:59:22|08-20-2026 00:00:00|08-03-2026 00:00:00|08-03-2026 00:00:00|08-21-2026 10:17:15|08-22-2026 12:55:38|08-22-2026 13:51:03|08-22-2026 14:07:59|08-22-2026 16:46:22||08-26-2026 09:22:59|09-03-2026 11:09:19|09-03-2026 11:11:21|132.39|326.2|193.81
BRCJM01|BRHARLD|BRHARLD|100067188|Shipped|||20110460000180|18047-620|SAO PAULO|BR|TAC SOR||15|55|55|127|127|Y|08-20-2026 20:59:23|08-20-2026 00:00:00|08-03-2026 00:00:00|08-03-2026 00:00:00||08-21-2026 10:17:15|08-21-2026 12:39:30|08-21-2026 21:51:29|08-22-2026 01:47:32||08-22-2026 02:02:09|08-26-2026 13:58:14|08-26-2026 13:58:40|29.05|136.99|107.94
BRCJM01|BRHARLD|BRHARLD|100067189|Shipped|||13244867000304|13295-622|SAO PAULO|BR|TAC CPQ||9|0|0|20|20|Y|08-20-2026 20:59:23|08-20-2026 00:00:00|07-23-2026 00:00:00|07-23-2026 00:00:00||08-21-2026 10:17:12|08-24-2026 10:31:32|08-24-2026 11:18:54|08-24-2026 11:59:52||08-24-2026 12:01:47|08-26-2026 13:58:34|08-26-2026 13:58:38|87.04|136.99|49.95
BRCJM01|BRHARLD|BRHARLD|100067190|Shipped|||01693497000214|86020-000|PARANA|BR|ALL IN||10|24|24|36|36|Y|08-20-2026 20:59:23|08-20-2026 00:00:00|07-31-2026 00:00:00|07-31-2026 00:00:00|08-21-2026 10:17:15|08-21-2026 10:53:47|08-24-2026 17:46:02|08-24-2026 20:57:10|08-25-2026 00:31:13||08-25-2026 00:33:32|08-27-2026 11:12:36|08-27-2026 11:12:50|99.57|158.22|58.65
BRCJM01|BRHARLD|BRHARLD|100067192|Shipped|||59997590000111|30494-080|MINAS GERAIS|BR|ANDRE/TRANSP||10|1|1|14|14|Y|08-20-2026 20:59:23|08-20-2026 00:00:00|07-28-2026 00:00:00|07-28-2026 00:00:00||08-21-2026 10:17:12|08-21-2026 17:55:35|08-22-2026 02:49:13|08-22-2026 03:01:44||08-22-2026 05:28:37|08-26-2026 13:58:17|08-26-2026 13:58:40|32.49|136.99|104.5
BRCJM01|BRHARLD|BRHARLD|100067193|Shipped|||61810431000108|29060-730|ESPIRITO SANTO|BR|AEREO||6|0|0|18|18|Y|08-20-2026 20:59:23|08-20-2026 00:00:00|08-06-2026 00:00:00|08-06-2026 00:00:00|08-21-2026 10:17:17|08-22-2026 12:55:39|08-22-2026 14:11:39|08-22-2026 14:23:26|08-22-2026 15:50:56||08-22-2026 15:52:05|08-26-2026 13:58:24|08-26-2026 13:58:41|42.88|136.99|94.11
BRCJM01|BRHARLD|BRHARLD|100067194|Shipped|RUSH||13268423000139|90160-003|RIO GRANDE DO SUL|BR|TRANSTRY||1|0|0|1|1|Y|08-21-2026 11:12:43|08-21-2026 00:00:00|07-17-2026 00:00:00|07-17-2026 00:00:00||08-21-2026 11:17:46|08-21-2026 11:36:08|08-21-2026 11:36:08|08-21-2026 11:43:40||08-21-2026 11:44:10|08-25-2026 09:14:28|08-25-2026 09:14:34|.52|94.03|93.51
BRCJM01|BRHARLD|BRHARLD|100067196|Shipped|||34173530846|03318-000|SAO PAULO|BR|TRANSP DSV||5|0|0|5|5|Y|08-21-2026 14:15:47|08-21-2026 00:00:00|07-01-2025 00:00:00|07-01-2025 00:00:00||08-24-2026 09:58:04|08-24-2026 12:24:46|08-24-2026 12:59:54|08-24-2026 18:06:12||08-24-2026 18:08:17|08-27-2026 11:12:35|08-27-2026 11:12:52|75.87|140.95|65.08
BRCJM01|BRHARLD|BRHARLD|100067197|Shipped|||01693497000133|80740-000|PARANA|BR|TAC CWB||1|0|0|16|16|Y|08-21-2026 15:27:19|08-21-2026 00:00:00|06-12-2026 00:00:00|06-12-2026 00:00:00||08-24-2026 09:58:07|08-24-2026 11:37:46|08-24-2026 11:47:01|08-24-2026 12:05:14||08-24-2026 12:05:43|08-26-2026 13:58:35|08-26-2026 13:58:37|68.64|118.52|49.88
BRCJM01|BRHARLD|BRHARLD|100067198|Shipped|||13244867000304|13295-622|SAO PAULO|BR|TAC CPQ||2|20|20|20|20|Y|08-21-2026 15:43:30|08-21-2026 00:00:00|04-27-2026 00:00:00|04-27-2026 00:00:00||08-24-2026 09:58:06|08-24-2026 11:15:14|08-24-2026 11:25:19|08-24-2026 11:36:08||08-24-2026 11:36:52|08-26-2026 13:58:32|08-26-2026 13:58:38|67.89|118.25|50.36
BRCJM01|BRHARLD|BRHARLD|100067199|Shipped|||13304379000175|74823-420|GOIAS|BR|ALL IN||1|0|0|1|1|Y|08-21-2026 16:18:44|08-21-2026 00:00:00|08-21-2026 00:00:00|08-21-2026 00:00:00||08-24-2026 09:58:18|08-24-2026 14:07:03|08-24-2026 14:07:03|08-24-2026 17:02:11||08-24-2026 17:02:40|08-27-2026 11:12:34|08-27-2026 11:12:51|72.73|138.9|66.17
BRCJM01|BRHARLD|BRHARLD|100067200|Shipped|||13685709000110|70750-525|DISTRITO FEDERAL|BR|ALL IN||2|2|2|2|2|Y|08-21-2026 16:18:44|08-21-2026 00:00:00|08-21-2026 00:00:00|08-21-2026 00:00:00||08-24-2026 09:58:18|08-24-2026 11:36:06|08-24-2026 11:36:47|08-24-2026 12:17:13||08-24-2026 12:17:35|08-26-2026 13:58:35|08-26-2026 13:58:39|67.98|117.67|49.68
BRCJM01|BRHARLD|BRHARLD|100067201|Shipped|||01693497000214|86020-000|PARANA|BR|ALL IN||1|0|0|2|2|Y|08-21-2026 16:18:46|08-21-2026 00:00:00|08-21-2026 00:00:00|08-21-2026 00:00:00||08-24-2026 09:58:18|08-24-2026 14:08:04|08-24-2026 14:08:05|08-24-2026 17:07:32||08-24-2026 17:09:07|08-27-2026 11:12:34|08-27-2026 11:12:50|72.84|138.9|66.06
BRCJM01|BRHARLD|BRHARLD|100067202|Shipped|||59997590000111|30494-080|MINAS GERAIS|BR|ANDRE/TRANSP||2|1|1|3|3|Y|08-21-2026 16:18:46|08-21-2026 00:00:00|08-21-2026 00:00:00|08-21-2026 00:00:00||08-24-2026 09:58:18|08-24-2026 11:40:39|08-24-2026 11:43:44|08-24-2026 12:29:27||08-24-2026 12:30:21|08-26-2026 13:58:36|08-26-2026 13:58:40|68.19|117.67|49.47
BRCJM01|BRHARLD|BRHARLD|100067204|Shipped|||34173530846|03318-000|SAO PAULO|BR|TRANSP DSV||1|0|0|1|1|Y|08-21-2026 18:20:21|08-21-2026 00:00:00|08-20-2026 00:00:00|08-20-2026 00:00:00||08-24-2026 09:58:17|08-24-2026 11:47:13|08-24-2026 11:47:13|08-24-2026 12:20:33||08-24-2026 12:20:50|08-26-2026 13:58:35|08-26-2026 13:58:40|66.01|115.64|49.63
BRCJM01|BRHARLD|BRHARLD|100067205|Shipped|||13232008000125|04794-000|SAO PAULO|BR|TRANSP DSV||24|0|0|48|48|Y|08-22-2026 02:30:27|08-21-2026 00:00:00|07-06-2026 00:00:00|07-06-2026 00:00:00|08-24-2026 09:58:20|08-26-2026 18:27:47|08-26-2026 21:46:13|08-27-2026 14:41:17|08-27-2026 21:24:17||08-27-2026 21:28:36|09-03-2026 11:10:35|09-03-2026 11:11:15|138.97|296.68|157.71
BRCJM01|BRHARLD|BRHARLD|100067206|Shipped|||13232008000125|04794-000|SAO PAULO|BR|TRANSP DSV||13|7|7|44|44|Y|08-22-2026 02:30:26|08-21-2026 00:00:00|02-01-2026 00:00:00|02-01-2026 00:00:00|08-24-2026 09:58:18|08-26-2026 18:27:45|08-26-2026 22:16:52|08-26-2026 22:41:25|08-27-2026 01:47:08||08-27-2026 01:47:40|09-03-2026 11:09:58|09-03-2026 11:11:15|119.29|296.68|177.39
BRCJM01|BRHARLD|BRHARLD|100067207|Shipped|||13244867000134|13092-305|SAO PAULO|BR|TAC CPQ||4|0|0|8|8|Y|08-22-2026 02:30:26|08-21-2026 00:00:00|05-30-2026 00:00:00|05-30-2026 00:00:00|08-24-2026 09:58:18|08-26-2026 18:27:45|08-26-2026 22:24:56|08-26-2026 23:08:46|08-27-2026 03:14:54||08-27-2026 03:16:23|09-03-2026 11:09:58|09-03-2026 11:11:17|120.77|296.68|175.92
BRCJM01|BRHARLD|BRHARLD|100067208|Shipped|||13268423000139|90160-003|RIO GRANDE DO SUL|BR|TRANSTRY||4|0|0|4|4|Y|08-22-2026 02:30:26|08-21-2026 00:00:00|06-30-2026 00:00:00|06-30-2026 00:00:00||08-24-2026 09:58:09|08-24-2026 12:48:18|08-24-2026 14:28:21|08-24-2026 15:51:06||08-24-2026 15:51:43|08-27-2026 11:12:31|08-27-2026 11:12:51|61.35|128.71|67.35
BRCJM01|BRHARLD|BRHARLD|100067209|Shipped|||13268423000139|90160-003|RIO GRANDE DO SUL|BR|TRANSTRY||13|1|1|26|26|Y|08-22-2026 02:30:23|08-21-2026 00:00:00|08-21-2026 00:00:00|08-21-2026 00:00:00||08-24-2026 09:58:19|08-24-2026 13:33:01|08-24-2026 13:57:06|08-24-2026 15:38:32||08-24-2026 15:39:01|08-27-2026 11:12:31|08-27-2026 11:12:51|61.14|128.71|67.56
BRCJM01|BRHARLD|BRHARLD|100067210|Shipped|||01693497000133|80740-000|PARANA|BR|TAC CWB||16|2|2|29|29|Y|08-22-2026 02:30:26|08-21-2026 00:00:00|06-29-2026 00:00:00|06-29-2026 00:00:00|08-24-2026 09:58:19|08-26-2026 18:27:45|08-26-2026 23:15:09|08-27-2026 22:24:54|08-27-2026 23:08:51||08-27-2026 23:12:24|09-03-2026 11:10:39|09-03-2026 11:11:11|140.7|296.68|155.98
BRCJM01|BRHARLD|BRHARLD|100067211|Shipped|||13304379000175|74823-420|GOIAS|BR|ALL IN||9|2|2|18|18|Y|08-22-2026 02:30:26|08-21-2026 00:00:00|07-23-2026 00:00:00|07-23-2026 00:00:00|08-24-2026 09:58:23|08-26-2026 18:27:51|08-27-2026 03:14:37|08-27-2026 03:55:12|08-27-2026 07:13:52||08-27-2026 07:14:32|09-03-2026 11:10:10|09-03-2026 11:11:19|124.74|296.68|171.95
BRCJM01|BRHARLD|BRHARLD|100067212|Shipped|||13685709000110|70750-525|DISTRITO FEDERAL|BR|ALL IN||15|42|42|53|53|Y|08-21-2026 22:05:22|08-21-2026 00:00:00|08-21-2026 00:00:00|08-21-2026 00:00:00|08-24-2026 09:58:25|08-26-2026 18:27:53|08-26-2026 21:43:30|08-27-2026 04:55:49|08-27-2026 08:10:45||08-27-2026 08:11:14|09-03-2026 11:10:14|09-03-2026 11:11:19|130.1|301.1|171
BRCJM01|BRHARLD|BRHARLD|100067213|Shipped|||14296414000114|88085-150|SANTA CATARINA|BR|TAC CWB||11|16|16|29|29|Y|08-21-2026 22:05:23|08-21-2026 00:00:00|08-21-2026 00:00:00|08-21-2026 00:00:00||08-24-2026 09:58:20|08-26-2026 21:41:27|08-26-2026 21:53:06|08-27-2026 08:19:15||08-27-2026 08:19:48|09-03-2026 11:10:16|09-03-2026 11:11:20|130.24|301.1|170.86
BRCJM01|BRHARLD|BRHARLD|100067214|Shipped|||14296414000114|88085-150|SANTA CATARINA|BR|TAC CWB||4|0|0|4|4|Y|08-21-2026 22:05:24|08-21-2026 00:00:00|06-09-2026 00:00:00|06-09-2026 00:00:00||08-24-2026 09:58:07|08-24-2026 11:57:16|08-24-2026 12:10:33|08-24-2026 13:27:10||08-24-2026 13:27:34|09-03-2026 11:09:19|09-03-2026 11:11:20|63.37|301.1|237.73
BRCJM01|BRHARLD|BRHARLD|100067215|Shipped|||16520353000152|14024-800|SAO PAULO|BR|ALL IN||1|0|0|1|1|Y|08-21-2026 22:05:23|08-21-2026 00:00:00|08-21-2026 00:00:00|08-21-2026 00:00:00||08-24-2026 09:58:21|08-24-2026 11:38:33|08-24-2026 11:38:34|08-24-2026 12:18:17||08-24-2026 12:18:50|08-26-2026 13:58:35|08-26-2026 13:58:40|62.22|111.89|49.66
BRCJM01|BRHARLD|BRHARLD|100067216|Shipped|||19231827000134|22790-702|RIO DE JANEIRO|BR|ANDRE/TRANSP||2|0|0|2|2|Y|08-21-2026 22:05:25|08-21-2026 00:00:00|07-07-2026 00:00:00|07-07-2026 00:00:00|08-24-2026 09:58:20|08-26-2026 18:27:48|08-27-2026 05:24:05|08-27-2026 05:24:36|08-27-2026 05:31:23||08-27-2026 05:31:41|09-03-2026 11:10:09|09-03-2026 11:11:22|127.44|301.1|173.66
BRCJM01|BRHARLD|BRHARLD|100067217|Shipped|||19231827000134|22790-702|RIO DE JANEIRO|BR|ANDRE/TRANSP||25|0|0|55|55|Y|08-21-2026 22:05:24|08-21-2026 00:00:00|08-01-2026 00:00:00|08-01-2026 00:00:00||08-24-2026 09:58:16|08-25-2026 04:07:14|08-25-2026 08:07:33|08-25-2026 08:51:33||08-25-2026 08:52:08|08-27-2026 11:12:39|08-27-2026 11:12:52|82.78|133.12|50.35
BRCJM01|BRHARLD|BRHARLD|100067218|Shipped|||20110460000180|18047-620|SAO PAULO|BR|TAC SOR||19|43|43|81|81|Y|08-21-2026 22:05:25|08-21-2026 00:00:00|07-20-2026 00:00:00|07-20-2026 00:00:00|08-24-2026 09:58:22|08-26-2026 18:27:50|08-26-2026 23:20:12|08-27-2026 00:14:43|08-27-2026 08:51:53||08-27-2026 08:52:50|09-03-2026 11:10:20|09-03-2026 11:11:22|130.79|301.1|170.31
BRCJM01|BRHARLD|BRHARLD|100067219|Shipped|||20110460000180|18047-620|SAO PAULO|BR|TAC SOR||16|0|0|24|24|Y|08-21-2026 22:05:25|08-21-2026 00:00:00|07-01-2026 00:00:00|07-01-2026 00:00:00||08-24-2026 09:58:09|08-24-2026 11:45:35|08-24-2026 12:20:24|08-24-2026 14:03:33||08-24-2026 14:04:04|08-27-2026 11:12:29|08-27-2026 11:12:52|63.98|133.12|69.15
BRCJM01|BRHARLD|BRHARLD|100067220|Shipped|||13244867000304|13295-622|SAO PAULO|BR|TAC CPQ||13|50|50|113|113|Y|08-21-2026 22:05:25|08-21-2026 00:00:00|08-20-2026 00:00:00|08-20-2026 00:00:00|08-24-2026 09:58:24|08-26-2026 18:27:53|08-27-2026 00:40:23|08-27-2026 08:15:30|08-27-2026 08:32:26||08-27-2026 08:32:55|09-03-2026 11:10:18|09-03-2026 11:11:17|130.46|301.1|170.64
BRCJM01|BRHARLD|BRHARLD|100067221|Shipped|||01693497000214|86020-000|PARANA|BR|ALL IN||18|44|44|59|59|Y|08-21-2026 22:05:26|08-21-2026 00:00:00|07-14-2026 00:00:00|07-14-2026 00:00:00|08-24-2026 09:58:21|08-26-2026 18:27:49|08-26-2026 22:21:43|08-26-2026 23:16:05|08-27-2026 08:04:30||08-27-2026 08:05:37|09-03-2026 11:10:14|09-03-2026 11:11:13|130|301.1|171.09
BRCJM01|BRHARLD|BRHARLD|100067222|Shipped|||59997590000111|30494-080|MINAS GERAIS|BR|ANDRE/TRANSP||9|1|1|19|19|Y|08-21-2026 22:05:26|08-21-2026 00:00:00|07-17-2026 00:00:00|07-17-2026 00:00:00|08-24-2026 09:58:21|08-26-2026 18:27:50|08-27-2026 01:56:40|08-27-2026 03:06:28|08-27-2026 03:21:50||08-27-2026 03:22:09|09-03-2026 11:09:59|09-03-2026 11:11:24|125.28|301.1|175.82
BRCJM01|BRHARLD|BRHARLD|100067223|Shipped|||59997590000111|30494-080|MINAS GERAIS|BR|ANDRE/TRANSP||20|3|3|33|33|Y|08-21-2026 22:05:26|08-21-2026 00:00:00|01-16-2026 00:00:00|01-16-2026 00:00:00||08-24-2026 09:58:04|08-24-2026 12:52:19|08-24-2026 14:12:24|08-24-2026 16:53:12||08-24-2026 16:59:15|08-27-2026 11:12:34|08-27-2026 11:12:53|66.9|133.12|66.23
BRCJM01|BRHARLD|BRHARLD|100067224|Shipped|||61810431000108|29060-730|ESPIRITO SANTO|BR|AEREO||1|0|0|1|1|Y|08-21-2026 22:05:27|08-21-2026 00:00:00|12-29-2025 00:00:00|12-29-2025 00:00:00||08-24-2026 09:58:04|08-24-2026 11:51:01|08-24-2026 11:51:01|08-24-2026 12:23:19||08-24-2026 12:24:03|08-26-2026 13:58:36|08-26-2026 13:58:41|62.31|111.89|49.58
BRCJM01|BRHARLD|BRHARLD|100067225|Shipped|||61810431000108|29060-730|ESPIRITO SANTO|BR|AEREO||11|4|4|26|26|Y|08-21-2026 22:05:27|08-21-2026 00:00:00|06-09-2026 00:00:00|06-09-2026 00:00:00||08-24-2026 09:58:07|08-24-2026 12:18:48|08-24-2026 12:40:25|08-24-2026 13:21:04||08-24-2026 13:21:33|08-27-2026 11:12:27|08-27-2026 11:12:53|63.27|133.12|69.86
BRCJM01|BRHARLD|BRHARLD|100067226|Shipped|||13232008000125|04794-000|SAO PAULO|BR|TRANSP DSV||69|24|24|111|111|Y|08-24-2026 22:16:47|08-24-2026 00:00:00|06-15-2026 00:00:00|06-15-2026 00:00:00||08-25-2026 08:03:00|08-26-2026 13:45:56|08-27-2026 03:51:52|08-27-2026 05:05:01||08-27-2026 05:14:05|09-03-2026 11:10:09|09-03-2026 11:11:16|54.96|228.91|173.95
BRCJM01|BRHARLD|BRHARLD|100067227|Shipped|||13232008000125|04794-000|SAO PAULO|BR|TRANSP DSV||1|0|0|1|1|Y|08-24-2026 22:16:45|08-24-2026 00:00:00|01-01-2026 00:00:00|01-01-2026 00:00:00||08-25-2026 08:02:44|08-25-2026 08:39:12|08-25-2026 08:39:12|08-25-2026 10:52:23||08-25-2026 10:52:51|08-27-2026 11:12:41|08-27-2026 11:12:51|12.6|60.93|48.33
BRCJM01|BRHARLD|BRHARLD|100067228|Shipped|||13232008000125|04794-000|SAO PAULO|BR|TRANSP DSV||17|0|0|47|47|Y|08-24-2026 22:16:48|08-24-2026 00:00:00|05-01-2026 00:00:00|05-01-2026 00:00:00|08-25-2026 08:02:47|08-25-2026 20:32:36|08-26-2026 10:56:53|08-28-2026 16:29:46|08-28-2026 16:43:57||08-28-2026 16:45:40|09-03-2026 11:11:04|09-03-2026 11:11:16|90.48|228.91|138.43
BRCJM01|BRHARLD|BRHARLD|100067229|Shipped|||13244867000134|13092-305|SAO PAULO|BR|TAC CPQ||4|4|4|6|6|Y|08-24-2026 22:16:48|08-24-2026 00:00:00|06-12-2026 00:00:00|06-12-2026 00:00:00|08-25-2026 08:02:59|08-25-2026 20:32:44|08-26-2026 11:18:35|08-26-2026 11:25:03|08-26-2026 13:12:54||08-26-2026 13:13:21|09-03-2026 11:09:34|09-03-2026 11:11:17|38.94|228.91|189.97
BRCJM01|BRHARLD|BRHARLD|100067230|Shipped|||13268423000139|90160-003|RIO GRANDE DO SUL|BR|TRANSTRY||15|13.26|8|18|18|Y|08-24-2026 22:16:48|08-24-2026 00:00:00|04-18-2026 00:00:00|04-18-2026 00:00:00||08-25-2026 08:02:45|08-25-2026 09:59:37|08-25-2026 11:34:48|08-26-2026 08:09:39||08-26-2026 08:11:06|09-03-2026 11:09:27|09-03-2026 11:11:18|33.9|228.91|195
BRCJM01|BRHARLD|BRHARLD|100067231|Shipped|||13268423000139|90160-003|RIO GRANDE DO SUL|BR|TRANSTRY||22|0|0|36|36|Y|08-24-2026 22:16:50|08-24-2026 00:00:00|05-01-2026 00:00:00|05-01-2026 00:00:00||08-25-2026 08:02:47|08-25-2026 11:40:59|08-25-2026 13:37:11|08-25-2026 15:52:57||08-25-2026 15:54:08|09-03-2026 11:09:24|09-03-2026 11:11:18|17.62|228.91|211.29
BRCJM01|BRHARLD|BRHARLD|100067232|Shipped|||01693497000133|80740-000|PARANA|BR|TAC CWB||95|380|380|564|564|Y|08-24-2026 22:16:51|08-24-2026 00:00:00|06-05-2026 00:00:00|06-05-2026 00:00:00|08-25-2026 08:02:56|08-25-2026 20:32:37|08-26-2026 09:54:40|08-26-2026 18:06:41|08-26-2026 21:10:46||08-26-2026 21:18:01|09-03-2026 11:09:56|09-03-2026 11:11:13|47.02|228.91|181.89
BRCJM01|BRHARLD|BRHARLD|100067233|Shipped|||01693497000133|80740-000|PARANA|BR|TAC CWB||4|7|7|19|19|Y|08-24-2026 22:16:52|08-24-2026 00:00:00|08-24-2026 00:00:00|08-24-2026 00:00:00||08-25-2026 08:03:04|08-25-2026 09:35:43|08-25-2026 09:45:39|08-25-2026 14:22:11||08-25-2026 15:13:08|08-31-2026 14:57:54|08-31-2026 14:57:54|16.94|160.68|143.75
BRCJM01|BRHARLD|BRHARLD|100067234|Shipped|||13304379000175|74823-420|GOIAS|BR|ALL IN||9|8|8|27|27|Y|08-24-2026 22:16:50|08-24-2026 00:00:00|06-10-2026 00:00:00|06-10-2026 00:00:00||08-25-2026 08:02:58|08-25-2026 13:39:44|08-25-2026 13:48:12|08-25-2026 16:18:12||08-25-2026 16:18:27|08-28-2026 09:26:41|08-28-2026 09:26:41|18.03|83.16|65.14
BRCJM01|BRHARLD|BRHARLD|100067235|Shipped|||13304379000175|74823-420|GOIAS|BR|ALL IN||1|0|0|1|1|Y|08-24-2026 22:16:52|08-24-2026 00:00:00|12-09-2025 00:00:00|12-09-2025 00:00:00||08-25-2026 08:02:44|08-25-2026 08:35:14|08-25-2026 08:35:14|08-25-2026 10:48:31||08-25-2026 10:49:18|08-27-2026 11:12:41|08-27-2026 11:12:51|12.54|60.93|48.39
BRCJM01|BRHARLD|BRHARLD|100067236|Shipped|||13685709000110|70750-525|DISTRITO FEDERAL|BR|ALL IN||13|5.26|0|34|34|Y|08-24-2026 22:16:52|08-24-2026 00:00:00|06-10-2026 00:00:00|06-10-2026 00:00:00||08-25-2026 08:02:58|08-25-2026 10:39:21|08-25-2026 11:15:53|08-25-2026 14:20:32||08-25-2026 15:33:38|09-03-2026 11:09:21|09-03-2026 11:11:20|17.28|228.91|211.63
BRCJM01|BRHARLD|BRHARLD|100067238|Shipped|||14296414000114|88085-150|SANTA CATARINA|BR|TAC CWB||21|6|6|31|31|Y|08-24-2026 22:16:52|08-24-2026 00:00:00|06-12-2026 00:00:00|06-12-2026 00:00:00||08-25-2026 08:02:59|08-25-2026 10:23:14|08-25-2026 16:18:25|08-26-2026 08:56:47||08-26-2026 08:59:10|09-03-2026 11:09:30|09-03-2026 11:11:21|34.71|228.91|194.2
BRCJM01|BRHARLD|BRHARLD|100067239|Shipped|||14296414000114|88085-150|SANTA CATARINA|BR|TAC CWB||10|0|0|10|10|Y|08-24-2026 22:16:53|08-24-2026 00:00:00|07-01-2026 00:00:00|07-01-2026 00:00:00|08-25-2026 08:03:03|08-25-2026 20:32:45|08-26-2026 13:37:15|08-26-2026 13:48:43|08-26-2026 15:21:30||08-26-2026 15:28:22|09-03-2026 11:09:40|09-03-2026 11:11:21|41.19|228.91|187.72
BRCJM01|BRHARLD|BRHARLD|100067240|Shipped|||16520353000152|14024-800|SAO PAULO|BR|ALL IN||5|0|0|5|5|Y|08-24-2026 22:16:53|08-24-2026 00:00:00|07-07-2026 00:00:00|07-07-2026 00:00:00||08-25-2026 08:03:03|08-25-2026 09:08:14|08-25-2026 09:14:35|08-25-2026 10:58:27||08-25-2026 10:58:58|08-27-2026 11:12:42|08-27-2026 11:12:52|12.7|60.93|48.23
BRCJM01|BRHARLD|BRHARLD|100067241|Shipped|||19231827000134|22790-702|RIO DE JANEIRO|BR|ANDRE/TRANSP||17|23|23|38|38|Y|08-24-2026 22:16:53|08-24-2026 00:00:00|06-01-2026 00:00:00|06-01-2026 00:00:00||08-25-2026 08:02:48|08-26-2026 10:05:01|08-26-2026 13:55:53|08-26-2026 14:34:58||08-26-2026 14:39:09|09-03-2026 11:09:39|09-03-2026 11:11:22|40.37|228.91|188.54
BRCJM01|BRHARLD|BRHARLD|100067242|Shipped|||19231827000134|22790-702|RIO DE JANEIRO|BR|ANDRE/TRANSP||14|0|0|48|48|Y|08-24-2026 22:16:53|08-24-2026 00:00:00|07-01-2026 00:00:00|07-01-2026 00:00:00||08-25-2026 08:03:03|08-25-2026 11:03:07|08-25-2026 11:26:04|08-25-2026 16:06:31||08-25-2026 16:09:02|08-28-2026 09:26:39|08-28-2026 09:26:41|17.87|83.16|65.29
BRCJM01|BRHARLD|BRHARLD|100067243|Shipped|||20110460000180|18047-620|SAO PAULO|BR|TAC SOR||14|12|12|50|50|Y|08-24-2026 22:17:54|08-24-2026 00:00:00|06-09-2026 00:00:00|06-09-2026 00:00:00|08-25-2026 08:02:57|08-25-2026 20:32:43|08-26-2026 10:54:35|08-26-2026 11:16:28|08-26-2026 13:21:22||08-26-2026 13:22:39|09-03-2026 11:09:36|09-03-2026 11:11:23|39.08|228.89|189.81
BRCJM01|BRHARLD|BRHARLD|100067244|Shipped|||20110460000180|18047-620|SAO PAULO|BR|TAC SOR||5|0|0|8|8|Y|08-24-2026 22:16:54|08-24-2026 00:00:00|05-01-2026 00:00:00|05-01-2026 00:00:00||08-25-2026 08:02:48|08-25-2026 11:28:08|08-25-2026 11:52:59|08-25-2026 12:45:14||08-25-2026 12:45:34|08-27-2026 11:12:44|08-27-2026 11:12:52|14.48|60.93|46.46
BRCJM01|BRHARLD|BRHARLD|100067245|Shipped|||13244867000304|13295-622|SAO PAULO|BR|TAC CPQ||3|0|0|8|8|Y|08-24-2026 22:17:54|08-24-2026 00:00:00|06-13-2026 00:00:00|06-13-2026 00:00:00||08-25-2026 08:03:00|08-25-2026 09:03:19|08-25-2026 09:06:33|08-25-2026 11:01:59||08-25-2026 11:02:32|08-27-2026 11:12:43|08-27-2026 11:12:51|12.74|60.92|48.17
BRCJM01|BRHARLD|BRHARLD|100067246|Shipped|||13244867000304|13295-622|SAO PAULO|BR|TAC CPQ||1|0|0|1|1|Y|08-24-2026 22:17:54|08-24-2026 00:00:00|12-09-2025 00:00:00|12-09-2025 00:00:00||08-25-2026 08:02:44|08-25-2026 08:37:04|08-25-2026 08:37:04|08-25-2026 10:50:45||08-25-2026 10:51:09|08-27-2026 11:12:41|08-27-2026 11:12:51|12.55|60.92|48.36
BRCJM01|BRHARLD|BRHARLD|100067247|Shipped|||01693497000214|86020-000|PARANA|BR|ALL IN||2|1|1|5|5|Y|08-24-2026 22:17:54|08-24-2026 00:00:00|06-12-2026 00:00:00|06-12-2026 00:00:00||08-25-2026 08:03:00|08-25-2026 08:43:53|08-25-2026 08:46:49|08-25-2026 10:55:07||08-25-2026 10:55:32|08-27-2026 11:12:42|08-27-2026 11:12:50|12.63|60.92|48.29
BRCJM01|BRHARLD|BRHARLD|100067248|Shipped|||01693497000214|86020-000|PARANA|BR|ALL IN||7|19|19|22|22|Y|08-24-2026 22:17:54|08-24-2026 00:00:00|08-24-2026 00:00:00|08-24-2026 00:00:00||08-25-2026 08:03:04|08-25-2026 09:20:25|08-25-2026 09:31:24|08-25-2026 12:55:43||08-25-2026 12:56:57|08-27-2026 11:12:45|08-27-2026 11:12:50|14.65|60.92|46.26
BRCJM01|BRHARLD|BRHARLD|100067249|Shipped|||59997590000111|30494-080|MINAS GERAIS|BR|ANDRE/TRANSP||25|81|81|139|139|Y|08-24-2026 22:17:55|08-24-2026 00:00:00|03-27-2026 00:00:00|03-27-2026 00:00:00||08-25-2026 08:02:44|08-25-2026 09:32:16|08-25-2026 10:07:44|08-25-2026 14:52:00||08-25-2026 15:12:47|08-27-2026 11:12:50|08-27-2026 11:12:53|16.91|60.92|44
BRCJM01|BRHARLD|BRHARLD|100067250|Shipped|||59997590000111|30494-080|MINAS GERAIS|BR|ANDRE/TRANSP||2|0|0|2|2|Y|08-24-2026 22:17:55|08-24-2026 00:00:00|04-02-2026 00:00:00|04-02-2026 00:00:00||08-25-2026 08:02:45|08-25-2026 08:49:32|08-25-2026 08:51:00|08-25-2026 11:04:56||08-25-2026 11:05:28|08-27-2026 11:12:43|08-27-2026 11:12:53|12.79|60.92|48.12
BRCJM01|BRHARLD|BRHARLD|100067251|Shipped|||61810431000108|29060-730|ESPIRITO SANTO|BR|AEREO||3|0|0|3|3|Y|08-24-2026 22:17:55|08-24-2026 00:00:00|06-03-2026 00:00:00|06-03-2026 00:00:00|08-25-2026 08:02:49|08-25-2026 20:32:37|08-26-2026 11:14:10|08-26-2026 11:19:16|08-26-2026 12:55:20||08-26-2026 12:57:01|09-03-2026 11:09:34|09-03-2026 11:11:24|38.65|228.89|190.24
BRCJM01|BRHARLD|BRHARLD|100067252|Shipped|||61810431000108|29060-730|ESPIRITO SANTO|BR|AEREO||25|0|0|50|50|Y|08-24-2026 22:17:55|08-24-2026 00:00:00|06-09-2026 00:00:00|06-09-2026 00:00:00|08-25-2026 08:02:58|08-25-2026 20:32:43|08-26-2026 09:53:41|08-26-2026 10:31:00|08-26-2026 11:06:37||08-26-2026 11:07:05|09-03-2026 11:09:33|09-03-2026 11:11:25|36.82|228.89|192.07
BRCJM01|BRHARLD|BRHARLD|100067253|Shipped|||26691888855|06710-400|SAO PAULO|BR|TAC CWB||1|0|0|1|1|Y|08-24-2026 22:17:56|08-24-2026 00:00:00|05-01-2026 00:00:00|05-01-2026 00:00:00|08-26-2026 09:24:33|08-26-2026 09:25:38|08-26-2026 10:01:53|08-26-2026 10:01:53|08-26-2026 10:33:57||08-26-2026 10:36:02|09-03-2026 11:09:30|09-03-2026 11:11:24|36.3|228.89|192.59
BRCJM01|BRHARLD|BRHARLD|100067254|Shipped|||23633012000159|69050-055|AMAZONAS|BR|NORTEX||7|0|0|26|26|Y|08-26-2026 13:51:15|08-26-2026 00:00:00|02-23-2026 00:00:00|02-23-2026 00:00:00||08-27-2026 09:30:35|08-27-2026 10:20:15|08-27-2026 10:31:56|08-27-2026 20:03:33||08-27-2026 20:04:45|09-03-2026 11:10:28|09-03-2026 11:11:23|30.23|189.34|159.11
BRCJM01|BRHARLD|BRHARLD|100067255|Shipped|||23633012000159|69050-055|AMAZONAS|BR|NORTEX||27|2|2|40|40|Y|08-26-2026 13:51:17|08-26-2026 00:00:00|05-21-2026 00:00:00|05-21-2026 00:00:00|08-27-2026 09:30:38|08-27-2026 16:29:26|08-27-2026 20:01:25|08-27-2026 22:33:37|08-28-2026 02:28:27||08-28-2026 02:30:39|09-03-2026 11:10:55|09-03-2026 11:11:24|36.66|189.34|152.68
BRCJM01|BRHARLD|BRHARLD|100067256|Shipped|||14296414000114|88085-150|SANTA CATARINA|BR|TAC CWB||2|0|0|8|8|Y|08-26-2026 18:00:07|08-26-2026 00:00:00|08-25-2026 00:00:00|08-25-2026 00:00:00||08-27-2026 09:30:49|08-27-2026 22:48:36|08-27-2026 22:52:20|08-28-2026 00:41:18||08-28-2026 00:41:33|09-03-2026 11:10:45|09-03-2026 11:11:21|30.69|185.19|154.5
BRCJM01|BRHARLD|BRHARLD|100067257|Shipped|||20110460000180|18047-620|SAO PAULO|BR|TAC SOR||1|0|0|6|6|Y|08-26-2026 18:00:10|08-26-2026 00:00:00|08-25-2026 00:00:00|08-25-2026 00:00:00||08-27-2026 09:30:49|08-27-2026 14:49:58|08-27-2026 14:49:58|08-27-2026 22:00:19||08-27-2026 22:00:35|09-03-2026 11:10:36|09-03-2026 11:11:23|28.01|185.19|157.18
BRCJM01|BRHARLD|BRHARLD|100067258|Shipped|||01693497000214|86020-000|PARANA|BR|ALL IN||1|0|0|1|1|Y|08-26-2026 18:00:10|08-26-2026 00:00:00|08-25-2026 00:00:00|08-25-2026 00:00:00||08-27-2026 09:30:49|08-27-2026 14:50:46|08-27-2026 14:50:46|08-27-2026 16:46:36||08-27-2026 16:46:59|09-03-2026 11:10:20|09-03-2026 11:11:13|22.78|185.18|162.4
BRCJM01|BRHARLD|BRHARLD|100067259|Shipped|||61810431000108|29060-730|ESPIRITO SANTO|BR|AEREO||1|0|0|1|1|Y|08-26-2026 18:00:10|08-26-2026 00:00:00|08-25-2026 00:00:00|08-25-2026 00:00:00||08-27-2026 09:30:49|08-27-2026 22:47:38|08-27-2026 22:47:38|08-27-2026 22:49:48||08-27-2026 22:50:29|09-03-2026 11:10:37|09-03-2026 11:11:25|28.84|185.19|156.35
BRCJM01|BRHARLD|BRHARLD|100067260|Shipped|||13232008000125|04794-000|SAO PAULO|BR|TRANSP DSV||91|442|442|921|921|Y|08-27-2026 00:28:06|08-26-2026 00:00:00|08-24-2026 00:00:00|08-24-2026 00:00:00|08-27-2026 09:30:48|08-27-2026 16:29:29|08-27-2026 21:51:59|08-28-2026 19:02:42|08-28-2026 20:46:17||08-28-2026 21:04:33|09-05-2026 14:00:14|09-05-2026 14:00:42|44.61|229.54|184.94
BRCJM01|BRHARLD|BRHARLD|100067261|Shipped|||13232008000125|04794-000|SAO PAULO|BR|TRANSP DSV||4|2|2|13|13|Y|08-27-2026 00:27:05|08-26-2026 00:00:00|07-29-2026 00:00:00|07-29-2026 00:00:00||08-27-2026 09:30:40|08-27-2026 19:15:13|08-28-2026 00:29:48|08-28-2026 02:03:46||08-28-2026 02:05:38|09-03-2026 11:10:55|09-03-2026 11:11:16|25.64|178.74|153.09
BRCJM01|BRHARLD|BRHARLD|100067262|Shipped|||13232008000125|04794-000|SAO PAULO|BR|TRANSP DSV||12|0|0|41|41|Y|08-27-2026 00:27:05|08-26-2026 00:00:00|07-01-2026 00:00:00|07-01-2026 00:00:00|08-27-2026 09:30:40|08-27-2026 16:29:27|08-27-2026 22:24:17|08-27-2026 23:39:47|08-28-2026 00:54:49||08-28-2026 00:57:26|09-03-2026 11:10:45|09-03-2026 11:11:17|24.51|178.74|154.23
BRCJM01|BRHARLD|BRHARLD|100067263|Shipped|||13244867000134|13092-305|SAO PAULO|BR|TAC CPQ||4|0|0|18|18|Y|08-27-2026 00:28:07|08-26-2026 00:00:00|03-23-2026 00:00:00|03-23-2026 00:00:00||08-27-2026 09:30:35|08-27-2026 10:36:07|08-27-2026 10:42:26|08-27-2026 20:19:50||08-27-2026 20:20:19|09-03-2026 11:10:29|09-03-2026 11:11:17|19.87|178.72|158.85
BRCJM01|BRHARLD|BRHARLD|100067264|Shipped|||13268423000139|90160-003|RIO GRANDE DO SUL|BR|TRANSTRY||9|13|13|20|20|Y|08-27-2026 00:27:04|08-26-2026 00:00:00|08-25-2026 00:00:00|08-25-2026 00:00:00||08-27-2026 09:30:49|08-27-2026 20:29:42|08-27-2026 22:53:05|08-27-2026 23:24:56||08-27-2026 23:27:34|09-03-2026 11:10:41|09-03-2026 11:11:18|23.01|178.74|155.73
BRCJM01|BRHARLD|BRHARLD|100067265|Shipped|||13268423000139|90160-003|RIO GRANDE DO SUL|BR|TRANSTRY||24|0|0|85|85|Y|08-27-2026 00:27:05|08-26-2026 00:00:00|08-01-2026 00:00:00|08-01-2026 00:00:00||08-27-2026 09:30:41|08-27-2026 15:45:45|08-28-2026 17:05:39|08-28-2026 18:06:01||08-28-2026 18:07:40|09-03-2026 11:11:10|09-03-2026 11:11:19|41.68|178.74|137.06
BRCJM01|BRHARLD|BRHARLD|100067266|Shipped|||01693497000133|80740-000|PARANA|BR|TAC CWB||10|10|10|19|19|Y|08-27-2026 00:27:05|08-26-2026 00:00:00|08-25-2026 00:00:00|08-25-2026 00:00:00||08-27-2026 09:30:50|08-27-2026 23:32:58|08-28-2026 00:15:45|08-28-2026 02:43:04||08-28-2026 02:45:41|09-03-2026 11:10:59|09-03-2026 11:11:13|26.31|178.74|152.43
BRCJM01|BRHARLD|BRHARLD|100067267|Shipped|||01693497000133|80740-000|PARANA|BR|TAC CWB||2|0|0|5|5|Y|08-27-2026 00:27:06|08-26-2026 00:00:00|07-02-2026 00:00:00|07-02-2026 00:00:00||08-27-2026 09:30:40|08-27-2026 14:43:02|08-27-2026 14:44:10|08-27-2026 21:38:47||08-27-2026 21:39:01|09-03-2026 11:10:35|09-03-2026 11:11:13|21.2|178.74|157.54
BRCJM01|BRHARLD|BRHARLD|100067268|Shipped|||13304379000175|74823-420|GOIAS|BR|ALL IN||4|11|11|15|15|Y|08-27-2026 00:28:07|08-26-2026 00:00:00|08-25-2026 00:00:00|08-25-2026 00:00:00||08-27-2026 09:30:50|08-27-2026 15:21:23|08-27-2026 22:14:03|08-27-2026 22:47:17||08-27-2026 22:47:57|09-03-2026 11:10:37|09-03-2026 11:11:19|22.33|178.72|156.39
BRCJM01|BRHARLD|BRHARLD|100067269|Shipped|||13304379000175|74823-420|GOIAS|BR|ALL IN||6|0|0|6|6|Y|08-27-2026 00:28:08|08-26-2026 00:00:00|05-21-2026 00:00:00|05-21-2026 00:00:00||08-27-2026 09:30:38|08-27-2026 14:29:00|08-27-2026 14:34:26|08-27-2026 19:20:01||08-27-2026 19:20:41|09-03-2026 11:10:26|09-03-2026 11:11:19|18.88|178.72|159.84
BRCJM01|BRHARLD|BRHARLD|100067270|Shipped|||13685709000110|70750-525|DISTRITO FEDERAL|BR|ALL IN||12|40|40|363|363|Y|08-27-2026 00:28:07|08-26-2026 00:00:00|08-25-2026 00:00:00|08-25-2026 00:00:00|08-27-2026 09:30:51|08-27-2026 16:29:32|08-27-2026 21:34:22|08-27-2026 22:08:03|08-28-2026 01:36:03||08-28-2026 01:38:28|09-03-2026 11:10:51|09-03-2026 11:11:20|25.17|178.72|153.55
BRCJM01|BRHARLD|BRHARLD|100067271|Shipped|||13685709000110|70750-525|DISTRITO FEDERAL|BR|ALL IN||5|0|0|7|7|Y|08-27-2026 00:28:08|08-26-2026 00:00:00|08-01-2026 00:00:00|08-01-2026 00:00:00||08-27-2026 09:30:41|08-27-2026 14:28:24|08-27-2026 14:40:27|08-27-2026 17:55:54||08-27-2026 17:56:20|09-03-2026 11:10:22|09-03-2026 11:11:20|17.47|178.72|161.25
BRCJM01|BRHARLD|BRHARLD|100067272|Shipped|||14296414000114|88085-150|SANTA CATARINA|BR|TAC CWB||8|0|0|21|21|Y|08-27-2026 00:28:08|08-26-2026 00:00:00|08-15-2026 00:00:00|08-15-2026 00:00:00|08-27-2026 09:30:42|08-27-2026 16:29:28|08-27-2026 21:34:53|08-28-2026 01:10:02|08-28-2026 01:13:30||08-28-2026 01:19:24|09-03-2026 11:10:48|09-03-2026 11:11:21|24.85|178.72|153.87
BRCJM01|BRHARLD|BRHARLD|100067273|Shipped|||14296414000114|88085-150|SANTA CATARINA|BR|TAC CWB||7|0|0|7|7|Y|08-27-2026 00:28:08|08-26-2026 00:00:00|03-25-2026 00:00:00|03-25-2026 00:00:00||08-27-2026 09:30:36|08-27-2026 11:25:04|08-27-2026 11:46:42|08-27-2026 17:45:32||08-27-2026 17:45:54|09-03-2026 11:10:21|09-03-2026 11:11:21|17.3|178.72|161.42
BRCJM01|BRHARLD|BRHARLD|100067274|Shipped|||16520353000152|14024-800|SAO PAULO|BR|ALL IN||8|17|17|23|23|Y|08-27-2026 00:28:08|08-26-2026 00:00:00|08-26-2026 00:00:00|08-26-2026 00:00:00|08-27-2026 09:30:54|08-27-2026 16:29:33|08-27-2026 23:03:06|08-27-2026 23:24:45|08-28-2026 01:44:50||08-28-2026 01:48:07|09-03-2026 11:10:52|09-03-2026 11:11:21|25.33|178.72|153.39
BRCJM01|BRHARLD|BRHARLD|100067275|Shipped|||19231827000134|22790-702|RIO DE JANEIRO|BR|ANDRE/TRANSP||9|11|11|24|24|Y|08-27-2026 00:28:08|08-26-2026 00:00:00|08-25-2026 00:00:00|08-25-2026 00:00:00|08-27-2026 09:30:52|08-27-2026 16:29:33|08-27-2026 22:18:17|08-27-2026 22:56:22|08-28-2026 01:28:40||08-28-2026 01:38:24|09-03-2026 11:10:50|09-03-2026 11:11:22|25.17|178.72|153.55
BRCJM01|BRHARLD|BRHARLD|100067276|Shipped|||20110460000180|18047-620|SAO PAULO|BR|TAC SOR||9|63|63|83|83|Y|08-27-2026 00:28:09|08-26-2026 00:00:00|08-25-2026 00:00:00|08-25-2026 00:00:00||08-27-2026 09:30:52|08-27-2026 14:13:38|08-27-2026 21:59:12|08-27-2026 23:54:25||08-28-2026 00:35:32|09-03-2026 11:10:44|09-03-2026 11:11:23|24.12|178.72|154.6
BRCJM01|BRHARLD|BRHARLD|100067277|Shipped|||13244867000304|13295-622|SAO PAULO|BR|TAC CPQ||3|5|5|6|6|Y|08-27-2026 00:28:09|08-26-2026 00:00:00|08-21-2026 00:00:00|08-21-2026 00:00:00||08-27-2026 09:30:42|08-27-2026 15:35:41|08-27-2026 15:40:14|08-27-2026 21:45:07||08-27-2026 21:49:06|09-03-2026 11:10:36|09-03-2026 11:11:17|21.35|178.72|157.37
BRCJM01|BRHARLD|BRHARLD|100067278|Shipped|||13244867000304|13295-622|SAO PAULO|BR|TAC CPQ||8|0|0|8|8|Y|08-27-2026 00:28:09|08-26-2026 00:00:00|05-21-2026 00:00:00|05-21-2026 00:00:00||08-27-2026 09:30:39|08-27-2026 14:11:48|08-27-2026 14:25:38|08-27-2026 19:31:42||08-27-2026 19:32:06|09-03-2026 11:10:27|09-03-2026 11:11:17|19.07|178.72|159.65
BRCJM01|BRHARLD|BRHARLD|100067279|Shipped|||01693497000214|86020-000|PARANA|BR|ALL IN||22|22|22|73|73|Y|08-27-2026 00:28:09|08-26-2026 00:00:00|08-25-2026 00:00:00|08-25-2026 00:00:00||08-27-2026 09:30:52|08-27-2026 19:01:53|08-27-2026 20:53:47|08-27-2026 21:15:51||08-27-2026 21:18:21|09-03-2026 11:10:35|09-03-2026 11:11:14|20.84|178.72|157.88
BRCJM01|BRHARLD|BRHARLD|100067280|Shipped|||01693497000214|86020-000|PARANA|BR|ALL IN||5|0|0|8|8|Y|08-27-2026 00:28:09|08-26-2026 00:00:00|06-25-2026 00:00:00|06-25-2026 00:00:00|08-27-2026 09:30:39|08-27-2026 16:29:27|08-27-2026 23:46:47|08-27-2026 23:53:02|08-28-2026 00:49:11||08-28-2026 00:50:06|09-03-2026 11:10:46|09-03-2026 11:11:14|24.37|178.72|154.35
BRCJM01|BRHARLD|BRHARLD|100067281|Shipped|||59997590000111|30494-080|MINAS GERAIS|BR|ANDRE/TRANSP||10|5|5|18|18|Y|08-27-2026 00:28:10|08-26-2026 00:00:00|08-24-2026 00:00:00|08-24-2026 00:00:00||08-27-2026 09:30:49|08-27-2026 19:23:30|08-28-2026 16:53:08|08-28-2026 17:34:04||08-28-2026 17:40:34|09-03-2026 11:11:08|09-03-2026 11:11:24|41.21|178.72|137.51
BRCJM01|BRHARLD|BRHARLD|100067282|Shipped|||59997590000111|30494-080|MINAS GERAIS|BR|ANDRE/TRANSP||9|0|0|12|12|Y|08-27-2026 00:28:09|08-26-2026 00:00:00|04-02-2026 00:00:00|04-02-2026 00:00:00||08-27-2026 09:30:36|08-27-2026 11:56:30|08-27-2026 12:22:56|08-27-2026 18:53:03||08-27-2026 18:54:57|09-03-2026 11:10:24|09-03-2026 11:11:24|18.45|178.72|160.27
BRCJM01|BRHARLD|BRHARLD|100067283|Shipped|||61810431000108|29060-730|ESPIRITO SANTO|BR|AEREO||1|0|0|2|2|Y|08-27-2026 00:28:10|08-26-2026 00:00:00|06-16-2026 00:00:00|06-16-2026 00:00:00||08-27-2026 09:30:39|08-28-2026 09:07:06|08-28-2026 09:07:06|08-28-2026 09:07:35||08-28-2026 09:08:28|09-03-2026 11:10:59|09-03-2026 11:11:25|32.67|178.72|146.05
BRCJM01|BRHARLD|BRHARLD|100067284|Shipped|||61810431000108|29060-730|ESPIRITO SANTO|BR|AEREO||11|0|0|18|18|Y|08-27-2026 00:28:09|08-26-2026 00:00:00|03-23-2026 00:00:00|03-23-2026 00:00:00||08-27-2026 09:30:35|08-27-2026 10:55:05|08-27-2026 11:22:51|08-27-2026 18:13:17||08-27-2026 18:14:53|09-03-2026 11:10:23|09-03-2026 11:11:25|17.78|178.72|160.94
BRCJM01|BRHARLD|BRHARLD|100067285|Shipped|||59997590000111|30494-080|MINAS GERAIS|BR|ANDRE/TRANSP||1|1|1|1|1|Y|08-27-2026 11:41:32|08-27-2026 00:00:00|08-24-2026 00:00:00|08-24-2026 00:00:00||08-27-2026 17:30:55|08-27-2026 19:08:09|08-27-2026 19:08:09|08-27-2026 21:56:44||08-27-2026 21:57:08|09-03-2026 11:10:36|09-03-2026 11:11:24|10.26|167.5|157.24
BRCJM01|BRHARLD|BRHARLD|100067286|Shipped|||23633012000159|69050-055|AMAZONAS|BR|NORTEX||1|0|0|1|1|Y|08-27-2026 11:41:31|08-27-2026 00:00:00|05-19-2026 00:00:00|05-19-2026 00:00:00||08-28-2026 15:40:27|08-28-2026 16:48:12|08-28-2026 16:48:12|08-28-2026 16:54:39||08-28-2026 16:55:22|09-03-2026 11:11:04|09-03-2026 11:11:24|29.23|167.5|138.27
BRCJM01|BRHARLD|BRHARLD|100067287|Shipped|||20110460000180|18047-620|SAO PAULO|BR|TAC SOR||3|6|6|8|8|Y|08-28-2026 12:02:27|08-28-2026 00:00:00|08-27-2026 00:00:00|08-27-2026 00:00:00||08-28-2026 15:40:27|08-28-2026 16:55:16|08-28-2026 17:16:30|08-28-2026 17:48:02||08-28-2026 17:50:37|09-03-2026 11:11:09|09-03-2026 11:11:23|5.8|143.15|137.35
BRCJM01|BRHARLD|BRHARLD|100067288|Shipped|||13232008000125|04794-000|SAO PAULO|BR|TRANSP DSV||10|4|4|10|10|Y|08-28-2026 14:20:24|08-28-2026 00:00:00|08-28-2026 00:00:00|08-28-2026 00:00:00||08-31-2026 10:25:27|08-31-2026 23:09:03|08-31-2026 23:20:31|09-01-2026 06:42:59||09-01-2026 06:44:09|09-05-2026 14:00:16|09-05-2026 14:00:42|88.4|191.67|103.28
BRCJM01|BRHARLD|BRHARLD|100067290|Shipped|||01693497000133|80740-000|PARANA|BR|TAC CWB||1|0|0|1|1|Y|08-28-2026 14:20:24|08-28-2026 00:00:00|08-27-2026 00:00:00|08-27-2026 00:00:00||08-31-2026 10:25:27|08-31-2026 22:24:39|08-31-2026 22:24:39|09-01-2026 06:36:50||09-01-2026 06:37:12|09-05-2026 14:00:15|09-05-2026 14:00:39|88.28|191.67|103.39
BRCJM01|BRHARLD|BRHARLD|100067291|Shipped|||14296414000114|88085-150|SANTA CATARINA|BR|TAC CWB||3|1|1|3|3|Y|08-28-2026 14:20:24|08-28-2026 00:00:00|08-28-2026 00:00:00|08-28-2026 00:00:00||08-31-2026 10:25:28|08-31-2026 22:38:18|08-31-2026 22:42:45|09-01-2026 06:44:37||09-01-2026 06:45:24|09-03-2026 11:11:10|09-03-2026 11:11:21|88.42|140.85|52.43
BRCJM01|BRHARLD|BRHARLD|100067293|Shipped|||20110460000180|18047-620|SAO PAULO|BR|TAC SOR||4|4|4|6|6|Y|08-28-2026 14:20:25|08-28-2026 00:00:00|08-17-2026 00:00:00|08-17-2026 00:00:00||08-31-2026 10:25:27|08-31-2026 22:45:32|08-31-2026 22:49:49|09-01-2026 06:39:14||09-01-2026 06:39:43|09-05-2026 14:00:16|09-05-2026 14:00:43|88.32|191.67|103.35
BRCJM01|BRHARLD|BRHARLD|100067294|Shipped|||01693497000214|86020-000|PARANA|BR|ALL IN||1|0|0|1|1|Y|08-28-2026 14:20:25|08-28-2026 00:00:00|08-14-2026 00:00:00|08-14-2026 00:00:00||08-31-2026 10:25:27|09-01-2026 12:42:43|09-01-2026 12:42:43|09-01-2026 12:56:53||09-01-2026 12:57:15|09-05-2026 14:00:16|09-05-2026 14:00:39|94.61|191.67|97.06
BRCJM01|BRHARLD|BRHARLD|100067295|Shipped|||23633012000159|69050-055|AMAZONAS|BR|NORTEX||1|0|0|1|1|Y|08-28-2026 14:20:25|08-28-2026 00:00:00|05-11-2026 00:00:00|05-11-2026 00:00:00||08-31-2026 10:25:27|08-31-2026 18:07:30|08-31-2026 18:07:30|09-01-2026 06:28:40||09-01-2026 06:29:42|09-05-2026 14:00:14|09-05-2026 14:00:44|88.15|191.67|103.52
BRCJM01|BRHARLD|BRHARLD|100067296|Shipped|||59997590000111|30494-080|MINAS GERAIS|BR|ANDRE/TRANSP||2|0|0|2|2|Y|08-28-2026 14:20:25|08-28-2026 00:00:00|08-27-2026 00:00:00|08-27-2026 00:00:00||08-31-2026 10:25:27|08-31-2026 22:27:39|08-31-2026 22:28:22|09-01-2026 06:33:15||09-01-2026 06:35:07|09-05-2026 14:00:14|09-05-2026 14:00:44|88.25|191.67|103.43
BRCJM01|BRHARLD|BRHARLD|100067298|Shipped|||13232008000125|04794-000|SAO PAULO|BR|TRANSP DSV||5|0|0|12|12|Y|08-31-2026 15:47:17|08-31-2026 00:00:00|08-07-2026 00:00:00|08-07-2026 00:00:00|09-01-2026 12:00:10|09-01-2026 16:29:57|09-01-2026 22:05:44|09-01-2026 22:13:14|09-02-2026 11:04:51||09-02-2026 11:05:23|09-05-2026 14:00:21|09-05-2026 14:00:42|43.3|118.22|74.92
BRCJM01|BRHARLD|BRHARLD|100067300|Shipped|||13268423000139|90160-003|RIO GRANDE DO SUL|BR|TRANSTRY||2|1|1|2|2|Y|08-31-2026 15:47:17|08-31-2026 00:00:00|08-28-2026 00:00:00|08-28-2026 00:00:00||09-01-2026 12:00:16|09-01-2026 21:58:06|09-01-2026 21:59:15|09-02-2026 11:31:48||09-02-2026 11:32:10|09-05-2026 14:00:25|09-05-2026 14:00:42|43.75|118.22|74.48
BRCJM01|BRHARLD|BRHARLD|100067302|Shipped|||01693497000133|80740-000|PARANA|BR|TAC CWB||1|1|1|1|1|Y|08-31-2026 15:47:17|08-31-2026 00:00:00|08-24-2026 00:00:00|08-24-2026 00:00:00|09-01-2026 12:00:13|09-01-2026 16:29:58|09-01-2026 21:59:53|09-01-2026 21:59:53|09-02-2026 11:29:19||09-02-2026 11:29:55|09-05-2026 14:00:25|09-05-2026 14:00:39|43.71|118.22|74.51
BRCJM01|BRHARLD|BRHARLD|100067304|Shipped|||13685709000110|70750-525|DISTRITO FEDERAL|BR|ALL IN||2|1|1|2|2|Y|08-31-2026 15:47:17|08-31-2026 00:00:00|08-27-2026 00:00:00|08-27-2026 00:00:00|09-01-2026 12:00:13|09-01-2026 16:29:58|09-01-2026 22:01:29|09-01-2026 22:02:18|09-02-2026 11:44:01||09-03-2026 16:35:38|09-09-2026 09:05:28|09-09-2026 09:08:18|72.81|209.35|136.54
BRCJM01|BRHARLD|BRHARLD|100067305|Shipped|||13685709000110|70750-525|DISTRITO FEDERAL|BR|ALL IN||7|4|4|9|9|Y|08-31-2026 15:47:18|08-31-2026 00:00:00|08-20-2026 00:00:00|08-20-2026 00:00:00||09-01-2026 12:00:10|09-01-2026 21:41:18|09-01-2026 21:58:02|09-02-2026 11:29:03||09-02-2026 11:29:40|09-05-2026 14:00:25|09-05-2026 14:00:43|43.71|118.22|74.52
BRCJM01|BRHARLD|BRHARLD|100067306|Shipped|||14296414000114|88085-150|SANTA CATARINA|BR|TAC CWB||5|33|33|35|35|Y|08-31-2026 15:47:18|08-31-2026 00:00:00|05-19-2026 00:00:00|05-19-2026 00:00:00||09-01-2026 12:00:08|09-01-2026 20:01:30|09-01-2026 20:07:25|09-02-2026 08:29:31||09-02-2026 08:30:09|09-05-2026 14:00:20|09-05-2026 14:00:43|40.71|118.22|77.51
BRCJM01|BRHARLD|BRHARLD|100067307|Shipped|||14296414000114|88085-150|SANTA CATARINA|BR|TAC CWB||5|0|0|5|5|Y|08-31-2026 15:48:19|08-31-2026 00:00:00|07-01-2026 00:00:00|07-01-2026 00:00:00||09-01-2026 12:00:09|09-01-2026 21:35:16|09-01-2026 21:39:54|09-02-2026 11:32:57||09-02-2026 11:34:12|09-09-2026 10:06:51|09-09-2026 10:06:57|43.76|210.31|166.55
BRCJM01|BRHARLD|BRHARLD|100067308|Shipped|||16520353000152|14024-800|SAO PAULO|BR|ALL IN||5|30|30|35|35|Y|08-31-2026 15:48:18|08-31-2026 00:00:00|08-27-2026 00:00:00|08-27-2026 00:00:00||09-01-2026 12:00:13|09-01-2026 20:13:57|09-01-2026 20:17:30|09-02-2026 07:26:44||09-02-2026 07:28:11|09-05-2026 14:00:19|09-05-2026 14:00:43|39.66|118.21|78.54
BRCJM01|BRHARLD|BRHARLD|100067309|Shipped|||19231827000134|22790-702|RIO DE JANEIRO|BR|ANDRE/TRANSP||5|21|21|27|27|Y|08-31-2026 15:48:19|08-31-2026 00:00:00|08-27-2026 00:00:00|08-27-2026 00:00:00|09-01-2026 12:00:14|09-01-2026 16:29:58|09-01-2026 21:48:36|09-01-2026 21:55:18|09-02-2026 11:26:42||09-02-2026 11:27:13|09-05-2026 14:00:24|09-05-2026 14:00:43|43.65|118.21|74.56
BRCJM01|BRHARLD|BRHARLD|100067310|Shipped|||20110460000180|18047-620|SAO PAULO|BR|TAC SOR||22|47|47|77|77|Y|08-31-2026 15:48:19|08-31-2026 00:00:00|08-27-2026 00:00:00|08-27-2026 00:00:00||09-01-2026 12:00:14|09-01-2026 19:15:34|09-02-2026 08:00:05|09-02-2026 11:15:53||09-02-2026 11:16:31|09-05-2026 14:00:23|09-05-2026 14:00:44|43.47|118.21|74.74
BRCJM01|BRHARLD|BRHARLD|100067311|Shipped|||13244867000304|13295-622|SAO PAULO|BR|TAC CPQ||6|26|26|27|27|Y|08-31-2026 15:48:19|08-31-2026 00:00:00|08-21-2026 00:00:00|08-21-2026 00:00:00|09-01-2026 12:00:11|09-01-2026 16:29:58|09-01-2026 21:52:21|09-02-2026 11:57:26|09-02-2026 11:59:48||09-02-2026 12:00:27|09-05-2026 14:00:26|09-05-2026 14:00:42|44.2|118.21|74
BRCJM01|BRHARLD|BRHARLD|100067312|Shipped|||01693497000214|86020-000|PARANA|BR|ALL IN||1|0|0|1|1|Y|08-31-2026 15:48:20|08-31-2026 00:00:00|08-17-2026 00:00:00|08-17-2026 00:00:00||09-01-2026 12:00:10|09-01-2026 20:12:36|09-01-2026 20:12:36|09-02-2026 08:22:42||09-02-2026 08:23:10|09-05-2026 14:00:19|09-05-2026 14:00:39|40.58|118.21|77.62
BRCJM01|BRHARLD|BRHARLD|100067313|Shipped|||01693497000214|86020-000|PARANA|BR|ALL IN||1|0|0|1|1|Y|08-31-2026 15:48:19|08-31-2026 00:00:00|06-25-2026 00:00:00|06-25-2026 00:00:00||09-01-2026 12:00:09|09-01-2026 22:15:48|09-01-2026 22:15:48|09-02-2026 11:24:10||09-02-2026 11:24:46|09-05-2026 14:00:23|09-05-2026 14:00:39|43.61|118.21|74.6
BRCJM01|BRHARLD|BRHARLD|100067314|Shipped|||23633012000159|69050-055|AMAZONAS|BR|NORTEX||18|2|2|26|26|Y|08-31-2026 15:48:20|08-31-2026 00:00:00|02-21-2026 00:00:00|02-21-2026 00:00:00||09-01-2026 12:00:06|09-01-2026 15:36:33|09-01-2026 15:57:07|09-01-2026 17:43:32||09-01-2026 19:04:18|09-05-2026 14:00:18|09-05-2026 14:00:44|27.27|118.21|90.94
BRCJM01|BRHARLD|BRHARLD|100067315|Shipped|||23633012000159|69050-055|AMAZONAS|BR|NORTEX||12|1|1|20|20|Y|08-31-2026 15:48:20|08-31-2026 00:00:00|09-15-2025 00:00:00|09-15-2025 00:00:00|09-01-2026 12:00:06|09-01-2026 16:29:56|09-01-2026 22:41:10|09-03-2026 18:44:23|09-03-2026 18:49:07||09-03-2026 18:50:13|09-09-2026 11:28:28|09-09-2026 11:30:33|75.03|211.7|136.67
BRCJM01|BRHARLD|BRHARLD|100067316|Shipped|||59997590000111|30494-080|MINAS GERAIS|BR|ANDRE/TRANSP||5|3|3|5|5|Y|08-31-2026 15:48:19|08-31-2026 00:00:00|08-27-2026 00:00:00|08-27-2026 00:00:00||09-01-2026 12:00:15|09-01-2026 22:31:42|09-03-2026 00:15:51|09-03-2026 00:35:52||09-03-2026 00:37:41|09-05-2026 14:00:31|09-05-2026 14:00:44|56.82|118.21|61.38
BRCJM01|BRHARLD|BRHARLD|100067319|Shipped|||02273580000469|07789-100|SAO PAULO|BR|TRANSP DSV||2|0|0|2|2|Y|09-01-2026 23:56:43|09-01-2026 00:00:00|08-25-2026 00:00:00|08-25-2026 00:00:00||09-02-2026 11:25:22|09-02-2026 14:38:13|09-02-2026 14:38:39|09-02-2026 15:23:27||09-02-2026 15:24:09|09-05-2026 14:00:29|09-05-2026 14:00:39|15.46|86.07|70.61
BRCJM01|BRHARLD|BRHARLD|100067320|Shipped|||13232008000125|04794-000|SAO PAULO|BR|TRANSP DSV||9|1|1|21|21|Y|09-01-2026 23:57:45|09-01-2026 00:00:00|07-02-2026 00:00:00|07-02-2026 00:00:00|09-02-2026 11:25:22|09-03-2026 09:22:18|09-03-2026 10:30:08|09-03-2026 10:45:37|09-03-2026 13:41:31||09-03-2026 13:46:01|09-11-2026 17:51:06|09-11-2026 17:51:22|37.8|233.89|196.09
BRCJM01|BRHARLD|BRHARLD|100067321|Shipped|||13232008000125|04794-000|SAO PAULO|BR|TRANSP DSV||91|0|0|254|254|Y|09-01-2026 23:57:46|09-01-2026 00:00:00|09-01-2026 00:00:00|09-01-2026 00:00:00||09-02-2026 11:25:23|09-03-2026 10:51:20|09-04-2026 10:37:04|09-04-2026 12:27:44||09-04-2026 12:30:29|09-09-2026 09:06:44|09-09-2026 09:08:17|60.55|177.18|116.63
BRCJM01|BRHARLD|BRHARLD|100067323|Shipped|||13268423000139|90160-003|RIO GRANDE DO SUL|BR|TRANSTRY||85|0|0|138|138|Y|09-01-2026 23:57:47|09-01-2026 00:00:00|09-01-2026 00:00:00|09-01-2026 00:00:00||09-02-2026 11:25:30|09-03-2026 12:32:57|09-03-2026 14:23:57|09-03-2026 17:18:07||09-03-2026 17:19:31|09-09-2026 11:28:58|09-09-2026 11:30:32|41.36|179.55|138.18
BRCJM01|BRHARLD|BRHARLD|100067324|Shipped|||01693497000133|80740-000|PARANA|BR|TAC CWB||43|0|0|82|82|Y|09-01-2026 23:57:46|09-01-2026 00:00:00|09-01-2026 00:00:00|09-01-2026 00:00:00||09-02-2026 11:25:33|09-03-2026 09:03:15|09-03-2026 10:43:46|09-03-2026 15:53:19||09-03-2026 15:54:08|09-09-2026 11:29:24|09-09-2026 11:30:31|39.94|179.55|139.61
BRCJM01|BRHARLD|BRHARLD|100067328|Shipped|||13685709000110|70750-525|DISTRITO FEDERAL|BR|ALL IN||41|0|0|62|62|Y|09-01-2026 23:57:48|09-01-2026 00:00:00|09-01-2026 00:00:00|09-01-2026 00:00:00|09-02-2026 11:25:39|09-03-2026 09:22:18|09-03-2026 11:41:37|09-03-2026 12:43:39|09-03-2026 14:33:01||09-03-2026 14:33:28|09-09-2026 09:06:47|09-09-2026 09:08:18|38.59|177.18|138.58
BRCJM01|BRHARLD|BRHARLD|100067329|Shipped|||14296414000114|88085-150|SANTA CATARINA|BR|TAC CWB||44|0|0|53|53|Y|09-01-2026 23:57:48|09-01-2026 00:00:00|09-01-2026 00:00:00|09-01-2026 00:00:00||09-02-2026 11:25:39|09-03-2026 07:48:02|09-03-2026 08:54:53|09-03-2026 10:24:14||09-03-2026 10:25:56|09-09-2026 10:06:56|09-09-2026 10:06:57|34.47|178.15|143.68
BRCJM01|BRHARLD|BRHARLD|100067332|Shipped|||19231827000134|22790-702|RIO DE JANEIRO|BR|ANDRE/TRANSP||27|0|0|66|66|Y|09-01-2026 23:57:50|09-01-2026 00:00:00|09-01-2026 00:00:00|09-01-2026 00:00:00||09-02-2026 11:25:42|09-02-2026 16:00:09|09-02-2026 20:58:12|09-03-2026 11:24:07||09-03-2026 11:25:11|09-05-2026 14:00:38|09-05-2026 14:00:43|35.46|86.05|50.59
BRCJM01|BRHARLD|BRHARLD|100067333|Shipped|||20110460000180|18047-620|SAO PAULO|BR|TAC SOR||35|0|0|54|54|Y|09-01-2026 23:57:49|09-01-2026 00:00:00|09-01-2026 00:00:00|09-01-2026 00:00:00|09-02-2026 11:25:45|09-03-2026 09:22:20|09-03-2026 10:06:31|09-03-2026 11:17:05|09-03-2026 16:07:29||09-03-2026 16:07:59|09-09-2026 11:29:38|09-09-2026 11:30:33|40.17|179.55|139.38
BRCJM01|BRHARLD|BRHARLD|100067334|Shipped|||13244867000304|13295-622|SAO PAULO|BR|TAC CPQ||36|0|0|62|62|Y|09-01-2026 23:57:50|09-01-2026 00:00:00|09-01-2026 00:00:00|09-01-2026 00:00:00||09-02-2026 11:25:45|09-02-2026 13:24:53|09-02-2026 14:23:30|09-02-2026 15:41:43||09-02-2026 15:52:56|09-05-2026 14:00:30|09-05-2026 14:00:42|15.92|86.05|70.13
BRCJM01|BRHARLD|BRHARLD|100067335|Shipped|||01693497000214|86020-000|PARANA|BR|ALL IN||1|2|2|2|2|Y|09-01-2026 23:57:50|09-01-2026 00:00:00|08-31-2026 00:00:00|08-31-2026 00:00:00||09-02-2026 11:25:23|09-03-2026 10:21:37|09-03-2026 10:21:37|09-03-2026 10:30:16||09-03-2026 10:31:26|09-05-2026 14:00:32|09-05-2026 14:00:39|34.56|86.05|51.49
BRCJM01|BRHARLD|BRHARLD|100067337|Shipped|||59997590000111|30494-080|MINAS GERAIS|BR|ANDRE/TRANSP||9|42|42|54|54|Y|09-01-2026 23:58:53|09-01-2026 00:00:00|08-31-2026 00:00:00|08-31-2026 00:00:00||09-02-2026 11:25:23|09-03-2026 07:46:39|09-03-2026 08:01:53|09-03-2026 09:02:49||09-03-2026 09:04:27|09-05-2026 14:00:32|09-05-2026 14:00:44|33.09|86.03|52.94
BRCJM01|BRHARLD|BRHARLD|100067338|Shipped|||61810431000108|29060-730|ESPIRITO SANTO|BR|AEREO||15|0|0|25|25|Y|09-01-2026 23:58:52|09-01-2026 00:00:00|09-01-2026 00:00:00|09-01-2026 00:00:00|09-02-2026 11:25:51|09-03-2026 09:22:22|09-03-2026 09:42:05|09-03-2026 10:05:08|09-03-2026 10:38:07||09-03-2026 10:38:28|09-05-2026 14:00:34|09-05-2026 14:00:44|34.66|86.03|51.37
BRCJM01|BRHARLD|BRHARLD|100067339|Shipped|||61810431000108|29060-730|ESPIRITO SANTO|BR|AEREO||62|0|0|96|96|Y|09-01-2026 23:58:52|09-01-2026 00:00:00|09-01-2026 00:00:00|09-01-2026 00:00:00|09-02-2026 11:25:54|09-03-2026 09:22:23|09-03-2026 10:11:02|09-03-2026 12:05:44|09-03-2026 19:11:16||09-03-2026 19:12:34|09-09-2026 11:30:00|09-09-2026 11:30:35|43.23|179.53|136.3
BRCJM01|BRHARLD|BRHARLD|100067340|Shipped|||01693497000133|80740-000|PARANA|BR|TAC CWB||3|3|3|3|3|Y|09-02-2026 11:46:31|09-02-2026 00:00:00|08-21-2026 00:00:00|08-21-2026 00:00:00||09-03-2026 17:25:24|09-03-2026 23:11:11|09-03-2026 23:13:54|09-04-2026 01:32:05||09-04-2026 01:32:24|09-09-2026 09:07:02|09-09-2026 09:08:16|37.76|165.36|127.6
BRCJM01|BRHARLD|BRHARLD|100067341|Shipped|||13232008000125|04794-000|SAO PAULO|BR|TRANSP DSV||26|18|18|36|36|Y|09-03-2026 11:03:53|09-03-2026 00:00:00|09-01-2026 00:00:00|09-01-2026 00:00:00|09-03-2026 17:25:28|09-04-2026 10:13:08|09-05-2026 12:51:11|09-05-2026 15:47:31|09-05-2026 16:15:28||09-05-2026 16:16:01|09-10-2026 11:14:26|09-10-2026 11:18:38|53.2|168.25|115.04
BRCJM01|BRHARLD|BRHARLD|100067343|Shipped|||13268423000139|90160-003|RIO GRANDE DO SUL|BR|TRANSTRY||3|3|3|106|106|Y|09-03-2026 11:03:55|09-03-2026 00:00:00|09-02-2026 00:00:00|09-02-2026 00:00:00||09-03-2026 17:25:29|09-04-2026 15:48:04|09-04-2026 15:58:20|09-04-2026 19:35:53||09-04-2026 19:36:36|09-10-2026 11:14:36|09-10-2026 11:18:38|32.54|168.25|135.7
BRCJM01|BRHARLD|BRHARLD|100067344|Shipped|||01693497000133|80740-000|PARANA|BR|TAC CWB||2|1|1|2|2|Y|09-03-2026 11:04:55|09-03-2026 00:00:00|03-06-2026 00:00:00|03-06-2026 00:00:00|09-03-2026 17:25:19|09-04-2026 10:13:04|09-04-2026 15:40:39|09-04-2026 15:41:58|09-04-2026 19:25:39||09-04-2026 19:27:43|09-10-2026 11:14:42|09-10-2026 11:18:37|32.38|168.23|135.85
BRCJM01|BRHARLD|BRHARLD|100067345|Shipped|||01693497000133|80740-000|PARANA|BR|TAC CWB||13|16|16|32|32|Y|09-03-2026 11:04:56|09-03-2026 00:00:00|09-02-2026 00:00:00|09-02-2026 00:00:00||09-03-2026 17:25:29|09-03-2026 22:04:51|09-04-2026 02:15:47|09-04-2026 02:43:37||09-04-2026 02:45:17|09-10-2026 11:19:11|09-10-2026 11:19:31|15.67|168.24|152.57
BRCJM01|BRHARLD|BRHARLD|100067348|Shipped|||13685709000110|70750-525|DISTRITO FEDERAL|BR|ALL IN||7|7|7|9|9|Y|09-03-2026 11:03:55|09-03-2026 00:00:00|08-31-2026 00:00:00|08-31-2026 00:00:00||09-03-2026 17:25:26|09-03-2026 22:11:59|09-03-2026 22:32:30|09-04-2026 05:31:39||09-04-2026 05:32:30|09-09-2026 09:07:15|09-09-2026 09:08:18|18.48|142.07|123.6
BRCJM01|BRHARLD|BRHARLD|100067350|Shipped|||16520353000152|14024-800|SAO PAULO|BR|ALL IN||7|14|14|29|29|Y|09-03-2026 11:03:54|09-03-2026 00:00:00|08-31-2026 00:00:00|08-31-2026 00:00:00||09-03-2026 17:25:26|09-04-2026 14:22:53|09-04-2026 14:29:03|09-04-2026 16:20:16||09-04-2026 16:20:36|09-10-2026 11:14:57|09-10-2026 11:18:38|29.28|168.25|138.97
BRCJM01|BRHARLD|BRHARLD|100067351|Shipped|||16520353000152|14024-800|SAO PAULO|BR|ALL IN||5|0|0|6|6|Y|09-03-2026 11:04:56|09-03-2026 00:00:00|09-02-2026 00:00:00|09-02-2026 00:00:00||09-03-2026 17:25:30|09-03-2026 21:58:33|09-03-2026 22:02:32|09-04-2026 05:34:21||09-04-2026 05:34:37|09-09-2026 09:07:22|09-09-2026 09:08:18|18.49|142.06|123.56
BRCJM01|BRHARLD|BRHARLD|100067352|Shipped|||19231827000134|22790-702|RIO DE JANEIRO|BR|ANDRE/TRANSP||7|21|21|36|36|Y|09-03-2026 11:04:56|09-03-2026 00:00:00|08-29-2026 00:00:00|08-29-2026 00:00:00|09-03-2026 17:25:25|09-04-2026 10:13:07|09-04-2026 23:03:29|09-06-2026 11:55:04|09-09-2026 14:07:04||09-09-2026 14:13:15|09-12-2026 11:42:57|09-12-2026 11:51:08|147.14|216.77|69.63
BRCJM01|BRHARLD|BRHARLD|100067354|Shipped|||20110460000180|18047-620|SAO PAULO|BR|TAC SOR||20|50|50|86|86|Y|09-03-2026 11:04:57|09-03-2026 00:00:00|09-02-2026 00:00:00|09-02-2026 00:00:00|09-03-2026 17:25:31|09-04-2026 10:13:09|09-05-2026 14:43:32|09-08-2026 06:53:53|09-08-2026 09:11:54||09-08-2026 09:12:54|09-10-2026 11:15:33|09-10-2026 11:18:39|118.13|168.23|50.1
BRCJM01|BRHARLD|BRHARLD|100067355|Shipped|||13244867000304|13295-622|SAO PAULO|BR|TAC CPQ||1|2|2|2|2|Y|09-03-2026 11:04:57|09-03-2026 00:00:00|03-17-2026 00:00:00|03-17-2026 00:00:00|09-03-2026 17:25:19|09-04-2026 10:13:05|09-08-2026 07:53:26|09-08-2026 07:53:26|09-08-2026 08:54:05||09-08-2026 08:54:50|09-10-2026 11:15:48|09-10-2026 11:18:38|117.83|168.23|50.4
BRCJM01|BRHARLD|BRHARLD|100067356|Shipped|||13244867000304|13295-622|SAO PAULO|BR|TAC CPQ||30|0|0|52|52|Y|09-03-2026 11:04:57|09-03-2026 00:00:00|09-02-2026 00:00:00|09-02-2026 00:00:00||09-03-2026 17:25:31|09-03-2026 23:06:26|09-04-2026 00:26:45|09-04-2026 05:42:12||09-04-2026 05:42:49|09-09-2026 09:07:32|09-09-2026 09:08:18|18.63|142.06|123.42
BRCJM01|BRHARLD|BRHARLD|100067357|Shipped|||01693497000214|86020-000|PARANA|BR|ALL IN||10|9|9|37|37|Y|09-03-2026 11:04:58|09-03-2026 00:00:00|08-17-2026 00:00:00|08-17-2026 00:00:00||09-03-2026 17:25:23|09-04-2026 13:54:26|09-04-2026 14:16:53|09-04-2026 20:39:29||09-04-2026 20:40:17|09-10-2026 11:16:20|09-10-2026 11:18:37|33.59|168.23|134.64
BRCJM01|BRHARLD|BRHARLD|100067359|Shipped|||23633012000159|69050-055|AMAZONAS|BR|NORTEX||54|0|0|73|73|Y|09-03-2026 11:04:58|09-03-2026 00:00:00|06-09-2026 00:00:00|06-09-2026 00:00:00|09-03-2026 17:25:22|09-04-2026 10:13:05|09-05-2026 11:59:30|09-09-2026 11:25:03|09-09-2026 12:11:07||09-09-2026 12:11:35|09-12-2026 11:44:58|09-12-2026 11:51:09|145.11|216.77|71.66
BRCJM01|BRHARLD|BRHARLD|100067362|Shipped|||01693497000133|80740-000|PARANA|BR|TAC CWB||2|5|5|5|5|Y|09-04-2026 01:13:51|09-03-2026 00:00:00|08-24-2026 00:00:00|08-24-2026 00:00:00|09-04-2026 12:26:14|09-04-2026 14:20:07|09-08-2026 08:25:34|09-08-2026 08:27:44|09-08-2026 20:48:51||09-08-2026 20:49:17|09-12-2026 12:58:46|09-12-2026 13:22:19|115.59|204.14|88.55
BRCJM01|BRHARLD|BRHARLD|100067363|Shipped|||01693497000133|80740-000|PARANA|BR|TAC CWB||15|19|19|28|28|Y|09-04-2026 01:13:52|09-03-2026 00:00:00|09-03-2026 00:00:00|09-03-2026 00:00:00||09-04-2026 12:26:16|09-08-2026 10:19:32|09-08-2026 17:51:32|09-08-2026 18:55:24||09-08-2026 18:56:56|09-12-2026 12:59:00|09-12-2026 13:22:19|113.72|204.14|90.42
BRCJM01|BRHARLD|BRHARLD|100067365|Shipped|||16520353000152|14024-800|SAO PAULO|BR|ALL IN||14|74|74|126|126|Y|09-04-2026 01:12:49|09-03-2026 00:00:00|09-02-2026 00:00:00|09-02-2026 00:00:00|09-08-2026 12:25:19|09-08-2026 17:04:23|09-08-2026 17:08:04|09-08-2026 17:10:51|09-09-2026 04:20:13||09-09-2026 04:28:40|09-10-2026 11:17:05|09-10-2026 11:18:38|123.26|154.1|30.83
BRCJM01|BRHARLD|BRHARLD|100067366|Shipped|||16520353000152|14024-800|SAO PAULO|BR|ALL IN||5|0|0|10|10|Y|09-04-2026 01:12:50|09-03-2026 00:00:00|07-01-2026 00:00:00|07-01-2026 00:00:00||09-04-2026 12:26:10|09-08-2026 08:06:56|09-08-2026 08:09:53|09-08-2026 08:51:56||09-08-2026 08:52:12|09-10-2026 11:17:20|09-10-2026 11:18:38|103.66|154.1|50.44
BRCJM01|BRHARLD|BRHARLD|100067368|Shipped|||20110460000180|18047-620|SAO PAULO|BR|TAC SOR||7|60|60|97|97|Y|09-04-2026 01:12:50|09-03-2026 00:00:00|09-03-2026 00:00:00|09-03-2026 00:00:00||09-04-2026 12:26:17|09-08-2026 08:47:12|09-08-2026 11:49:33|09-08-2026 20:29:44||09-08-2026 20:30:35|09-12-2026 12:59:22|09-12-2026 13:22:19|115.3|204.16|88.86
BRCJM01|BRHARLD|BRHARLD|100067370|Shipped|||13244867000304|13295-622|SAO PAULO|BR|TAC CPQ||12|11|11|24|24|Y|09-04-2026 01:12:50|09-03-2026 00:00:00|09-02-2026 00:00:00|09-02-2026 00:00:00||09-04-2026 12:26:15|09-08-2026 10:47:27|09-08-2026 11:41:51|09-08-2026 11:45:30||09-08-2026 11:46:28|09-10-2026 11:17:56|09-10-2026 11:18:38|106.56|154.1|47.54
BRCJM01|BRHARLD|BRHARLD|100067385|Shipped|||19231827000134|22790-702|RIO DE JANEIRO|BR|ANDRE/TRANSP||11|4|4|22|22|Y|09-08-2026 18:29:33|09-08-2026 00:00:00|07-28-2026 00:00:00|07-28-2026 00:00:00||09-09-2026 08:16:23|09-09-2026 23:00:46|09-09-2026 23:13:04|09-10-2026 05:24:58||09-10-2026 05:27:30|09-12-2026 11:46:32|09-12-2026 11:51:08|34.97|89.36|54.39
BRCJM01|BRHARLD|BRHARLD|100067386|Shipped|||19231827000134|22790-702|RIO DE JANEIRO|BR|ANDRE/TRANSP||2|4|4|4|4|Y|09-08-2026 18:29:33|09-08-2026 00:00:00|09-08-2026 00:00:00|09-08-2026 00:00:00||09-09-2026 08:16:34|09-10-2026 04:59:38|09-10-2026 05:02:31|09-10-2026 12:51:43||09-10-2026 12:52:03|09-12-2026 11:46:43|09-12-2026 11:51:08|42.38|89.36|46.98
BRCJM01|BRHARLD|BRHARLD|100067390|Shipped|||13244867000304|13295-622|SAO PAULO|BR|TAC CPQ||12|8|8|30|30|Y|09-08-2026 18:29:33|09-08-2026 00:00:00|09-02-2026 00:00:00|09-02-2026 00:00:00||09-09-2026 08:16:33|09-10-2026 08:03:13|09-10-2026 09:15:28|09-10-2026 11:39:14||09-10-2026 11:42:30|09-12-2026 11:47:12|09-12-2026 11:51:07|41.22|89.36|48.14
BRCJM01|BRHARLD|BRHARLD|100067391|Shipped|||01693497000214|86020-000|PARANA|BR|ALL IN||14|2|2|18|18|Y|09-08-2026 18:29:34|09-08-2026 00:00:00|07-28-2026 00:00:00|07-28-2026 00:00:00||09-09-2026 08:16:24|09-09-2026 22:15:10|09-09-2026 22:30:25|09-10-2026 10:19:33||09-10-2026 10:21:03|09-12-2026 11:48:28|09-12-2026 11:51:07|39.86|89.36|49.5
BRCJM01|BRHARLD|BRHARLD|100067395|Shipped|||59997590000111|30494-080|MINAS GERAIS|BR|ANDRE/TRANSP||31|50|50|92|92|Y|09-08-2026 18:29:34|09-08-2026 00:00:00|08-10-2026 00:00:00|08-10-2026 00:00:00|09-09-2026 08:16:33|09-09-2026 11:58:25|09-09-2026 13:30:42|09-09-2026 14:16:59|09-09-2026 14:52:01||09-09-2026 14:53:32|09-12-2026 11:49:29|09-12-2026 11:51:09|20.4|89.36|68.96
BRCJM01|BRHARLD|BRHARLD|100067396|Shipped|||61810431000108|29060-730|ESPIRITO SANTO|BR|AEREO||2|0|0|7|7|Y|09-08-2026 18:29:34|09-08-2026 00:00:00|07-28-2026 00:00:00|07-28-2026 00:00:00||09-09-2026 08:16:24|09-09-2026 23:21:37|09-09-2026 23:22:37|09-10-2026 04:53:25||09-10-2026 04:53:46|09-12-2026 11:49:47|09-12-2026 11:51:09|34.4|89.36|54.96
BRCJM01|BRHARLD|BRHARLD|21194|Shipped|||2273580000469|07789-100|sp|BR|AEREO||16|1.28|1|24|24|Y|08-14-2026 12:11:57|08-14-2026 12:11:57||||08-14-2026 16:29:40|08-14-2026 16:33:12|08-14-2026 16:36:13|08-14-2026 16:57:22||08-14-2026 16:58:08|08-14-2026 17:01:04|08-14-2026 17:01:26|4.77|4.82|.06
