Site|Client|Owner|Order Id|Status|Order Type|Retailer Id|Address id|To Postal code|To County|To Country|Carrier Id|Dispatch Method|Lines|Total weight|Total volume|Qty ordered|Qty shipped|Shipped in full|Creation Date|Order Date|Ship By Date|Deliver By Date|Released|Allocated|In Progress|Picked|Packed|Awaiting|Ready To Load|Complete|Shipped|Creation to Ready to Load|Creation to Shipped|Ready to Load to Shipped
BRCJM01|BRCJ1JET|BRCJ1JET|0549994|Shipped|NORMAL||63838066000256||||DSV||1|.01|.000001|1|1|Y|06-22-2026 12:48:46|06-22-2026 12:48:46|||06-22-2026 12:50:36|06-22-2026 12:56:38|06-22-2026 15:16:23|06-22-2026 15:16:23|06-22-2026 17:17:01||06-22-2026 18:37:51|06-24-2026 11:14:34|06-24-2026 11:14:37|5.82|46.43|40.61
BRCJM01|BRCJ1JET|BRCJ1JET|0600093|Shipped|NORMAL||06334563000100||||DSV||1|.05|.000005|5|5|Y|06-22-2026 12:48:46|06-22-2026 12:48:46|||06-22-2026 12:50:36|06-22-2026 12:56:37|06-22-2026 15:20:35|06-22-2026 15:20:35|06-22-2026 18:10:56||06-22-2026 18:35:11|06-24-2026 11:12:20|06-24-2026 11:12:31|5.77|46.4|40.62
BRCJM01|BRCJ1JET|BRCJ1JET|0600094|Shipped|NORMAL||63432244000406||||DSV||1|.01|.000001|1|1|Y|06-22-2026 12:48:46|06-22-2026 12:48:46|||06-22-2026 12:50:36|06-22-2026 12:56:38|06-22-2026 15:10:34|06-22-2026 15:10:34|06-22-2026 17:21:41||06-22-2026 18:38:40|06-24-2026 11:14:06|06-24-2026 11:14:10|5.83|46.42|40.59
BRCJM01|BRCJ1JET|BRCJ1JET|0600095|Shipped|NORMAL||64204650000131||||DSV||1|.01|.000001|1|1|Y|06-22-2026 12:50:47|06-22-2026 12:53:49|||06-22-2026 12:53:49|06-22-2026 12:56:38|06-22-2026 15:08:08|06-22-2026 15:08:08|06-22-2026 17:05:08||06-22-2026 18:38:13|06-24-2026 11:18:23|06-24-2026 11:18:27|5.79|46.46|40.67
BRCJM01|BRCJ1JET|BRCJ1JET|0600096|Shipped|NORMAL||63532672000168|14021-600|SP|BR|DSV||1|.02|.000002|2|2|Y|06-22-2026 12:39:42|06-22-2026 12:44:45|||06-22-2026 12:40:24|06-22-2026 12:56:37|06-22-2026 15:23:10|06-22-2026 15:23:10|06-22-2026 17:35:49||06-22-2026 18:36:33|06-24-2026 11:11:39|06-24-2026 11:11:53|5.95|46.54|40.59
BRCJM01|BRCJ1JET|BRCJ1JET|0600097|Shipped|NORMAL||62617245000381|93320-175|RS|BR|DSV||1|.03|.000003|3|3|Y|06-22-2026 12:39:44|06-22-2026 12:44:45|||06-22-2026 12:40:24|06-22-2026 12:56:37|06-22-2026 15:21:56|06-22-2026 15:21:56|06-22-2026 17:41:29||06-22-2026 18:37:18|06-25-2026 14:24:42|06-25-2026 14:24:45|5.96|73.75|67.79
BRCJM01|BRCJ1JET|BRCJ1JET|0600098|Shipped|NORMAL||05796221000131||||DSV||1|.04|.000004|4|4|Y|06-22-2026 12:50:47|06-22-2026 12:53:49|||06-22-2026 12:53:49|06-22-2026 12:56:38|06-22-2026 15:17:36|06-22-2026 15:17:36|06-22-2026 17:52:01||06-22-2026 18:33:29|06-24-2026 11:15:33|06-24-2026 11:15:37|5.71|46.41|40.7
BRCJM01|BRCJ1JET|BRCJ1JET|0600099|Shipped|NORMAL||64204650000484||||DSV||1|.02|.000002|2|2|Y|06-22-2026 12:50:47|06-22-2026 12:53:50|||06-22-2026 12:53:50|06-22-2026 12:56:38|06-22-2026 15:18:47|06-22-2026 15:19:13|06-22-2026 17:25:55||06-22-2026 18:36:56|06-24-2026 11:19:29|06-24-2026 11:19:33|5.77|46.48|40.71
BRCJM01|BRCJ1JET|BRCJ1JET|0600104|Shipped|NORMAL||64389741000199||||DSV||1|.05|.000005|5|5|Y|06-22-2026 12:50:47|06-22-2026 12:52:48|||06-22-2026 12:52:48|06-22-2026 12:56:38|06-22-2026 15:12:02|06-22-2026 15:12:02|06-22-2026 18:01:20||06-22-2026 18:34:24|06-24-2026 11:20:37|06-24-2026 11:20:38|5.73|46.5|40.77
BRCJM01|BRCJ1JET|BRCJ1JET|0600107|Shipped|NORMAL||05796221000565||||DSV||1|.01|.000001|1|1|Y|06-22-2026 12:51:47|06-22-2026 12:53:50|||06-22-2026 12:53:50|06-22-2026 12:56:38|06-22-2026 15:28:36|06-22-2026 15:28:36|06-22-2026 17:12:50||06-22-2026 18:38:31|06-24-2026 11:16:01|06-24-2026 11:16:05|5.78|46.41|40.63
BRCJM01|BRCJ1JET|BRCJ1JET|0600108|Shipped|NORMAL||64156009000179||||DSV||1|.09|.000009|9|9|Y|06-22-2026 12:51:47|06-22-2026 12:52:48|||06-22-2026 12:52:48|06-22-2026 12:56:38|06-22-2026 15:14:03|06-22-2026 15:14:03|06-22-2026 18:31:36||06-22-2026 18:41:01|06-24-2026 11:17:56|06-24-2026 11:18:00|5.82|46.44|40.62
BRCJM01|BRCJ1JET|BRCJ1JET|0600116|Shipped|NORMAL||64204650000301||||DSV||1|.02|.000002|2|2|Y|06-22-2026 12:49:46|06-22-2026 12:54:51|||06-22-2026 12:50:36|06-22-2026 12:56:38|06-22-2026 15:29:47|06-22-2026 15:29:47|06-22-2026 17:32:45||06-22-2026 18:37:12|06-24-2026 11:19:02|06-24-2026 11:19:06|5.79|46.49|40.7
BRCJM01|BRCJ1JET|BRCJ1JET|0600121|Shipped|RUSH||63432244000678||||DSV||1|.01|.000001|1|1|Y|07-08-2026 11:42:18|07-08-2026 11:42:18|||07-08-2026 11:45:50|07-08-2026 14:40:28|07-08-2026 16:53:39|07-08-2026 16:53:39|07-10-2026 15:22:18||07-10-2026 15:45:21|07-30-2026 17:50:00|07-30-2026 17:50:04|52.05|534.13|482.08
BRCJM01|BRCJ1JET|BRCJ1JET|0600128|Shipped|NORMAL||63838066000175||||DSV||1|.01|.000001|1|1|Y|06-22-2026 12:52:48|06-22-2026 12:53:50|||06-22-2026 12:53:50|06-22-2026 12:56:38|06-22-2026 15:31:38|06-22-2026 15:31:38|06-22-2026 17:10:25||06-22-2026 18:38:22|06-24-2026 11:17:23|06-24-2026 11:17:26|5.76|46.41|40.65
BRCJM01|BRCJ1JET|BRCJ1JET|0600130|Shipped|NORMAL||6173588800103||||DSV||1|.02|.000002|2|2|Y|06-22-2026 12:49:46|06-22-2026 12:54:51|||06-22-2026 12:50:36|06-22-2026 12:56:38|06-22-2026 15:32:56|06-22-2026 15:32:56|06-22-2026 17:28:54||06-22-2026 18:37:36|06-24-2026 11:16:56|06-24-2026 11:16:59|5.8|46.45|40.66
BRCJM01|BRCJ1JET|BRCJ1JET|0600132|Shipped|NORMAL||26609106900261||||DSV||1|.01|.000001|1|1|Y|06-22-2026 12:49:46|06-22-2026 12:53:49|||06-22-2026 12:50:36|06-22-2026 12:56:38|06-22-2026 15:15:03|06-22-2026 15:15:03|06-22-2026 17:19:40||06-22-2026 18:37:44|06-24-2026 11:16:25|06-24-2026 11:16:30|5.8|46.45|40.65
BRCJM01|BRCJ1JET|BRCJ1JET|0600133|Shipped|RUSH||63432244000325||||DSV||1|.02|.000002|2|2|Y|07-08-2026 11:42:19|07-08-2026 11:42:19|||07-08-2026 11:45:50|07-08-2026 14:40:28|07-08-2026 16:52:09|07-08-2026 16:52:09|07-10-2026 15:21:55||07-10-2026 15:46:30|07-30-2026 17:47:05|07-30-2026 17:47:10|52.07|534.08|482.01
BRCJM01|BRCJ1JET|BRCJ1JET|1310-1|Shipped|NORMAL||61915384000167||||DSV||6|.24|.002004|6|6|Y|08-25-2026 11:21:03|08-25-2026 11:21:03|||08-25-2026 11:21:50|08-25-2026 11:22:53|08-25-2026 12:57:36|08-25-2026 13:48:47|08-26-2026 08:20:45||08-26-2026 08:21:15|08-27-2026 08:50:35|08-27-2026 08:50:37|21|45.49|24.49
BRCJM01|BRCJ1JET|BRCJ1JET|1553491|Shipped|NORMAL||05796221000565||||DSV||1|.01|.000001|1|1|Y|05-15-2026 18:01:31|05-15-2026 18:01:31||||||||||06-19-2026 14:28:51|06-19-2026 14:28:54||836.46|
BRCJM01|BRCJ1JET|BRCJ1JET|1583888|Shipped|NORMAL||12305346000187||||DSV||2|10.42|.000002|4|4|Y|05-22-2026 16:06:16|05-22-2026 16:06:16|||||||||06-24-2026 09:00:59|06-25-2026 14:42:55|06-25-2026 14:43:00|784.91|814.61|29.7
BRCJM01|BRCJ1JET|BRCJ1JET|1583890|Shipped|NORMAL||12305346000187||||DSV||1|.01|.000001|1|1|Y|05-22-2026 16:05:15|05-22-2026 16:05:15||||||||||06-25-2026 14:42:13|06-25-2026 14:42:16||814.62|
BRCJM01|BRCJ1JET|BRCJ1JET|1606424|Shipped|RUSH||05796221000301||||DSV||1|.01|.000001|1|1|Y|05-28-2026 17:15:35|05-28-2026 17:15:35||||||||||06-25-2026 14:43:27|06-25-2026 14:43:29||669.47|
BRCJM01|BRCJ1JET|BRCJ1JET|1635740|Shipped|NORMAL||62617245000381|93320-175|RS|BR|DSV||3|4|.04|45|45|Y|06-03-2026 17:25:31|06-03-2026 17:25:31||||||||||06-17-2026 09:02:11|06-17-2026 09:02:14||327.61|
BRCJM01|BRCJ1JET|BRCJ1JET|1635742|Shipped|NORMAL||62617245000110||||DSV||3|4|.04|45|45|Y|06-03-2026 17:27:33|06-03-2026 17:27:33||||||||||06-17-2026 09:01:45|06-17-2026 09:01:48||327.57|
BRCJM01|BRCJ1JET|BRCJ1JET|1635745|Shipped|NORMAL||64156009000179||||DSV||1|0|0|1|1|Y|06-03-2026 17:27:33|06-03-2026 17:27:33||||||||||06-17-2026 09:02:51|06-17-2026 09:03:02||327.59|
BRCJM01|BRCJ1JET|BRCJ1JET|1635747|Shipped|NORMAL||09096495000179||||DSV||1|.03|.000003|3|3|Y|06-03-2026 17:27:33|06-03-2026 17:27:33||||||||||06-17-2026 09:01:18|06-17-2026 09:01:23||327.56|
BRCJM01|BRCJ1JET|BRCJ1JET|1642201|Shipped|NORMAL||63532672000168|14021-600|SP|BR|DSV||3|1|.01|15|15|Y|06-08-2026 16:29:36|06-08-2026 16:29:36||||||||||06-19-2026 16:12:13|06-19-2026 16:12:16||263.71|
BRCJM01|BRCJ1JET|BRCJ1JET|1642202|Shipped|NORMAL||40656924000246||||DSV||1|.01|.000001|1|1|Y|06-08-2026 16:30:36|06-08-2026 16:30:36||||||||||06-17-2026 09:03:27|06-17-2026 09:03:32||208.55|
BRCJM01|BRCJ1JET|BRCJ1JET|1649318|Shipped|NORMAL||64204650000131||||DSV||6|.6|.006|6|6|Y|06-08-2026 16:31:37|06-08-2026 16:31:37||||||||||06-17-2026 09:04:28|06-17-2026 09:04:32||208.55|
BRCJM01|BRCJ1JET|BRCJ1JET|1649319|Shipped|NORMAL||61735888000286|04553-002|SP|BR|DSV||1|.01|.000001|1|1|Y|06-08-2026 16:29:35|06-08-2026 16:29:35||||||||||06-17-2026 09:04:02|06-17-2026 09:04:05||208.58|
BRCJM01|BRCJ1JET|BRCJ1JET|1649320|Shipped|NORMAL||64204650000301||||DSV||6|.6|.006|6|6|Y|06-08-2026 16:31:37|06-08-2026 16:31:37||||||||||06-17-2026 09:04:59|06-17-2026 09:05:06||208.56|
BRCJM01|BRCJ1JET|BRCJ1JET|1649321|Shipped|NORMAL||64107585000126||||DSV||1|.01|.000001|1|1|Y|06-08-2026 16:31:37|06-08-2026 16:31:37||||||||||06-25-2026 14:44:02|06-25-2026 14:44:04||406.21|
BRCJM01|BRCJ1JET|BRCJ1JET|1654032|Shipped|NORMAL||63532672000168|14021-600|SP|BR|DSV||2|.02|.000002|2|2|Y|06-11-2026 15:14:53|06-11-2026 15:14:53||||||||||06-19-2026 16:13:21|06-19-2026 16:13:29||192.98|
BRCJM01|BRCJ1JET|BRCJ1JET|1654034|Shipped|NORMAL||63532672000168|14021-600|SP|BR|DSV||1|.1|.001|1|1|Y|06-11-2026 15:14:55|06-11-2026 15:14:55||||||||||06-19-2026 15:53:50|06-19-2026 15:53:56||192.65|
BRCJM01|BRCJ1JET|BRCJ1JET|1654035|Shipped|NORMAL||62617245000110||||DSV||7|.4|7.004|13|13|Y|06-11-2026 15:24:00|06-11-2026 15:24:00|||06-17-2026 14:49:27|06-18-2026 18:29:27|06-19-2026 01:27:44|06-19-2026 02:23:07|06-19-2026 13:46:26||06-19-2026 13:49:33|07-10-2026 11:45:35|07-10-2026 11:45:45|190.43|692.36|501.94
BRCJM01|BRCJ1JET|BRCJ1JET|1657736|Shipped|NORMAL||62617245000381|93320-175|RS|BR|DSV||3|.01|.000001|3|3|Y|06-11-2026 15:15:56|06-11-2026 15:15:56||||||||||06-17-2026 09:05:33|06-17-2026 09:05:40||137.83|
BRCJM01|BRCJ1JET|BRCJ1JET|1657740|Shipped|NORMAL||64156462000185||||DSV||1|.01|.000001|1|1|Y|06-11-2026 15:19:57|06-11-2026 15:19:57|||06-17-2026 14:49:26|06-18-2026 18:19:59|06-18-2026 23:07:05|06-18-2026 23:07:05|06-19-2026 10:41:49||06-19-2026 10:44:31|06-24-2026 11:23:50|06-24-2026 11:23:53|187.41|308.07|120.66
BRCJM01|BRCJ1JET|BRCJ1JET|1657742|Shipped|NORMAL||63532672000168|14021-600|SP|BR|DSV||1|.01|.000001|1|1|Y|06-11-2026 15:14:55|06-11-2026 15:14:55||||||||||06-19-2026 16:12:43|06-19-2026 16:12:46||192.96|
BRCJM01|BRCJ1JET|BRCJ1JET|1657743|Shipped|NORMAL||63532672000168|14021-600|SP|BR|DSV||1|.01|.000001|1|1|Y|06-11-2026 15:14:55|06-11-2026 15:14:55||||||||||06-19-2026 16:14:32|06-19-2026 16:14:36||192.99|
BRCJM01|BRCJ1JET|BRCJ1JET|1657746|Shipped|NORMAL||04757705000109||||DSV||1|.01|.000001|1|1|Y|06-11-2026 15:19:57|06-11-2026 15:19:57||||||||||06-24-2026 11:39:58|06-24-2026 11:40:02||308.33|
BRCJM01|BRCJ1JET|BRCJ1JET|1657748|Shipped|NORMAL||64156009000179||||DSV||1|.01|.000001|1|1|Y|06-11-2026 15:19:58|06-11-2026 15:19:58|||||||06-26-2026 19:30:02||06-26-2026 19:32:40|07-10-2026 11:46:08|07-10-2026 11:46:11|364.21|692.44|328.23
BRCJM01|BRCJ1JET|BRCJ1JET|1660237|Shipped|NORMAL||63838066000256||||DSV||1|.01|.000001|1|1|Y|06-11-2026 15:20:58|06-11-2026 15:20:58||||||||||06-17-2026 09:06:33|06-17-2026 09:06:42||137.76|
BRCJM01|BRCJ1JET|BRCJ1JET|1661643|Shipped|NORMAL||64506399000160|13420-355|SP|BR|DSV||1|.1|.001|1|1|Y|06-11-2026 15:14:55|06-11-2026 15:14:55||||||||||06-17-2026 09:06:04|06-17-2026 09:06:09||137.85|
BRCJM01|BRCJ1JET|BRCJ1JET|1664855|Shipped|NORMAL||12305346000187||||DSV||6|1.1|.011|11|11|Y|06-11-2026 15:20:58|06-11-2026 15:20:58|||06-17-2026 14:16:59|06-18-2026 18:29:27|06-19-2026 06:39:41|06-19-2026 11:10:46|06-20-2026 10:02:34||06-20-2026 12:26:30|07-21-2026 10:37:04|07-21-2026 10:37:11|213.09|955.27|742.18
BRCJM01|BRCJ1JET|BRCJ1JET|1668116|Shipped|NORMAL||63432244000163||||DSV||1|.01|.000001|1|1|Y|06-12-2026 15:23:39|06-12-2026 15:23:39||||||||||06-17-2026 09:07:37|06-17-2026 09:07:42||113.73|
BRCJM01|BRCJ1JET|BRCJ1JET|1668117|Shipped|NORMAL||40656924000246||||DSV||2|.02|.000002|2|2|Y|06-12-2026 15:24:40|06-12-2026 15:24:40||||||||||06-17-2026 09:08:10|06-17-2026 09:08:12||113.73|
BRCJM01|BRCJ1JET|BRCJ1JET|1671503|Shipped|NORMAL||12305346000187||||DSV||1|.01|.000001|1|1|Y|06-12-2026 15:23:39|06-12-2026 15:23:39||||||||||06-17-2026 09:07:03|06-17-2026 09:07:08||113.72|
BRCJM01|BRCJ1JET|BRCJ1JET|1673144|Shipped|RUSH||31467699000128||||DSV||9|.51|.005001|10|10|Y|06-12-2026 17:27:09|06-12-2026 17:27:09||||||||||06-17-2026 09:08:41|06-17-2026 09:08:44||111.69|
BRCJM01|BRCJ1JET|BRCJ1JET|1673160|Shipped|NORMAL||64435342000117||||DSV||7|.42|9.904002|7|7|Y|06-15-2026 17:01:05|06-15-2026 17:01:05||||||06-17-2026 14:05:41|06-17-2026 14:14:14||06-18-2026 06:28:04|06-24-2026 11:24:23|06-24-2026 11:24:26|61.45|210.39|148.94
BRCJM01|BRCJ1JET|BRCJ1JET|1673166|Shipped|NORMAL||40656924000246||||DSV||2|.01|.000001|2|2|Y|06-15-2026 17:02:06|06-15-2026 17:02:06|||||06-16-2026 09:39:19|06-16-2026 09:39:36|06-16-2026 10:13:32||06-16-2026 10:13:48|06-19-2026 08:00:38|06-19-2026 08:00:41|17.2|86.98|69.78
BRCJM01|BRCJ1JET|BRCJ1JET|1673170|Shipped|NORMAL||64435342000117||||DSV||1|.03|.000003|3|3|Y|06-15-2026 17:02:06|06-15-2026 17:02:06|||||06-16-2026 04:07:39|06-16-2026 04:07:39|06-16-2026 12:13:33||06-16-2026 12:14:59|06-19-2026 08:00:09|06-19-2026 08:00:12|19.21|86.97|67.75
BRCJM01|BRCJ1JET|BRCJ1JET|1677707|Shipped|RUSH||64629695000158||||DSV||1|0|0|3|3|Y|06-15-2026 11:38:19|06-15-2026 11:38:19||||||||||07-07-2026 17:14:35|07-07-2026 17:14:39||533.61|
BRCJM01|BRCJ1JET|BRCJ1JET|1677762|Shipped|NORMAL||62617245000110||||DSV||1|.03|.000003|3|3|Y|06-15-2026 17:02:06|06-15-2026 17:02:06|||||06-16-2026 04:01:54|06-16-2026 04:01:54|06-16-2026 13:36:22||06-16-2026 13:36:35|06-19-2026 14:07:32|06-19-2026 14:07:36|20.57|93.09|72.52
BRCJM01|BRCJ1JET|BRCJ1JET|1679051|Shipped|NORMAL||63838066000256||||DSV||1|.01|.000001|1|1|Y|06-17-2026 16:35:25|06-17-2026 16:35:24|||06-17-2026 16:39:42|06-17-2026 16:42:14|06-17-2026 18:16:10|06-17-2026 18:16:10|06-17-2026 21:54:10||06-18-2026 06:21:10|06-24-2026 11:28:00|06-24-2026 11:28:03|13.76|162.88|149.11
BRCJM01|BRCJ1JET|BRCJ1JET|1679088|Shipped|NORMAL||63432244000678||||DSV||10|.51|.005001|11|11|Y|06-17-2026 16:04:15|06-17-2026 16:04:15|||06-17-2026 16:08:50|06-17-2026 16:10:35|06-17-2026 22:08:15|06-18-2026 01:32:41|06-18-2026 08:42:18||06-18-2026 08:49:38|06-24-2026 11:27:33|06-24-2026 11:27:36|16.76|163.39|146.63
BRCJM01|BRCJ1JET|BRCJ1JET|1679097|Shipped|NORMAL||63432244000163||||DSV||7|1.01|.010001|11|11|Y|06-17-2026 16:05:15|06-17-2026 16:05:15|||06-17-2026 16:08:37|06-17-2026 16:10:35|06-17-2026 21:47:33|06-18-2026 01:16:29|06-18-2026 12:07:45||06-18-2026 12:13:05|06-26-2026 08:10:25|06-26-2026 08:10:29|20.13|208.09|187.96
BRCJM01|BRCJ1JET|BRCJ1JET|1679108|Shipped|NORMAL||63432244000406||||DSV||3|.03|.000003|3|3|Y|06-17-2026 16:05:16|06-17-2026 16:05:16|||06-17-2026 16:08:50|06-17-2026 16:10:36|06-17-2026 17:20:49|06-17-2026 18:12:26|06-17-2026 22:15:24||06-18-2026 06:21:59|06-24-2026 11:27:07|06-24-2026 11:27:10|14.28|163.37|149.09
BRCJM01|BRCJ1JET|BRCJ1JET|1683357|Shipped|NORMAL||62617245000110||||DSV||1|.01|.000001|1|1|Y|06-17-2026 15:47:10|06-17-2026 15:47:10|||06-17-2026 15:48:14|06-17-2026 16:10:35|06-17-2026 18:19:33|06-17-2026 18:19:33|06-17-2026 22:11:27||06-18-2026 06:21:17|06-24-2026 11:26:11|06-24-2026 11:26:14|14.57|163.65|149.08
BRCJM01|BRCJ1JET|BRCJ1JET|1683381|Shipped|NORMAL||31467699000128||||DSV||4|.42|.004002|8|8|Y|06-17-2026 15:46:09|06-17-2026 15:46:09|||06-17-2026 15:48:14|06-17-2026 16:10:34|06-17-2026 18:25:55|06-17-2026 18:38:37|06-17-2026 22:04:31||06-18-2026 06:22:14|06-24-2026 11:25:21|06-24-2026 11:25:24|14.6|163.65|149.05
BRCJM01|BRCJ1JET|BRCJ1JET|1683406|Shipped|NORMAL||31467699000128||||DSV||1|.1|.001|1|1|Y|06-17-2026 15:46:09|06-17-2026 15:46:09|||06-17-2026 15:48:14|06-17-2026 16:10:35|06-17-2026 18:22:49|06-17-2026 18:22:49|06-17-2026 22:08:30||06-18-2026 06:20:57|06-24-2026 11:25:46|06-24-2026 11:25:50|14.58|163.66|149.08
BRCJM01|BRCJ1JET|BRCJ1JET|1683441|Shipped|RUSH||40656924000246||||DSV||1|.01|.000001|1|1|Y|06-16-2026 17:07:52|06-16-2026 17:07:52|||06-16-2026 17:08:57|06-16-2026 17:09:25|06-16-2026 20:23:55|06-16-2026 20:23:55|06-16-2026 22:15:02||06-16-2026 22:22:31|06-19-2026 14:04:33|06-19-2026 14:04:37|5.24|68.95|63.7
BRCJM01|BRCJ1JET|BRCJ1JET|1683462|Shipped|NORMAL||04757705000109||||DSV||4|.12|.001002|4|4|Y|06-17-2026 16:04:15|06-17-2026 16:04:15|||06-17-2026 16:08:19|06-17-2026 16:10:35|06-17-2026 21:53:38|06-18-2026 01:47:32|06-18-2026 08:24:40||06-18-2026 08:26:48|07-06-2026 13:52:15|07-06-2026 13:52:18|16.38|453.8|437.43
BRCJM01|BRCJ1JET|BRCJ1JET|1683506|Shipped|NORMAL||64156009000179||||DSV||6|2.1|.021|21|21|Y|06-17-2026 15:46:09|06-17-2026 15:46:09|||06-30-2026 13:52:15|06-30-2026 14:11:28|07-01-2026 07:05:49|07-02-2026 23:04:31|07-03-2026 02:10:58||07-03-2026 02:14:09|07-07-2026 13:44:26|07-07-2026 13:44:27|370.47|477.97|107.51
BRCJM01|BRCJ1JET|BRCJ1JET|1687698|Shipped|NORMAL||63432244000678||||DSV||3|.03|.000003|3|3|Y|06-17-2026 15:46:09|06-17-2026 15:46:09|||06-17-2026 15:48:14|06-17-2026 16:10:34|06-17-2026 22:22:00|06-18-2026 01:20:11|06-18-2026 08:33:10||06-18-2026 08:34:06|06-24-2026 11:26:40|06-24-2026 11:26:45|16.8|163.68|146.88
BRCJM01|BRCJ1JET|BRCJ1JET|1688355|Shipped|NORMAL||62617245000381|93320-175|RS|BR|DSV||1|.01|.000001|1|1|Y|06-17-2026 15:13:57|06-17-2026 15:13:57|||06-17-2026 15:17:21|06-17-2026 16:10:33|06-17-2026 18:28:28|06-17-2026 18:28:28|06-17-2026 21:08:36||06-18-2026 07:06:36|06-24-2026 11:24:50|06-24-2026 11:24:53|15.88|164.18|148.3
BRCJM01|BRCJ1JET|BRCJ1JET|1688843|Shipped|NORMAL||40656924000246||||DSV||3|.21|.002001|3|3|Y|06-18-2026 17:29:41|06-18-2026 17:29:41|||06-18-2026 17:30:28|06-18-2026 17:35:25|06-18-2026 23:30:57|06-18-2026 23:38:28|06-20-2026 08:27:14||06-20-2026 08:27:45|06-26-2026 08:12:01|06-26-2026 08:12:04|38.97|182.71|143.74
BRCJM01|BRCJ1JET|BRCJ1JET|1688898|Shipped|NORMAL||64629695000158||||DSV||134|15.8|94152.158|232|232|Y|06-17-2026 17:23:49|06-17-2026 17:23:49|||06-17-2026 17:26:11|06-17-2026 17:27:31|06-17-2026 22:58:13|06-19-2026 04:05:51|06-19-2026 06:30:19||06-19-2026 06:42:47|06-24-2026 11:30:50|06-24-2026 11:30:53|37.32|162.12|124.8
BRCJM01|BRCJ1JET|BRCJ1JET|1688899|Shipped|NORMAL||05796221000131||||DSV||1|.18|.000018|18|18|Y|06-17-2026 17:24:52|06-17-2026 17:24:52|||06-17-2026 17:26:10|06-17-2026 17:27:37|06-17-2026 22:37:32|06-17-2026 22:37:32|06-18-2026 09:57:30||06-18-2026 09:57:52|07-21-2026 10:38:03|07-21-2026 10:38:07|16.55|809.22|792.67
BRCJM01|BRCJ1JET|BRCJ1JET|1688900|Shipped|NORMAL||05796221000301||||DSV||1|.07|.000007|7|7|Y|06-17-2026 17:24:52|06-17-2026 17:24:52|||06-17-2026 17:26:10|06-17-2026 17:27:37|06-17-2026 22:36:09|06-17-2026 22:36:09|06-18-2026 10:04:15||06-18-2026 10:04:44|07-21-2026 10:39:44|07-21-2026 10:39:48|16.66|809.25|792.58
BRCJM01|BRCJ1JET|BRCJ1JET|1688901|Shipped|NORMAL||05796221000565||||DSV||1|.07|.000007|7|7|Y|06-17-2026 17:24:52|06-17-2026 17:24:52|||06-17-2026 17:26:10|06-17-2026 17:27:37|06-17-2026 22:50:30|06-17-2026 22:50:30|06-18-2026 10:08:44||06-18-2026 10:09:33|07-21-2026 10:40:24|07-21-2026 10:40:27|16.74|809.26|792.52
BRCJM01|BRCJ1JET|BRCJ1JET|1688902|Shipped|NORMAL||26609106000180||||DSV||1|.17|.000017|17|17|Y|06-17-2026 17:24:52|06-17-2026 17:24:52|||06-17-2026 17:26:10|06-17-2026 17:27:37|06-17-2026 22:49:19|06-17-2026 22:49:19|06-18-2026 10:12:46||06-18-2026 10:13:25|06-24-2026 11:29:15|06-24-2026 11:29:18|16.81|162.07|145.26
BRCJM01|BRCJ1JET|BRCJ1JET|1688903|Shipped|NORMAL||64037777000103||||DSV||1|.23|.000023|23|23|Y|06-17-2026 17:24:52|06-17-2026 17:24:52|||06-17-2026 17:26:10|06-17-2026 17:27:37|06-17-2026 22:48:16|06-17-2026 22:48:16|06-18-2026 10:16:12||06-18-2026 10:16:36|06-24-2026 11:30:06|06-24-2026 11:30:09|16.86|162.09|145.23
BRCJM01|BRCJ1JET|BRCJ1JET|1688904|Shipped|NORMAL||40656924000246||||DSV||1|.28|.000028|28|28|Y|06-17-2026 17:25:53|06-17-2026 17:25:53|||06-17-2026 17:26:10|06-17-2026 17:27:37|06-17-2026 22:47:13|06-17-2026 22:47:13|06-18-2026 10:20:34||06-18-2026 10:20:58|06-24-2026 11:29:40|06-24-2026 11:29:45|16.92|162.06|145.15
BRCJM01|BRCJ1JET|BRCJ1JET|1688905|Shipped|NORMAL||64156009000179||||DSV||1|.18|.000018|18|18|Y|06-17-2026 17:26:53|06-17-2026 17:26:53|||06-17-2026 17:30:53|06-17-2026 17:31:46|06-17-2026 22:45:30|06-17-2026 22:45:30|06-18-2026 10:24:02||06-18-2026 10:24:21|06-24-2026 11:32:16|06-24-2026 11:32:20|16.96|162.09|145.13
BRCJM01|BRCJ1JET|BRCJ1JET|1688906|Shipped|NORMAL||64204650000131||||DSV||1|.26|.000026|26|26|Y|06-17-2026 17:26:53|06-17-2026 17:26:53|||06-17-2026 17:31:02|06-17-2026 17:31:46|06-17-2026 22:44:29|06-17-2026 22:44:29|06-18-2026 10:28:14||06-18-2026 10:28:44|06-24-2026 11:32:41|06-24-2026 11:32:46|17.03|162.1|145.07
BRCJM01|BRCJ1JET|BRCJ1JET|1688907|Shipped|NORMAL||12305346000187||||DSV||1|.21|.000021|21|21|Y|06-17-2026 17:26:53|06-17-2026 17:26:53|||06-17-2026 17:30:44|06-17-2026 17:31:46|06-17-2026 22:43:05|06-17-2026 22:43:05|06-18-2026 09:32:05||06-18-2026 09:32:50|06-24-2026 11:31:39|06-24-2026 11:31:44|16.1|162.08|145.98
BRCJM01|BRCJ1JET|BRCJ1JET|1688908|Shipped|NORMAL||64506399000240||||DSV||1|.03|.000003|3|3|Y|06-17-2026 17:26:53|06-17-2026 17:26:53|||06-17-2026 17:31:11|06-17-2026 17:31:46|06-17-2026 22:41:54|06-17-2026 22:41:54|06-18-2026 09:36:40||06-18-2026 09:37:07|06-30-2026 11:56:30|06-30-2026 11:56:34|16.17|306.49|290.32
BRCJM01|BRCJ1JET|BRCJ1JET|1688909|Shipped|NORMAL||64506399000321||||DSV||1|.04|.000004|4|4|Y|06-17-2026 17:26:53|06-17-2026 17:26:53|||06-17-2026 17:31:18|06-17-2026 17:31:46|06-17-2026 22:40:56|06-17-2026 22:40:56|06-18-2026 09:39:57||06-18-2026 09:40:35|06-24-2026 11:33:06|06-24-2026 11:33:10|16.23|162.1|145.88
BRCJM01|BRCJ1JET|BRCJ1JET|1688910|Shipped|NORMAL||64506399000160|13420-355|SP|BR|DSV||1|.26|.000026|26|26|Y|06-17-2026 17:16:47|06-17-2026 17:16:47|||06-17-2026 17:20:21|06-17-2026 17:21:06|06-17-2026 22:39:56|06-17-2026 22:39:56|06-18-2026 09:46:49||06-18-2026 09:47:17|06-24-2026 11:28:50|06-24-2026 11:28:53|16.51|162.2|145.69
BRCJM01|BRCJ1JET|BRCJ1JET|1688911|Shipped|NORMAL||63532672000168|14021-600|SP|BR|DSV||1|.23|.000023|23|23|Y|06-17-2026 17:16:48|06-17-2026 17:16:48|||06-17-2026 17:20:32|06-17-2026 17:21:06|06-17-2026 22:38:57|06-17-2026 22:38:57|06-18-2026 09:53:47||06-18-2026 09:54:27|06-24-2026 11:28:25|06-24-2026 11:28:28|16.63|162.19|145.57
BRCJM01|BRCJ1JET|BRCJ1JET|1689087|Shipped|NORMAL||65214691000171||||DSV||29|2.5|.025|29|29|Y|06-18-2026 17:30:44|06-18-2026 17:30:44|||06-18-2026 17:34:40|06-18-2026 17:35:25|06-19-2026 06:33:01|06-19-2026 08:30:44|06-20-2026 03:09:36||06-20-2026 03:13:24|06-26-2026 08:13:09|06-26-2026 08:13:10|33.71|182.71|149
BRCJM01|BRCJ1JET|BRCJ1JET|1689436|Shipped|NORMAL||40656924000246||||DSV||2|.04|.000004|4|4|Y|06-18-2026 17:29:43|06-18-2026 17:29:43|||06-18-2026 17:30:28|06-18-2026 17:35:25|06-18-2026 23:24:49|06-18-2026 23:27:46|06-20-2026 08:29:34||06-20-2026 08:29:46|06-26-2026 08:10:49|06-26-2026 08:10:59|39|182.69|143.69
BRCJM01|BRCJ1JET|BRCJ1JET|1693924|Shipped|RUSH||05796221000131||||DSV||1|.01|.000001|1|1|Y|06-18-2026 09:38:11|06-18-2026 09:38:11|||06-18-2026 09:41:43|06-18-2026 09:42:00|06-18-2026 10:24:08|06-18-2026 10:24:08|06-18-2026 10:44:11||06-18-2026 10:46:06|06-19-2026 09:06:16|06-19-2026 09:06:27|1.13|23.47|22.34
BRCJM01|BRCJ1JET|BRCJ1JET|1694137|Shipped|NORMAL||63838066000175||||DSV||1|.01|.000001|1|1|Y|06-18-2026 17:30:44|06-18-2026 17:30:44|||06-18-2026 17:34:20|06-18-2026 17:35:27|06-18-2026 21:51:51|06-18-2026 21:51:51|06-19-2026 07:54:31||06-19-2026 07:55:35|07-02-2026 15:48:52|07-02-2026 15:48:57|14.41|334.3|319.89
BRCJM01|BRCJ1JET|BRCJ1JET|1694256|Shipped|NORMAL||63432244000678||||DSV||1|.1|.001|1|1|Y|06-18-2026 17:30:44|06-18-2026 17:30:44|||06-18-2026 17:34:12|06-18-2026 17:35:27|06-18-2026 23:08:31|06-18-2026 23:08:31|06-19-2026 10:45:57||06-19-2026 10:48:22|06-24-2026 11:34:08|06-24-2026 11:34:11|17.29|138.06|120.76
BRCJM01|BRCJ1JET|BRCJ1JET|1694436|Shipped|NORMAL||40656924000246||||DSV||2|.01|.000001|2|2|Y|06-18-2026 17:30:45|06-18-2026 17:30:45|||06-18-2026 17:33:56|06-18-2026 17:35:28|06-19-2026 02:43:24|06-19-2026 02:51:59|06-19-2026 13:54:46||06-19-2026 14:00:56|06-24-2026 11:33:44|06-24-2026 11:33:47|20.5|138.05|117.55
BRCJM01|BRCJ1JET|BRCJ1JET|1694816|Shipped|RUSH||64629695000158||||DSV||21|1.65|.016005|21|21|Y|06-18-2026 17:30:45|06-18-2026 17:30:45|||06-30-2026 14:15:26|06-30-2026 14:16:28|07-01-2026 06:21:05|07-01-2026 16:43:43|07-01-2026 22:30:42||07-01-2026 22:38:49|07-06-2026 08:45:25|07-06-2026 08:45:29|317.13|423.25|106.11
BRCJM01|BRCJ1JET|BRCJ1JET|1694907|Shipped|NORMAL||63432244000406||||DSV||29|2.5|.025|29|29|Y|06-18-2026 17:30:44|06-18-2026 17:30:44|||06-18-2026 17:34:05|06-18-2026 17:35:27|06-19-2026 06:30:25|06-19-2026 08:37:11|06-20-2026 02:17:17||06-20-2026 03:14:15|06-26-2026 08:12:34|06-26-2026 08:12:35|33.73|182.7|148.97
BRCJM01|BRCJ1JET|BRCJ1JET|1695580|Shipped|NORMAL||05796221000131||||DSV||1|26|0|5|5|Y|06-26-2026 13:09:42|06-26-2026 13:30:49|||06-26-2026 13:13:39|06-26-2026 13:41:15|06-26-2026 19:24:06|06-26-2026 19:24:06|06-26-2026 22:16:50||06-26-2026 22:17:31|06-30-2026 10:34:36|06-30-2026 10:34:44|9.13|93.42|84.29
BRCJM01|BRCJ1JET|BRCJ1JET|1695581|Shipped|NORMAL||05796221000565||||DSV||1|26|0|5|5|Y|06-26-2026 13:09:42|06-26-2026 13:30:49|||06-26-2026 13:13:39|06-26-2026 13:41:15|06-26-2026 19:20:12|06-26-2026 19:20:12|06-26-2026 22:10:33||06-26-2026 22:11:05|06-30-2026 10:35:16|06-30-2026 10:35:21|9.02|93.43|84.4
BRCJM01|BRCJ1JET|BRCJ1JET|1695582|Shipped|RUSH||05796221000565||||DSV||1|26|0|5|5|Y|06-26-2026 16:00:38|06-26-2026 16:00:38|||06-26-2026 16:01:27|06-26-2026 16:02:16|06-26-2026 19:43:44|06-26-2026 19:43:44|06-26-2026 21:48:26||06-26-2026 21:49:44|07-01-2026 10:30:43|07-01-2026 10:30:45|5.82|114.5|108.68
BRCJM01|BRCJ1JET|BRCJ1JET|1695583|Shipped|NORMAL||26609106000180||||DSV||1|26|0|5|5|Y|06-26-2026 13:09:42|06-26-2026 13:09:42|||06-26-2026 13:13:39|06-26-2026 13:41:15|06-26-2026 19:05:31|06-26-2026 19:05:31|06-26-2026 21:55:05||06-26-2026 21:55:41|06-30-2026 10:32:15|06-30-2026 10:32:18|8.77|93.38|84.61
BRCJM01|BRCJ1JET|BRCJ1JET|1695584|Shipped|NORMAL||64037777000103||||DSV||1|26|0|5|5|Y|06-26-2026 13:30:49|06-26-2026 13:30:49|||06-26-2026 13:31:44|06-26-2026 13:41:15|06-26-2026 21:15:08|06-26-2026 21:15:08|06-27-2026 12:12:51||06-27-2026 12:17:52|06-30-2026 10:35:46|06-30-2026 10:35:48|22.78|93.08|70.3
BRCJM01|BRCJ1JET|BRCJ1JET|1695585|Shipped|RUSH||64156009000179||||DSV||1|26|0|5|5|Y|06-26-2026 16:26:45|06-26-2026 16:26:45|||06-26-2026 16:26:57|06-26-2026 16:28:10|06-26-2026 19:40:48|06-26-2026 19:40:48|06-26-2026 21:42:56||06-26-2026 21:44:29|07-01-2026 10:31:12|07-01-2026 10:31:15|5.3|114.08|108.78
BRCJM01|BRCJ1JET|BRCJ1JET|1695586|Shipped|NORMAL||64204650000131||||DSV||1|26|0|5|5|Y|06-26-2026 13:09:42|06-26-2026 13:09:42|||06-26-2026 13:13:39|06-26-2026 13:41:15|06-26-2026 19:13:52|06-26-2026 19:17:18|06-26-2026 22:13:35||06-26-2026 22:14:09|06-30-2026 10:32:46|06-30-2026 10:32:49|9.07|93.39|84.31
BRCJM01|BRCJ1JET|BRCJ1JET|1695587|Shipped|NORMAL||12305346000187||||DSV||1|26|0|5|5|Y|06-26-2026 13:10:42|06-26-2026 13:10:42|||06-26-2026 13:13:39|06-26-2026 13:41:15|06-26-2026 21:10:55|06-26-2026 21:10:55|06-27-2026 12:28:41||06-27-2026 12:29:24|06-30-2026 10:33:31|06-30-2026 10:33:35|23.31|93.38|70.07
BRCJM01|BRCJ1JET|BRCJ1JET|1695588|Shipped|NORMAL||64506399000240||||DSV||1|26|0|5|5|Y|06-26-2026 13:08:41|06-26-2026 13:08:41|||06-26-2026 13:13:39|06-26-2026 13:41:15|06-26-2026 18:57:48|06-26-2026 18:57:48|06-26-2026 22:03:22||06-26-2026 22:04:09|07-07-2026 17:13:28|07-07-2026 17:13:31|8.92|268.08|259.16
BRCJM01|BRCJ1JET|BRCJ1JET|1695589|Shipped|NORMAL||64506399000321||||DSV||1|26|0|5|5|Y|06-26-2026 13:09:42|06-26-2026 13:09:42|||06-26-2026 13:13:39|06-26-2026 13:41:15|06-26-2026 18:51:50|06-26-2026 18:51:50|06-27-2026 13:03:49||06-27-2026 13:15:56|06-30-2026 10:31:15|06-30-2026 10:31:21|24.1|93.36|69.26
BRCJM01|BRCJ1JET|BRCJ1JET|1695590|Shipped|NORMAL||64506399000160|13420-355|SP|BR|DSV||1|26|0|5|5|Y|06-26-2026 13:07:40|06-26-2026 13:07:40|||06-26-2026 13:08:34|06-26-2026 13:41:15|06-26-2026 19:00:53|06-26-2026 19:00:53|06-26-2026 21:58:57||06-26-2026 22:00:50|06-30-2026 10:31:46|06-30-2026 10:31:50|8.89|93.4|84.52
BRCJM01|BRCJ1JET|BRCJ1JET|1695591|Shipped|NORMAL||63532672000168|14021-600|SP|BR|DSV||1|26|0|5|5|Y|06-26-2026 13:08:41|06-26-2026 13:08:41|||06-26-2026 13:13:39|06-26-2026 13:41:15|06-26-2026 21:31:58|06-26-2026 21:31:58|06-27-2026 12:22:12||06-27-2026 12:24:57|06-30-2026 10:34:03|06-30-2026 10:34:08|23.27|93.42|70.15
BRCJM01|BRCJ1JET|BRCJ1JET|1698027|Shipped|NORMAL||12305346000187||||DSV||2|.02|.000002|2|2|Y|06-23-2026 13:56:40|06-23-2026 13:56:40|||06-23-2026 13:56:54|06-23-2026 14:03:22|06-23-2026 14:34:53|06-23-2026 14:37:04|06-23-2026 17:41:42||06-24-2026 09:01:48|06-26-2026 08:13:35|06-26-2026 08:13:43|19.09|66.28|47.2
BRCJM01|BRCJ1JET|BRCJ1JET|1698612|Shipped|NORMAL||64389741000199||||DSV||1|.03|.000003|3|3|Y|06-23-2026 13:57:42|06-23-2026 13:57:42|||06-23-2026 14:02:00|06-23-2026 14:03:23|06-23-2026 14:37:44|06-23-2026 14:37:44|06-23-2026 17:45:28||06-23-2026 17:59:11|06-26-2026 08:20:41|06-26-2026 08:20:46|4.02|66.38|62.36
BRCJM01|BRCJ1JET|BRCJ1JET|1699514|Shipped|NORMAL||40656924000246||||DSV||1|.1|.001|1|1|Y|06-23-2026 13:57:42|06-23-2026 13:57:42|||06-23-2026 14:02:00|06-23-2026 14:03:23|06-23-2026 14:46:14|06-23-2026 14:46:14|06-23-2026 17:36:41||06-23-2026 17:36:53|06-26-2026 08:14:14|06-26-2026 08:14:50|3.65|66.29|62.63
BRCJM01|BRCJ1JET|BRCJ1JET|1699687|Shipped|NORMAL||63838066000256||||DSV||2|.02|.000002|2|2|Y|06-23-2026 13:57:42|06-23-2026 13:57:42|||06-23-2026 14:02:00|06-23-2026 14:03:23|06-23-2026 14:40:25|06-23-2026 14:41:47|06-23-2026 17:31:21||06-23-2026 17:31:57|06-26-2026 08:16:39|06-26-2026 08:16:52|3.57|66.32|62.75
BRCJM01|BRCJ1JET|BRCJ1JET|1705356|Shipped|NORMAL||63432244000163||||DSV||1|.1|.001|1|1|Y|06-23-2026 13:57:42|06-23-2026 13:57:42|||06-23-2026 14:02:00|06-23-2026 14:03:23|06-23-2026 14:43:12|06-23-2026 14:43:12|06-23-2026 17:27:29||06-23-2026 17:28:17|06-26-2026 08:15:14|06-26-2026 08:15:18|3.51|66.29|62.78
BRCJM01|BRCJ1JET|BRCJ1JET|1705521|Shipped|NORMAL||63432244000163||||DSV||2|.02|.000002|2|2|Y|06-23-2026 13:57:42|06-23-2026 13:57:42|||06-23-2026 14:02:00|06-23-2026 14:03:23|06-23-2026 15:37:23|06-23-2026 15:58:04|06-24-2026 02:04:15||06-24-2026 02:13:51|06-26-2026 08:15:53|06-26-2026 08:15:55|12.27|66.3|54.03
BRCJM01|BRCJ1JET|BRCJ1JET|1712564|Shipped|NORMAL||64156009000179||||DSV||4|1.7|.017|77|77|Y|08-28-2026 16:03:56|08-28-2026 16:03:56|||08-28-2026 16:05:04|08-28-2026 16:08:24|08-28-2026 19:26:03|09-01-2026 11:24:31|09-01-2026 12:05:28||09-01-2026 12:07:00|09-08-2026 09:08:12|09-08-2026 09:08:14|92.05|257.07|165.02
BRCJM01|BRCJ1JET|BRCJ1JET|1713855|Shipped|NORMAL||63532672000168|14021-600|SP|BR|DSV||2|.2|.002|2|2|Y|06-26-2026 16:36:49|06-26-2026 16:36:49|||06-26-2026 16:37:10|06-26-2026 16:44:02|06-26-2026 22:23:52|06-26-2026 22:30:03|06-28-2026 10:42:42||06-28-2026 11:16:14|07-10-2026 11:45:02|07-10-2026 11:45:05|42.66|331.14|288.48
BRCJM01|BRCJ1JET|BRCJ1JET|1714026|Shipped|NORMAL||64152596000128||||DSV||1|.01|.000001|1|1|Y|06-26-2026 16:38:50|06-26-2026 16:38:50|||06-26-2026 16:42:15|06-26-2026 16:44:03|06-26-2026 22:46:15|06-26-2026 22:46:15|06-28-2026 10:35:55||06-28-2026 11:16:00|07-10-2026 11:44:35|07-10-2026 11:44:37|42.62|331.1|288.48
BRCJM01|BRCJ1JET|BRCJ1JET|1714284|Shipped|NORMAL||64107585000126||||DSV||6|4.5|.045|70|70|Y|06-26-2026 16:38:50|06-26-2026 16:38:50|||06-26-2026 16:42:15|06-26-2026 16:44:03|06-27-2026 15:52:46|06-27-2026 16:28:36|06-28-2026 06:21:04||06-28-2026 07:48:01|07-23-2026 09:36:18|07-23-2026 09:36:27|39.15|640.96|601.81
BRCJM01|BRCJ1JET|BRCJ1JET|1718643|Shipped|NORMAL||40656924000246||||DSV||1|.1|.001|1|1|Y|06-26-2026 16:38:50|06-26-2026 16:38:50|||06-26-2026 16:42:15|06-26-2026 16:44:03|06-26-2026 22:49:13|06-26-2026 22:49:13|06-28-2026 10:32:11||06-28-2026 11:15:53|07-07-2026 17:10:34|07-07-2026 17:10:36|42.62|264.53|221.91
BRCJM01|BRCJ1JET|BRCJ1JET|1721849|Shipped|NORMAL||05796221000131||||DSV||1|.03|.000003|3|3|Y|06-26-2026 16:38:50|06-26-2026 16:38:50|||06-26-2026 16:42:15|06-26-2026 16:44:03|06-26-2026 18:39:53|06-26-2026 18:39:53|06-27-2026 13:15:42||06-27-2026 13:16:12|07-21-2026 10:41:00|07-21-2026 10:41:04|20.62|594.04|573.41
BRCJM01|BRCJ1JET|BRCJ1JET|1721854|Shipped|NORMAL||05796221000484||||DSV||1|.02|.000002|2|2|Y|06-26-2026 16:39:51|06-26-2026 16:39:51|||06-26-2026 16:42:15|06-26-2026 16:44:03|06-26-2026 18:31:38|06-26-2026 18:31:38|06-27-2026 12:56:51||06-27-2026 12:57:14|07-07-2026 17:11:55|07-07-2026 17:12:00|20.29|264.54|244.25
BRCJM01|BRCJ1JET|BRCJ1JET|1723710|Shipped|NORMAL||63838066000256||||DSV||1|.01|.000001|1|1|Y|06-26-2026 16:39:50|06-26-2026 16:39:50|||08-04-2026 11:09:45|08-04-2026 11:35:33|08-04-2026 11:50:05|08-04-2026 11:50:05|08-04-2026 11:51:32||08-04-2026 11:53:21|08-05-2026 09:49:45|08-05-2026 09:49:50|931.23|953.17|21.94
BRCJM01|BRCJ1JET|BRCJ1JET|1726825|Shipped|NORMAL||61735888000286|04553-002|SP|BR|DSV||1|.01|.000001|1|1|Y|06-26-2026 16:36:49|06-26-2026 16:36:49|||06-26-2026 16:37:10|06-26-2026 16:44:03|06-26-2026 18:45:46|06-26-2026 18:45:46|06-27-2026 12:50:08||06-27-2026 12:53:47|07-07-2026 13:44:56|07-07-2026 13:44:58|20.28|261.14|240.85
BRCJM01|BRCJ1JET|BRCJ1JET|1727167|Shipped|NORMAL||63432244000678||||DSV||3|.03|.000003|3|3|Y|06-26-2026 16:39:51|06-26-2026 16:39:51|||06-26-2026 16:42:15|06-26-2026 16:44:03|06-26-2026 22:07:13|06-26-2026 22:18:43|06-28-2026 07:51:39||06-28-2026 07:52:16|07-07-2026 17:08:59|07-07-2026 17:09:03|39.21|264.49|225.28
BRCJM01|BRCJ1JET|BRCJ1JET|1727368|Shipped|RUSH||40656924000246||||DSV||20|1.7|.017|20|20|Y|06-26-2026 10:42:00|06-26-2026 10:42:00|||06-26-2026 10:44:19|06-26-2026 10:47:49|06-26-2026 12:57:56|06-26-2026 22:19:03|06-26-2026 22:43:22||06-26-2026 22:43:54|06-30-2026 17:35:21|06-30-2026 17:35:24|12.03|102.89|90.86
BRCJM01|BRCJ1JET|BRCJ1JET|1727407|Shipped|NORMAL||64389741000199||||DSV||1|.01|.000001|1|1|Y|06-26-2026 16:39:51|06-26-2026 16:39:51|||06-26-2026 16:42:15|06-26-2026 16:44:04|06-26-2026 23:08:07|06-26-2026 23:08:07|06-28-2026 10:54:23||06-28-2026 11:16:34|07-07-2026 17:07:27|07-07-2026 17:07:32|42.61|264.46|221.85
BRCJM01|BRCJ1JET|BRCJ1JET|1727968|Shipped|NORMAL||64389741000199||||DSV||1|.01|.000001|1|1|Y|06-26-2026 16:39:51|06-26-2026 16:39:51|||06-26-2026 16:42:15|06-26-2026 16:44:04|06-26-2026 21:56:05|06-26-2026 21:56:05|06-28-2026 10:46:38||06-28-2026 11:16:23|07-07-2026 17:03:04|07-07-2026 17:03:07|42.61|264.39|221.78
BRCJM01|BRCJ1JET|BRCJ1JET|1728303|Shipped|NORMAL||64435342000206||||DSV||1|.1|.001|1|1|Y|06-26-2026 16:40:52|06-26-2026 16:40:52|||06-26-2026 16:42:15|06-26-2026 16:44:05|06-26-2026 18:13:35|06-26-2026 18:13:35|06-27-2026 13:24:14||06-27-2026 13:24:26|07-07-2026 17:01:36|07-07-2026 17:01:41|20.73|264.35|243.62
BRCJM01|BRCJ1JET|BRCJ1JET|1728392|Shipped|RUSH||61915384000329||||DSV||1|0|0|5|5|Y|06-26-2026 12:37:33|06-26-2026 12:37:33|||06-26-2026 12:38:10|06-26-2026 12:44:14|06-26-2026 13:50:22|06-26-2026 13:50:22|06-26-2026 14:01:53||06-26-2026 14:02:29|06-29-2026 16:33:47|06-29-2026 16:33:51|1.42|75.94|74.52
BRCJM01|BRCJ1JET|BRCJ1JET|1728397|Shipped|RUSH||61915384000329||||DSV||1|0|0|5|5|Y|06-26-2026 12:42:35|06-26-2026 12:42:35|||06-26-2026 12:43:08|06-26-2026 12:44:14|06-26-2026 13:49:09|06-26-2026 13:49:09|06-26-2026 13:58:07||06-26-2026 13:59:17|06-29-2026 16:34:41|06-29-2026 16:34:44|1.28|75.87|74.59
BRCJM01|BRCJ1JET|BRCJ1JET|1729240|Shipped|RUSH||40656924000246||||DSV||2|.02|.000002|2|2|Y|06-26-2026 15:47:34|06-26-2026 15:47:34|||06-26-2026 15:48:22|06-26-2026 15:48:43|06-26-2026 16:00:25|06-26-2026 16:04:14|06-26-2026 16:40:50||06-29-2026 17:16:02|06-29-2026 17:24:28|06-29-2026 17:24:36|73.47|73.62|.14
BRCJM01|BRCJ1JET|BRCJ1JET|1729289|Shipped|NORMAL||64152596000128||||DSV||2|.3|.003|3|3|Y|06-30-2026 15:24:31|06-30-2026 15:24:31|||06-30-2026 15:27:35|06-30-2026 15:28:28|07-01-2026 17:21:19|07-01-2026 17:33:54|07-01-2026 19:41:31||07-01-2026 19:42:17|07-06-2026 08:46:17|07-06-2026 08:46:19|28.3|137.36|109.07
BRCJM01|BRCJ1JET|BRCJ1JET|1729291|Shipped|NORMAL||64037777000103||||DSV||1|.05|.000005|5|5|Y|06-30-2026 15:24:31|06-30-2026 15:24:31|||06-30-2026 15:27:35|06-30-2026 15:28:28|07-01-2026 06:28:43|07-01-2026 07:55:46|07-01-2026 08:13:43||07-01-2026 08:15:18|07-06-2026 13:53:44|07-06-2026 13:53:48|16.85|142.49|125.64
BRCJM01|BRCJ1JET|BRCJ1JET|1738152|Shipped|NORMAL||63432244000678||||DSV||1|.01|.000001|1|1|Y|06-30-2026 15:24:31|06-30-2026 15:24:31|||06-30-2026 15:27:35|06-30-2026 15:28:28|07-01-2026 07:33:41|07-01-2026 07:33:41|07-01-2026 07:40:32||07-01-2026 07:42:21|07-06-2026 13:53:18|07-06-2026 13:53:23|16.3|142.48|126.18
BRCJM01|BRCJ1JET|BRCJ1JET|1738672|Shipped|NORMAL||63432244000163||||DSV||1|.01|.000001|1|1|Y|06-30-2026 15:24:31|06-30-2026 15:24:31|||06-30-2026 15:27:16|06-30-2026 15:28:28|07-01-2026 07:45:23|07-01-2026 07:45:23|07-01-2026 08:00:56||07-01-2026 08:16:03|07-06-2026 13:52:45|07-06-2026 13:52:48|16.86|142.47|125.61
BRCJM01|BRCJ1JET|BRCJ1JET|1738839|Shipped|NORMAL||64156009000179||||DSV||1|.1|.001|1|1|Y|06-30-2026 15:24:31|06-30-2026 15:24:31|||06-30-2026 15:27:35|06-30-2026 15:28:28|07-01-2026 18:19:23|07-01-2026 18:19:23|07-01-2026 23:03:03||07-01-2026 23:03:55|07-06-2026 08:46:45|07-06-2026 08:46:48|31.66|137.37|105.71
BRCJM01|BRCJ1JET|BRCJ1JET|1738920|Shipped|NORMAL||63532672000168|14021-600|SP|BR|DSV||1|.1|.001|1|1|Y|06-30-2026 15:23:31|06-30-2026 15:23:31|||06-30-2026 15:27:35|06-30-2026 15:28:28|07-01-2026 14:44:15|07-01-2026 14:44:15|07-01-2026 14:45:13||07-01-2026 14:45:36|07-06-2026 08:45:48|07-06-2026 08:45:52|23.37|137.37|114
BRCJM01|BRCJ1JET|BRCJ1JET|1739286|Shipped|NORMAL||61735888000286|04553-002|SP|BR|DSV||1|.1|.001|1|1|Y|06-30-2026 15:23:29|06-30-2026 15:23:29|||07-01-2026 14:31:57|07-01-2026 15:03:39|07-03-2026 10:35:05|07-03-2026 10:35:05|07-03-2026 11:22:58||07-03-2026 11:23:07|07-07-2026 13:45:29|07-07-2026 13:45:31|67.99|166.37|98.37
BRCJM01|BRCJ1JET|BRCJ1JET|1740170|Shipped|NORMAL||63432244000406||||DSV||1|.01|.000001|1|1|Y|06-30-2026 15:24:31|06-30-2026 15:24:31|||06-30-2026 15:27:27|06-30-2026 15:28:28|07-01-2026 06:22:38|07-01-2026 06:22:38|07-01-2026 06:53:19||07-01-2026 06:53:56|07-07-2026 17:00:23|07-07-2026 17:00:26|15.49|169.6|154.11
BRCJM01|BRCJ1JET|BRCJ1JET|1754814|Shipped|NORMAL||63532672000168|14021-600|SP|BR|DSV||1|1|.01|10|10|Y|06-30-2026 15:23:31|06-30-2026 15:23:31|||06-30-2026 15:27:35|06-30-2026 15:28:28|07-01-2026 14:40:04|07-01-2026 14:40:05|07-01-2026 14:41:01||07-01-2026 14:43:46|07-21-2026 10:42:18|07-21-2026 10:42:21|23.34|499.31|475.98
BRCJM01|BRCJ1JET|BRCJ1JET|1754817|Shipped|NORMAL||40656924000246||||DSV||1|2|.02|20|20|Y|06-30-2026 15:25:32|06-30-2026 15:25:32|||06-30-2026 15:26:53|06-30-2026 15:28:28|07-01-2026 14:41:58|07-01-2026 14:41:58|07-01-2026 14:42:37||07-01-2026 14:43:40|07-21-2026 10:41:43|07-21-2026 10:41:46|23.3|499.27|475.97
BRCJM01|BRCJ1JET|BRCJ1JET|1756613|Shipped|NORMAL||40656924000246||||DSV||1|.01|.000001|1|1|Y|07-02-2026 08:29:41|07-02-2026 08:29:41|||07-02-2026 08:31:58|07-02-2026 08:43:35|07-02-2026 10:22:54|07-02-2026 10:22:54|07-02-2026 11:10:26||07-02-2026 11:17:37|07-06-2026 08:47:33|07-06-2026 08:47:37|2.8|96.3|93.5
BRCJM01|BRCJ1JET|BRCJ1JET|1756774|Shipped|NORMAL||64389741000199||||DSV||1|.01|.000001|1|1|Y|07-02-2026 08:32:42|07-02-2026 08:32:42|||07-02-2026 08:37:02|07-02-2026 08:43:35|07-02-2026 23:52:58|07-02-2026 23:52:58|07-02-2026 23:54:19||07-03-2026 02:13:37|07-07-2026 13:48:22|07-07-2026 13:48:25|17.68|125.26|107.58
BRCJM01|BRCJ1JET|BRCJ1JET|1757045|Shipped|RUSH||40656924000246||||DSV||2|.02|.000002|2|2|Y|06-30-2026 15:25:32|06-30-2026 15:25:32|||06-30-2026 15:27:01|06-30-2026 15:28:28|06-30-2026 15:48:24|06-30-2026 15:48:38|06-30-2026 15:58:58||06-30-2026 15:59:20|06-30-2026 17:36:17|06-30-2026 17:36:27|.56|2.18|1.62
BRCJM01|BRCJ1JET|BRCJ1JET|1757066|Shipped|NORMAL||40499468000197||||DSV||2|.2|.002|2|2|Y|07-02-2026 08:28:40|07-02-2026 08:28:40|||07-16-2026 17:37:04|07-16-2026 17:39:09|07-16-2026 18:53:35|07-16-2026 18:53:45|07-16-2026 19:29:57||07-16-2026 19:30:23|07-20-2026 08:44:22|07-20-2026 08:44:24|347.03|432.26|85.23
BRCJM01|BRCJ1JET|BRCJ1JET|1757521|Shipped|NORMAL||64389741000199||||DSV||1|0|0|1|1|Y|07-02-2026 09:13:54|07-02-2026 09:13:54|||07-02-2026 09:17:35|07-02-2026 10:44:51|07-02-2026 16:30:42|07-02-2026 16:30:42|07-02-2026 22:24:30||07-02-2026 22:24:42|07-07-2026 13:49:15|07-07-2026 13:49:19|13.18|124.59|111.41
BRCJM01|BRCJ1JET|BRCJ1JET|1757522|Shipped|NORMAL||40499468000197||||DSV||15|2.11|378.021001|23|23|Y|07-02-2026 08:40:44|07-02-2026 08:40:44|||07-02-2026 10:44:51|07-02-2026 16:33:24|07-03-2026 07:34:50|07-03-2026 10:49:12|07-03-2026 11:14:55||07-03-2026 11:16:44|07-07-2026 13:48:51|07-07-2026 13:48:54|26.6|125.14|98.54
BRCJM01|BRCJ1JET|BRCJ1JET|1758278|Shipped|NORMAL||62617245000381|93320-175|RS|BR|DSV||1|.1|.001|1|1|Y|07-02-2026 08:20:37|07-02-2026 08:20:37|||07-02-2026 08:21:50|07-02-2026 08:43:34|07-02-2026 18:49:54|07-02-2026 18:49:54|07-02-2026 23:47:34||07-03-2026 02:13:22|07-07-2026 13:46:05|07-07-2026 13:46:11|17.88|125.43|107.55
BRCJM01|BRCJ1JET|BRCJ1JET|1758370|Shipped|NORMAL||12305346000187||||DSV||3|.11|.001001|3|3|Y|07-02-2026 08:32:42|07-02-2026 08:32:42|||07-02-2026 08:37:02|07-02-2026 08:43:35|07-02-2026 09:43:23|07-02-2026 10:00:33|07-02-2026 11:24:39||07-02-2026 11:25:22|07-06-2026 08:48:17|07-06-2026 08:48:19|2.88|96.26|93.38
BRCJM01|BRCJ1JET|BRCJ1JET|1763842|Shipped|NORMAL||40656924000246||||DSV||1|.2|.002|2|2|Y|07-02-2026 08:40:44|07-02-2026 08:40:44|||07-02-2026 08:42:30|07-02-2026 08:43:36|07-02-2026 10:56:56|07-02-2026 10:56:57|07-02-2026 11:03:20||07-02-2026 11:16:40|07-06-2026 08:48:41|07-06-2026 08:48:49|2.6|96.13|93.54
BRCJM01|BRCJ1JET|BRCJ1JET|1764086|Shipped|NORMAL||63532672000168|14021-600|SP|BR|DSV||2|.02|.000002|2|2|Y|07-02-2026 08:20:39|07-02-2026 08:20:39|||07-02-2026 08:21:50|07-02-2026 08:43:35|07-02-2026 10:29:27|07-03-2026 20:17:23|07-03-2026 20:21:20||07-03-2026 20:22:38|07-07-2026 13:47:30|07-07-2026 13:47:32|36.03|125.45|89.42
BRCJM01|BRCJ1JET|BRCJ1JET|1764094|Shipped|NORMAL||63532672000168|14021-600|SP|BR|DSV||1|.01|.000001|1|1|Y|07-02-2026 08:20:39|07-02-2026 08:20:39|||07-02-2026 08:21:50|07-02-2026 08:43:35|07-02-2026 11:20:06|07-02-2026 11:20:06|07-02-2026 11:26:07||07-02-2026 11:26:48|07-06-2026 08:47:08|07-06-2026 08:47:12|3.1|96.44|93.34
BRCJM01|BRCJ1JET|BRCJ1JET|1764511|Shipped|NORMAL||64152596000128||||DSV||2|1.03|.010003|13|13|Y|07-02-2026 08:39:43|07-02-2026 08:39:43|||07-02-2026 08:42:07|07-02-2026 08:43:35|07-02-2026 09:23:49|07-02-2026 16:12:25|07-02-2026 16:21:41||07-02-2026 16:22:27|07-10-2026 11:43:58|07-10-2026 11:44:01|7.71|195.07|187.36
BRCJM01|BRCJ1JET|BRCJ1JET|1765440|Shipped|NORMAL||05796221000131||||DSV||1|.03|.000003|3|3|Y|07-02-2026 17:13:00|07-02-2026 17:13:00|||07-02-2026 17:14:36|07-02-2026 17:32:50|07-02-2026 19:25:08|07-02-2026 19:25:08|07-02-2026 22:25:23||07-02-2026 23:18:45|07-07-2026 13:49:43|07-07-2026 13:49:46|6.1|116.61|110.52
BRCJM01|BRCJ1JET|BRCJ1JET|1765471|Shipped|NORMAL||64152596000128||||DSV||1|.1|.001|1|1|Y|07-02-2026 08:29:41|07-02-2026 08:29:41|||07-02-2026 08:31:58|07-02-2026 08:43:35|07-02-2026 16:32:27|07-02-2026 16:32:27|07-02-2026 22:06:47||07-02-2026 22:07:14|07-07-2026 13:47:57|07-07-2026 13:48:00|13.63|125.31|111.68
BRCJM01|BRCJ1JET|BRCJ1JET|1765499|Shipped|NORMAL||64506399000321||||DSV||1|.01|.000001|1|1|Y|07-02-2026 17:13:00|07-02-2026 17:13:00|||07-02-2026 17:14:37|07-02-2026 17:32:49|07-02-2026 19:22:46|07-02-2026 19:22:46|07-02-2026 22:16:49||07-02-2026 23:18:29|07-10-2026 11:42:40|07-10-2026 11:42:44|6.09|186.5|180.4
BRCJM01|BRCJ1JET|BRCJ1JET|1765500|Shipped|NORMAL||64506399000321||||DSV||1|.01|.000001|1|1|Y|07-02-2026 17:13:00|07-02-2026 17:13:00|||07-02-2026 17:14:37|07-02-2026 17:32:50|07-02-2026 19:29:01|07-02-2026 19:29:01|07-02-2026 22:11:45||07-02-2026 23:18:53|07-07-2026 13:50:55|07-07-2026 13:50:58|6.1|116.63|110.53
BRCJM01|BRCJ1JET|BRCJ1JET|1765547|Shipped|NORMAL||64204650000131||||DSV||1|.01|.000001|1|1|Y|07-02-2026 17:13:00|07-02-2026 17:13:00|||07-02-2026 17:14:37|07-02-2026 17:32:50|07-02-2026 19:31:26|07-02-2026 19:31:26|07-02-2026 22:22:28||07-02-2026 23:19:01|07-07-2026 13:50:30|07-07-2026 13:50:33|6.1|116.63|110.53
BRCJM01|BRCJ1JET|BRCJ1JET|1765580|Shipped|NORMAL||02176962000121||||DSV||1|.01|.000001|1|1|Y|07-02-2026 17:13:00|07-02-2026 17:13:00|||08-04-2026 11:09:54|08-04-2026 11:35:33|08-04-2026 11:49:53|08-04-2026 11:49:53|08-04-2026 11:51:57||08-04-2026 11:53:10|08-05-2026 09:50:20|08-05-2026 09:50:26|786.67|808.62|21.95
BRCJM01|BRCJ1JET|BRCJ1JET|1767651|Shipped|NORMAL||40656924000246||||DSV||1|.02|.000002|2|2|Y|07-02-2026 17:13:00|07-02-2026 17:13:00|||07-02-2026 17:14:36|07-02-2026 17:32:50|07-03-2026 11:17:24|07-03-2026 11:17:24|07-03-2026 11:21:13||07-03-2026 11:21:42|07-07-2026 13:50:05|07-07-2026 13:50:09|18.15|116.62|98.47
BRCJM01|BRCJ1JET|BRCJ1JET|1768789|Shipped|NORMAL||64154380000100||||DSV||29|2.5|.025|29|29|Y|07-02-2026 17:11:58|07-02-2026 17:11:58|||07-02-2026 17:14:37|07-02-2026 17:32:48|07-02-2026 21:12:44|07-03-2026 03:07:17|07-03-2026 06:04:22||07-03-2026 06:10:15|07-10-2026 11:43:20|07-10-2026 11:43:21|12.97|186.52|173.55
BRCJM01|BRCJ1JET|BRCJ1JET|1769360|Shipped|NORMAL||64156009000179||||DSV||2|.02|.000002|2|2|Y|07-03-2026 15:30:49|07-03-2026 15:30:49|||07-03-2026 15:31:56|07-03-2026 15:35:05|07-04-2026 12:10:58|07-04-2026 12:31:35|07-04-2026 16:15:53||07-04-2026 16:17:11|07-30-2026 16:40:56|07-30-2026 16:41:00|24.77|649.17|624.4
BRCJM01|BRCJ1JET|BRCJ1JET|1769366|Shipped|NORMAL||64107585000126||||DSV||1|.1|.001|1|1|Y|07-03-2026 15:30:50|07-03-2026 15:30:50|||07-03-2026 15:31:55|07-03-2026 15:35:05|07-04-2026 11:57:42|07-04-2026 11:57:42|07-04-2026 15:56:10||07-04-2026 15:56:54|07-20-2026 08:48:00|07-20-2026 08:48:03|24.43|401.29|376.85
BRCJM01|BRCJ1JET|BRCJ1JET|1769406|Shipped|NORMAL||64154380000100||||DSV||66|6.7|2017.357|88|88|Y|07-03-2026 15:30:49|07-03-2026 15:30:49|||07-03-2026 15:31:56|07-03-2026 15:35:02|07-04-2026 12:10:34|07-06-2026 20:51:44|07-07-2026 08:54:14||07-15-2026 10:27:03|07-23-2026 09:37:10|07-23-2026 09:37:11|282.94|474.11|191.17
BRCJM01|BRCJ1JET|BRCJ1JET|1769443|Shipped|NORMAL||64037777000103||||DSV||8|.71|.007001|8|8|Y|07-03-2026 15:30:50|07-03-2026 15:30:50|||07-03-2026 15:31:55|07-03-2026 15:35:05|07-04-2026 09:40:13|07-04-2026 10:38:56|07-04-2026 16:42:04||07-04-2026 16:43:05|07-20-2026 08:47:34|07-20-2026 08:47:38|25.2|401.28|376.08
BRCJM01|BRCJ1JET|BRCJ1JET|1769471|Shipped|NORMAL||63432244000163||||DSV||6|3|.03|40|40|Y|07-03-2026 15:31:50|07-03-2026 15:31:50|||07-03-2026 15:31:55|07-03-2026 15:35:06|07-04-2026 11:04:58|07-04-2026 11:27:15|07-04-2026 16:04:18||07-04-2026 16:04:56|07-10-2026 11:41:49|07-10-2026 11:41:53|24.55|164.17|139.62
BRCJM01|BRCJ1JET|BRCJ1JET|1769486|Shipped|NORMAL||64152596000128||||DSV||1|.02|.000002|2|2|Y|07-03-2026 15:31:51|07-03-2026 15:31:51|||07-03-2026 15:31:55|07-03-2026 15:35:06|07-06-2026 16:39:05|07-06-2026 16:39:05|07-07-2026 01:33:06||07-07-2026 01:33:24|07-20-2026 08:48:26|07-20-2026 08:48:30|82.03|401.28|319.25
BRCJM01|BRCJ1JET|BRCJ1JET|1769487|Shipped|NORMAL||64389741000270||||DSV||1|.12|.000012|12|12|Y|07-03-2026 15:28:48|07-03-2026 15:28:48|||07-03-2026 15:31:56|07-03-2026 15:35:01|07-09-2026 12:37:52|07-09-2026 12:37:52|07-11-2026 11:00:04||07-11-2026 11:00:15|07-21-2026 10:43:01|07-21-2026 10:43:06|187.52|427.24|239.71
BRCJM01|BRCJ1JET|BRCJ1JET|1769488|Shipped|NORMAL||64389741000199||||DSV||1|.2|.00002|20|20|Y|07-03-2026 15:29:48|07-03-2026 15:29:48|||07-03-2026 15:31:56|07-03-2026 15:35:01|07-06-2026 16:25:24|07-06-2026 16:25:24|07-07-2026 01:21:37||07-07-2026 01:22:01|07-17-2026 10:10:21|07-17-2026 10:10:26|81.87|330.68|248.81
BRCJM01|BRCJ1JET|BRCJ1JET|1769489|Shipped|NORMAL||63432244000163||||DSV||1|.42|.000042|42|42|Y|07-03-2026 15:29:48|07-03-2026 15:29:48|||07-03-2026 15:31:55|07-03-2026 15:35:01|07-06-2026 16:22:45|07-06-2026 16:22:45|07-07-2026 01:11:01||07-07-2026 01:12:00|07-20-2026 08:45:38|07-20-2026 08:45:42|81.7|401.27|319.56
BRCJM01|BRCJ1JET|BRCJ1JET|1769490|Shipped|NORMAL||63432244000678||||DSV||1|.42|.000042|42|42|Y|07-03-2026 15:29:48|07-03-2026 15:29:48|||07-03-2026 15:31:55|07-03-2026 15:35:01|07-06-2026 16:19:29|07-06-2026 16:19:29|07-07-2026 01:16:45||07-07-2026 01:17:37|07-20-2026 08:46:07|07-20-2026 08:46:12|81.8|401.27|319.48
BRCJM01|BRCJ1JET|BRCJ1JET|1769491|Shipped|NORMAL||63838066000256||||DSV||1|.12|.000012|12|12|Y|07-03-2026 15:29:48|07-03-2026 15:29:48|||07-03-2026 15:31:55|07-03-2026 15:35:01|07-06-2026 16:14:53|07-06-2026 16:14:53|07-06-2026 21:50:38||07-06-2026 22:13:04|07-20-2026 08:47:03|07-20-2026 08:47:09|78.72|401.29|322.57
BRCJM01|BRCJ1JET|BRCJ1JET|1769492|Shipped|NORMAL||63838066000175||||DSV||1|.13|.000013|13|13|Y|07-03-2026 15:29:48|07-03-2026 15:29:48|||07-03-2026 15:31:55|07-03-2026 15:35:02|07-06-2026 16:14:02|07-06-2026 16:14:02|07-06-2026 21:55:18||07-06-2026 22:13:00|07-20-2026 08:46:33|07-20-2026 08:46:37|78.72|401.28|322.56
BRCJM01|BRCJ1JET|BRCJ1JET|1769493|Shipped|NORMAL||64629695000158||||DSV||1|.2|.00002|20|20|Y|07-03-2026 15:29:48|07-03-2026 15:29:48|||07-03-2026 15:31:56|07-03-2026 15:35:02|07-06-2026 16:10:15|07-06-2026 16:10:15|07-06-2026 22:35:39||07-06-2026 22:36:30|07-20-2026 08:49:19|07-20-2026 08:49:23|79.11|401.33|322.21
BRCJM01|BRCJ1JET|BRCJ1JET|1769494|Shipped|NORMAL||64435342000117||||DSV||1|.25|.000025|25|25|Y|07-03-2026 15:30:49|07-03-2026 15:30:49|||07-03-2026 15:31:56|07-03-2026 15:35:02|07-06-2026 16:07:28|07-06-2026 16:07:28|07-06-2026 22:46:37||07-06-2026 22:47:18|07-20-2026 08:48:51|07-20-2026 08:48:56|79.27|401.3|322.03
BRCJM01|BRCJ1JET|BRCJ1JET|1769495|Shipped|NORMAL||65214691000171||||DSV||1|.2|.00002|20|20|Y|07-03-2026 15:30:49|07-03-2026 15:30:49|||07-03-2026 15:31:56|07-03-2026 15:35:02|07-06-2026 16:04:58|07-06-2026 16:04:58|07-06-2026 22:03:30||07-06-2026 22:12:57|07-20-2026 08:49:46|07-20-2026 08:49:50|78.7|401.32|322.61
BRCJM01|BRCJ1JET|BRCJ1JET|1769496|Shipped|NORMAL||62617245000381|93320-175|RS|BR|DSV||1|.13|.000013|13|13|Y|07-03-2026 15:24:45|07-03-2026 15:24:44|||07-03-2026 15:26:50|07-03-2026 15:35:01|07-06-2026 16:03:06|07-06-2026 16:03:06|07-06-2026 22:11:32||07-06-2026 22:13:38|07-20-2026 08:44:48|07-20-2026 08:44:52|78.81|401.34|322.52
BRCJM01|BRCJ1JET|BRCJ1JET|1769497|Shipped|NORMAL||62617245000110||||DSV||1|.13|.000013|13|13|Y|07-03-2026 15:30:49|07-03-2026 15:30:49|||07-03-2026 15:31:55|07-03-2026 15:35:02|07-06-2026 16:01:45|07-06-2026 16:01:45|07-06-2026 22:51:32||07-06-2026 22:51:58|07-20-2026 08:45:14|07-20-2026 08:45:19|79.35|401.24|321.89
BRCJM01|BRCJ1JET|BRCJ1JET|1772458|Shipped|NORMAL||63532672000168|14021-600|SP|BR|DSV||2|.4|.004|9|9|Y|07-03-2026 15:25:46|07-03-2026 15:25:46|||07-03-2026 15:26:50|07-03-2026 15:35:01|07-04-2026 11:32:56|07-04-2026 11:50:21|07-04-2026 16:08:29||07-04-2026 16:08:59|07-10-2026 11:42:16|07-10-2026 11:42:20|24.72|164.28|139.56
BRCJM01|BRCJ1JET|BRCJ1JET|1776254|Shipped|NORMAL||63532672000168|14021-600|SP|BR|DSV||17|.36|.002016|18|18|Y|07-07-2026 15:01:31|07-07-2026 15:01:31|||07-07-2026 15:04:43|07-07-2026 15:15:57|07-08-2026 07:10:53|07-15-2026 17:35:32|07-15-2026 23:21:00||07-15-2026 23:22:59|07-21-2026 10:43:49|07-21-2026 10:43:56|200.36|331.71|131.35
BRCJM01|BRCJ1JET|BRCJ1JET|1776255|Shipped|NORMAL||40499468000197||||DSV||2|0|0|4|4|Y|07-07-2026 15:09:36|07-07-2026 15:09:36|||07-07-2026 15:09:49|07-07-2026 15:16:00|07-08-2026 07:57:37|07-14-2026 00:45:17|07-14-2026 05:27:46||07-14-2026 05:28:47|07-24-2026 14:51:05|07-24-2026 14:51:10|158.32|407.69|249.37
BRCJM01|BRCJ1JET|BRCJ1JET|1776272|Shipped|NORMAL||63838066000175||||DSV||1|.02|.000002|2|2|Y|07-07-2026 15:09:36|07-07-2026 15:09:36|||07-07-2026 15:09:49|07-07-2026 15:16:00|07-08-2026 23:27:56|07-08-2026 23:27:56|07-10-2026 14:52:53||07-10-2026 15:32:43|07-21-2026 10:45:21|07-21-2026 10:45:23|72.39|331.6|259.21
BRCJM01|BRCJ1JET|BRCJ1JET|1776290|Shipped|NORMAL||64152596000128||||DSV||1|0|0|1|1|Y|07-07-2026 15:09:36|07-07-2026 15:09:36|||07-07-2026 15:09:49|07-07-2026 15:16:00|07-08-2026 23:18:02|07-08-2026 23:18:02|07-11-2026 16:26:09||07-11-2026 16:26:44|07-21-2026 10:45:57|07-21-2026 10:46:01|97.29|331.61|234.32
BRCJM01|BRCJ1JET|BRCJ1JET|1776307|Shipped|NORMAL||61735888000367||||DSV||1|.1|.001|1|1|Y|07-07-2026 15:10:36|07-07-2026 15:10:36|||07-07-2026 15:14:56|07-07-2026 15:16:00|07-08-2026 06:40:43|07-08-2026 06:40:43|07-08-2026 07:06:25||07-08-2026 07:07:45|07-16-2026 10:00:27|07-16-2026 10:00:30|15.95|210.83|194.88
BRCJM01|BRCJ1JET|BRCJ1JET|1776316|Shipped|NORMAL||40499468000197||||DSV||3|.2|.002|3|3|Y|07-07-2026 15:10:36|07-07-2026 15:10:36|||07-07-2026 15:16:01|07-08-2026 14:37:59|07-08-2026 15:23:14|07-08-2026 16:17:41|07-09-2026 06:46:50||07-09-2026 06:47:23|07-16-2026 10:00:03|07-16-2026 10:00:05|39.61|210.82|171.21
BRCJM01|BRCJ1JET|BRCJ1JET|1776325|Shipped|NORMAL||64156462000185||||DSV||1|.01|.000001|1|1|Y|07-07-2026 15:10:37|07-07-2026 15:10:37|||07-07-2026 15:14:56|07-07-2026 15:16:01|07-08-2026 06:43:59|07-08-2026 06:43:59|07-08-2026 07:03:15||07-08-2026 07:08:50|07-21-2026 14:38:01|07-21-2026 14:38:06|15.97|335.46|319.49
BRCJM01|BRCJ1JET|BRCJ1JET|1776897|Shipped|NORMAL||64156009000179||||DSV||2|.01|.000001|2|2|Y|07-07-2026 15:11:37|07-07-2026 15:11:37|||07-07-2026 15:14:56|07-07-2026 15:16:01|07-08-2026 16:38:28|07-10-2026 17:53:12|07-13-2026 07:56:36||07-13-2026 07:57:29|07-21-2026 10:47:08|07-21-2026 10:47:10|136.76|331.59|194.83
BRCJM01|BRCJ1JET|BRCJ1JET|1779515|Shipped|RUSH||64156009000179||||DSV||1|.01|.000001|1|1|Y|07-06-2026 10:02:26|07-06-2026 10:02:26|||07-06-2026 10:03:51|07-06-2026 10:04:16|07-06-2026 10:18:21|07-06-2026 10:18:21|07-06-2026 10:21:32||07-06-2026 10:22:40|07-08-2026 16:03:33|07-08-2026 16:03:38|.34|54.02|53.68
BRCJM01|BRCJ1JET|BRCJ1JET|1779777|Shipped|NORMAL||64506399000160|13420-355|SP|BR|DSV||4|1|.01|37|37|Y|07-07-2026 15:01:31|07-07-2026 15:01:31|||07-07-2026 15:04:43|07-07-2026 15:15:58|07-08-2026 07:22:04|07-09-2026 16:40:19|07-10-2026 09:31:35||07-10-2026 09:32:20|07-21-2026 10:44:46|07-21-2026 10:44:49|66.51|331.72|265.21
BRCJM01|BRCJ1JET|BRCJ1JET|1780006|Shipped|NORMAL||40499468000197||||DSV||9|.62|.956002|11|11|Y|07-07-2026 15:11:37|07-07-2026 15:11:37|||07-07-2026 15:14:56|07-07-2026 15:16:01|07-08-2026 07:09:52|07-13-2026 10:52:23|07-13-2026 18:03:55||07-13-2026 18:04:27|07-21-2026 10:46:35|07-21-2026 10:46:37|146.88|331.58|184.7
BRCJM01|BRCJ1JET|BRCJ1JET|1780212|Shipped|NORMAL||64389741000199||||DSV||14|.34|.002014|17|17|Y|07-07-2026 15:11:37|07-07-2026 15:11:37|||07-07-2026 15:14:56|07-07-2026 15:16:02|07-08-2026 07:24:37|07-14-2026 09:44:12|07-14-2026 11:02:37||07-14-2026 11:03:56|07-21-2026 10:47:57|07-21-2026 10:47:59|163.87|331.61|167.73
BRCJM01|BRCJ1JET|BRCJ1JET|1781130|Shipped|NORMAL||64156009000179||||DSV||2|.02|.000002|2|2|Y|07-08-2026 15:34:28|07-08-2026 15:34:28|||07-08-2026 15:35:42|07-08-2026 15:41:50|07-09-2026 11:46:10|07-09-2026 12:01:37|07-10-2026 22:46:46||07-10-2026 22:49:04|07-21-2026 10:49:40|07-21-2026 10:49:44|55.24|307.25|252.01
BRCJM01|BRCJ1JET|BRCJ1JET|1781205|Shipped|NORMAL||63432244000678||||DSV||1|.1|.001|1|1|Y|07-08-2026 15:33:26|07-08-2026 15:33:26|||07-08-2026 15:35:42|07-08-2026 15:41:50|07-09-2026 11:25:14|07-09-2026 11:25:14|07-09-2026 12:09:26||07-09-2026 12:09:45|07-16-2026 10:00:53|07-16-2026 10:00:55|20.61|186.46|165.85
BRCJM01|BRCJ1JET|BRCJ1JET|1781206|Shipped|NORMAL||63432244000678||||DSV||1|0|0|1|1|Y|07-08-2026 15:39:30|07-08-2026 15:39:30|||07-08-2026 15:40:49|07-08-2026 15:41:51|07-11-2026 00:52:02|07-11-2026 00:52:02|07-11-2026 01:43:32||07-11-2026 01:51:05|07-21-2026 10:51:28|07-21-2026 10:51:32|58.19|307.2|249.01
BRCJM01|BRCJ1JET|BRCJ1JET|1781331|Shipped|NORMAL||86986296001078||||DSV||2|.02|.000002|2|2|Y|07-08-2026 15:34:28|07-08-2026 15:34:28|||07-08-2026 15:35:42|07-08-2026 15:41:50|07-10-2026 07:56:57|07-10-2026 16:17:11|07-11-2026 18:39:49||07-11-2026 18:42:04|07-21-2026 14:39:13|07-21-2026 14:39:18|75.13|311.08|235.95
BRCJM01|BRCJ1JET|BRCJ1JET|1781332|Shipped|NORMAL||64156009000179||||DSV||1|.01|.000001|1|1|Y|07-08-2026 15:34:28|07-08-2026 15:34:28|||07-08-2026 15:35:42|07-08-2026 15:41:50|07-09-2026 11:30:46|07-09-2026 11:30:46|07-09-2026 13:17:50||07-09-2026 13:18:49|07-21-2026 10:50:16|07-21-2026 10:50:17|21.74|307.26|285.52
BRCJM01|BRCJ1JET|BRCJ1JET|1783732|Shipped|NORMAL||64152596000128||||DSV||1|.1|.001|1|1|Y|07-08-2026 15:34:28|07-08-2026 15:34:28|||07-08-2026 15:35:42|07-08-2026 15:41:50|07-09-2026 11:34:57|07-09-2026 11:34:57|07-10-2026 09:05:04||07-10-2026 09:06:50|07-21-2026 10:49:07|07-21-2026 10:49:10|41.54|307.25|265.71
BRCJM01|BRCJ1JET|BRCJ1JET|1784159|Shipped|NORMAL||64389741000199||||DSV||1|.01|.000001|1|1|Y|07-08-2026 15:34:28|07-08-2026 15:34:28|||07-08-2026 15:35:42|07-08-2026 15:41:50|07-09-2026 07:25:39|07-09-2026 07:25:39|07-09-2026 07:49:11||07-09-2026 07:49:46|07-16-2026 10:01:20|07-16-2026 10:01:23|16.26|186.45|170.19
BRCJM01|BRCJ1JET|BRCJ1JET|1784501|Shipped|NORMAL||26609106000180||||DSV||5|5|.05|90|90|Y|07-08-2026 15:34:28|07-08-2026 15:34:28|||07-08-2026 15:35:42|07-08-2026 15:41:50|07-10-2026 08:22:44|07-10-2026 10:19:09|07-11-2026 14:23:42||07-11-2026 14:25:41|07-21-2026 10:48:30|07-21-2026 10:48:37|70.85|307.24|236.38
BRCJM01|BRCJ1JET|BRCJ1JET|1784993|Shipped|NORMAL||40656924000246||||DSV||1|.01|.000001|1|1|Y|07-08-2026 15:36:29|07-08-2026 15:36:29|||07-08-2026 15:40:49|07-08-2026 15:41:50|07-09-2026 07:22:58|07-09-2026 07:22:58|07-09-2026 07:54:09||07-09-2026 07:54:47|07-16-2026 10:01:44|07-16-2026 10:01:48|16.31|186.42|170.12
BRCJM01|BRCJ1JET|BRCJ1JET|1785094|Shipped|NORMAL||40656924000246||||DSV||1|.1|.001|1|1|Y|07-08-2026 15:36:29|07-08-2026 15:36:29|||07-08-2026 15:40:49|07-08-2026 15:41:50|07-09-2026 07:19:06|07-09-2026 07:19:06|07-09-2026 07:52:43||07-09-2026 07:55:01|07-16-2026 10:02:11|07-16-2026 10:02:15|16.31|186.43|170.12
BRCJM01|BRCJ1JET|BRCJ1JET|1785254|Shipped|NORMAL||64152596000128||||DSV||2|.11|.001001|2|2|Y|07-08-2026 15:38:30|07-08-2026 15:38:30|||07-08-2026 15:40:49|07-08-2026 15:41:51|07-10-2026 22:59:54|07-10-2026 23:07:12|07-11-2026 14:35:29||07-11-2026 14:35:44|07-21-2026 10:52:00|07-21-2026 10:52:03|70.95|307.23|236.27
BRCJM01|BRCJ1JET|BRCJ1JET|1785255|Shipped|NORMAL||64152596000128||||DSV||1|.02|.000002|2|2|Y|07-08-2026 15:38:30|07-08-2026 15:38:30|||07-08-2026 15:40:49|07-08-2026 15:41:51|07-09-2026 14:52:40|07-09-2026 14:52:40|07-10-2026 14:44:58||07-10-2026 15:29:46|07-21-2026 10:52:37|07-21-2026 10:52:39|47.85|307.24|259.38
BRCJM01|BRCJ1JET|BRCJ1JET|1785320|Shipped|NORMAL||64204650000484||||DSV||1|.01|.000001|1|1|Y|07-08-2026 15:37:29|07-08-2026 15:37:29|||07-08-2026 15:40:49|07-08-2026 15:41:50|07-09-2026 07:03:14|07-09-2026 07:03:15|07-09-2026 07:56:18||07-09-2026 07:56:57|07-17-2026 10:10:47|07-17-2026 10:10:51|16.32|210.56|194.23
BRCJM01|BRCJ1JET|BRCJ1JET|1788588|Shipped|NORMAL||64389741000199||||DSV||1|.1|.001|1|1|Y|07-08-2026 15:37:29|07-08-2026 15:37:29|||07-08-2026 15:40:49|07-08-2026 15:41:51|07-09-2026 11:37:56|07-09-2026 11:37:56|07-10-2026 08:43:24||07-10-2026 08:44:24|07-21-2026 10:53:08|07-21-2026 10:53:12|41.12|307.26|266.15
BRCJM01|BRCJ1JET|BRCJ1JET|1788641|Shipped|NORMAL||40656924000246||||DSV||1|.01|.000001|1|1|Y|07-08-2026 15:37:29|07-08-2026 15:37:29|||07-08-2026 15:40:49|07-08-2026 15:41:51|07-09-2026 07:42:23|07-09-2026 07:42:23|07-11-2026 18:51:31||07-11-2026 18:51:52|07-21-2026 10:50:47|07-21-2026 10:50:51|75.24|307.22|231.98
BRCJM01|BRCJ1JET|BRCJ1JET|1788643|Shipped|NORMAL||40656924000246||||DSV||1|.1|.001|1|1|Y|07-08-2026 15:37:29|07-08-2026 15:37:29|||07-08-2026 15:40:49|07-08-2026 15:41:51|07-09-2026 06:50:02|07-09-2026 06:50:02|07-09-2026 07:53:27||07-09-2026 07:54:54|07-16-2026 10:02:43|07-16-2026 10:02:47|16.29|186.42|170.13
BRCJM01|BRCJ1JET|BRCJ1JET|1789181|Shipped|NORMAL||40656924000246||||DSV||1|.02|.000002|2|2|Y|07-08-2026 15:37:29|07-08-2026 15:37:29|||07-08-2026 15:40:49|07-08-2026 15:41:51|07-09-2026 11:41:20|07-09-2026 11:41:20|07-11-2026 09:40:52||07-11-2026 09:41:31|07-24-2026 12:52:02|07-24-2026 12:52:06|66.07|381.24|315.18
BRCJM01|BRCJ1JET|BRCJ1JET|1789551|Shipped|NORMAL||61735888000367||||DSV||1|.01|.000001|1|1|Y|07-14-2026 17:12:33|07-14-2026 17:12:33|||07-14-2026 17:14:55|07-14-2026 17:21:08|07-14-2026 21:47:38|07-14-2026 21:47:38|07-15-2026 05:11:18||07-15-2026 05:11:56|07-17-2026 10:14:42|07-17-2026 10:14:45|11.99|65.04|53.05
BRCJM01|BRCJ1JET|BRCJ1JET|1789555|Shipped|NORMAL||40656924000246||||DSV||1|.1|.001|1|1|Y|07-14-2026 17:12:33|07-14-2026 17:12:33|||07-14-2026 17:14:55|07-14-2026 17:21:08|07-14-2026 21:11:12|07-14-2026 21:11:12|07-15-2026 00:57:22||07-15-2026 03:01:06|07-17-2026 10:13:28|07-17-2026 10:13:44|9.81|65.02|55.21
BRCJM01|BRCJ1JET|BRCJ1JET|1789802|Shipped|NORMAL||40656924000246||||DSV||1|.01|.000001|1|1|Y|07-14-2026 17:12:33|07-14-2026 17:12:33|||07-14-2026 17:14:55|07-14-2026 17:21:08|07-14-2026 21:14:08|07-14-2026 21:14:08|07-15-2026 00:42:13||07-15-2026 03:00:31|07-17-2026 10:14:16|07-17-2026 10:14:20|9.8|65.03|55.23
BRCJM01|BRCJ1JET|BRCJ1JET|1793219|Shipped|NORMAL||64152596000128||||DSV||3|.12|.001002|3|3|Y|07-14-2026 17:13:33|07-14-2026 17:13:33|||07-17-2026 12:34:08|07-18-2026 08:32:18|07-20-2026 11:57:09|07-20-2026 12:09:12|07-20-2026 12:25:10||07-20-2026 12:26:10|07-23-2026 13:31:01|07-23-2026 13:31:03|139.21|212.29|73.08
BRCJM01|BRCJ1JET|BRCJ1JET|1794096|Shipped|NORMAL||05796221000301||||DSV||1|.05|.000005|5|5|Y|07-14-2026 17:13:34|07-14-2026 17:13:34|||07-14-2026 17:14:55|07-14-2026 17:21:08|07-14-2026 23:50:34|07-14-2026 23:50:34|07-15-2026 03:55:13||07-15-2026 03:56:06|07-17-2026 10:11:44|07-17-2026 10:11:48|10.71|64.97|54.26
BRCJM01|BRCJ1JET|BRCJ1JET|1796708|Shipped|NORMAL||05796221000484||||DSV||2|.02|.000002|2|2|Y|07-14-2026 17:13:34|07-14-2026 17:13:34|||07-14-2026 17:14:55|07-14-2026 17:21:08|07-14-2026 21:03:10|07-14-2026 21:04:24|07-15-2026 00:32:06||07-15-2026 03:00:52|07-17-2026 10:12:09|07-17-2026 10:12:12|9.79|64.98|55.19
BRCJM01|BRCJ1JET|BRCJ1JET|1796970|Shipped|NORMAL||64389741000199||||DSV||2|.02|.000002|2|2|Y|07-14-2026 17:13:34|07-14-2026 17:13:34|||07-14-2026 17:14:55|07-14-2026 17:21:09|07-14-2026 23:28:03|07-14-2026 23:35:25|07-15-2026 03:37:32||07-15-2026 03:38:32|07-17-2026 10:17:26|07-17-2026 10:17:30|10.42|65.07|54.65
BRCJM01|BRCJ1JET|BRCJ1JET|1797047|Shipped|NORMAL||64389741000199||||DSV||1|.01|.000001|1|1|Y|07-14-2026 17:13:34|07-14-2026 17:13:34|||07-14-2026 17:14:55|07-14-2026 17:21:09|07-14-2026 23:58:50|07-14-2026 23:58:50|07-15-2026 03:58:43||07-15-2026 03:59:01|07-17-2026 10:17:51|07-17-2026 10:17:54|10.76|65.07|54.31
BRCJM01|BRCJ1JET|BRCJ1JET|1797115|Shipped|NORMAL||63838066000175||||DSV||1|.1|.001|1|1|Y|07-14-2026 17:14:34|07-14-2026 17:14:34|||07-14-2026 17:14:55|07-14-2026 17:21:09|07-14-2026 20:57:46|07-14-2026 20:57:46|07-15-2026 01:04:16||07-15-2026 03:03:37|07-17-2026 10:15:47|07-17-2026 10:15:50|9.82|65.02|55.2
BRCJM01|BRCJ1JET|BRCJ1JET|1797264|Shipped|NORMAL||40656924000246||||DSV||1|.01|.000001|1|1|Y|07-14-2026 17:14:34|07-14-2026 17:14:34|||07-14-2026 17:14:55|07-14-2026 17:21:09|07-15-2026 00:05:54|07-15-2026 00:05:54|07-15-2026 04:06:05||07-15-2026 04:07:33|07-17-2026 10:12:34|07-17-2026 10:12:38|10.88|64.97|54.08
BRCJM01|BRCJ1JET|BRCJ1JET|1798199|Shipped|NORMAL||86986296001078||||DSV||7|.29|.002009|11|11|Y|07-14-2026 17:14:34|07-14-2026 17:14:34|||07-14-2026 17:14:55|07-14-2026 17:21:09|07-15-2026 02:12:18|07-15-2026 02:53:59|07-15-2026 07:12:30||07-15-2026 07:14:08|07-20-2026 08:50:15|07-20-2026 08:50:16|13.99|135.6|121.6
BRCJM01|BRCJ1JET|BRCJ1JET|1798248|Shipped|NORMAL||05796221000131||||DSV||3|.02|.000002|6|6|Y|07-14-2026 17:14:35|07-14-2026 17:14:35|||07-14-2026 17:14:55|07-14-2026 17:21:09|07-14-2026 20:47:14|07-14-2026 20:51:00|07-15-2026 00:24:50||07-15-2026 03:00:23|07-17-2026 10:11:17|07-17-2026 10:11:21|9.76|64.95|55.18
BRCJM01|BRCJ1JET|BRCJ1JET|1798266|Shipped|NORMAL||63432244000678||||DSV||2|.14|.001004|5|5|Y|07-14-2026 17:14:35|07-14-2026 17:14:35|||07-14-2026 17:14:55|07-14-2026 17:21:09|07-14-2026 20:42:55|07-14-2026 20:44:16|07-15-2026 01:10:36||07-15-2026 03:06:31|07-17-2026 10:15:16|07-17-2026 10:15:16|9.87|65.01|55.15
BRCJM01|BRCJ1JET|BRCJ1JET|1799012|Shipped|NORMAL||64156462000185||||DSV||1|.1|.001|1|1|Y|07-14-2026 17:14:35|07-14-2026 17:14:35|||07-14-2026 17:14:55|07-14-2026 17:21:09|07-14-2026 23:42:34|07-14-2026 23:42:34|07-15-2026 07:53:36||07-15-2026 07:55:47|07-17-2026 10:16:11|07-17-2026 10:16:15|14.69|65.03|50.34
BRCJM01|BRCJ1JET|BRCJ1JET|1799014|Shipped|NORMAL||64156462000185||||DSV||2|.2|.002|2|2|Y|07-14-2026 17:15:35|07-14-2026 17:15:35|||07-14-2026 17:20:05|07-14-2026 17:21:10|07-15-2026 04:38:44|07-15-2026 04:42:23|07-15-2026 07:44:08||07-15-2026 07:45:08|07-17-2026 10:22:14|07-17-2026 10:22:20|14.49|65.11|50.62
BRCJM01|BRCJ1JET|BRCJ1JET|1801941|Shipped|NORMAL||63838066000256||||DSV||1|.01|.000001|1|1|Y|07-14-2026 17:15:35|07-14-2026 17:15:35|||07-14-2026 17:20:05|07-14-2026 17:21:10|07-14-2026 23:29:30|07-14-2026 23:29:30|07-15-2026 07:23:04||07-15-2026 07:26:55|07-17-2026 10:20:56|07-17-2026 10:20:59|14.19|65.09|50.9
BRCJM01|BRCJ1JET|BRCJ1JET|1802176|Shipped|NORMAL||40656924000246||||DSV||1|.01|.000001|1|1|Y|07-14-2026 17:15:35|07-14-2026 17:15:35|||07-14-2026 17:20:05|07-14-2026 17:21:10|07-14-2026 23:57:58|07-14-2026 23:57:58|07-15-2026 08:33:40||07-15-2026 08:37:34|07-17-2026 10:19:08|07-17-2026 10:19:13|15.37|65.06|49.69
BRCJM01|BRCJ1JET|BRCJ1JET|1802864|Shipped|NORMAL||40656924000246||||DSV||1|.1|.001|1|1|Y|07-14-2026 17:15:36|07-14-2026 17:15:35|||07-14-2026 17:20:05|07-14-2026 17:21:10|07-14-2026 22:11:23|07-14-2026 22:11:23|07-15-2026 00:47:52||07-15-2026 03:00:44|07-17-2026 10:19:45|07-17-2026 10:19:50|9.75|65.07|55.32
BRCJM01|BRCJ1JET|BRCJ1JET|1803082|Shipped|NORMAL||63432244000678||||DSV||1|.01|.000001|1|1|Y|07-14-2026 17:15:36|07-14-2026 17:15:36|||07-14-2026 17:20:05|07-14-2026 17:21:10|07-14-2026 22:20:16|07-14-2026 22:20:16|07-15-2026 00:39:17||07-15-2026 03:01:15|07-17-2026 10:20:31|07-17-2026 10:20:34|9.76|65.08|55.32
BRCJM01|BRCJ1JET|BRCJ1JET|1803484|Shipped|NORMAL||40656924000246||||DSV||1|0|0|5|5|Y|07-14-2026 17:15:36|07-14-2026 17:15:36|||07-14-2026 17:20:05|07-14-2026 17:21:10|07-14-2026 23:43:11|07-14-2026 23:43:11|07-15-2026 03:29:27||07-15-2026 03:30:43|07-17-2026 10:18:13|07-17-2026 10:18:18|10.25|65.04|54.79
BRCJM01|BRCJ1JET|BRCJ1JET|1808413|Shipped|NORMAL||40656924000246||||DSV||1|.01|.000001|1|1|Y|07-14-2026 17:16:37|07-14-2026 17:16:37|||07-14-2026 17:20:05|07-14-2026 17:21:12|07-14-2026 22:22:32|07-14-2026 22:22:32|07-15-2026 00:36:39||07-15-2026 03:01:23|07-17-2026 10:18:44|07-17-2026 10:18:48|9.75|65.04|55.29
BRCJM01|BRCJ1JET|BRCJ1JET|1808480|Shipped|NORMAL||63838066000256||||DSV||8|.51|.005001|8|8|Y|07-14-2026 17:16:37|07-14-2026 17:16:37|||07-14-2026 17:20:05|07-14-2026 17:21:12|07-14-2026 23:14:12|07-15-2026 12:38:35|07-15-2026 12:49:54||07-15-2026 12:50:36|07-20-2026 08:50:41|07-20-2026 08:50:43|19.57|135.57|116
BRCJM01|BRCJ1JET|BRCJ1JET|1808550|Shipped|NORMAL||64037777000103||||DSV||1|.01|.000001|1|1|Y|07-14-2026 17:16:37|07-14-2026 17:16:37|||07-14-2026 17:20:05|07-14-2026 17:21:12|07-14-2026 22:26:00|07-14-2026 22:26:00|07-15-2026 05:02:34||07-15-2026 05:03:02|07-17-2026 10:21:39|07-17-2026 10:21:45|11.77|65.09|53.31
BRCJM01|BRCJ1JET|BRCJ1JET|1809493|Shipped|NORMAL||64389741000270||||DSV||1|.01|.000001|1|1|Y|07-15-2026 17:03:15|07-15-2026 17:03:15|||07-15-2026 17:06:15|07-15-2026 17:08:58|07-15-2026 19:32:18|07-15-2026 19:32:18|07-16-2026 06:44:52||07-16-2026 06:56:29|07-20-2026 08:51:30|07-20-2026 08:51:36|13.89|111.81|97.92
BRCJM01|BRCJ1JET|BRCJ1JET|1809617|Shipped|NORMAL||64389741000199||||DSV||1|.01|.000001|1|1|Y|07-15-2026 17:03:16|07-15-2026 17:03:16|||07-15-2026 17:06:15|07-15-2026 17:08:58|07-15-2026 19:28:37|07-15-2026 19:28:37|07-16-2026 06:44:21||07-16-2026 06:56:37|07-20-2026 08:51:06|07-20-2026 08:51:09|13.89|111.8|97.91
BRCJM01|BRCJ1JET|BRCJ1JET|1809721|Shipped|NORMAL||63838066000256||||DSV||1|26|0|5|5|Y|07-15-2026 17:03:16|07-15-2026 17:03:16|||07-15-2026 17:06:15|07-15-2026 17:08:58|07-15-2026 19:22:46|07-15-2026 19:22:46|07-18-2026 04:38:49||07-18-2026 06:18:07|08-03-2026 12:03:33|08-03-2026 12:03:37|61.25|451.01|389.76
BRCJM01|BRCJ1JET|BRCJ1JET|1814528|Shipped|NORMAL||65650278000150||||DSV||65|6.6|2017.356|87|87|Y|07-15-2026 17:04:21|07-15-2026 17:04:21|||07-15-2026 17:56:07|07-16-2026 09:38:13|07-21-2026 17:57:50|07-22-2026 02:27:31|07-22-2026 21:30:15||07-22-2026 21:33:30|07-27-2026 11:00:26|07-27-2026 11:00:29|172.49|281.94|109.45
BRCJM01|BRCJ1JET|BRCJ1JET|1814543|Shipped|NORMAL||65650278000230||||DSV||65|6.6|2017.356|87|87|Y|07-15-2026 17:04:21|07-15-2026 17:04:21|||07-15-2026 17:56:09|07-16-2026 09:40:34|07-20-2026 13:46:55|07-23-2026 18:11:58|07-23-2026 21:14:12||07-23-2026 21:19:33|07-28-2026 08:21:06|07-28-2026 08:21:08|196.25|303.28|107.03
BRCJM01|BRCJ1JET|BRCJ1JET|1814573|Shipped|NORMAL||65650278000150||||DSV||134|15.8|94152.158|242|242|Y|07-15-2026 17:03:17|07-15-2026 17:03:17|||07-15-2026 17:06:16|07-15-2026 17:08:58|07-15-2026 21:16:01|07-17-2026 05:33:27|07-18-2026 17:03:26||07-23-2026 14:22:33|07-23-2026 14:46:47|07-23-2026 14:46:50|189.32|189.73|.4
BRCJM01|BRCJ1JET|BRCJ1JET|1814586|Shipped|NORMAL||65650278000230||||DSV||134|15.8|94152.158|242|242|Y|07-15-2026 17:04:19|07-15-2026 17:04:19|||07-15-2026 17:06:16|07-15-2026 17:09:05|07-16-2026 00:27:36|07-21-2026 05:06:40|07-21-2026 13:37:59||07-21-2026 14:03:38|07-23-2026 09:38:09|07-23-2026 09:38:12|140.99|184.56|43.58
BRCJM01|BRCJ1JET|BRCJ1JET|1814747|Shipped|NORMAL||05796221000131||||DSV||1|.2|.002|2|2|Y|07-15-2026 17:04:22|07-15-2026 17:04:22|||07-15-2026 17:06:15|07-15-2026 17:09:15|07-15-2026 19:41:46|07-15-2026 19:41:46|07-18-2026 04:40:49||07-18-2026 06:16:07|07-23-2026 13:31:27|07-23-2026 13:31:30|61.2|188.45|127.26
BRCJM01|BRCJ1JET|BRCJ1JET|1815830|Shipped|NORMAL||64152596000128||||DSV||3|.11|.001001|3|3|Y|07-18-2026 08:38:47|07-18-2026 08:38:47|||07-18-2026 08:40:54|07-18-2026 08:52:39|07-20-2026 09:37:35|07-21-2026 19:45:58|07-21-2026 22:16:07||07-21-2026 22:17:38|07-30-2026 08:55:52|07-30-2026 08:56:03|85.65|288.29|202.64
BRCJM01|BRCJ1JET|BRCJ1JET|1815861|Shipped|NORMAL||64156462000185||||DSV||8|.61|9.906001|8|8|Y|07-18-2026 08:38:47|07-18-2026 08:38:47|||07-18-2026 08:40:54|07-18-2026 08:52:38|07-20-2026 08:33:52|07-21-2026 07:02:54|07-21-2026 14:26:50||07-21-2026 14:28:19|07-27-2026 11:02:30|07-27-2026 11:02:32|77.83|218.4|140.57
BRCJM01|BRCJ1JET|BRCJ1JET|1819150|Shipped|NORMAL||40656924000246||||DSV||1|5|.05|50|50|Y|07-18-2026 08:39:47|07-18-2026 08:39:47|||07-18-2026 08:40:54|07-18-2026 08:52:39|07-20-2026 06:49:36|07-20-2026 06:49:36|07-20-2026 14:05:26||07-20-2026 14:05:46|07-23-2026 09:38:59|07-23-2026 09:39:03|53.43|120.99|67.55
BRCJM01|BRCJ1JET|BRCJ1JET|1819381|Shipped|NORMAL||40656924000246||||DSV||3|1|.01|40|40|Y|07-18-2026 08:39:48|07-18-2026 08:39:48|||07-18-2026 08:40:54|07-18-2026 08:52:39|07-20-2026 09:20:18|07-20-2026 17:19:47|07-21-2026 07:17:41||07-21-2026 07:19:30|07-23-2026 09:38:30|07-23-2026 09:38:33|70.66|120.98|50.32
BRCJM01|BRCJ1JET|BRCJ1JET|1819616|Shipped|NORMAL||64389741000270||||DSV||1|.03|.000003|3|3|Y|07-18-2026 08:39:48|07-18-2026 08:39:48|||07-18-2026 08:40:54|07-18-2026 08:52:39|07-20-2026 15:31:56|07-20-2026 15:35:04|07-20-2026 18:48:12||07-20-2026 18:48:53|07-23-2026 09:40:26|07-23-2026 09:40:29|58.15|121.01|62.86
BRCJM01|BRCJ1JET|BRCJ1JET|1819966|Shipped|NORMAL||64152596000128||||DSV||3|.21|.002001|3|3|Y|07-18-2026 08:39:48|07-18-2026 08:39:48|||07-20-2026 11:36:03|07-21-2026 16:26:55|07-21-2026 18:26:37|07-21-2026 23:15:34|07-22-2026 00:45:16||07-23-2026 13:57:57|07-27-2026 11:01:45|07-27-2026 11:01:47|125.3|218.37|93.06
BRCJM01|BRCJ1JET|BRCJ1JET|1820691|Shipped|NORMAL||64435342000206||||DSV||2|.3|.003|5|5|Y|07-18-2026 08:37:46|07-18-2026 08:37:46|||07-18-2026 08:40:54|07-18-2026 08:52:38|07-20-2026 15:51:09|07-21-2026 20:02:46|07-21-2026 20:46:27||07-21-2026 20:47:15|08-05-2026 10:21:28|08-05-2026 10:21:32|84.16|433.73|349.57
BRCJM01|BRCJ1JET|BRCJ1JET|1820771|Shipped|NORMAL||61735888000367||||DSV||1|.1|.001|1|1|Y|07-18-2026 08:38:47|07-18-2026 08:38:47|||07-18-2026 08:40:54|07-18-2026 08:52:38|07-20-2026 16:27:15|07-20-2026 16:27:15|07-20-2026 18:18:50||07-20-2026 18:20:05|07-23-2026 09:39:31|07-23-2026 09:39:34|57.69|121.01|63.32
BRCJM01|BRCJ1JET|BRCJ1JET|1820804|Shipped|NORMAL||64107585000126||||DSV||2|0|0|2|2|Y|07-18-2026 08:38:47|07-18-2026 08:38:47|||07-18-2026 08:40:54|07-18-2026 08:52:38|07-20-2026 07:44:15|07-20-2026 07:48:29|07-20-2026 08:00:18||07-20-2026 08:01:00|08-03-2026 12:03:56|08-03-2026 12:03:59|47.37|387.42|340.05
BRCJM01|BRCJ1JET|BRCJ1JET|1820808|Shipped|NORMAL||64156462000185||||DSV||1|.01|.000001|1|1|Y|07-18-2026 08:37:46|07-18-2026 08:37:46|||07-18-2026 08:40:54|07-18-2026 08:52:38|07-20-2026 08:02:24|07-20-2026 08:02:24|07-20-2026 08:58:46||07-20-2026 08:59:11|07-23-2026 13:32:09|07-23-2026 13:32:11|48.36|124.91|76.55
BRCJM01|BRCJ1JET|BRCJ1JET|1823892|Shipped|NORMAL||64156009000179||||DSV||1|.1|.001|1|1|Y|07-18-2026 08:38:47|07-18-2026 08:38:47|||07-18-2026 08:40:54|07-18-2026 08:52:38|07-20-2026 15:44:27|07-20-2026 15:44:27|07-20-2026 18:34:34||07-20-2026 18:34:53|07-23-2026 09:39:58|07-23-2026 09:40:02|57.93|121.02|63.09
BRCJM01|BRCJ1JET|BRCJ1JET|1825751|Shipped|NORMAL||63432244000678||||DSV||1|.01|.000001|1|1|Y|07-20-2026 16:45:59|07-20-2026 16:45:59|||07-20-2026 16:48:16|07-20-2026 16:49:43|07-23-2026 17:31:31|07-23-2026 17:31:31|07-23-2026 17:50:09||07-23-2026 17:50:22|08-13-2026 08:40:50|08-13-2026 08:40:53|73.07|567.92|494.84
BRCJM01|BRCJ1JET|BRCJ1JET|1825771|Shipped|NORMAL||64506399000160|13420-355|SP|BR|DSV||2|.2|.002|2|2|Y|07-20-2026 16:44:59|07-20-2026 16:44:59|||07-20-2026 16:48:16|07-20-2026 16:49:43|07-23-2026 17:06:14|07-23-2026 17:25:25|07-23-2026 18:03:56||07-23-2026 18:04:12|07-28-2026 08:22:09|07-28-2026 08:22:13|73.32|183.62|110.3
BRCJM01|BRCJ1JET|BRCJ1JET|1825837|Shipped|NORMAL||63432244000163||||DSV||1|.01|.000001|1|1|Y|07-20-2026 16:45:59|07-20-2026 16:45:59|||07-20-2026 16:48:16|07-20-2026 16:49:43|07-20-2026 23:55:21|07-20-2026 23:55:21|07-21-2026 02:54:07||07-21-2026 02:54:56|07-23-2026 09:40:55|07-23-2026 09:40:56|10.15|64.92|54.77
BRCJM01|BRCJ1JET|BRCJ1JET|1829352|Shipped|NORMAL||64506399000160|13420-355|SP|BR|DSV||1|.01|.000001|1|1|Y|07-20-2026 16:44:58|07-20-2026 16:44:58|||07-20-2026 16:48:38|07-20-2026 16:49:43|07-21-2026 12:35:34|07-21-2026 12:35:34|07-21-2026 12:40:09||07-21-2026 12:42:34|07-24-2026 14:54:24|07-24-2026 14:54:27|19.96|94.16|74.2
BRCJM01|BRCJ1JET|BRCJ1JET|1829818|Shipped|NORMAL||64389741000270||||DSV||1|.01|.000001|1|1|Y|07-20-2026 16:45:59|07-20-2026 16:45:59|||07-20-2026 16:48:16|07-20-2026 16:49:43|07-21-2026 00:04:40|07-21-2026 00:04:40|07-21-2026 01:51:14||07-21-2026 01:51:26|07-23-2026 09:41:19|07-23-2026 09:41:23|9.09|64.92|55.83
BRCJM01|BRCJ1JET|BRCJ1JET|1829892|Shipped|NORMAL||64389741000199||||DSV||1|.01|.000001|1|1|Y|07-20-2026 16:45:59|07-20-2026 16:45:59|||07-20-2026 16:48:16|07-20-2026 16:49:44|07-23-2026 16:57:54|07-23-2026 16:57:54|07-23-2026 17:45:32||07-23-2026 17:47:29|07-28-2026 08:21:30|07-28-2026 08:21:33|73.02|183.59|110.57
BRCJM01|BRCJ1JET|BRCJ1JET|1830584|Shipped|NORMAL||64156462000185||||DSV||1|.01|.000001|1|1|Y|07-21-2026 17:11:32|07-21-2026 17:11:32|||07-21-2026 17:15:29|07-21-2026 17:17:11|07-22-2026 08:11:31|07-22-2026 08:11:31|07-22-2026 13:29:35||07-22-2026 13:29:58|08-03-2026 15:22:08|08-03-2026 15:22:11|20.31|310.18|289.87
BRCJM01|BRCJ1JET|BRCJ1JET|1830702|Shipped|NORMAL||40656924000246||||DSV||1|.1|.001|1|1|Y|07-21-2026 17:11:32|07-21-2026 17:11:32|||07-21-2026 17:15:18|07-21-2026 17:17:11|07-22-2026 08:50:23|07-22-2026 08:50:23|07-22-2026 13:18:23||07-22-2026 13:18:35|07-27-2026 11:04:10|07-27-2026 11:04:14|20.12|137.88|117.76
BRCJM01|BRCJ1JET|BRCJ1JET|1830715|Shipped|NORMAL||05796221000131||||DSV||6|.06|.000006|6|6|Y|07-21-2026 17:10:31|07-21-2026 17:10:31|||07-21-2026 17:14:43|07-21-2026 17:17:11|07-22-2026 08:26:00|07-23-2026 07:40:10|07-24-2026 11:14:28||07-24-2026 11:25:08|07-31-2026 12:21:01|07-31-2026 12:21:03|66.24|235.18|168.93
BRCJM01|BRCJ1JET|BRCJ1JET|1830716|Shipped|NORMAL||05796221000301||||DSV||2|.3|.003|3|3|Y|07-21-2026 17:11:32|07-21-2026 17:11:32|||07-21-2026 17:17:12|07-22-2026 10:58:33|07-24-2026 23:42:13|07-24-2026 23:52:17|07-25-2026 02:52:04||07-25-2026 03:50:28|07-31-2026 11:11:45|07-31-2026 11:11:48|82.65|234|151.36
BRCJM01|BRCJ1JET|BRCJ1JET|1830724|Shipped|NORMAL||40656924000246||||DSV||1|.01|.000001|1|1|Y|07-21-2026 17:10:31|07-21-2026 17:10:31|||07-21-2026 17:15:27|07-21-2026 17:17:11|07-22-2026 08:38:00|07-22-2026 08:38:01|07-22-2026 13:20:25||07-22-2026 13:20:35|07-27-2026 11:04:51|07-27-2026 11:04:53|20.17|137.91|117.74
BRCJM01|BRCJ1JET|BRCJ1JET|1834888|Shipped|NORMAL||26609106000180||||DSV||1|.01|.000001|1|1|Y|07-21-2026 17:11:32|07-21-2026 17:11:32|||07-21-2026 17:15:10|07-21-2026 17:17:12|07-22-2026 08:30:33|07-22-2026 08:30:33|07-22-2026 13:22:20||07-22-2026 13:22:27|07-27-2026 11:03:05|07-27-2026 11:03:08|20.18|137.86|117.68
BRCJM01|BRCJ1JET|BRCJ1JET|1834932|Shipped|NORMAL||64389741000199||||DSV||4|.21|.002001|4|4|Y|07-21-2026 17:11:32|07-21-2026 17:11:32|||07-21-2026 17:15:29|07-21-2026 17:17:12|07-22-2026 07:58:22|07-23-2026 08:28:21|07-23-2026 10:11:15||07-23-2026 10:12:14|07-30-2026 09:28:56|07-30-2026 09:28:59|41.01|208.29|167.28
BRCJM01|BRCJ1JET|BRCJ1JET|1836668|Shipped|NORMAL||64156009000179||||DSV||1|0|0|1|1|Y|07-22-2026 18:00:54|07-22-2026 18:00:54|||07-22-2026 18:03:53|07-22-2026 18:04:46|07-25-2026 00:50:18|07-25-2026 00:50:18|07-25-2026 05:40:53||07-25-2026 05:49:03|07-31-2026 11:15:37|07-31-2026 11:15:41|59.8|209.25|149.44
BRCJM01|BRCJ1JET|BRCJ1JET|1836688|Shipped|NORMAL||63432244000406||||DSV||6|3|.03|40|40|Y|07-22-2026 18:00:53|07-22-2026 18:00:53|||07-22-2026 18:03:53|07-22-2026 18:04:45|07-25-2026 04:19:35|07-25-2026 04:46:12|07-25-2026 05:17:45||07-25-2026 05:49:19|07-31-2026 11:12:43|07-31-2026 11:14:51|59.81|209.23|149.43
BRCJM01|BRCJ1JET|BRCJ1JET|1836721|Shipped|NORMAL||64156009000179||||DSV||1|.01|.000001|1|1|Y|07-22-2026 18:00:53|07-22-2026 18:00:53|||07-22-2026 18:03:53|07-22-2026 18:04:45|07-23-2026 08:35:51|07-23-2026 08:35:51|07-24-2026 11:52:52||07-24-2026 11:53:35|07-30-2026 09:30:49|07-30-2026 09:30:52|41.88|183.5|141.62
BRCJM01|BRCJ1JET|BRCJ1JET|1836737|Shipped|NORMAL||26609106000180||||DSV||4|.04|.000004|4|4|Y|07-22-2026 18:00:53|07-22-2026 18:00:53|||07-22-2026 18:03:53|07-22-2026 18:04:45|07-25-2026 00:23:27|07-25-2026 02:49:56|07-25-2026 04:16:09||07-25-2026 06:00:50|07-31-2026 11:12:08|07-31-2026 11:12:10|60|209.19|149.19
BRCJM01|BRCJ1JET|BRCJ1JET|1836744|Shipped|NORMAL||63432244000678||||DSV||2|.11|.001001|2|2|Y|07-22-2026 18:01:54|07-22-2026 18:01:54|||07-22-2026 18:03:53|07-22-2026 18:04:46|07-24-2026 22:11:15|07-24-2026 22:22:08|07-25-2026 02:05:52||07-25-2026 05:49:36|07-31-2026 11:15:11|07-31-2026 11:15:14|59.79|209.22|149.43
BRCJM01|BRCJ1JET|BRCJ1JET|1840489|Shipped|NORMAL||63532672000168|14021-600|SP|BR|DSV||1|0|0|25|25|Y|07-22-2026 17:50:51|07-22-2026 17:50:51|||07-22-2026 17:53:43|07-22-2026 18:04:45|07-23-2026 08:32:45|07-23-2026 08:32:46|07-24-2026 11:39:45||07-24-2026 11:43:28|07-30-2026 09:29:46|07-30-2026 09:29:50|41.88|183.65|141.77
BRCJM01|BRCJ1JET|BRCJ1JET|1840492|Shipped|NORMAL||64156009000179||||DSV||1|.02|.000002|2|2|Y|07-22-2026 18:01:54|07-22-2026 18:01:54|||07-22-2026 18:03:53|07-22-2026 18:04:46|07-23-2026 09:21:38|07-23-2026 09:21:38|07-24-2026 11:48:26||07-24-2026 11:50:08|07-30-2026 09:32:16|07-30-2026 09:32:20|41.8|183.51|141.7
BRCJM01|BRCJ1JET|BRCJ1JET|1841933|Shipped|NORMAL||64389741000199||||DSV||1|.01|.000001|1|1|Y|07-22-2026 18:01:54|07-22-2026 18:01:54|||07-22-2026 18:03:53|07-22-2026 18:04:46|07-25-2026 00:08:34|07-25-2026 00:08:34|07-25-2026 05:43:29||07-25-2026 05:49:44|07-31-2026 11:16:09|07-31-2026 11:16:13|59.8|209.24|149.44
BRCJM01|BRCJ1JET|BRCJ1JET|1841936|Shipped|NORMAL||63432244000678||||DSV||2|.21|.002001|3|3|Y|07-22-2026 18:01:54|07-22-2026 18:01:54|||07-22-2026 18:03:53|07-22-2026 18:04:46|07-23-2026 08:54:18|07-23-2026 09:18:12|07-24-2026 11:46:07||07-24-2026 11:46:29|07-30-2026 09:30:11|07-30-2026 09:30:15|41.74|183.47|141.73
BRCJM01|BRCJ1JET|BRCJ1JET|1842640|Shipped|NORMAL||64389741000199||||DSV||1|1|.01|10|10|Y|07-23-2026 15:40:42|07-23-2026 15:40:42|||07-23-2026 15:45:26|07-23-2026 15:47:46|07-25-2026 02:57:25|07-25-2026 02:57:25|07-25-2026 03:13:20||07-25-2026 03:56:25|07-31-2026 11:18:18|07-31-2026 11:18:22|36.26|187.63|151.37
BRCJM01|BRCJ1JET|BRCJ1JET|1842693|Shipped|NORMAL||40656924000246||||DSV||1|.01|.000001|1|1|Y|07-23-2026 15:40:43|07-23-2026 15:40:42|||07-23-2026 15:45:50|07-23-2026 15:47:46|07-24-2026 22:57:31|07-24-2026 22:57:31|07-25-2026 04:57:17||07-25-2026 05:53:51|07-31-2026 11:17:55|07-31-2026 11:17:58|38.22|187.62|149.4
BRCJM01|BRCJ1JET|BRCJ1JET|1842746|Shipped|NORMAL||26609106000180||||DSV||10|.13|93960.001003|10|10|Y|07-23-2026 15:40:42|07-23-2026 15:40:42|||07-23-2026 15:45:50|07-23-2026 15:47:46|07-25-2026 05:03:43|07-25-2026 19:04:02|07-27-2026 11:39:16||07-27-2026 11:43:09|07-31-2026 11:17:31|07-31-2026 11:17:34|92.04|187.61|95.57
BRCJM01|BRCJ1JET|BRCJ1JET|1846442|Shipped|NORMAL||64389741000199||||DSV||1|0|0|1|1|Y|07-23-2026 15:39:40|07-23-2026 15:39:40|||07-23-2026 15:40:45|07-23-2026 15:47:46|07-24-2026 23:05:55|07-24-2026 23:05:56|07-25-2026 05:07:01||07-25-2026 05:51:32|07-31-2026 11:16:40|07-31-2026 11:16:44|38.2|187.62|149.42
BRCJM01|BRCJ1JET|BRCJ1JET|1847014|Shipped|NORMAL||63432244000678||||DSV||1|.01|.000001|1|1|Y|07-23-2026 15:40:42|07-23-2026 15:40:42|07-27-2026 08:11:01||09-01-2026 11:03:49|09-01-2026 11:06:11|09-01-2026 11:39:04|09-01-2026 11:39:04|09-01-2026 13:04:57||09-01-2026 13:05:12|09-08-2026 08:58:14|09-08-2026 08:58:19|957.41|1121.29|163.89
BRCJM01|BRCJ1JET|BRCJ1JET|1847200|Shipped|NORMAL||05796221000131||||DSV||1|.01|.000001|1|1|Y|07-23-2026 15:40:42|07-23-2026 15:40:42|||07-23-2026 15:45:50|07-23-2026 15:47:47|07-24-2026 22:34:15|07-24-2026 22:34:15|07-27-2026 08:11:15||07-27-2026 08:12:25|07-31-2026 11:17:03|07-31-2026 11:17:07|88.53|187.61|99.08
BRCJM01|BRCJ1JET|BRCJ1JET|1847778|Shipped|NORMAL||64389741000199||||DSV||5|3.01|5.070001|42|42|Y|07-24-2026 14:07:37|07-24-2026 14:07:37|||07-24-2026 14:09:58|07-24-2026 14:11:53|07-27-2026 15:45:51|07-27-2026 16:14:28|07-28-2026 12:02:36||07-28-2026 12:02:53|08-03-2026 12:04:23|08-03-2026 12:04:26|93.92|237.95|144.03
BRCJM01|BRCJ1JET|BRCJ1JET|1847791|Shipped|NORMAL||64152596000128||||DSV||4|.8|.008|8|8|Y|07-24-2026 14:07:37|07-24-2026 14:07:37|||07-24-2026 14:10:22|07-24-2026 14:11:54|07-27-2026 16:19:35|07-27-2026 16:41:39|07-28-2026 12:08:39||07-28-2026 12:11:36|07-31-2026 14:06:22|07-31-2026 14:06:26|94.07|167.98|73.91
BRCJM01|BRCJ1JET|BRCJ1JET|1847811|Shipped|NORMAL||62617245000110||||DSV||4|1.8|.018|34|34|Y|07-24-2026 14:07:37|07-24-2026 14:07:37|||07-24-2026 14:10:34|07-24-2026 14:11:54|07-28-2026 05:40:57|07-29-2026 06:58:40|07-29-2026 07:34:18||07-29-2026 07:34:44|07-31-2026 14:04:23|07-31-2026 14:04:24|113.45|167.95|54.49
BRCJM01|BRCJ1JET|BRCJ1JET|1847875|Shipped|NORMAL||62617245000381|93320-175|RS|BR|DSV||2|0|0|2|2|Y|07-24-2026 14:06:35|07-24-2026 14:06:35|||07-24-2026 14:06:55|07-24-2026 14:11:53|07-27-2026 16:28:04|07-27-2026 16:34:49|07-28-2026 07:03:50||07-28-2026 07:06:04|07-31-2026 12:27:05|07-31-2026 12:27:07|88.99|166.34|77.35
BRCJM01|BRCJ1JET|BRCJ1JET|1848053|Shipped|NORMAL||64156462000185||||DSV||1|.1|.001|1|1|Y|07-24-2026 14:07:38|07-24-2026 14:07:37|||07-24-2026 14:10:11|07-24-2026 14:11:54|07-25-2026 13:40:48|07-25-2026 13:40:48|07-27-2026 11:10:54||07-27-2026 11:11:23|07-31-2026 11:19:53|07-31-2026 11:19:56|69.06|165.21|96.14
BRCJM01|BRCJ1JET|BRCJ1JET|1852218|Shipped|NORMAL||05796221000131||||DSV||3|.21|.002001|3|3|Y|07-28-2026 09:03:58|07-28-2026 09:03:58|||07-28-2026 09:08:29|07-28-2026 09:09:21|07-28-2026 11:33:09|07-28-2026 11:42:46|07-28-2026 12:11:22||07-28-2026 12:12:34|07-31-2026 11:20:18|07-31-2026 11:20:20|3.14|74.27|71.13
BRCJM01|BRCJ1JET|BRCJ1JET|1852235|Shipped|NORMAL||05796221000131||||DSV||1|.01|.000001|1|1|Y|07-28-2026 09:05:00|07-28-2026 09:05:00|||07-28-2026 09:08:30|07-28-2026 09:09:21|07-28-2026 11:29:29|07-28-2026 11:29:29|07-28-2026 11:39:28||07-28-2026 11:40:42|07-31-2026 11:20:42|07-31-2026 11:20:47|2.6|74.26|71.67
BRCJM01|BRCJ1JET|BRCJ1JET|1852259|Shipped|NORMAL||64107585000126||||DSV||1|.01|.000001|1|1|Y|07-28-2026 09:04:00|07-28-2026 09:04:00|||07-28-2026 09:08:30|07-28-2026 09:09:21|07-28-2026 11:03:03|07-28-2026 11:03:03|07-28-2026 11:18:28||07-28-2026 11:19:44|07-31-2026 11:21:33|07-31-2026 11:21:38|2.26|74.29|72.03
BRCJM01|BRCJ1JET|BRCJ1JET|1857126|Shipped|NORMAL||40656924000246||||DSV||1|0|0|1|1|Y|07-28-2026 09:04:00|07-28-2026 09:04:00|||07-28-2026 09:08:30|07-28-2026 09:09:21|07-28-2026 11:19:03|07-28-2026 11:19:03|07-28-2026 11:38:52||07-28-2026 11:40:23|07-31-2026 11:21:07|07-31-2026 11:21:13|2.61|74.29|71.68
BRCJM01|BRCJ1JET|BRCJ1JET|1857254|Shipped|NORMAL||64152596000128||||DSV||1|.05|.000005|5|5|Y|07-28-2026 09:04:00|07-28-2026 09:04:00|||07-28-2026 09:08:30|07-28-2026 09:09:21|07-28-2026 10:43:30|07-28-2026 10:43:30|07-28-2026 11:50:06||07-28-2026 11:52:22|07-31-2026 11:21:59|07-31-2026 11:22:01|2.81|74.3|71.49
BRCJM01|BRCJ1JET|BRCJ1JET|1858328|Shipped|NORMAL||64152596000128||||DSV||1|0|8.25|5|5|Y|07-29-2026 11:43:30|07-29-2026 11:43:30|||07-29-2026 11:46:41|07-29-2026 11:49:51|07-29-2026 13:57:46|07-29-2026 13:57:46|07-29-2026 16:00:01||07-29-2026 16:00:39|08-04-2026 10:48:40|08-04-2026 10:48:44|4.29|143.09|138.8
BRCJM01|BRCJ1JET|BRCJ1JET|1865648|Shipped|NORMAL||05796221000565||||DSV||2|1|.01|13|13|Y|07-29-2026 11:43:30|07-29-2026 11:43:30|||07-29-2026 11:46:41|07-29-2026 11:49:51|07-29-2026 14:00:29|07-29-2026 14:39:17|07-29-2026 21:35:19||07-29-2026 21:36:00|08-04-2026 10:48:15|08-04-2026 10:48:18|9.88|143.08|133.21
BRCJM01|BRCJ1JET|BRCJ1JET|1865844|Shipped|NORMAL||05796221000131||||DSV||2|0|0|22|22|Y|07-29-2026 11:43:30|07-29-2026 11:43:30|||07-29-2026 11:46:41|07-29-2026 11:49:51|07-29-2026 14:02:42|07-29-2026 14:41:06|07-29-2026 22:16:56||07-29-2026 22:17:45|08-04-2026 10:46:44|08-04-2026 10:46:49|10.57|143.06|132.48
BRCJM01|BRCJ1JET|BRCJ1JET|1866077|Shipped|NORMAL||05796221000301||||DSV||1|0|0|5|5|Y|07-29-2026 11:43:30|07-29-2026 11:43:30|||07-29-2026 11:46:41|07-29-2026 11:49:51|07-29-2026 13:46:06|07-29-2026 13:46:06|07-29-2026 16:14:06||07-29-2026 16:16:51|08-04-2026 10:47:13|08-04-2026 10:47:17|4.56|143.06|138.51
BRCJM01|BRCJ1JET|BRCJ1JET|1866144|Shipped|NORMAL||05796221000301||||DSV||10|1|.01|10|10|Y|07-29-2026 11:43:31|07-29-2026 11:43:31|||07-29-2026 11:46:41|07-29-2026 11:49:51|07-29-2026 14:10:16|07-29-2026 14:53:15|07-29-2026 22:29:16||07-29-2026 22:29:42|08-04-2026 10:47:42|08-04-2026 10:47:45|10.77|143.07|132.3
BRCJM01|BRCJ1JET|BRCJ1JET|1866170|Shipped|NORMAL||40656924000246||||DSV||3|.11|.001001|3|3|Y|07-29-2026 11:44:31|07-29-2026 11:44:31|||07-29-2026 11:48:20|07-29-2026 11:49:51|07-29-2026 14:08:00|07-29-2026 14:49:11|07-29-2026 22:38:31||07-29-2026 22:38:54|08-03-2026 12:05:46|08-03-2026 12:05:49|10.91|120.36|109.45
BRCJM01|BRCJ1JET|BRCJ1JET|1866604|Shipped|NORMAL||40656924000246||||DSV||1|.02|.000002|2|2|Y|07-29-2026 11:44:31|07-29-2026 11:44:31|||07-29-2026 11:46:41|07-29-2026 11:49:52|07-29-2026 13:38:11|07-29-2026 13:38:11|07-29-2026 15:54:50||07-29-2026 15:55:17|08-03-2026 12:05:16|08-03-2026 12:05:20|4.18|120.35|116.17
BRCJM01|BRCJ1JET|BRCJ1JET|1867137|Shipped|NORMAL||40656924000246||||DSV||1|.01|.000001|1|1|Y|07-29-2026 16:29:06|07-29-2026 16:29:06|||07-29-2026 16:31:26|07-29-2026 16:36:04|07-30-2026 03:10:34|07-30-2026 03:10:34|07-30-2026 05:33:04||07-30-2026 05:34:55|08-03-2026 12:06:08|08-03-2026 12:06:10|13.1|115.62|102.52
BRCJM01|BRCJ1JET|BRCJ1JET|1867200|Shipped|NORMAL||64156462000185||||DSV||1|.01|.000001|1|1|Y|08-28-2026 16:03:56|08-28-2026 16:03:56|||08-28-2026 16:05:04|08-28-2026 16:08:24|08-28-2026 19:27:05|08-28-2026 19:27:05|08-29-2026 17:23:41||09-02-2026 10:18:32|09-08-2026 09:08:36|09-08-2026 09:08:39|114.24|257.08|142.84
BRCJM01|BRCJ1JET|BRCJ1JET|1871926|Shipped|RUSH||61735888000600||||DSV||2|.02|.000002|2|2|Y|07-29-2026 11:16:20|07-29-2026 11:16:20|||07-29-2026 11:18:18|07-29-2026 11:18:47|07-29-2026 12:18:42|07-29-2026 12:22:28|07-29-2026 12:37:17||07-29-2026 12:37:55|07-31-2026 14:10:37|07-31-2026 14:10:39|1.36|50.91|49.55
BRCJM01|BRCJ1JET|BRCJ1JET|1872006|Shipped|NORMAL||63432244000163||||DSV||1|.01|.000001|1|1|Y|07-29-2026 16:29:06|07-29-2026 16:29:06|||07-29-2026 16:31:26|07-29-2026 16:36:04|07-30-2026 03:19:50|07-30-2026 03:19:50|07-30-2026 05:37:38||07-30-2026 05:38:24|08-05-2026 10:23:38|08-05-2026 10:23:44|13.16|161.91|148.76
BRCJM01|BRCJ1JET|BRCJ1JET|1872007|Shipped|NORMAL||64629695000158||||DSV||5|.34|.000034|34|34|Y|07-29-2026 16:29:06|07-29-2026 16:29:06|||07-29-2026 16:31:26|07-29-2026 16:36:04|07-30-2026 00:22:52|07-30-2026 02:16:38|07-30-2026 08:12:53||07-30-2026 08:14:37|08-04-2026 10:49:10|08-04-2026 10:49:13|15.76|138.34|122.58
BRCJM01|BRCJ1JET|BRCJ1JET|1872010|Shipped|NORMAL||63432244000678||||DSV||1|.01|.000001|1|1|Y|07-29-2026 16:29:06|07-29-2026 16:29:06|||07-29-2026 16:31:26|07-29-2026 16:36:04|07-30-2026 00:43:12|07-30-2026 00:43:12|07-30-2026 01:02:42||07-30-2026 05:18:50|08-03-2026 12:07:44|08-03-2026 12:07:46|12.83|115.64|102.82
BRCJM01|BRCJ1JET|BRCJ1JET|1873865|Shipped|RUSH||05796221000301||||DSV||1|.01|.000001|1|1|Y|07-30-2026 14:35:28|07-30-2026 14:35:28|||07-30-2026 14:38:13|07-30-2026 14:39:35|07-30-2026 15:33:48|07-30-2026 15:33:48|07-30-2026 15:40:58||07-30-2026 15:41:58|08-17-2026 11:00:08|08-17-2026 11:00:13|1.11|428.41|427.3
BRCJM01|BRCJ1JET|BRCJ1JET|1873993|Shipped|NORMAL||61735888000286|04553-002|SP|BR|DSV||1|.01|.000001|1|1|Y|07-30-2026 14:32:26|07-30-2026 14:32:26|||07-30-2026 14:33:09|07-30-2026 14:39:35|07-30-2026 19:02:27|07-30-2026 19:02:27|07-31-2026 11:06:10||07-31-2026 11:08:32|08-07-2026 11:36:41|08-07-2026 11:36:44|20.6|189.07|168.47
BRCJM01|BRCJ1JET|BRCJ1JET|1880153|Shipped|NORMAL||65650278000150||||DSV||1|.01|.000001|1|1|Y|07-30-2026 14:35:28|07-30-2026 14:35:28|||07-30-2026 14:39:06|07-30-2026 14:39:35|07-30-2026 19:12:04|07-30-2026 19:12:04|07-31-2026 13:09:04||07-31-2026 13:10:58|08-05-2026 09:50:51|08-05-2026 09:50:55|22.59|139.26|116.67
BRCJM01|BRCJ1JET|BRCJ1JET|1880659|Shipped|NORMAL||40656924000246||||DSV||1|.01|.000001|1|1|Y|07-30-2026 14:36:28|07-30-2026 14:36:28|||07-30-2026 14:38:13|07-30-2026 14:39:35|07-30-2026 19:17:01|07-30-2026 19:17:01|07-31-2026 13:05:44||07-31-2026 13:07:30|08-07-2026 11:39:15|08-07-2026 11:39:19|22.52|189.05|166.53
BRCJM01|BRCJ1JET|BRCJ1JET|1882019|Shipped|NORMAL||64037777000103||||DSV||4|.31|.003001|4|4|Y|08-03-2026 18:12:44|08-03-2026 18:12:44|||08-03-2026 18:17:09|08-03-2026 18:17:52|08-03-2026 22:43:41|08-04-2026 20:08:36|08-04-2026 20:11:50||08-04-2026 20:12:18|08-07-2026 08:57:46|08-07-2026 08:57:49|25.99|86.75|60.76
BRCJM01|BRCJ1JET|BRCJ1JET|1886818|Shipped|NORMAL||64389741000199||||DSV||1|.05|.000005|5|5|Y|08-04-2026 07:24:34|08-04-2026 07:24:34|||08-04-2026 07:24:48|08-04-2026 07:34:13|08-04-2026 09:30:50|08-04-2026 09:30:50|08-04-2026 10:50:04||08-04-2026 10:53:43|08-06-2026 09:33:34|08-06-2026 09:33:36|3.49|50.15|46.66
BRCJM01|BRCJ1JET|BRCJ1JET|1886960|Shipped|NORMAL||64156462000185||||DSV||1|.01|.000001|1|1|Y|08-03-2026 18:12:44|08-03-2026 18:12:44|||08-03-2026 18:17:09|08-03-2026 18:17:52|08-04-2026 03:12:35|08-04-2026 03:12:35|08-04-2026 09:15:20||08-04-2026 10:29:55|08-06-2026 09:32:10|08-06-2026 09:32:13|16.29|63.32|47.04
BRCJM01|BRCJ1JET|BRCJ1JET|1887931|Shipped|NORMAL||61735888000367||||DSV||1|.01|.000001|1|1|Y|08-03-2026 18:08:41|08-03-2026 18:08:41|||08-03-2026 18:12:02|08-03-2026 18:17:52|08-03-2026 22:37:22|08-03-2026 22:37:22|08-04-2026 11:21:41||08-04-2026 11:22:00|08-06-2026 09:29:13|08-06-2026 09:29:16|17.22|63.34|46.12
BRCJM01|BRCJ1JET|BRCJ1JET|1888027|Shipped|NORMAL||64629695000158||||DSV||2|2.5|.025|30|30|Y|08-03-2026 18:12:44|08-03-2026 18:12:44|||08-03-2026 18:17:09|08-03-2026 18:17:52|08-03-2026 23:37:34|08-04-2026 00:03:58|08-04-2026 08:38:58||08-04-2026 08:39:31|08-06-2026 09:33:06|08-06-2026 09:33:10|14.45|63.34|48.89
BRCJM01|BRCJ1JET|BRCJ1JET|1888113|Shipped|NORMAL||05796221000301||||DSV||1|.1|.001|1|1|Y|08-03-2026 18:13:44|08-03-2026 18:13:44|||08-03-2026 18:17:09|08-03-2026 18:17:52|08-03-2026 23:26:12|08-03-2026 23:26:13|08-04-2026 08:52:44||08-04-2026 08:53:02|08-06-2026 09:30:15|08-06-2026 09:30:19|14.66|63.28|48.62
BRCJM01|BRCJ1JET|BRCJ1JET|1888210|Shipped|NORMAL||64389741000199||||DSV||1|.01|.000001|1|1|Y|08-03-2026 18:13:44|08-03-2026 18:13:44|||08-03-2026 18:17:09|08-03-2026 18:17:52|08-04-2026 05:01:16|08-04-2026 05:01:17|08-04-2026 14:11:50||08-04-2026 14:13:32|08-07-2026 08:58:13|08-07-2026 08:58:15|20|86.74|66.75
BRCJM01|BRCJ1JET|BRCJ1JET|1888450|Shipped|NORMAL||64435342000206||||DSV||1|.01|.000001|1|1|Y|08-03-2026 18:13:44|08-03-2026 18:13:44|||08-03-2026 18:17:09|08-03-2026 18:17:53|08-03-2026 23:23:10|08-03-2026 23:23:10|08-04-2026 11:17:50||08-04-2026 11:18:14|08-06-2026 09:32:39|08-06-2026 09:32:43|17.08|63.32|46.24
BRCJM01|BRCJ1JET|BRCJ1JET|1900655|Shipped|NORMAL||64152596000128||||DSV||2|.2|.002|2|2|Y|08-03-2026 18:13:44|08-03-2026 18:13:44|||08-03-2026 18:17:09|08-03-2026 18:17:52|08-03-2026 23:31:20|08-03-2026 23:58:33|08-04-2026 08:46:10||08-04-2026 08:46:48|08-06-2026 09:31:46|08-06-2026 09:31:49|14.55|63.3|48.75
BRCJM01|BRCJ1JET|BRCJ1JET|1901276|Shipped|NORMAL||63432244000163||||DSV||1|.02|.000002|2|2|Y|08-03-2026 18:14:45|08-03-2026 18:14:45|||08-03-2026 18:17:09|08-03-2026 18:17:53|08-03-2026 22:33:01|08-03-2026 22:33:01|08-04-2026 11:24:23||08-04-2026 11:24:56|08-06-2026 09:30:54|08-06-2026 09:30:59|17.17|63.27|46.1
BRCJM01|BRCJ1JET|BRCJ1JET|1901277|Shipped|NORMAL||63432244000406||||DSV||1|.01|.000001|1|1|Y|08-03-2026 18:14:45|08-03-2026 18:14:45|||08-03-2026 18:17:09|08-03-2026 18:17:53|08-04-2026 00:13:28|08-04-2026 00:13:28|08-04-2026 08:49:32||08-04-2026 08:49:50|08-06-2026 09:31:21|08-06-2026 09:31:25|14.58|63.28|48.69
BRCJM01|BRCJ1JET|BRCJ1JET|1901354|Shipped|NORMAL||63532672000168|14021-600|SP|BR|DSV||1|.1|.001|1|1|Y|08-03-2026 18:07:39|08-03-2026 18:07:39|||08-03-2026 18:12:02|08-03-2026 18:17:52|08-04-2026 03:09:07|08-04-2026 03:09:07|08-04-2026 09:06:56||08-04-2026 09:07:36|08-06-2026 09:29:42|08-06-2026 09:29:45|15|63.37|48.37
BRCJM01|BRCJ1JET|BRCJ1JET|1901494|Shipped|NORMAL||64629695000158||||DSV||2|.1|.00001|10|10|Y|08-04-2026 16:42:42|08-04-2026 16:42:42|||08-04-2026 16:46:50|08-04-2026 16:48:20|08-04-2026 18:47:04|08-04-2026 18:55:44|08-04-2026 22:35:22||08-04-2026 22:37:33|08-07-2026 09:00:35|08-07-2026 09:00:38|5.91|64.3|58.38
BRCJM01|BRCJ1JET|BRCJ1JET|1901539|Shipped|NORMAL||64629695000158||||DSV||2|.02|.000002|2|2|Y|08-04-2026 16:43:44|08-04-2026 16:43:44|||08-04-2026 16:46:50|08-04-2026 16:48:20|08-04-2026 18:59:23|08-06-2026 03:32:47|08-06-2026 03:40:28||08-06-2026 03:44:08|08-07-2026 09:00:59|08-07-2026 09:01:03|35.01|64.29|29.28
BRCJM01|BRCJ1JET|BRCJ1JET|1905410|Shipped|NORMAL||62617245000110||||DSV||1|.01|.000001|1|1|Y|08-04-2026 16:43:44|08-04-2026 16:43:44|||08-04-2026 16:46:49|08-04-2026 16:48:20|08-05-2026 19:11:30|08-05-2026 19:11:30|08-05-2026 22:37:23||08-06-2026 04:47:17|08-13-2026 08:41:29|08-13-2026 08:41:31|36.06|207.96|171.9
BRCJM01|BRCJ1JET|BRCJ1JET|1905596|Shipped|NORMAL||64389741000270||||DSV||1|.05|.000005|5|5|Y|08-04-2026 16:43:44|08-04-2026 16:43:44|||08-04-2026 16:46:49|08-04-2026 16:48:21|08-04-2026 20:32:50|08-04-2026 20:46:31|08-04-2026 22:26:48||08-05-2026 11:12:57|08-07-2026 08:59:42|08-07-2026 08:59:45|18.49|64.27|45.78
BRCJM01|BRCJ1JET|BRCJ1JET|1905846|Shipped|NORMAL||64037777000103||||DSV||1|.1|.001|1|1|Y|08-04-2026 16:44:45|08-04-2026 16:44:45|||08-04-2026 16:46:49|08-04-2026 16:48:21|08-04-2026 18:28:06|08-04-2026 18:28:06|08-04-2026 20:24:20||08-04-2026 20:25:18|08-07-2026 08:59:15|08-07-2026 08:59:17|3.68|64.24|60.57
BRCJM01|BRCJ1JET|BRCJ1JET|1906128|Shipped|NORMAL||05796221000131||||DSV||1|.02|.000002|2|2|Y|08-04-2026 16:43:44|08-04-2026 16:43:44|||08-04-2026 16:46:49|08-04-2026 16:48:21|08-05-2026 19:16:49|08-05-2026 19:16:49|08-05-2026 19:43:09||08-05-2026 19:44:45|08-07-2026 08:58:42|08-07-2026 08:58:46|27.02|64.25|37.23
BRCJM01|BRCJ1JET|BRCJ1JET|1906129|Shipped|NORMAL||64435342000206||||DSV||1|.1|.001|1|1|Y|08-04-2026 16:44:45|08-04-2026 16:44:45|||08-04-2026 16:46:49|08-04-2026 16:48:21|08-04-2026 21:30:13|08-04-2026 21:30:13|08-05-2026 16:01:45||08-05-2026 16:02:32|08-07-2026 09:00:08|08-07-2026 09:00:10|23.3|64.26|40.96
BRCJM01|BRCJ1JET|BRCJ1JET|1906748|Shipped|NORMAL||05796221000131||||DSV||5|.05|.000005|5|5|Y|08-04-2026 16:44:45|08-04-2026 16:44:45|||08-04-2026 16:46:49|08-04-2026 16:48:21|08-04-2026 18:35:14|08-04-2026 18:41:34|08-04-2026 20:29:30||08-04-2026 20:30:21|08-07-2026 11:40:56|08-07-2026 11:41:04|3.76|66.94|63.18
BRCJM01|BRCJ1JET|BRCJ1JET|1906873|Shipped|NORMAL||64389741000270||||DSV||5|4|.04|74|74|Y|08-06-2026 08:03:34|08-06-2026 08:03:34|||08-06-2026 08:06:06|08-06-2026 08:07:02|08-06-2026 10:05:04|08-06-2026 10:45:19|08-06-2026 14:28:42||08-06-2026 14:29:32|08-11-2026 08:40:32|08-11-2026 08:40:35|6.43|120.62|114.18
BRCJM01|BRCJ1JET|BRCJ1JET|1906883|Shipped|NORMAL||64389741000199||||DSV||2|1|.01|34|34|Y|08-06-2026 08:02:34|08-06-2026 08:02:34|||08-06-2026 08:06:06|08-06-2026 08:07:02|08-07-2026 11:02:04|08-07-2026 11:02:54|08-08-2026 04:21:32||08-08-2026 04:21:40|08-13-2026 08:42:21|08-13-2026 08:42:24|44.32|168.66|124.35
BRCJM01|BRCJ1JET|BRCJ1JET|1907015|Shipped|NORMAL||40656924000246||||DSV||1|.01|.000001|1|1|Y|08-06-2026 08:02:34|08-06-2026 08:02:34|||08-06-2026 08:06:06|08-06-2026 08:07:02|08-07-2026 12:12:34|08-07-2026 12:12:34|08-07-2026 17:37:34||08-07-2026 17:37:54|08-12-2026 10:11:26|08-12-2026 10:11:31|33.59|146.15|112.56
BRCJM01|BRCJ1JET|BRCJ1JET|1907016|Shipped|NORMAL||40656924000246||||DSV||1|.02|.000002|2|2|Y|08-06-2026 08:02:34|08-06-2026 08:02:34|||08-06-2026 08:06:06|08-06-2026 08:07:02|08-07-2026 10:59:46|08-07-2026 10:59:46|08-08-2026 03:57:06||08-08-2026 03:57:48|08-13-2026 08:41:52|08-13-2026 08:42:01|43.92|168.66|124.74
BRCJM01|BRCJ1JET|BRCJ1JET|1908894|Shipped|NORMAL||64152596000128||||DSV||1|.03|.000003|3|3|Y|08-06-2026 08:03:35|08-06-2026 08:03:35|||08-06-2026 08:06:35|08-06-2026 08:07:02|08-06-2026 09:36:17|08-06-2026 09:36:17|08-06-2026 21:58:41||08-06-2026 21:59:53|08-11-2026 08:40:57|08-11-2026 08:41:01|13.94|120.62|106.69
BRCJM01|BRCJ1JET|BRCJ1JET|1908929|Shipped|NORMAL||64506399000321||||DSV||1|.1|.001|1|1|Y|08-06-2026 08:03:35|08-06-2026 08:03:35|||08-06-2026 08:06:06|08-06-2026 08:07:02|08-06-2026 09:16:31|08-06-2026 09:16:31|08-06-2026 22:06:02||08-06-2026 22:06:22|08-13-2026 08:42:48|08-13-2026 08:42:52|14.05|168.65|154.61
BRCJM01|BRCJ1JET|BRCJ1JET|1909009|Shipped|NORMAL||64389741000199||||DSV||1|.01|.000001|1|1|Y|08-06-2026 08:04:35|08-06-2026 08:04:35|||08-06-2026 08:06:06|08-06-2026 08:07:03|08-07-2026 10:44:58|08-07-2026 10:44:58|08-08-2026 04:12:00||08-08-2026 04:12:19|08-12-2026 10:12:18|08-12-2026 10:12:21|44.13|146.13|102
BRCJM01|BRCJ1JET|BRCJ1JET|1910197|Shipped|NORMAL||63532672000168|14021-600|SP|BR|DSV||4|.4|.004|4|4|Y|08-06-2026 08:00:32|08-06-2026 08:00:32|||08-06-2026 08:01:02|08-06-2026 08:07:01|08-06-2026 10:11:59|08-06-2026 10:27:19|08-06-2026 22:20:01||08-06-2026 22:20:49|08-11-2026 08:39:44|08-11-2026 08:39:48|14.34|120.65|106.32
BRCJM01|BRCJ1JET|BRCJ1JET|1910203|Shipped|NORMAL||12305346000187||||DSV||4|.22|.402002|8|8|Y|08-06-2026 08:04:35|08-06-2026 08:04:35|||08-06-2026 08:06:06|08-06-2026 08:07:02|08-06-2026 10:00:14|08-06-2026 10:56:49|08-06-2026 22:10:35||08-06-2026 22:10:57|08-11-2026 08:40:10|08-11-2026 08:40:13|14.11|120.59|106.49
BRCJM01|BRCJ1JET|BRCJ1JET|1910281|Shipped|NORMAL||64156462000185||||DSV||1|.1|.001|1|1|Y|08-06-2026 08:04:35|08-06-2026 08:04:35|||08-06-2026 08:06:06|08-06-2026 08:07:03|08-07-2026 16:37:35|08-07-2026 16:37:35|08-07-2026 16:38:37||08-07-2026 16:38:53|08-12-2026 10:11:51|08-12-2026 10:11:54|32.57|146.12|113.55
BRCJM01|BRCJ1JET|BRCJ1JET|1910293|Shipped|NORMAL||40656924000246||||DSV||1|0|0|1|1|Y|08-06-2026 14:15:25|08-06-2026 14:15:25|||08-06-2026 14:20:29|08-06-2026 14:25:24|08-07-2026 09:38:06|08-07-2026 09:38:06|08-07-2026 17:25:13||08-07-2026 17:25:52|08-12-2026 10:13:06|08-12-2026 10:13:09|27.17|139.96|112.79
BRCJM01|BRCJ1JET|BRCJ1JET|1910294|Shipped|NORMAL||065214691000171||||DSV||2|1|.01|20|20|Y|08-06-2026 14:15:25|08-06-2026 14:15:25|||08-06-2026 14:20:28|08-06-2026 14:25:24|08-07-2026 10:39:33|08-07-2026 10:39:54|08-08-2026 04:19:20||08-08-2026 04:19:47|08-13-2026 08:43:14|08-13-2026 08:43:18|38.07|162.46|124.39
BRCJM01|BRCJ1JET|BRCJ1JET|1910410|Shipped|NORMAL||63532672000168|14021-600|SP|BR|DSV||5|.32|.003002|5|5|Y|08-06-2026 14:14:23|08-06-2026 14:14:23|||08-06-2026 14:15:25|08-06-2026 14:25:23|08-07-2026 08:31:18|08-07-2026 09:02:04|08-07-2026 21:45:11||08-07-2026 21:46:23|08-12-2026 10:12:43|08-12-2026 10:12:47|31.53|139.97|108.44
BRCJM01|BRCJ1JET|BRCJ1JET|1910418|Shipped|NORMAL||63571238000197||||DSV||3|5|.05|80|80|Y|08-06-2026 14:15:26|08-06-2026 14:15:26|||08-06-2026 14:20:29|08-06-2026 14:25:24|08-07-2026 08:17:35|08-07-2026 09:29:12|08-07-2026 10:44:08||08-07-2026 10:45:16|08-11-2026 08:41:58|08-11-2026 08:42:02|20.5|114.44|93.95
BRCJM01|BRCJ1JET|BRCJ1JET|1910419|Shipped|NORMAL||63571238000197||||DSV||1|.01|.000001|1|1|Y|08-06-2026 14:16:26|08-06-2026 14:16:26|||08-06-2026 14:20:29|08-06-2026 14:25:24|08-07-2026 08:28:45|08-07-2026 08:28:45|08-07-2026 09:52:20||08-07-2026 09:52:44|08-11-2026 08:41:32|08-11-2026 08:41:35|19.61|114.42|94.81
BRCJM01|BRCJ1JET|BRCJ1JET|1910420|Shipped|NORMAL||63532672000168|14021-600|SP|BR|DSV||8|.08|.000008|8|8|Y|08-06-2026 14:14:25|08-06-2026 14:14:25|||08-06-2026 14:15:25|08-06-2026 14:25:23|08-07-2026 10:14:08|08-07-2026 10:31:41|08-08-2026 04:07:49||08-08-2026 04:08:30|09-14-2026 13:41:20|09-14-2026 13:41:26|37.9|935.45|897.55
BRCJM01|BRCJ1JET|BRCJ1JET|1912656|Shipped|NORMAL||63432244000678||||DSV||3|.03|.000003|3|3|Y|08-06-2026 14:16:26|08-06-2026 14:16:26|||08-06-2026 14:20:29|08-06-2026 14:25:24|08-07-2026 09:43:30|08-07-2026 09:54:16|08-07-2026 17:34:35||08-07-2026 17:36:08|08-12-2026 10:13:54|08-12-2026 10:13:58|27.33|139.96|112.63
BRCJM01|BRCJ1JET|BRCJ1JET|1912806|Shipped|NORMAL||63432244000678||||DSV||2|5|.05|100|100|Y|08-06-2026 14:16:26|08-06-2026 14:16:26|||08-10-2026 10:17:16|08-11-2026 15:03:42|08-11-2026 16:33:21|08-11-2026 16:38:29|08-11-2026 21:19:57||08-11-2026 21:20:23|08-17-2026 11:01:04|08-17-2026 11:01:07|127.07|260.74|133.68
BRCJM01|BRCJ1JET|BRCJ1JET|1912855|Shipped|NORMAL||63432244000163||||DSV||12|.84|.008004|13|13|Y|08-06-2026 14:16:26|08-06-2026 14:16:26|||08-06-2026 14:20:29|08-06-2026 14:25:25|08-07-2026 07:48:12|08-07-2026 09:46:57|08-08-2026 03:37:53||08-08-2026 03:40:25|08-13-2026 08:43:47|08-13-2026 08:43:49|37.4|162.46|125.06
BRCJM01|BRCJ1JET|BRCJ1JET|1912857|Shipped|NORMAL||63432244000163||||DSV||2|.1|.001|101|101|Y|08-06-2026 14:16:27|08-06-2026 14:16:27|||08-06-2026 14:20:29|08-06-2026 14:25:25|08-07-2026 09:56:26|08-07-2026 10:00:41|08-07-2026 17:21:24||08-07-2026 17:21:57|08-12-2026 10:13:30|08-12-2026 10:13:34|27.09|139.95|112.86
BRCJM01|BRCJ1JET|BRCJ1JET|1912859|Shipped|NORMAL||63432244000163||||DSV||1|10|.1|100|100|Y|08-06-2026 14:16:27|08-06-2026 14:16:27|||08-10-2026 10:17:16|08-11-2026 15:03:42|08-11-2026 16:26:42|08-11-2026 16:26:42|08-11-2026 17:25:16||08-11-2026 17:26:15|08-17-2026 11:00:32|08-17-2026 11:00:37|123.16|260.74|137.57
BRCJM01|BRCJ1JET|BRCJ1JET|1912860|Shipped|NORMAL||64037777000103||||DSV||1|.01|.000001|1|1|Y|08-06-2026 14:17:29|08-06-2026 14:17:29|||08-06-2026 14:20:29|08-11-2026 09:55:42|08-11-2026 10:56:27|08-11-2026 10:56:27|08-11-2026 10:58:52||08-11-2026 10:59:12|08-26-2026 16:26:27|08-26-2026 16:26:30|116.7|482.15|365.46
BRCJM01|BRCJ1JET|BRCJ1JET|1913639|Shipped|NORMAL||63532672000168|14021-600|SP|BR|DSV||4|.08|.000008|8|8|Y|08-06-2026 15:25:54|08-06-2026 15:25:54|||08-06-2026 15:26:24|08-06-2026 15:32:37|08-07-2026 11:04:43|08-07-2026 11:13:29|08-08-2026 03:59:55||08-08-2026 04:00:28|08-13-2026 08:44:09|08-13-2026 08:44:12|36.58|161.31|124.73
BRCJM01|BRCJ1JET|BRCJ1JET|1913640|Shipped|NORMAL||64506399000321||||DSV||2|.2|.002|2|2|Y|08-06-2026 15:27:56|08-06-2026 15:27:56|||08-06-2026 15:31:28|08-06-2026 15:32:38|08-07-2026 07:44:09|08-07-2026 07:44:17|08-07-2026 09:59:05||08-07-2026 09:59:43|08-14-2026 10:55:12|08-14-2026 10:55:17|18.53|187.46|168.93
BRCJM01|BRCJ1JET|BRCJ1JET|1913655|Shipped|NORMAL||62617245000110||||DSV||1|.01|.000001|1|1|Y|08-06-2026 15:27:56|08-06-2026 15:27:56|||08-06-2026 15:31:28|08-06-2026 15:32:38|08-07-2026 11:22:14|08-07-2026 11:22:14|08-07-2026 17:39:39||08-07-2026 17:40:02|08-12-2026 10:14:20|08-12-2026 10:14:22|26.2|138.77|112.57
BRCJM01|BRCJ1JET|BRCJ1JET|1913660|Shipped|RUSH||06334563000100||||DSV||29|2.5|.025|29|29|Y|08-06-2026 15:14:51|08-06-2026 15:14:51|||08-06-2026 15:16:14|08-06-2026 15:17:04|08-06-2026 17:59:21|08-06-2026 19:02:15|08-06-2026 21:07:51||08-06-2026 21:09:41|08-11-2026 08:42:27|08-11-2026 08:42:28|5.91|113.46|107.55
BRCJM01|BRCJ1JET|BRCJ1JET|1913661|Shipped|RUSH||55645712000150||||DSV||29|2.5|.025|29|29|Y|08-06-2026 15:14:49|08-06-2026 15:14:49|||08-06-2026 15:16:14|08-06-2026 15:17:03|08-06-2026 18:20:54|08-06-2026 19:29:09|08-06-2026 20:54:17||08-06-2026 20:54:56|08-11-2026 08:42:47|08-11-2026 08:42:50|5.67|113.47|107.8
BRCJM01|BRCJ1JET|BRCJ1JET|1913854|Shipped|NORMAL||63432244000406||||DSV||3|.03|.000003|3|3|Y|08-07-2026 14:26:03|08-07-2026 14:26:03|||08-07-2026 14:29:39|08-07-2026 14:30:51|08-07-2026 16:32:26|08-07-2026 18:44:48|08-07-2026 19:33:53||08-07-2026 19:34:30|08-12-2026 10:14:42|08-12-2026 10:14:45|5.14|115.81|110.67
BRCJM01|BRCJ1JET|BRCJ1JET|1913998|Shipped|NORMAL||12305346000187||||DSV||2|.4|.004|4|4|Y|08-07-2026 14:26:03|08-07-2026 14:26:03|||08-07-2026 14:29:15|08-07-2026 14:30:51|08-07-2026 16:06:08|08-07-2026 16:56:14|08-08-2026 13:16:11||08-08-2026 14:00:00|08-13-2026 08:45:09|08-13-2026 08:45:14|23.57|138.32|114.75
BRCJM01|BRCJ1JET|BRCJ1JET|1913999|Shipped|NORMAL||64156009000179||||DSV||1|0|0|1|1|Y|08-07-2026 14:26:01|08-07-2026 14:26:01|||08-07-2026 14:29:57|08-07-2026 14:30:51|08-07-2026 16:34:55|08-07-2026 16:34:55|08-08-2026 12:59:29||08-08-2026 13:54:23|08-13-2026 08:46:38|08-13-2026 08:46:40|23.47|138.34|114.87
BRCJM01|BRCJ1JET|BRCJ1JET|1914136|Shipped|NORMAL||64435342000206||||DSV||1|.1|.001|1|1|Y|08-07-2026 14:26:03|08-07-2026 14:26:03|||08-07-2026 14:30:05|08-07-2026 14:30:51|08-07-2026 17:00:31|08-07-2026 17:00:31|08-08-2026 13:07:52||08-08-2026 13:59:55|08-13-2026 08:46:58|08-13-2026 08:47:01|23.56|138.35|114.79
BRCJM01|BRCJ1JET|BRCJ1JET|1914211|Shipped|NORMAL||40656924000246||||DSV||2|.03|.000003|3|3|Y|08-07-2026 14:27:03|08-07-2026 14:27:03|||08-07-2026 14:29:24|08-07-2026 14:30:51|08-07-2026 16:47:17|08-07-2026 16:51:00|08-08-2026 13:05:15||08-08-2026 13:59:31|08-13-2026 08:45:40|08-13-2026 08:45:43|23.54|138.31|114.77
BRCJM01|BRCJ1JET|BRCJ1JET|1916425|Shipped|NORMAL||63571238000197||||DSV||2|.1|.001|2|2|Y|08-07-2026 14:26:03|08-07-2026 14:26:03|||08-07-2026 14:29:48|08-07-2026 14:30:51|08-07-2026 16:37:57|08-07-2026 16:38:36|08-08-2026 12:57:45||08-08-2026 13:54:37|08-13-2026 08:46:17|08-13-2026 08:46:20|23.48|138.34|114.86
BRCJM01|BRCJ1JET|BRCJ1JET|1917860|Shipped|NORMAL||02176962000121||||DSV||1|.1|.001|1|1|Y|08-10-2026 10:13:25|08-10-2026 10:13:25|||08-10-2026 10:16:12|08-10-2026 10:17:16|08-10-2026 12:47:29|08-10-2026 12:47:29|08-10-2026 14:45:13||08-10-2026 14:45:28|08-12-2026 10:15:04|08-12-2026 10:15:07|4.53|48.03|43.49
BRCJM01|BRCJ1JET|BRCJ1JET|1918022|Shipped|NORMAL||64152596000128||||DSV||2|.1|.001|2|2|Y|08-10-2026 10:13:26|08-10-2026 10:13:26|||08-10-2026 10:16:12|08-10-2026 10:17:16|08-11-2026 08:12:15|08-14-2026 00:30:38|08-14-2026 00:34:18||08-14-2026 00:54:01|08-17-2026 11:01:35|08-17-2026 11:01:37|86.68|168.8|82.13
BRCJM01|BRCJ1JET|BRCJ1JET|1918023|Shipped|NORMAL||64152596000128||||DSV||1|.08|.000008|8|8|Y|08-10-2026 10:13:26|08-10-2026 10:13:26|||08-10-2026 10:16:12|08-10-2026 10:17:16|08-10-2026 12:41:17|08-10-2026 12:41:17|08-10-2026 15:02:30||08-10-2026 15:04:01|08-13-2026 08:48:19|08-13-2026 08:48:21|4.84|70.58|65.74
BRCJM01|BRCJ1JET|BRCJ1JET|1918316|Shipped|NORMAL||40656924000246||||DSV||1|.01|.000001|1|1|Y|08-10-2026 10:13:26|08-10-2026 10:13:26|||08-10-2026 10:16:12|08-10-2026 10:17:16|08-10-2026 14:37:05|08-10-2026 14:37:05|08-10-2026 19:59:04||08-11-2026 09:00:06|08-13-2026 08:47:47|08-13-2026 08:47:50|22.78|70.57|47.8
BRCJM01|BRCJ1JET|BRCJ1JET|1918752|Shipped|NORMAL||64156462000185||||DSV||2|.2|.002|2|2|Y|08-10-2026 10:13:26|08-10-2026 10:13:26|||08-10-2026 10:16:37|08-10-2026 10:17:16|08-11-2026 08:42:48|08-11-2026 10:09:01|08-11-2026 15:25:46||08-11-2026 15:27:03|09-14-2026 13:42:37|09-14-2026 13:42:44|29.23|843.49|814.26
BRCJM01|BRCJ1JET|BRCJ1JET|1918777|Shipped|NORMAL||64156462000185||||DSV||7|.7|.007|7|7|Y|08-10-2026 10:13:26|08-10-2026 10:13:26|||08-10-2026 10:16:13|08-10-2026 10:17:17|08-10-2026 14:45:52|08-13-2026 17:06:51|08-13-2026 17:24:15||08-14-2026 01:01:23|08-17-2026 11:01:58|08-17-2026 11:02:03|86.8|168.81|82.01
BRCJM01|BRCJ1JET|BRCJ1JET|1918781|Shipped|NORMAL||05796221000131||||DSV||2|.02|.000002|2|2|Y|08-10-2026 10:13:27|08-10-2026 10:13:27|||08-10-2026 10:16:12|08-10-2026 10:17:17|08-10-2026 14:16:23|08-10-2026 14:25:23|08-10-2026 19:49:42||08-10-2026 19:50:11|08-13-2026 08:47:25|08-13-2026 08:47:29|9.61|70.57|60.96
BRCJM01|BRCJ1JET|BRCJ1JET|1921774|Shipped|NORMAL||62617245000110||||DSV||2|.4|.004|4|4|Y|08-11-2026 14:44:11|08-11-2026 14:44:11|||08-11-2026 14:45:09|08-11-2026 15:03:42|08-11-2026 17:21:38|08-11-2026 17:26:09|08-11-2026 17:48:40||08-11-2026 17:50:01|08-17-2026 11:04:27|08-17-2026 11:04:33|3.1|140.34|137.24
BRCJM01|BRCJ1JET|BRCJ1JET|1922824|Shipped|NORMAL||40656924000246||||DSV||1|.1|.001|1|1|Y|08-11-2026 14:19:01|08-11-2026 14:19:01|||08-11-2026 14:19:31|08-11-2026 14:22:10|08-11-2026 17:35:09|08-11-2026 17:57:02|08-11-2026 17:57:18||08-11-2026 18:21:43|08-17-2026 11:02:25|08-17-2026 11:02:29|4.05|140.72|136.68
BRCJM01|BRCJ1JET|BRCJ1JET|1922826|Shipped|NORMAL||40656924000246||||DSV||1|.1|.001|1|1|Y|08-11-2026 14:44:11|08-11-2026 14:44:11|||08-11-2026 14:45:08|08-11-2026 15:03:42|08-11-2026 17:31:56|08-11-2026 17:31:56|08-11-2026 17:54:07||08-11-2026 18:21:14|08-17-2026 11:02:55|08-17-2026 11:02:58|3.62|140.31|136.7
BRCJM01|BRCJ1JET|BRCJ1JET|1922983|Shipped|NORMAL||64152596000128||||DSV||2|.02|.000002|2|2|Y|08-11-2026 14:44:11|08-11-2026 14:44:11|||08-11-2026 14:45:09|08-11-2026 15:03:42|08-11-2026 16:51:00|08-11-2026 17:17:12|08-11-2026 17:52:29||08-11-2026 18:21:01|08-17-2026 11:04:52|08-17-2026 11:04:57|3.61|140.35|136.73
BRCJM01|BRCJ1JET|BRCJ1JET|1922984|Shipped|NORMAL||64156009000179||||DSV||1|.1|.001|1|1|Y|08-11-2026 14:44:11|08-11-2026 14:44:11|||08-11-2026 14:45:09|08-11-2026 15:03:42|08-11-2026 16:46:34|08-11-2026 16:46:34|08-11-2026 17:26:55||08-11-2026 17:27:13|08-17-2026 11:05:52|08-17-2026 11:05:55|2.72|140.36|137.65
BRCJM01|BRCJ1JET|BRCJ1JET|1922985|Shipped|NORMAL||64156009000179||||DSV||1|.1|.001|1|1|Y|08-11-2026 14:44:11|08-11-2026 14:44:11|||08-11-2026 14:45:09|08-11-2026 15:03:42|08-11-2026 17:37:49|08-11-2026 17:37:49|08-11-2026 17:44:25||08-11-2026 17:45:53|08-17-2026 11:05:27|08-17-2026 11:05:32|3.03|140.36|137.33
BRCJM01|BRCJ1JET|BRCJ1JET|1923028|Shipped|NORMAL||64435342000206||||DSV||2|.2|.002|2|2|Y|08-11-2026 14:44:11|08-11-2026 14:44:11|||08-12-2026 10:16:51|08-12-2026 10:21:04|08-12-2026 12:40:03|08-12-2026 12:45:32|08-12-2026 13:10:26||08-12-2026 13:11:08|08-22-2026 13:03:24|08-22-2026 13:03:30|22.45|262.32|239.87
BRCJM01|BRCJ1JET|BRCJ1JET|1923043|Shipped|NORMAL||63571238000197||||DSV||1|.01|.000001|1|1|Y|08-11-2026 14:45:12|08-11-2026 14:45:12|||08-11-2026 14:50:18|08-11-2026 15:03:43|08-11-2026 16:44:11|08-11-2026 16:44:11|08-11-2026 17:26:52||08-11-2026 17:27:22|08-17-2026 11:06:15|08-17-2026 11:06:18|2.7|140.35|137.65
BRCJM01|BRCJ1JET|BRCJ1JET|1926589|Shipped|NORMAL||63532672000168|14021-600|SP|BR|DSV||2|1|.01|13|13|Y|08-11-2026 17:31:26|08-11-2026 17:31:26|||08-11-2026 17:34:48|08-11-2026 17:35:27|08-12-2026 08:46:43|08-12-2026 08:48:22|08-12-2026 09:24:19||08-12-2026 09:24:33|08-17-2026 11:07:07|08-17-2026 11:07:10|15.89|137.6|121.71
BRCJM01|BRCJ1JET|BRCJ1JET|1926873|Shipped|NORMAL||63571238000197||||DSV||2|.2|.002|2|2|Y|08-11-2026 17:33:27|08-11-2026 17:33:27|||08-11-2026 17:34:48|08-11-2026 17:35:27|08-12-2026 08:53:26|08-12-2026 08:54:46|08-12-2026 09:13:44||08-12-2026 09:14:51|08-17-2026 11:07:28|08-17-2026 11:07:32|15.69|137.57|121.88
BRCJM01|BRCJ1JET|BRCJ1JET|1927132|Shipped|NORMAL||64152596000128||||DSV||1|.01|.000001|1|1|Y|08-11-2026 17:33:27|08-11-2026 17:33:27|||08-11-2026 17:34:48|08-11-2026 17:35:27|08-12-2026 09:03:57|08-12-2026 09:03:57|08-12-2026 09:20:08||08-12-2026 09:20:44|08-17-2026 11:08:57|08-17-2026 11:09:00|15.79|137.59|121.8
BRCJM01|BRCJ1JET|BRCJ1JET|1927452|Shipped|NORMAL||63838066000256||||DSV||1|2|.02|20|20|Y|08-11-2026 17:32:26|08-11-2026 17:32:26|||08-11-2026 17:34:48|08-11-2026 17:35:27|08-12-2026 08:56:41|08-12-2026 08:56:41|08-12-2026 09:17:23||08-12-2026 09:17:56|08-17-2026 11:08:36|08-17-2026 11:08:38|15.76|137.6|121.85
BRCJM01|BRCJ1JET|BRCJ1JET|1927574|Shipped|NORMAL||63838066000256||||DSV||1|0|0|20|20|Y|08-11-2026 17:33:27|08-11-2026 17:33:27|||08-11-2026 17:34:48|08-11-2026 17:35:27|08-12-2026 09:00:53|08-12-2026 09:00:53|08-12-2026 09:26:53||08-12-2026 09:27:19|08-17-2026 11:07:53|08-17-2026 11:08:13|15.9|137.58|121.68
BRCJM01|BRCJ1JET|BRCJ1JET|1927669|Shipped|NORMAL||40656924000246||||DSV||1|.15|.000015|15|15|Y|08-11-2026 17:33:27|08-11-2026 17:33:27|||08-11-2026 17:34:48|08-11-2026 17:35:27|08-12-2026 12:51:28|08-12-2026 12:51:28|08-12-2026 13:02:13||08-12-2026 13:02:35|08-17-2026 11:06:42|08-17-2026 11:06:45|19.49|137.56|118.07
BRCJM01|BRCJ1JET|BRCJ1JET|1928110|Shipped|NORMAL||63571238000197||||DSV||1|.01|.000001|1|1|Y|08-21-2026 17:11:02|08-21-2026 17:11:02|||08-21-2026 17:11:26|08-21-2026 17:13:09|08-21-2026 18:39:58|08-21-2026 18:39:58|08-21-2026 19:48:40||08-21-2026 19:48:52|08-31-2026 13:03:16|08-31-2026 13:03:20|2.63|235.87|233.24
BRCJM01|BRCJ1JET|BRCJ1JET|1928111|Shipped|NORMAL||65650278000150||||DSV||1|.1|.001|1|1|Y|08-21-2026 15:27:19|08-21-2026 15:27:19|||08-21-2026 15:29:49|08-21-2026 15:34:46|08-22-2026 01:16:01|08-22-2026 01:16:01|08-22-2026 01:48:26||08-22-2026 01:48:55|08-31-2026 16:49:11|08-31-2026 16:49:16|10.36|241.37|231.01
BRCJM01|BRCJ1JET|BRCJ1JET|1928168|Shipped|NORMAL||63432244000678||||DSV||2|.14|.001004|5|5|Y|08-21-2026 15:27:19|08-21-2026 15:27:19|||08-21-2026 15:29:49|08-21-2026 15:34:46|08-21-2026 21:49:54|08-21-2026 21:51:54|08-22-2026 01:37:17||08-22-2026 01:37:35|09-14-2026 13:44:19|09-14-2026 13:44:27|10.17|574.29|564.11
BRCJM01|BRCJ1JET|BRCJ1JET|1931469|Shipped|NORMAL||641075850000126||||DSV||4|2.5|.025|40|40|Y|08-21-2026 15:27:17|08-21-2026 15:27:17|||08-21-2026 15:29:49|08-21-2026 15:34:46|08-22-2026 14:19:45|08-22-2026 16:35:29|08-24-2026 10:29:04||08-24-2026 10:37:26|09-14-2026 13:45:00|09-14-2026 13:45:07|67.17|574.3|507.13
BRCJM01|BRCJ1JET|BRCJ1JET|1931797|Shipped|NORMAL||64389741000199||||DSV||1|.01|.000001|1|1|Y|08-21-2026 15:28:20|08-21-2026 15:28:20|||08-21-2026 15:29:49|08-21-2026 15:34:46|08-21-2026 19:04:28|08-21-2026 19:04:28|08-21-2026 19:46:21||08-21-2026 19:46:50|08-31-2026 16:47:52|08-31-2026 16:47:55|4.31|241.33|237.02
BRCJM01|BRCJ1JET|BRCJ1JET|1932896|Shipped|NORMAL||63432244000678||||DSV||2|.11|.001001|2|2|Y|08-21-2026 15:28:21|08-21-2026 15:28:21|||08-21-2026 15:29:49|08-21-2026 15:34:46|08-21-2026 19:08:57|08-24-2026 21:38:34|08-24-2026 22:07:21||08-24-2026 22:13:14|08-31-2026 16:46:42|08-31-2026 16:46:46|78.75|241.31|162.56
BRCJM01|BRCJ1JET|BRCJ1JET|1932902|Shipped|NORMAL||63432244000678||||DSV||7|.52|.005002|7|7|Y|08-21-2026 15:28:21|08-21-2026 15:28:21|||08-21-2026 15:29:49|08-21-2026 15:34:46|08-22-2026 01:32:30|08-22-2026 03:37:36|08-22-2026 04:03:42||08-22-2026 04:05:32|08-31-2026 16:47:26|08-31-2026 16:47:28|12.62|241.32|228.7
BRCJM01|BRCJ1JET|BRCJ1JET|1932903|Shipped|NORMAL||64506399000321||||DSV||4|4.1|.04001|58|58|Y|08-21-2026 15:28:21|08-21-2026 15:28:21|||08-21-2026 15:29:49|08-21-2026 15:34:47|08-22-2026 14:59:56|08-22-2026 16:46:56|08-24-2026 10:09:21||08-24-2026 10:10:29|09-14-2026 13:45:40|09-14-2026 13:45:42|66.7|574.29|507.59
BRCJM01|BRCJ1JET|BRCJ1JET|1932904|Shipped|NORMAL||64506399000321||||DSV||1|.01|.000001|1|1|Y|08-21-2026 15:28:21|08-21-2026 15:28:21|||08-21-2026 15:29:49|08-21-2026 15:34:47|08-21-2026 21:34:58|08-21-2026 21:34:58|08-22-2026 02:25:27||08-22-2026 02:28:38|08-31-2026 16:48:12|08-31-2026 16:48:21|11|241.33|230.33
BRCJM01|BRCJ1JET|BRCJ1JET|1932998|Shipped|NORMAL||64204650000131||||DSV||3|.12|.001002|3|3|Y|08-21-2026 16:03:35|08-21-2026 16:03:35|||08-21-2026 16:05:17|08-21-2026 16:05:35|08-22-2026 01:59:26|08-22-2026 02:01:50|08-22-2026 02:13:59||08-22-2026 02:14:58|08-31-2026 13:02:52|08-31-2026 13:02:57|10.19|236.99|226.8
BRCJM01|BRCJ1JET|BRCJ1JET|1933048|Shipped|NORMAL||63432244000163||||DSV||1|.1|.001|1|1|Y|08-21-2026 15:28:21|08-21-2026 15:28:21|||08-21-2026 15:29:49|08-21-2026 15:34:47|08-22-2026 01:19:21|08-22-2026 01:19:21|08-22-2026 01:50:56||08-22-2026 01:51:16|08-31-2026 13:02:19|08-31-2026 13:02:27|10.38|237.57|227.19
BRCJM01|BRCJ1JET|BRCJ1JET|1933097|Shipped|NORMAL||63432244000406||||DSV||1|.01|.000001|1|1|Y|08-21-2026 15:29:22|08-21-2026 15:29:22|||08-21-2026 15:29:49|08-21-2026 15:34:47|08-21-2026 22:10:36|08-21-2026 22:10:36|08-22-2026 04:40:07||08-22-2026 04:48:09|08-31-2026 16:45:34|08-31-2026 16:45:37|13.31|241.27|227.96
BRCJM01|BRCJ1JET|BRCJ1JET|1933127|Shipped|NORMAL||646296950000158||||DSV||1|.01|.000001|1|1|Y|08-21-2026 15:29:22|08-21-2026 15:29:22|||08-21-2026 15:29:49|08-21-2026 15:34:47|08-24-2026 13:53:15|08-24-2026 13:53:15|08-24-2026 14:30:30||08-24-2026 14:30:49|08-31-2026 16:48:44|08-31-2026 16:48:48|71.02|241.32|170.3
BRCJM01|BRCJ1JET|BRCJ1JET|1937229|Shipped|NORMAL||86986296001078||||DSV||2|.02|.000002|2|2|Y|08-13-2026 14:04:40|08-13-2026 14:04:40|||08-13-2026 14:06:30|08-13-2026 14:07:05|08-13-2026 17:41:13|08-13-2026 17:42:22|08-13-2026 17:50:07||08-13-2026 17:50:50|08-17-2026 11:09:19|08-17-2026 11:09:23|3.77|93.08|89.31
BRCJM01|BRCJ1JET|BRCJ1JET|1938058|Shipped|NORMAL||64389741000199||||DSV||1|.01|.000001|1|1|Y|08-14-2026 12:29:07|08-14-2026 12:29:07|||08-14-2026 12:29:14|08-14-2026 12:36:50|08-15-2026 10:08:36|08-15-2026 10:08:36|08-16-2026 08:37:45||08-16-2026 08:41:57|08-19-2026 10:52:45|08-19-2026 10:52:50|44.21|118.4|74.18
BRCJM01|BRCJ1JET|BRCJ1JET|1938077|Shipped|NORMAL||12305346000187||||DSV||3|.7|117.007|8|8|Y|08-14-2026 12:29:06|08-14-2026 12:29:06|||08-14-2026 12:29:14|08-14-2026 12:36:49|08-17-2026 19:04:09|08-17-2026 19:19:09|08-18-2026 03:13:49||08-18-2026 03:17:57|08-20-2026 16:29:22|08-20-2026 16:29:25|86.81|148.01|61.19
BRCJM01|BRCJ1JET|BRCJ1JET|1940394|Shipped|NORMAL||5796221000565||||DSV||1|.01|.000001|1|1|Y|08-14-2026 12:34:09|08-14-2026 12:34:09|||08-14-2026 12:34:19|08-14-2026 12:36:50|08-15-2026 01:29:36|08-15-2026 01:29:36|08-15-2026 02:36:39||08-15-2026 02:56:11|08-19-2026 10:53:42|08-19-2026 10:53:46|14.37|118.33|103.96
BRCJM01|BRCJ1JET|BRCJ1JET|1940442|Shipped|NORMAL||40656924000246||||DSV||1|.03|.000003|3|3|Y|08-14-2026 12:34:09|08-14-2026 12:34:09|||08-14-2026 12:34:19|08-14-2026 12:36:50|08-15-2026 01:17:34|08-15-2026 01:17:34|08-15-2026 01:23:54||08-15-2026 05:28:58|08-19-2026 10:53:18|08-19-2026 10:53:22|16.91|118.32|101.41
BRCJM01|BRCJ1JET|BRCJ1JET|1940784|Shipped|NORMAL||63432244000163||||DSV||1|.01|.000001|1|1|Y|08-14-2026 12:34:09|08-14-2026 12:34:09|||08-14-2026 12:34:19|08-14-2026 12:36:50|08-15-2026 01:28:08|08-15-2026 01:28:08|08-15-2026 02:38:48||08-15-2026 02:56:35|08-19-2026 10:54:11|08-19-2026 10:54:14|14.37|118.33|103.96
BRCJM01|BRCJ1JET|BRCJ1JET|1940818|Shipped|NORMAL||63432244000163||||DSV||1|.2|.002|2|2|Y|08-14-2026 12:34:09|08-14-2026 12:34:09|||08-14-2026 12:34:19|08-14-2026 12:36:50|08-15-2026 10:01:08|08-15-2026 10:01:08|08-16-2026 08:47:55||08-16-2026 08:48:34|08-20-2026 16:29:50|08-20-2026 16:29:54|44.24|147.93|103.69
BRCJM01|BRCJ1JET|BRCJ1JET|1940906|Shipped|NORMAL||64204650000484||||DSV||1|0|0|1|1|Y|08-14-2026 12:34:09|08-14-2026 12:34:09|||08-14-2026 12:34:19|08-14-2026 12:36:50|08-15-2026 01:24:20|08-15-2026 01:24:20|08-15-2026 02:48:13||08-15-2026 02:56:41|08-19-2026 10:54:37|08-19-2026 10:54:41|14.38|118.34|103.97
BRCJM01|BRCJ1JET|BRCJ1JET|1941662|Shipped|NORMAL||40656924000246||||DSV||2|.11|.001001|2|2|Y|08-14-2026 16:48:31|08-14-2026 16:48:31|||08-14-2026 16:48:41|08-14-2026 16:49:44|08-15-2026 01:37:44|08-15-2026 01:56:53|08-15-2026 02:44:26||08-15-2026 02:56:25|08-19-2026 10:55:05|08-19-2026 10:55:08|10.13|114.11|103.98
BRCJM01|BRCJ1JET|BRCJ1JET|1942045|Shipped|NORMAL||64152596000128||||DSV||1|.01|.000001|1|1|Y|08-14-2026 16:48:30|08-14-2026 16:48:30|||08-14-2026 16:48:41|08-14-2026 16:49:44|08-15-2026 09:56:21|08-15-2026 09:56:21|08-16-2026 08:50:27||08-16-2026 08:50:52|08-19-2026 10:56:02|08-19-2026 10:56:04|40.04|114.13|74.09
BRCJM01|BRCJ1JET|BRCJ1JET|1942072|Shipped|NORMAL||63571238000197||||DSV||1|.01|.000001|1|1|Y|08-14-2026 16:48:31|08-14-2026 16:48:31|||08-14-2026 16:48:41|08-14-2026 16:49:44|08-15-2026 02:04:41|08-15-2026 02:04:41|08-15-2026 02:52:35||08-15-2026 02:56:00|08-19-2026 10:55:29|08-19-2026 10:55:33|10.12|114.12|103.99
BRCJM01|BRCJ1JET|BRCJ1JET|1942363|Shipped|NORMAL||5796221000301||||DSV||1|.01|.000001|1|1|Y|08-18-2026 10:41:45|08-18-2026 10:41:45|||08-18-2026 10:45:14|08-18-2026 10:51:24|08-18-2026 16:28:01|08-18-2026 16:28:02|08-19-2026 01:13:36||08-19-2026 01:54:22|08-22-2026 12:14:42|08-22-2026 12:14:46|15.21|97.55|82.34
BRCJM01|BRCJ1JET|BRCJ1JET|1948432|Shipped|NORMAL||64156462000185||||DSV||1|.1|.001|1|1|Y|08-18-2026 10:42:45|08-18-2026 10:42:45|||08-18-2026 10:45:14|08-18-2026 10:51:24|08-18-2026 16:37:42|08-18-2026 16:37:42|08-18-2026 21:46:34||08-18-2026 21:47:03|08-22-2026 12:16:09|08-22-2026 12:16:13|11.07|97.56|86.49
BRCJM01|BRCJ1JET|BRCJ1JET|1948433|Shipped|NORMAL||64156462000185||||DSV||5|.41|.004001|5|5|Y|08-18-2026 10:42:45|08-18-2026 10:42:45|||08-18-2026 10:45:14|08-18-2026 10:51:24|08-18-2026 22:07:46|08-19-2026 04:56:54|08-19-2026 05:30:41||08-19-2026 05:42:43|08-22-2026 12:15:49|08-22-2026 12:15:51|19|97.55|78.55
BRCJM01|BRCJ1JET|BRCJ1JET|1948517|Shipped|NORMAL||40656924000246||||DSV||1|.1|.001|1|1|Y|08-18-2026 10:42:45|08-18-2026 10:42:45|||08-18-2026 10:45:13|08-18-2026 10:51:24|08-19-2026 00:20:34|08-19-2026 00:20:34|08-19-2026 02:49:32||08-19-2026 02:50:11|08-22-2026 12:14:17|08-22-2026 12:14:20|16.12|97.53|81.4
BRCJM01|BRCJ1JET|BRCJ1JET|1948518|Shipped|NORMAL||26609106000180||||DSV||1|.01|.000001|1|1|Y|08-18-2026 10:42:46|08-18-2026 10:42:46|||08-18-2026 10:45:13|08-18-2026 10:51:24|08-18-2026 20:40:12|08-18-2026 20:40:12|08-19-2026 01:24:20||08-19-2026 01:35:26|09-11-2026 11:03:11|09-11-2026 11:03:15|14.88|576.34|561.46
BRCJM01|BRCJ1JET|BRCJ1JET|1948559|Shipped|NORMAL||64037777000103||||DSV||1|.01|.000001|1|1|Y|08-18-2026 10:43:46|08-18-2026 10:43:46|||08-18-2026 10:45:14|08-18-2026 10:51:24|08-18-2026 12:06:46|08-18-2026 12:06:46|08-18-2026 13:35:29||08-18-2026 13:35:45|09-14-2026 13:43:41|09-14-2026 13:43:48|2.87|651|648.13
BRCJM01|BRCJ1JET|BRCJ1JET|1949200|Shipped|NORMAL||63432244000678||||DSV||1|.01|.000001|1|1|Y|08-18-2026 10:43:46|08-18-2026 10:43:46|||08-18-2026 10:45:14|08-18-2026 10:51:24|08-18-2026 12:03:02|08-18-2026 12:03:02|08-18-2026 14:05:26||08-18-2026 14:05:39|09-10-2026 09:17:05|09-10-2026 09:17:12|3.36|550.56|547.19
BRCJM01|BRCJ1JET|BRCJ1JET|1949225|Shipped|NORMAL||63432244000678||||DSV||1|.01|.000001|1|1|Y|08-18-2026 10:44:46|08-18-2026 10:44:46|||08-18-2026 10:45:14|08-18-2026 10:51:24|08-18-2026 20:38:50|08-18-2026 20:38:50|08-19-2026 01:34:46||08-19-2026 01:35:18|08-22-2026 12:15:25|08-22-2026 12:15:27|14.84|97.51|82.67
BRCJM01|BRCJ1JET|BRCJ1JET|1949282|Shipped|NORMAL||5796221000131||||DSV||2|.06|.000006|6|6|Y|08-18-2026 10:44:46|08-18-2026 10:44:46|||08-18-2026 10:45:13|08-18-2026 10:51:24|08-18-2026 11:53:54|08-18-2026 12:29:49|08-18-2026 14:13:58||08-18-2026 14:15:13|08-31-2026 13:11:14|08-31-2026 13:11:18|3.51|314.44|310.93
BRCJM01|BRCJ1JET|BRCJ1JET|1949285|Shipped|NORMAL||62617245000110||||DSV||1|.01|.000001|1|1|Y|08-18-2026 10:44:47|08-18-2026 10:44:47|||08-18-2026 10:45:14|08-18-2026 10:51:24|08-18-2026 11:52:37|08-18-2026 11:52:37|08-18-2026 14:03:53||08-18-2026 14:04:07|08-22-2026 12:15:04|08-22-2026 12:15:07|3.32|97.51|94.18
BRCJM01|BRCJ1JET|BRCJ1JET|1949286|Shipped|NORMAL||64506399000160|13420-355|SP|BR|DSV||1|.01|.000001|1|1|Y|08-18-2026 10:33:39|08-18-2026 10:33:39|||08-18-2026 10:35:06|08-18-2026 10:51:24|08-18-2026 16:33:13|08-18-2026 16:33:13|08-19-2026 02:53:55||08-19-2026 02:54:57|08-22-2026 12:13:30|08-22-2026 12:13:34|16.36|97.67|81.31
BRCJM01|BRCJ1JET|BRCJ1JET|1949460|Shipped|NORMAL||40656924000246||||DSV||1|.01|.000001|1|1|Y|08-18-2026 10:44:47|08-18-2026 10:44:47|||08-18-2026 10:45:13|08-18-2026 10:51:25|08-18-2026 16:51:29|08-18-2026 16:51:29|08-18-2026 21:50:54||08-18-2026 21:51:35|08-22-2026 12:13:55|08-22-2026 12:13:58|11.11|97.49|86.37
BRCJM01|BRCJ1JET|BRCJ1JET|1950515|Shipped|NORMAL||64506399000321||||DSV||1|0|13.2|8|8|Y|08-18-2026 10:44:47|08-18-2026 10:44:47|||08-18-2026 10:45:14|08-18-2026 10:51:25|08-18-2026 16:42:28|08-18-2026 16:42:28|08-18-2026 21:58:48||08-18-2026 21:59:42|08-22-2026 12:16:32|08-22-2026 12:16:36|11.25|97.53|86.28
BRCJM01|BRCJ1JET|BRCJ1JET|1953045|Shipped|NORMAL||12305346000187||||DSV||1|.01|.000001|1|1|Y|08-18-2026 11:09:55|08-18-2026 11:09:55|||08-18-2026 11:10:31|08-18-2026 11:11:14|08-18-2026 23:04:00|08-18-2026 23:04:00|08-19-2026 00:00:05||08-19-2026 00:01:16|08-22-2026 12:16:59|08-22-2026 12:17:01|12.86|97.12|84.26
BRCJM01|BRCJ1JET|BRCJ1JET|1953091|Shipped|NORMAL||26609106000180||||DSV||3|.03|.000003|3|3|Y|08-18-2026 11:09:56|08-18-2026 11:09:56|||08-18-2026 11:10:31|08-18-2026 11:11:16|08-18-2026 16:42:13|08-18-2026 17:35:34|08-19-2026 03:00:35||08-19-2026 03:04:42|08-22-2026 12:17:28|08-22-2026 12:17:32|15.91|97.13|81.21
BRCJM01|BRCJ1JET|BRCJ1JET|1953155|Shipped|RUSH||55645712000150||||DSV||42|1.5|93960.01302|43|43|Y|08-18-2026 11:09:55|08-18-2026 11:09:55|||08-18-2026 11:11:16|08-18-2026 17:47:15|08-18-2026 19:11:19|08-19-2026 07:55:56|08-19-2026 13:42:39||08-19-2026 13:45:52|08-26-2026 16:53:08|08-26-2026 16:53:10|26.6|197.72|171.12
BRCJM01|BRCJ1JET|BRCJ1JET|1954453|Shipped|RUSH||40499468000197||||DSV||1|.01|.000001|1|1|Y|09-08-2026 17:47:00|09-08-2026 17:47:00|||09-08-2026 17:48:53|09-08-2026 17:49:37|09-08-2026 20:14:16|09-08-2026 20:14:16|09-08-2026 21:27:25||09-08-2026 21:33:35|09-15-2026 10:50:25|09-15-2026 10:50:26|3.78|161.06|157.28
BRCJM01|BRCJ1JET|BRCJ1JET|1954517|Shipped|NORMAL||63838066000175||||DSV||1|.01|.000001|1|1|Y|08-19-2026 14:08:30|08-19-2026 14:08:30|||08-19-2026 14:09:54|08-19-2026 14:10:23|08-19-2026 22:53:06|08-19-2026 22:53:06|08-20-2026 04:22:22||08-20-2026 04:22:49|08-31-2026 12:54:42|08-31-2026 12:54:45|14.24|286.77|272.53
BRCJM01|BRCJ1JET|BRCJ1JET|1954521|Shipped|NORMAL||64156009000179||||DSV||2|.01|.000001|2|2|Y|08-19-2026 14:07:30|08-19-2026 14:07:30|||08-19-2026 14:08:27|08-19-2026 14:10:23|08-20-2026 01:25:07|08-20-2026 01:34:33|08-20-2026 02:56:01||08-20-2026 02:56:42|09-03-2026 15:16:07|09-03-2026 15:16:11|12.82|361.14|348.32
BRCJM01|BRCJ1JET|BRCJ1JET|1954679|Shipped|NORMAL||5796221000131||||DSV||5|.09|10.080009|11|11|Y|08-19-2026 14:08:30|08-19-2026 14:08:30|||08-19-2026 14:09:45|08-19-2026 14:10:23|08-19-2026 19:47:10|08-20-2026 02:00:05|08-20-2026 03:20:49||08-20-2026 03:26:05|08-31-2026 12:54:15|08-31-2026 12:54:18|13.29|286.76|273.47
BRCJM01|BRCJ1JET|BRCJ1JET|1954681|Shipped|NORMAL||5796221000301||||DSV||1|.05|.000005|5|5|Y|08-19-2026 14:07:28|08-19-2026 14:07:28|||08-19-2026 14:08:27|08-19-2026 14:10:23|08-19-2026 23:04:43|08-19-2026 23:04:43|08-20-2026 02:39:09||08-20-2026 02:47:51|08-31-2026 12:53:41|08-31-2026 12:53:44|12.67|286.77|274.1
BRCJM01|BRCJ1JET|BRCJ1JET|1954718|Shipped|NORMAL||63432244000163||||DSV||7|.23|.002003|7|7|Y|08-21-2026 11:08:39|08-21-2026 11:08:39|||08-21-2026 11:10:17|08-21-2026 11:16:23|08-21-2026 14:03:44|08-21-2026 21:19:44|08-22-2026 02:47:26||08-22-2026 02:48:03|08-31-2026 12:56:34|08-31-2026 12:56:41|15.66|241.8|226.14
BRCJM01|BRCJ1JET|BRCJ1JET|1954740|Shipped|NORMAL||5796221000131||||DSV||3|.03|.000003|3|3|Y|08-21-2026 11:08:39|08-21-2026 11:08:39|||08-21-2026 11:10:16|08-21-2026 11:16:23|08-21-2026 22:54:12|08-23-2026 23:17:11|08-24-2026 08:08:39||08-24-2026 08:10:12|08-31-2026 12:55:32|08-31-2026 12:55:34|69.03|241.78|172.76
BRCJM01|BRCJ1JET|BRCJ1JET|1958243|Shipped|NORMAL||5796221000484||||DSV||1|.05|.000005|5|5|Y|08-21-2026 11:08:39|08-21-2026 11:08:39|||08-21-2026 11:10:16|08-21-2026 11:16:23|08-21-2026 14:02:01|08-21-2026 14:02:01|08-21-2026 16:50:31||08-21-2026 16:53:40|08-31-2026 12:56:06|08-31-2026 12:56:09|5.75|241.79|236.04
BRCJM01|BRCJ1JET|BRCJ1JET|1958357|Shipped|NORMAL||64152596000128||||DSV||1|.1|.001|1|1|Y|08-21-2026 11:08:38|08-21-2026 11:08:38|||08-21-2026 11:10:17|08-21-2026 11:16:23|08-21-2026 19:54:19|08-21-2026 19:54:19|08-21-2026 20:05:37||08-21-2026 20:05:49|08-31-2026 12:57:20|08-31-2026 12:57:40|8.95|241.82|232.86
BRCJM01|BRCJ1JET|BRCJ1JET|1958722|Shipped|NORMAL||63432244000678||||DSV||1|.01|.000001|1|1|Y|08-21-2026 11:08:39|08-21-2026 11:08:39|||08-21-2026 11:10:17|08-21-2026 11:16:23|08-21-2026 22:24:08|08-21-2026 22:24:08|08-22-2026 01:25:21||08-22-2026 01:27:46|08-31-2026 13:11:43|08-31-2026 13:11:48|14.32|242.05|227.73
BRCJM01|BRCJ1JET|BRCJ1JET|1958982|Shipped|NORMAL||40656924000246||||DSV||1|.01|.000001|1|1|Y|08-21-2026 11:09:39|08-21-2026 11:09:39|||08-21-2026 11:10:16|08-21-2026 11:16:24|08-21-2026 20:54:25|08-21-2026 20:54:25|08-22-2026 04:33:29||08-22-2026 04:48:05|08-31-2026 12:55:05|08-31-2026 12:55:09|17.64|241.76|224.12
BRCJM01|BRCJ1JET|BRCJ1JET|1959691|Shipped|NORMAL||61735888000367||||DSV||2|5|.05|100|100|Y|08-21-2026 11:09:39|08-21-2026 11:10:41|||08-21-2026 11:10:17|08-21-2026 11:16:24|08-21-2026 18:56:36|08-21-2026 19:00:49|08-21-2026 19:54:10||08-21-2026 19:54:38|08-31-2026 12:59:22|08-31-2026 12:59:27|8.75|241.83|233.08
BRCJM01|BRCJ1JET|BRCJ1JET|1960287|Shipped|NORMAL||64152596000128||||DSV||1|0|0|2|2|Y|08-21-2026 11:09:40|08-21-2026 11:10:41|||08-21-2026 11:10:17|08-21-2026 11:16:24|08-21-2026 16:11:49|08-21-2026 16:11:49|08-21-2026 17:25:29||08-21-2026 17:26:00|08-31-2026 13:00:54|08-31-2026 13:00:57|6.27|241.85|235.58
BRCJM01|BRCJ1JET|BRCJ1JET|1960415|Shipped|NORMAL||64152596000128||||DSV||1|.01|.000001|1|1|Y|08-21-2026 11:09:40|08-21-2026 11:11:42|||08-21-2026 11:10:17|08-21-2026 11:16:24|08-21-2026 20:42:25|08-21-2026 20:42:25|08-22-2026 04:43:00||08-22-2026 04:47:23|08-31-2026 13:01:19|08-31-2026 13:01:22|17.63|241.86|224.23
BRCJM01|BRCJ1JET|BRCJ1JET|1964096|Shipped|NORMAL||40656924000246||||DSV||1|.1|.001|1|1|Y|08-21-2026 11:09:40|08-21-2026 11:10:41|||08-21-2026 11:10:16|08-21-2026 11:16:24|08-21-2026 20:51:09|08-21-2026 20:51:09|08-22-2026 04:31:48||08-22-2026 04:48:13|08-31-2026 12:58:55|08-31-2026 12:58:59|17.64|241.82|224.18
BRCJM01|BRCJ1JET|BRCJ1JET|1964733|Shipped|NORMAL||65650278000150||||DSV||1|.01|.000001|1|1|Y|08-21-2026 11:09:40|08-21-2026 11:11:42|||08-21-2026 11:10:17|08-21-2026 11:16:24|08-21-2026 20:46:43|08-21-2026 20:46:43|08-22-2026 04:30:12||08-22-2026 04:48:22|08-31-2026 13:13:45|08-31-2026 13:14:23|17.65|242.08|224.43
BRCJM01|BRCJ1JET|BRCJ1JET|1965000|Shipped|NORMAL||64152596000128||||DSV||1|.01|.000001|1|1|Y|08-21-2026 11:09:40|08-21-2026 11:10:41|||08-21-2026 11:10:17|08-21-2026 11:16:24|08-21-2026 20:40:31|08-21-2026 20:40:31|08-22-2026 04:42:09||08-22-2026 04:48:01|08-31-2026 13:01:44|08-31-2026 13:01:49|17.64|241.87|224.23
BRCJM01|BRCJ1JET|BRCJ1JET|1965368|Shipped|NORMAL||64506399000160|13420-355|SP|BR|DSV||1|.01|.000001|1|1|Y|08-21-2026 11:02:36|08-21-2026 11:07:38|||08-21-2026 11:05:11|08-21-2026 11:16:23|08-21-2026 20:08:55|08-21-2026 20:08:55|08-22-2026 04:24:47||08-22-2026 04:47:33|08-31-2026 13:12:26|08-31-2026 13:12:30|17.75|242.17|224.42
BRCJM01|BRCJ1JET|BRCJ1JET|1965413|Shipped|NORMAL||63571238000197||||DSV||1|0|0|1|1|Y|08-21-2026 11:10:40|08-21-2026 11:11:43|||08-21-2026 11:11:43|08-21-2026 11:16:24|08-21-2026 20:05:25|08-21-2026 20:05:25|08-22-2026 04:35:45||08-22-2026 04:47:57|08-31-2026 13:00:10|08-31-2026 13:00:15|17.62|241.83|224.21
BRCJM01|BRCJ1JET|BRCJ1JET|1965498|Shipped|NORMAL||63571238000197||||DSV||1|0|0|1|1|Y|08-21-2026 11:10:40|08-21-2026 11:11:43|||08-21-2026 11:11:43|08-21-2026 11:16:24|08-21-2026 20:03:37|08-21-2026 20:03:37|08-22-2026 04:37:59||08-22-2026 04:47:50|08-31-2026 13:06:19|08-31-2026 13:06:23|17.62|241.93|224.31
BRCJM01|BRCJ1JET|BRCJ1JET|1965969|Shipped|NORMAL||64152596000128||||DSV||1|.01|.000001|1|1|Y|08-22-2026 08:35:55|08-22-2026 08:35:55|||08-22-2026 08:37:22|08-22-2026 10:25:19|08-22-2026 15:03:48|08-22-2026 15:03:48|08-23-2026 10:10:02||08-23-2026 10:10:28|08-31-2026 16:59:57|08-31-2026 16:59:58|25.58|224.4|198.83
BRCJM01|BRCJ1JET|BRCJ1JET|1965978|Shipped|NORMAL||63432244000163||||DSV||5|.22|.002002|5|5|Y|08-22-2026 08:35:55|08-22-2026 08:35:55|||08-22-2026 08:37:22|08-22-2026 10:25:19|08-22-2026 15:20:31|08-24-2026 00:17:20|08-24-2026 07:00:08||08-24-2026 07:01:59|09-14-2026 13:46:09|09-14-2026 13:46:13|46.43|557.17|510.74
BRCJM01|BRCJ1JET|BRCJ1JET|1965979|Shipped|NORMAL||64156462000185||||DSV||4|3.2|.032|40|40|Y|08-22-2026 08:35:55|08-22-2026 08:35:55|||08-22-2026 08:37:22|08-22-2026 10:25:18|08-22-2026 15:26:55|08-24-2026 00:04:47|08-24-2026 07:20:36||08-24-2026 07:21:35|08-31-2026 13:04:21|08-31-2026 13:04:28|46.76|220.48|173.71
BRCJM01|BRCJ1JET|BRCJ1JET|1965983|Shipped|NORMAL||64389741000199||||DSV||1|.01|.000001|1|1|Y|08-22-2026 08:35:55|08-22-2026 08:35:55|||08-22-2026 08:37:22|08-22-2026 10:25:18|08-24-2026 09:44:47|08-24-2026 09:44:47|08-24-2026 17:44:48||08-24-2026 17:45:06|08-31-2026 16:51:12|08-31-2026 16:51:15|57.15|224.26|167.1
BRCJM01|BRCJ1JET|BRCJ1JET|1966108|Shipped|NORMAL||64204650000131||||DSV||1|.01|.000001|1|1|Y|08-22-2026 08:36:55|08-22-2026 08:36:55|||08-22-2026 08:37:22|08-22-2026 10:25:19|08-22-2026 15:10:50|08-22-2026 15:10:50|08-23-2026 10:11:34||08-23-2026 10:11:55|08-31-2026 16:50:45|08-31-2026 16:50:48|25.58|224.23|198.65
BRCJM01|BRCJ1JET|BRCJ1JET|1969008|Shipped|NORMAL||63532672000168|14021-600|SP|BR|DSV||3|1.3|.01201|34|34|Y|08-22-2026 08:29:53|08-22-2026 08:29:53|||08-22-2026 08:32:18|08-22-2026 10:25:18|08-22-2026 15:06:36|08-23-2026 23:32:49|08-24-2026 07:11:16||08-24-2026 07:12:01|08-31-2026 13:03:45|08-31-2026 13:03:50|46.7|220.57|173.86
BRCJM01|BRCJ1JET|BRCJ1JET|1969427|Shipped|NORMAL||61735888000600||||DSV||2|5|.05|100|100|Y|08-22-2026 08:36:55|08-22-2026 08:36:55|||08-22-2026 08:37:22|08-22-2026 10:25:19|08-24-2026 09:25:15|08-24-2026 09:30:50|08-24-2026 11:27:33||08-24-2026 11:28:25|08-31-2026 16:49:50|08-31-2026 16:49:54|50.86|224.22|173.36
BRCJM01|BRCJ1JET|BRCJ1JET|1969583|Shipped|NORMAL||63838066000175||||DSV||1|.03|.000003|3|3|Y|08-22-2026 08:36:56|08-22-2026 08:36:56|||08-22-2026 08:37:22|08-22-2026 10:25:19|08-22-2026 15:32:21|08-22-2026 15:32:21|08-23-2026 10:20:46||08-23-2026 10:21:12|08-31-2026 16:50:18|08-31-2026 16:50:20|25.74|224.22|198.49
BRCJM01|BRCJ1JET|BRCJ1JET|1969585|Shipped|NORMAL||40656924000246||||DSV||1|.01|.000001|1|1|Y|08-22-2026 08:36:56|08-22-2026 08:36:56|||08-22-2026 08:37:22|08-22-2026 10:25:19|08-24-2026 09:50:23|08-24-2026 09:50:23|08-24-2026 11:17:15||08-24-2026 11:20:30|09-11-2026 09:44:14|09-11-2026 09:44:19|50.73|481.12|430.4
BRCJM01|BRCJ1JET|BRCJ1JET|1969642|Shipped|NORMAL||40656924000246||||DSV||1|.01|.000001|1|1|Y|08-22-2026 08:36:56|08-22-2026 08:36:56|||08-22-2026 08:37:22|08-22-2026 10:25:19|08-24-2026 14:18:06|08-24-2026 14:18:06|08-24-2026 17:47:53||08-24-2026 17:48:45|08-27-2026 08:49:45|08-27-2026 08:49:49|57.2|120.21|63.02
BRCJM01|BRCJ1JET|BRCJ1JET|1969679|Shipped|NORMAL||40656924000246||||DSV||1|.01|.000001|1|1|Y|08-22-2026 08:36:56|08-22-2026 08:36:56|||08-22-2026 08:37:22|08-22-2026 10:25:19|08-24-2026 09:35:21|08-24-2026 09:35:21|08-24-2026 11:16:16||08-24-2026 11:16:51|08-31-2026 16:59:16|08-31-2026 16:59:17|50.67|224.37|173.71
BRCJM01|BRCJ1JET|BRCJ1JET|1969957|Shipped|NORMAL||61735888000600||||DSV||1|.1|.001|1|1|Y|08-26-2026 09:36:45|08-26-2026 09:36:45|||08-26-2026 09:38:34|08-26-2026 09:50:42|08-27-2026 08:41:26|08-27-2026 08:41:26|08-27-2026 09:36:06||08-27-2026 09:37:18|09-08-2026 09:00:08|09-08-2026 09:00:12|24.01|311.39|287.38
BRCJM01|BRCJ1JET|BRCJ1JET|1969983|Shipped|NORMAL||5796221000131||||DSV||1|.01|.000001|1|1|Y|08-26-2026 09:36:45|08-26-2026 09:36:45|||08-26-2026 09:38:34|08-26-2026 09:50:41|08-26-2026 12:30:25|08-26-2026 12:30:25|08-26-2026 12:49:31||08-26-2026 12:49:45|09-03-2026 11:44:56|09-03-2026 11:44:59|3.22|194.14|190.92
BRCJM01|BRCJ1JET|BRCJ1JET|1970024|Shipped|NORMAL||40499468000197||||DSV||1|.2|.002|2|2|Y|08-26-2026 09:36:45|08-26-2026 09:36:45|||08-26-2026 09:38:34|08-26-2026 09:50:42|08-27-2026 08:26:14|08-27-2026 08:26:53|08-27-2026 09:54:33||08-27-2026 09:55:19|09-09-2026 11:03:47|09-09-2026 11:03:56|24.31|337.45|313.14
BRCJM01|BRCJ1JET|BRCJ1JET|1970105|Shipped|NORMAL||63532672000168|14021-600|SP|BR|DSV||1|.1|.001|1|1|Y|08-26-2026 09:22:40|08-26-2026 09:22:40|||08-26-2026 09:23:24|08-26-2026 09:50:41|08-27-2026 03:15:55|08-27-2026 03:15:55|08-27-2026 07:17:55||08-27-2026 07:19:36|08-31-2026 17:00:35|08-31-2026 17:00:36|21.95|127.63|105.68
BRCJM01|BRCJ1JET|BRCJ1JET|1970106|Shipped|NORMAL||40656924000246||||DSV||1|.01|.000001|1|1|Y|08-26-2026 09:36:45|08-26-2026 09:36:45|||08-26-2026 09:38:34|08-26-2026 09:50:42|08-26-2026 22:52:25|08-26-2026 22:52:25|08-27-2026 07:36:51||08-27-2026 07:37:04|08-31-2026 16:51:38|08-31-2026 16:51:42|22.01|127.25|105.24
BRCJM01|BRCJ1JET|BRCJ1JET|1970758|Shipped|NORMAL||65650278000230||||DSV||1|.01|.000001|1|1|Y|08-26-2026 09:36:45|08-26-2026 09:36:45|||08-26-2026 09:38:34|08-26-2026 09:50:42|08-26-2026 22:50:27|08-26-2026 22:50:27|08-27-2026 07:20:27||08-27-2026 07:20:42|09-14-2026 13:46:36|09-14-2026 13:46:40|21.73|460.17|438.43
BRCJM01|BRCJ1JET|BRCJ1JET|1973838|Shipped|NORMAL||26609106000180||||DSV||17|.78|.007008|17|17|Y|08-26-2026 09:37:46|08-26-2026 09:37:46|||08-26-2026 09:38:34|08-26-2026 09:50:42|08-26-2026 11:29:13|08-26-2026 22:37:09|08-27-2026 00:11:24||08-27-2026 00:12:32|09-11-2026 11:04:39|09-11-2026 11:04:41|14.58|385.45|370.87
BRCJM01|BRCJ1JET|BRCJ1JET|1974498|Shipped|NORMAL||63432244000406||||DSV||1|.01|.000001|1|1|Y|08-26-2026 09:37:46|08-26-2026 09:37:46|||08-26-2026 09:38:34|08-26-2026 09:50:42|08-26-2026 21:42:47|08-26-2026 21:42:47|08-27-2026 07:27:04||08-27-2026 07:27:16|08-31-2026 16:52:05|08-31-2026 16:52:08|21.83|127.24|105.41
BRCJM01|BRCJ1JET|BRCJ1JET|1974788|Shipped|NORMAL||62617245000110||||DSV||2|.1|.001|2|2|Y|08-26-2026 09:39:47|08-26-2026 09:39:47|||08-26-2026 09:43:37|08-26-2026 09:50:43|08-26-2026 16:02:55|08-27-2026 04:59:32|08-27-2026 07:24:50||08-27-2026 07:25:06|08-31-2026 16:52:47|08-31-2026 16:52:52|21.76|127.22|105.46
BRCJM01|BRCJ1JET|BRCJ1JET|1974912|Shipped|NORMAL||63571238000197||||DSV||1|.01|.000001|1|1|Y|08-26-2026 09:39:47|08-26-2026 09:39:47|||08-26-2026 09:43:37|08-26-2026 09:50:43|08-26-2026 21:44:56|08-26-2026 21:44:56|08-27-2026 07:15:14||08-27-2026 07:17:43|08-31-2026 17:09:59|08-31-2026 17:10:03|21.63|127.5|105.87
BRCJM01|BRCJ1JET|BRCJ1JET|1975262|Shipped|NORMAL||40656924000246||||DSV||1|.01|.000001|1|1|Y|08-26-2026 09:44:48|08-26-2026 09:44:48|||08-26-2026 09:48:41|08-26-2026 09:50:43|08-26-2026 22:25:17|08-26-2026 22:25:17|08-27-2026 07:31:32||08-27-2026 07:32:11|08-31-2026 17:10:29|08-31-2026 17:10:32|21.79|127.43|105.64
BRCJM01|BRCJ1JET|BRCJ1JET|1975305|Shipped|NORMAL||63532672000168|14021-600|SP|BR|DSV||1|.01|.000001|1|1|Y|08-26-2026 09:26:42|08-26-2026 09:26:42|||08-26-2026 09:28:27|08-26-2026 09:50:41|08-26-2026 12:26:42|08-26-2026 12:26:42|08-26-2026 12:47:57||08-26-2026 12:48:32|08-31-2026 17:01:50|08-31-2026 17:01:50|3.36|127.59|124.22
BRCJM01|BRCJ1JET|BRCJ1JET|1975321|Shipped|NORMAL||64152596000128||||DSV||1|.02|.000002|2|2|Y|08-26-2026 09:44:49|08-26-2026 09:44:49|||08-26-2026 09:48:41|08-26-2026 09:50:44|08-26-2026 22:30:47|08-26-2026 22:30:47|08-27-2026 07:28:55||08-27-2026 07:29:41|09-11-2026 09:44:38|09-11-2026 09:44:40|21.75|384|362.25
BRCJM01|BRCJ1JET|BRCJ1JET|1975322|Shipped|NORMAL||40656924000246||||DSV||2|.02|.000002|2|2|Y|08-26-2026 09:48:50|08-26-2026 09:48:50|||08-26-2026 09:50:00|08-26-2026 09:50:44|08-27-2026 05:07:07|08-27-2026 05:11:09|08-27-2026 05:16:51||08-27-2026 05:17:22|08-31-2026 16:54:31|08-31-2026 16:54:36|19.48|127.1|107.62
BRCJM01|BRCJ1JET|BRCJ1JET|1975323|Shipped|NORMAL||63432244000406||||DSV||1|.1|.001|1|1|Y|08-26-2026 09:43:48|08-26-2026 09:43:48|||08-26-2026 09:48:41|08-26-2026 09:50:43|08-26-2026 22:10:00|08-26-2026 22:10:00|08-27-2026 07:38:57||08-27-2026 07:39:12|08-31-2026 16:54:06|08-31-2026 16:54:09|21.92|127.17|105.25
BRCJM01|BRCJ1JET|BRCJ1JET|1975413|Shipped|NORMAL||64152596000128||||DSV||1|3|.03|30|30|Y|08-26-2026 09:44:49|08-26-2026 09:44:49|||08-26-2026 09:48:41|08-26-2026 09:50:44|08-26-2026 22:36:12|08-26-2026 22:36:12|08-27-2026 07:34:11||08-27-2026 07:34:24|08-31-2026 17:10:57|08-31-2026 17:11:00|21.83|127.44|105.61
BRCJM01|BRCJ1JET|BRCJ1JET|1975433|Shipped|NORMAL||64435342000117||||DSV||1|.01|.000001|1|1|Y|08-26-2026 09:43:48|08-26-2026 09:43:48|||08-26-2026 09:48:41|08-26-2026 09:50:43|08-26-2026 15:45:12|08-26-2026 15:45:12|08-27-2026 01:21:31||08-27-2026 01:22:25|09-11-2026 11:06:25|09-11-2026 11:06:28|15.64|385.38|369.73
BRCJM01|BRCJ1JET|BRCJ1JET|1975603|Shipped|NORMAL||63432244000406||||DSV||1|.1|.001|1|1|Y|08-26-2026 09:43:48|08-26-2026 09:43:48|||08-26-2026 09:48:41|08-26-2026 09:50:43|08-27-2026 08:11:04|08-27-2026 08:11:04|08-27-2026 10:00:13||08-27-2026 10:02:07|09-09-2026 11:04:30|09-09-2026 11:04:33|24.31|337.35|313.04
BRCJM01|BRCJ1JET|BRCJ1JET|1975604|Shipped|NORMAL||64506399000321||||DSV||2|.02|.000002|2|2|Y|08-26-2026 09:42:48|08-26-2026 09:42:48|||08-26-2026 09:43:37|08-26-2026 09:50:43|08-26-2026 21:52:50|08-27-2026 00:05:12|08-27-2026 07:25:06||08-27-2026 07:25:20|08-31-2026 16:53:37|08-31-2026 16:53:42|21.71|127.18|105.47
BRCJM01|BRCJ1JET|BRCJ1JET|1979745|Shipped|NORMAL||26609106000180||||DSV||5|.22|9.902002|5|5|Y|08-26-2026 09:40:47|08-26-2026 09:40:47|||08-26-2026 09:43:37|08-26-2026 09:50:43|08-26-2026 23:49:06|08-27-2026 01:41:57|08-27-2026 05:22:08||08-27-2026 05:50:34|08-31-2026 17:09:30|08-31-2026 17:09:34|20.16|127.48|107.32
BRCJM01|BRCJ1JET|BRCJ1JET|1980621|Shipped|NORMAL||12305346000187||||DSV||1|.03|.000003|3|3|Y|08-26-2026 09:41:47|08-26-2026 09:41:47|||08-26-2026 09:43:37|08-26-2026 09:50:43|08-26-2026 21:50:18|08-26-2026 21:50:18|08-27-2026 07:22:41||08-27-2026 07:23:11|08-31-2026 17:03:37|08-31-2026 17:03:41|21.69|127.37|105.68
BRCJM01|BRCJ1JET|BRCJ1JET|1980764|Shipped|NORMAL||64156009000179||||DSV||8|.49|.003019|22|22|Y|08-26-2026 09:38:46|08-26-2026 09:38:46|||08-26-2026 09:43:37|08-26-2026 09:50:42|08-26-2026 16:19:13|08-27-2026 02:51:30|08-27-2026 07:45:17||09-02-2026 10:10:35|09-08-2026 09:00:53|09-08-2026 09:01:11|168.53|311.37|142.84
BRCJM01|BRCJ1JET|BRCJ1JET|1982041|Shipped|NORMAL||63432244000163||||DSV||6|.42|.004002|6|6|Y|08-27-2026 15:03:58|08-27-2026 15:03:58|||08-27-2026 15:05:29|08-27-2026 15:08:26|08-28-2026 02:46:51|08-29-2026 12:24:48|08-29-2026 15:47:52||08-29-2026 15:50:14|09-08-2026 09:04:45|09-08-2026 09:04:48|48.77|282.01|233.24
BRCJM01|BRCJ1JET|BRCJ1JET|1982042|Shipped|NORMAL||63432244000678||||DSV||1|0|0|1|1|Y|08-27-2026 15:02:58|08-27-2026 15:02:58|||08-27-2026 15:05:29|08-27-2026 15:08:26|08-28-2026 02:33:45|08-28-2026 02:33:45|08-28-2026 07:03:15||08-28-2026 07:03:52|09-08-2026 09:05:44|09-08-2026 09:05:48|16.02|282.05|266.03
BRCJM01|BRCJ1JET|BRCJ1JET|1982179|Shipped|NORMAL||63432244000163||||DSV||1|.04|.000004|4|4|Y|08-27-2026 15:02:58|08-27-2026 15:02:58|||08-27-2026 15:05:29|08-27-2026 15:08:26|08-28-2026 02:36:50|08-28-2026 02:38:59|08-28-2026 07:08:33||08-28-2026 07:13:43|09-08-2026 09:05:16|09-08-2026 09:05:20|16.18|282.04|265.86
BRCJM01|BRCJ1JET|BRCJ1JET|1982180|Shipped|NORMAL||63432244000163||||DSV||1|.02|.000002|2|2|Y|08-27-2026 15:03:58|08-27-2026 15:03:58|||08-27-2026 15:05:29|08-27-2026 15:08:26|08-28-2026 02:43:31|08-28-2026 02:43:31|08-28-2026 06:57:48||08-28-2026 07:00:15|09-08-2026 09:04:12|09-08-2026 09:04:16|15.94|282.01|266.07
BRCJM01|BRCJ1JET|BRCJ1JET|1982376|Shipped|NORMAL||63432244000163||||DSV||4|.5|.005|5|5|Y|08-27-2026 15:03:58|08-27-2026 15:03:58|||08-27-2026 15:05:29|08-27-2026 15:08:27|08-28-2026 09:33:14|08-28-2026 19:55:18|08-31-2026 08:40:36||08-31-2026 08:41:39|09-11-2026 09:45:03|09-11-2026 09:45:07|89.63|354.69|265.06
BRCJM01|BRCJ1JET|BRCJ1JET|1986463|Shipped|NORMAL||40656924000246||||DSV||10|.9|9.909|10|10|Y|08-27-2026 15:03:59|08-27-2026 15:03:59|||08-27-2026 15:05:29|08-27-2026 15:08:27|08-28-2026 09:12:09|08-31-2026 08:59:45|08-31-2026 09:14:16||08-31-2026 09:15:04|09-08-2026 09:02:41|09-08-2026 09:02:44|90.18|281.98|191.79
BRCJM01|BRCJ1JET|BRCJ1JET|1986777|Shipped|NORMAL||63532672000168|14021-600|SP|BR|DSV||1|.1|.001|1|1|Y|08-27-2026 14:59:55|08-27-2026 14:59:55|||08-27-2026 15:00:24|08-27-2026 15:08:26|08-28-2026 02:18:27|08-28-2026 02:18:27|08-28-2026 07:18:45||08-28-2026 07:19:14|09-08-2026 09:02:04|09-08-2026 09:02:07|16.32|282.04|265.71
BRCJM01|BRCJ1JET|BRCJ1JET|1987002|Shipped|NORMAL||64152596000128||||DSV||2|.02|.000002|2|2|Y|08-27-2026 15:03:59|08-27-2026 15:03:59|||08-27-2026 15:05:30|08-27-2026 15:08:28|08-28-2026 02:52:18|08-28-2026 02:59:00|08-28-2026 07:05:26||08-28-2026 07:05:54|09-11-2026 11:08:09|09-11-2026 11:08:14|16.03|356.07|340.04
BRCJM01|BRCJ1JET|BRCJ1JET|1987681|Shipped|NORMAL||12305346000187||||DSV||1|.01|.000001|1|1|Y|08-28-2026 16:03:55|08-28-2026 16:03:55|||08-28-2026 16:05:04|08-28-2026 16:08:24|08-28-2026 19:49:28|08-28-2026 19:49:28|08-29-2026 17:27:40||08-29-2026 17:28:49|09-09-2026 11:05:05|09-09-2026 11:05:09|25.41|283.02|257.61
BRCJM01|BRCJ1JET|BRCJ1JET|1987682|Shipped|NORMAL||55645712000150||||DSV||1|.1|.001|1|1|Y|08-28-2026 16:03:56|08-28-2026 16:03:56|||08-28-2026 16:05:04|08-28-2026 16:08:24|08-28-2026 19:57:12|08-28-2026 19:57:12|08-29-2026 17:25:14||09-02-2026 10:13:08|09-08-2026 09:07:12|09-08-2026 09:07:14|114.15|257.06|142.9
BRCJM01|BRCJ1JET|BRCJ1JET|1987726|Shipped|NORMAL||55645712000150||||DSV||1|.1|.001|1|1|Y|08-28-2026 16:03:56|08-28-2026 16:03:56|||08-28-2026 16:05:04|08-28-2026 16:08:25|08-28-2026 20:25:23|08-28-2026 20:25:23|08-29-2026 17:20:31||09-02-2026 10:08:49|09-08-2026 09:06:43|09-08-2026 09:06:48|114.08|257.05|142.97
BRCJM01|BRCJ1JET|BRCJ1JET|1987770|Shipped|NORMAL||55645712000150||||DSV||3|.02|.000002|3|3|Y|08-28-2026 16:04:57|08-28-2026 16:04:57|||08-28-2026 16:05:04|08-28-2026 16:08:26|08-28-2026 22:08:53|08-29-2026 12:58:52|08-29-2026 13:14:37||08-29-2026 13:14:59|09-08-2026 09:07:38|09-08-2026 09:07:43|21.17|257.05|235.88
BRCJM01|BRCJ1JET|BRCJ1JET|1987771|Shipped|NORMAL||55645712000150||||DSV||2|.02|.000002|2|2|Y|08-28-2026 16:03:57|08-28-2026 16:03:57|||08-28-2026 16:05:04|08-28-2026 16:08:26|08-28-2026 23:07:58|08-31-2026 12:00:14|08-31-2026 12:36:00||08-31-2026 12:37:26|09-08-2026 09:06:15|09-08-2026 09:06:19|68.56|257.04|188.48
BRCJM01|BRCJ1JET|BRCJ1JET|1987772|Shipped|NORMAL||55645712000150||||DSV||2|.01|.000001|2|2|Y|08-28-2026 16:04:57|08-28-2026 16:04:57|||08-28-2026 16:05:04|08-28-2026 16:08:26|08-28-2026 23:32:16|08-28-2026 23:47:53|08-29-2026 01:11:52||08-29-2026 01:12:11|09-09-2026 11:05:45|09-09-2026 11:05:47|9.12|283.01|273.89
BRCJM01|BRCJ1JET|BRCJ1JET|1987773|Shipped|NORMAL||55645712000150||||DSV||1|.01|.000001|1|1|Y|09-02-2026 10:28:55|09-02-2026 10:28:55|||09-02-2026 10:29:32|09-02-2026 10:36:01|09-02-2026 22:10:20|09-02-2026 22:10:20|09-02-2026 23:41:21||09-02-2026 23:47:03|09-08-2026 09:25:20|09-08-2026 09:25:25|13.3|142.94|129.64
BRCJM01|BRCJ1JET|BRCJ1JET|1987774|Shipped|NORMAL||55645712000150||||DSV||7|.06|.000006|7|7|Y|09-02-2026 10:29:57|09-02-2026 10:29:57|||09-02-2026 10:34:36|09-02-2026 10:36:01|09-02-2026 22:14:48|09-02-2026 22:54:45|09-02-2026 23:49:25||09-03-2026 00:14:05|09-09-2026 11:06:43|09-09-2026 11:06:46|13.74|168.61|154.88
BRCJM01|BRCJ1JET|BRCJ1JET|1987782|Shipped|NORMAL||55645712000150||||DSV||1|0|0|1|1|Y|09-02-2026 10:29:57|09-02-2026 10:29:57|||09-02-2026 10:34:36|09-02-2026 10:36:02|09-03-2026 21:57:59|09-03-2026 21:57:59|09-03-2026 23:39:45||09-03-2026 23:40:02|09-10-2026 09:29:01|09-10-2026 09:29:04|37.17|190.99|153.82
BRCJM01|BRCJ1JET|BRCJ1JET|1987820|Shipped|NORMAL||63432244000678||||DSV||2|.09|.000009|10|10|Y|09-02-2026 10:30:58|09-02-2026 10:30:58|||09-02-2026 10:34:36|09-02-2026 10:36:02|09-03-2026 00:41:44|09-03-2026 00:57:04|09-03-2026 05:15:09||09-03-2026 05:16:21|09-14-2026 13:47:28|09-14-2026 13:47:35|18.76|291.28|272.52
BRCJM01|BRCJ1JET|BRCJ1JET|1987838|Shipped|NORMAL||40499468000197||||DSV||1|.3|.003|3|3|Y|09-02-2026 10:30:58|09-02-2026 10:30:58|||09-02-2026 10:34:36|09-02-2026 10:36:02|09-09-2026 09:29:10|09-09-2026 09:29:10|09-09-2026 10:13:36||09-09-2026 10:14:07|09-15-2026 10:45:40|09-15-2026 10:45:42|167.72|312.25|144.53
BRCJM01|BRCJ1JET|BRCJ1JET|1987847|Shipped|NORMAL||64152596000128||||DSV||1|.01|.000001|1|1|Y|09-02-2026 10:30:58|09-02-2026 10:30:58|||09-02-2026 10:34:36|09-02-2026 10:36:02|09-03-2026 00:37:11|09-03-2026 00:37:11|09-03-2026 05:00:38||09-03-2026 05:00:54|09-08-2026 09:26:55|09-08-2026 09:26:59|18.5|142.93|124.43
BRCJM01|BRCJ1JET|BRCJ1JET|1987850|Shipped|NORMAL||40656924000246||||DSV||8|.71|.007001|8|8|Y|09-02-2026 10:30:58|09-02-2026 10:30:58|||09-02-2026 10:34:36|09-02-2026 10:36:02|09-03-2026 16:00:10|09-04-2026 05:34:55|09-04-2026 23:56:24||09-05-2026 00:00:31|09-10-2026 09:28:35|09-10-2026 09:28:42|61.49|190.96|129.47
BRCJM01|BRCJ1JET|BRCJ1JET|1987913|Shipped|NORMAL||64435342000117||||DSV||1|.01|.000001|1|1|Y|09-02-2026 10:29:57|09-02-2026 10:29:57|||09-02-2026 10:34:36|09-02-2026 10:36:02|09-02-2026 23:40:59|09-02-2026 23:40:59|09-03-2026 05:08:04||09-03-2026 05:08:19|09-08-2026 09:27:21|09-08-2026 09:27:28|18.64|142.96|124.32
BRCJM01|BRCJ1JET|BRCJ1JET|1987962|Shipped|NORMAL||40656924000246||||DSV||1|.01|.000001|1|1|Y|09-02-2026 10:29:57|09-02-2026 10:29:57|||09-02-2026 10:34:36|09-02-2026 10:36:02|09-02-2026 12:11:00|09-02-2026 12:11:00|09-02-2026 12:13:19||09-02-2026 12:13:52|09-08-2026 09:26:24|09-08-2026 09:26:27|1.73|142.94|141.21
BRCJM01|BRCJ1JET|BRCJ1JET|1991745|Shipped|NORMAL||64389741000270||||DSV||1|.01|.000001|1|1|Y|09-02-2026 10:29:58|09-02-2026 10:29:58|||09-02-2026 10:34:36|09-02-2026 10:36:02|09-04-2026 23:12:27|09-04-2026 23:12:27|09-05-2026 01:13:10||09-05-2026 01:22:19|09-10-2026 09:29:27|09-10-2026 09:29:30|62.87|190.99|128.12
BRCJM01|BRCJ1JET|BRCJ1JET|1991943|Shipped|NORMAL||64107585000126||||DSV||1|.01|.000001|1|1|Y|09-02-2026 10:28:57|09-02-2026 10:28:57|||09-02-2026 10:29:32|09-02-2026 10:36:01|09-02-2026 22:12:20|09-02-2026 22:12:20|09-02-2026 23:43:49||09-02-2026 23:46:57|09-08-2026 09:25:51|09-08-2026 09:25:53|13.3|142.95|129.65
BRCJM01|BRCJ1JET|BRCJ1JET|1992600|Shipped|NORMAL||63432244000406||||DSV||1|.01|.000001|1|1|Y|09-02-2026 11:55:33|09-02-2026 11:55:33|||09-02-2026 11:55:50|09-02-2026 11:56:29|09-04-2026 22:58:23|09-04-2026 22:58:23|09-05-2026 01:10:05||09-05-2026 01:21:57|09-10-2026 09:31:19|09-10-2026 09:31:21|61.44|189.6|128.16
BRCJM01|BRCJ1JET|BRCJ1JET|1993063|Shipped|NORMAL||63838066000175||||DSV||3|5|.05|130|130|Y|09-02-2026 10:28:57|09-02-2026 10:28:57|||09-02-2026 10:29:32|09-02-2026 10:36:01|09-03-2026 16:27:03|09-05-2026 14:57:36|09-06-2026 09:37:53||09-06-2026 09:38:30|09-10-2026 09:27:42|09-10-2026 09:27:45|95.16|190.98|95.82
BRCJM01|BRCJ1JET|BRCJ1JET|1994113|Shipped|NORMAL||40656924000246||||DSV||2|.11|.001001|2|2|Y|08-28-2026 17:08:23|08-28-2026 17:08:23|||08-28-2026 17:11:28|08-28-2026 17:23:50|08-29-2026 11:15:03|08-29-2026 11:23:38|08-29-2026 13:03:10||08-29-2026 13:03:31|09-09-2026 11:06:12|09-09-2026 11:06:16|19.92|281.96|262.05
BRCJM01|BRCJ1JET|BRCJ1JET|1994336|Shipped|NORMAL||64204650000131||||DSV||2|.02|.000002|2|2|Y|08-28-2026 17:08:22|08-28-2026 17:08:22|||08-28-2026 17:11:28|08-28-2026 17:23:50|08-29-2026 11:27:30|08-29-2026 11:48:33|08-29-2026 12:45:05||08-29-2026 12:45:23|09-08-2026 09:12:23|09-08-2026 09:12:27|19.62|256.07|236.45
BRCJM01|BRCJ1JET|BRCJ1JET|1994361|Shipped|NORMAL||27040964000110||||DSV||1|.01|.000001|1|1|Y|08-28-2026 17:08:22|08-28-2026 17:08:22|||08-28-2026 17:11:28|08-28-2026 17:23:50|08-28-2026 22:03:01|08-28-2026 22:03:01|08-29-2026 11:46:13||09-02-2026 10:07:42|09-08-2026 09:09:29|09-08-2026 09:09:33|112.99|256.02|143.03
BRCJM01|BRCJ1JET|BRCJ1JET|1994362|Shipped|NORMAL||63532672000168|14021-600|SP|BR|DSV||4|.4|.004|4|4|Y|08-28-2026 16:32:08|08-28-2026 16:32:08|||08-28-2026 16:35:41|08-28-2026 17:23:49|08-29-2026 01:49:57|08-29-2026 02:05:41|08-29-2026 16:35:03||09-02-2026 10:19:29|09-15-2026 10:41:58|09-15-2026 10:42:03|113.79|426.17|312.38
BRCJM01|BRCJ1JET|BRCJ1JET|1994363|Shipped|NORMAL||27040964000110||||DSV||1|.01|.000001|1|1|Y|08-28-2026 17:08:23|08-28-2026 17:08:23|||08-28-2026 17:11:28|08-28-2026 17:23:50|08-29-2026 11:26:12|08-29-2026 11:26:12|08-29-2026 12:56:07||08-29-2026 12:59:09|09-08-2026 09:10:02|09-08-2026 09:10:06|19.85|256.03|236.18
BRCJM01|BRCJ1JET|BRCJ1JET|1994432|Shipped|NORMAL||61735888000600||||DSV||3|.12|.001002|3|3|Y|08-28-2026 17:09:23|08-28-2026 17:09:23|||08-28-2026 17:11:28|08-28-2026 17:23:50|08-29-2026 02:16:21|08-29-2026 03:20:16|08-29-2026 16:25:54||09-02-2026 09:58:03|09-08-2026 09:11:28|09-08-2026 09:11:32|112.81|256.04|143.22
BRCJM01|BRCJ1JET|BRCJ1JET|1994433|Shipped|RUSH||63432244000830||||DSV||59|5.4|2013.944|72|72|Y|08-28-2026 11:36:04|08-28-2026 11:36:04|||08-28-2026 14:25:23|08-28-2026 14:40:34|08-28-2026 15:38:45|08-31-2026 10:47:19|08-31-2026 12:02:16||08-31-2026 12:10:28|09-01-2026 15:46:09|09-01-2026 15:46:10|72.57|100.17|27.6
BRCJM01|BRCJ1JET|BRCJ1JET|1994455|Shipped|NORMAL||27040964000110||||DSV||1|.01|.000001|1|1|Y|08-28-2026 17:09:23|08-28-2026 17:09:23|||08-28-2026 17:11:28|08-28-2026 17:23:51|08-29-2026 11:25:33|08-29-2026 11:25:33|08-29-2026 12:52:35||08-29-2026 12:53:09|09-08-2026 09:10:33|09-08-2026 09:10:37|19.73|256.02|236.29
BRCJM01|BRCJ1JET|BRCJ1JET|1994457|Shipped|NORMAL||27040964000110||||DSV||3|.1|.00001|10|10|Y|08-28-2026 17:09:23|08-28-2026 17:09:23|||09-04-2026 16:35:32|09-08-2026 11:24:45|09-10-2026 05:16:41|09-10-2026 05:20:59|09-10-2026 09:49:15||09-10-2026 09:49:30|09-15-2026 10:43:05|09-15-2026 10:43:09|304.67|425.56|120.89
BRCJM01|BRCJ1JET|BRCJ1JET|1994458|Shipped|NORMAL||27040964000110||||DSV||4|.31|.003001|4|4|Y|08-28-2026 17:09:23|08-28-2026 17:09:23|||08-28-2026 17:11:28|08-28-2026 17:23:51|08-29-2026 04:39:03|08-29-2026 05:04:09|08-29-2026 16:52:07||09-02-2026 10:20:11|09-10-2026 09:17:40|09-10-2026 09:17:43|113.18|304.14|190.96
BRCJM01|BRCJ1JET|BRCJ1JET|1998020|Shipped|NORMAL||64506399000160|13420-355|SP|BR|DSV||1|.01|.000001|1|1|Y|08-28-2026 16:32:08|08-28-2026 16:32:08|||08-28-2026 16:35:41|08-28-2026 17:23:50|08-29-2026 11:29:14|08-29-2026 11:29:14|08-29-2026 12:49:36||08-29-2026 12:49:53|09-08-2026 09:09:02|09-08-2026 09:09:06|20.3|256.62|236.32
BRCJM01|BRCJ1JET|BRCJ1JET|1999285|Shipped|NORMAL||64152596000128||||DSV||1|.2|.002|2|2|Y|08-28-2026 17:09:24|08-28-2026 17:09:24|||08-28-2026 17:11:28|08-28-2026 17:23:51|08-29-2026 13:14:59|08-29-2026 13:14:59|08-29-2026 13:17:51||08-29-2026 13:18:47|09-08-2026 09:11:54|09-08-2026 09:11:58|20.16|256.04|235.89
BRCJM01|BRCJ1JET|BRCJ1JET|1999562|Shipped|NORMAL||64389741000199||||DSV||2|.1|.001|2|2|Y|08-28-2026 17:09:24|08-28-2026 17:09:24|||08-28-2026 17:11:28|08-28-2026 17:23:51|08-29-2026 05:22:44|08-29-2026 05:28:15|08-29-2026 16:57:12||09-02-2026 09:56:03|09-08-2026 09:12:52|09-08-2026 09:12:54|112.78|256.06|143.28
BRCJM01|BRCJ1JET|BRCJ1JET|2000047|Shipped|NORMAL||40656924000246||||DSV||1|.1|.001|1|1|Y|08-28-2026 17:09:24|08-28-2026 17:09:24|||08-28-2026 17:11:28|08-28-2026 17:23:51|08-28-2026 21:27:45|08-28-2026 21:27:45|08-29-2026 11:26:43||09-02-2026 10:00:37|09-08-2026 09:11:01|09-08-2026 09:11:04|112.85|256.03|143.17
BRCJM01|BRCJ1JET|BRCJ1JET|2001168|Shipped|NORMAL||61735888000600||||DSV||1|.01|.000001|1|1|Y|09-02-2026 09:14:23|09-02-2026 09:14:23|||09-02-2026 09:18:39|09-02-2026 09:20:32|09-03-2026 00:29:47|09-03-2026 00:29:47|09-03-2026 05:04:33||09-03-2026 05:05:22|09-08-2026 09:22:49|09-08-2026 09:22:52|19.85|144.14|124.29
BRCJM01|BRCJ1JET|BRCJ1JET|2001667|Shipped|NORMAL||61735888000529||||DSV||1|.1|.001|1|1|Y|09-02-2026 09:14:23|09-02-2026 09:14:23|||09-02-2026 09:18:39|09-02-2026 09:20:32|09-03-2026 01:36:21|09-03-2026 01:36:21|09-03-2026 04:56:45||09-03-2026 05:15:59|09-08-2026 09:21:51|09-08-2026 09:21:55|20.03|144.13|124.1
BRCJM01|BRCJ1JET|BRCJ1JET|2001854|Shipped|NORMAL||62617245000110||||DSV||2|.2|.002|2|2|Y|09-02-2026 09:14:23|09-02-2026 09:14:23|||09-02-2026 09:18:39|09-02-2026 09:20:32|09-03-2026 00:12:13|09-03-2026 00:15:14|09-03-2026 04:53:50||09-03-2026 04:56:44|09-08-2026 09:23:19|09-08-2026 09:23:23|19.71|144.15|124.44
BRCJM01|BRCJ1JET|BRCJ1JET|2002156|Shipped|NORMAL||64506399000321||||DSV||3|.11|.000011|11|11|Y|09-02-2026 09:14:23|09-02-2026 09:14:23|||09-02-2026 09:18:39|09-02-2026 09:20:32|09-03-2026 16:52:12|09-05-2026 15:20:37|09-06-2026 08:50:04||09-06-2026 08:50:31|09-10-2026 09:27:13|09-10-2026 09:27:17|95.6|192.22|96.61
BRCJM01|BRCJ1JET|BRCJ1JET|2003518|Shipped|NORMAL||64152596000128||||DSV||1|0|0|30|30|Y|09-02-2026 09:15:26|09-02-2026 09:15:26|||09-02-2026 09:18:39|09-02-2026 09:20:33|09-03-2026 01:32:13|09-03-2026 01:32:13|09-03-2026 05:06:21||09-03-2026 05:16:06|09-08-2026 09:23:50|09-08-2026 09:23:53|20.01|144.14|124.13
BRCJM01|BRCJ1JET|BRCJ1JET|2007513|Shipped|NORMAL||64152596000128||||DSV||1|0|0|1|1|Y|09-02-2026 09:14:23|09-02-2026 09:14:23|||09-02-2026 09:18:39|09-02-2026 09:20:32|09-03-2026 21:54:55|09-03-2026 21:54:55|09-03-2026 23:43:00||09-03-2026 23:43:25|09-10-2026 09:25:50|09-10-2026 09:25:54|38.48|192.19|153.71
BRCJM01|BRCJ1JET|BRCJ1JET|2007527|Shipped|NORMAL||12305346000187||||DSV||1|.03|.000003|3|3|Y|09-02-2026 09:14:23|09-02-2026 09:14:23|||09-02-2026 09:18:39|09-02-2026 09:20:32|09-02-2026 11:41:24|09-02-2026 11:41:24|09-02-2026 12:15:29||09-02-2026 12:15:52|09-08-2026 09:16:59|09-08-2026 09:17:02|3.02|144.04|141.02
BRCJM01|BRCJ1JET|BRCJ1JET|2007528|Shipped|NORMAL||12305346000187||||DSV||1|.01|.000001|1|1|Y|09-02-2026 09:16:27|09-02-2026 09:16:27|||09-02-2026 09:18:39|09-02-2026 09:20:34|09-03-2026 04:39:35|09-03-2026 04:39:35|09-03-2026 05:00:46||09-03-2026 05:15:39|09-08-2026 09:17:44|09-08-2026 09:17:48|19.99|144.02|124.04
BRCJM01|BRCJ1JET|BRCJ1JET|2007529|Shipped|NORMAL||12305346000187||||DSV||1|0|0|1|1|Y|09-02-2026 09:16:27|09-02-2026 09:16:27|||09-02-2026 09:18:39|09-02-2026 09:20:34|09-04-2026 23:19:33|09-04-2026 23:19:33|09-05-2026 01:00:22||09-05-2026 01:22:12|09-10-2026 09:18:31|09-10-2026 09:18:34|64.1|192.04|127.94
BRCJM01|BRCJ1JET|BRCJ1JET|2011529|Shipped|NORMAL||63838066000175||||DSV||1|.01|.000001|1|1|Y|09-02-2026 09:16:27|09-02-2026 09:16:27|||09-02-2026 09:18:39|09-02-2026 09:20:34|09-08-2026 12:37:51|09-08-2026 12:37:51|09-08-2026 15:14:37||09-08-2026 15:14:59|09-15-2026 10:45:10|09-15-2026 10:45:13|149.98|313.48|163.5
BRCJM01|BRCJ1JET|BRCJ1JET|2014230|Shipped|NORMAL||64389741000270||||DSV||1|.02|.000002|2|2|Y|09-02-2026 09:16:28|09-02-2026 09:16:28|||09-02-2026 09:18:39|09-02-2026 09:20:34|09-02-2026 22:05:16|09-02-2026 22:05:16|09-02-2026 23:38:53||09-02-2026 23:39:41|09-08-2026 09:24:55|09-08-2026 09:24:58|14.39|144.14|129.75
BRCJM01|BRCJ1JET|BRCJ1JET|2017031|Shipped|NORMAL||5796221000131||||DSV||1|.05|.000005|5|5|Y|09-02-2026 09:16:28|09-02-2026 09:16:28|||09-02-2026 09:18:39|09-02-2026 09:20:34|09-04-2026 23:13:51|09-04-2026 23:13:51|09-05-2026 01:17:35||09-05-2026 01:22:44|09-10-2026 09:20:16|09-10-2026 09:20:41|64.1|192.07|127.97
BRCJM01|BRCJ1JET|BRCJ1JET|2017724|Shipped|NORMAL||40656924000246||||DSV||1|0|0|1|1|Y|09-02-2026 09:16:28|09-02-2026 09:16:28|||09-02-2026 09:18:39|09-02-2026 09:20:34|09-04-2026 23:24:51|09-04-2026 23:24:51|09-05-2026 01:04:03||09-05-2026 01:22:26|09-10-2026 09:19:21|09-10-2026 09:19:23|64.1|192.05|127.95
BRCJM01|BRCJ1JET|BRCJ1JET|2017766|Shipped|NORMAL||63532672000168|14021-600|SP|BR|DSV||2|.01|.000001|2|2|Y|09-02-2026 09:12:21|09-02-2026 09:12:21|||09-02-2026 09:13:35|09-02-2026 09:20:32|09-03-2026 16:59:12|09-04-2026 16:07:27|09-04-2026 16:59:06||09-04-2026 16:59:21|09-10-2026 09:18:03|09-10-2026 09:18:09|55.78|192.1|136.31
BRCJM01|BRCJ1JET|BRCJ1JET|2017803|Shipped|NORMAL||64204650000131||||DSV||1|.1|.001|1|1|Y|09-02-2026 09:16:28|09-02-2026 09:16:28|||09-02-2026 09:18:39|09-02-2026 09:20:34|09-03-2026 22:01:14|09-03-2026 22:01:14|09-03-2026 23:53:30||09-03-2026 23:53:44|09-10-2026 09:26:46|09-10-2026 09:26:49|38.62|192.17|153.55
BRCJM01|BRCJ1JET|BRCJ1JET|2017869|Shipped|RUSH||31467699000128||||DSV||3|.11|.001001|3|3|Y|09-01-2026 10:57:12|09-01-2026 10:57:12|||09-01-2026 11:00:17|09-01-2026 11:04:47|09-01-2026 11:40:47|09-01-2026 11:41:46|09-01-2026 13:02:58||09-01-2026 13:03:13|09-08-2026 09:13:18|09-08-2026 09:13:22|2.1|166.27|164.17
BRCJM01|BRCJ1JET|BRCJ1JET|2018255|Shipped|NORMAL||40656924000246||||DSV||3|0|0|3|3|Y|09-02-2026 09:15:26|09-02-2026 09:15:26|||09-02-2026 09:18:39|09-02-2026 09:20:33|09-03-2026 16:36:36|09-04-2026 14:20:44|09-04-2026 17:10:59||09-04-2026 17:11:35|09-10-2026 09:18:58|09-10-2026 09:19:00|55.94|192.06|136.12
BRCJM01|BRCJ1JET|BRCJ1JET|2020878|Shipped|NORMAL||5796221000301||||DSV||1|.1|.001|1|1|Y|09-02-2026 09:15:26|09-02-2026 09:15:26|||09-02-2026 09:18:39|09-02-2026 09:20:33|09-03-2026 01:18:31|09-03-2026 01:18:31|09-03-2026 04:49:43||09-03-2026 04:50:21|09-08-2026 09:21:19|09-08-2026 09:21:22|19.58|144.1|124.52
BRCJM01|BRCJ1JET|BRCJ1JET|2021083|Shipped|NORMAL||5796221000131||||DSV||1|.1|.001|1|1|Y|09-02-2026 09:15:26|09-02-2026 09:15:26|||09-02-2026 09:18:39|09-02-2026 09:20:33|09-04-2026 23:01:46|09-04-2026 23:01:47|09-05-2026 00:14:33||09-05-2026 00:14:49|09-10-2026 09:19:43|09-10-2026 09:19:47|62.99|192.07|129.08
BRCJM01|BRCJ1JET|BRCJ1JET|2021440|Shipped|NORMAL||64389741000270||||DSV||1|.01|.000001|1|1|Y|09-02-2026 09:15:27|09-02-2026 09:15:27|||09-02-2026 09:18:39|09-02-2026 09:20:33|09-03-2026 04:33:25|09-03-2026 04:33:25|09-03-2026 04:52:15||09-03-2026 05:15:46|09-08-2026 09:24:23|09-08-2026 09:24:33|20.01|144.15|124.15
BRCJM01|BRCJ1JET|BRCJ1JET|2022513|Shipped|NORMAL||64152596000128||||DSV||2|.2|.002|2|2|Y|09-02-2026 09:15:27|09-02-2026 09:15:27|||09-02-2026 09:18:39|09-02-2026 09:20:33|09-03-2026 06:30:34|09-04-2026 01:22:38|09-04-2026 08:10:25||09-04-2026 08:19:39|09-10-2026 09:26:15|09-10-2026 09:26:20|47.07|192.18|145.11
BRCJM01|BRCJ1JET|BRCJ1JET|2023189|Shipped|NORMAL||40656924000246||||DSV||1|.1|.001|1|1|Y|09-03-2026 08:54:09|09-03-2026 08:54:09|||09-03-2026 08:57:41|09-03-2026 09:11:44|09-03-2026 15:19:07|09-03-2026 15:19:07|09-03-2026 17:10:27||09-03-2026 17:10:47|09-10-2026 09:35:09|09-10-2026 09:35:15|8.28|168.69|160.41
BRCJM01|BRCJ1JET|BRCJ1JET|2023315|Shipped|NORMAL||40656924000246||||DSV||1|.01|.000001|1|1|Y|09-03-2026 08:54:09|09-03-2026 08:54:09|||09-03-2026 08:57:41|09-03-2026 09:11:44|09-03-2026 15:36:26|09-03-2026 15:36:26|09-03-2026 17:01:31||09-03-2026 17:02:14|09-10-2026 09:34:44|09-10-2026 09:34:48|8.13|168.68|160.54
BRCJM01|BRCJ1JET|BRCJ1JET|2023342|Shipped|NORMAL||40656924000246||||DSV||1|.01|.000001|1|1|Y|09-03-2026 08:54:09|09-03-2026 08:54:09|||09-03-2026 08:57:41|09-03-2026 09:11:44|09-03-2026 15:24:29|09-03-2026 15:24:29|09-03-2026 17:08:05||09-03-2026 17:08:32|09-10-2026 09:35:39|09-10-2026 09:35:52|8.24|168.7|160.46
BRCJM01|BRCJ1JET|BRCJ1JET|2023352|Shipped|NORMAL||63532672000168|14021-600|SP|BR|DSV||2|.02|.000002|2|2|Y|09-03-2026 08:53:07|09-03-2026 08:53:07|||09-03-2026 08:57:41|09-03-2026 09:11:44|09-03-2026 15:26:57|09-03-2026 15:31:07|09-03-2026 16:58:20||09-03-2026 16:58:47|09-10-2026 09:39:34|09-10-2026 09:39:40|8.09|168.78|160.68
BRCJM01|BRCJ1JET|BRCJ1JET|2023367|Shipped|NORMAL||64156009000179||||DSV||1|.01|.000001|1|1|Y|09-03-2026 08:55:10|09-03-2026 08:55:10|||09-03-2026 08:57:41|09-03-2026 09:11:45|09-03-2026 15:41:00|09-03-2026 15:41:00|09-03-2026 17:04:56||09-03-2026 17:05:34|09-10-2026 09:42:01|09-10-2026 09:42:09|8.17|168.78|160.61
BRCJM01|BRCJ1JET|BRCJ1JET|2023398|Shipped|NORMAL||5796221000565||||DSV||1|0|0|1|1|Y|09-03-2026 08:55:10|09-03-2026 08:55:10|||09-03-2026 08:57:41|09-03-2026 09:11:45|09-03-2026 15:55:23|09-03-2026 15:55:23|09-03-2026 16:51:22||09-03-2026 16:51:52|09-10-2026 09:39:12|09-10-2026 09:39:15|7.95|168.73|160.79
BRCJM01|BRCJ1JET|BRCJ1JET|2023489|Shipped|NORMAL||64107585000126||||DSV||1|.01|.000001|1|1|Y|09-03-2026 08:55:10|09-03-2026 08:55:10|||09-03-2026 08:57:41|09-03-2026 09:11:45|09-04-2026 00:40:13|09-04-2026 00:40:13|09-04-2026 10:16:05||09-04-2026 10:17:27|09-10-2026 09:41:00|09-10-2026 09:41:03|25.37|168.76|143.39
BRCJM01|BRCJ1JET|BRCJ1JET|2023491|Shipped|NORMAL||64107585000126||||DSV||1|.01|.000001|1|1|Y|09-03-2026 08:55:10|09-03-2026 08:55:10|||09-03-2026 08:57:41|09-03-2026 09:11:45|09-03-2026 15:42:11|09-03-2026 15:42:11|09-03-2026 16:54:25||09-03-2026 16:54:42|09-10-2026 09:41:30|09-10-2026 09:41:35|7.99|168.77|160.78
BRCJM01|BRCJ1JET|BRCJ1JET|2023493|Shipped|NORMAL||2176962000121||||DSV||1|0|0|1|1|Y|09-03-2026 08:55:10|09-03-2026 08:55:10|||09-03-2026 08:57:41|09-03-2026 09:11:45|09-04-2026 23:21:46|09-04-2026 23:21:46|09-05-2026 01:02:31||09-05-2026 01:22:05|09-10-2026 09:34:20|09-10-2026 09:34:23|40.45|168.65|128.21
BRCJM01|BRCJ1JET|BRCJ1JET|2023530|Shipped|NORMAL||63571238000197||||DSV||1|.01|.000001|1|1|Y|09-03-2026 08:55:10|09-03-2026 08:55:10|||09-03-2026 08:57:41|09-03-2026 09:11:45|09-04-2026 23:08:37|09-04-2026 23:08:37|09-05-2026 01:08:11||09-05-2026 01:21:47|09-10-2026 09:40:05|09-10-2026 09:40:11|40.44|168.75|128.31
BRCJM01|BRCJ1JET|BRCJ1JET|2030205|Shipped|NORMAL||64204650000484||||DSV||3|.1|.001|3|3|Y|09-03-2026 08:56:10|09-03-2026 08:56:10|||09-03-2026 08:57:41|09-03-2026 09:11:45|09-05-2026 00:40:57|09-05-2026 03:18:54|09-05-2026 04:52:46||09-05-2026 05:24:39|09-10-2026 09:42:36|09-10-2026 09:42:41|44.47|168.78|124.3
BRCJM01|BRCJ1JET|BRCJ1JET|2030543|Shipped|NORMAL||64107585000126||||DSV||2|.02|.000002|2|2|Y|09-03-2026 08:56:11|09-03-2026 08:56:11|||09-03-2026 08:57:41|09-03-2026 09:11:46|09-03-2026 17:56:04|09-05-2026 04:42:07|09-05-2026 04:56:20||09-05-2026 04:57:17|09-10-2026 09:40:35|09-10-2026 09:40:41|44.02|168.74|124.72
BRCJM01|BRCJ1JET|BRCJ1JET|2031844|Shipped|NORMAL||64204650000131||||DSV||1|.01|.000001|1|1|Y|09-03-2026 17:09:23|09-03-2026 17:09:23|||09-03-2026 17:11:38|09-03-2026 17:18:54|09-04-2026 23:04:10|09-04-2026 23:04:10|09-05-2026 01:06:08||09-05-2026 01:23:00|09-10-2026 09:51:15|09-10-2026 09:51:17|32.23|160.7|128.47
BRCJM01|BRCJ1JET|BRCJ1JET|2031848|Shipped|NORMAL||5796221000131||||DSV||1|.01|.000001|1|1|Y|09-03-2026 17:09:23|09-03-2026 17:09:23|||09-03-2026 17:11:38|09-03-2026 17:18:54|09-03-2026 21:46:41|09-03-2026 21:46:41|09-03-2026 23:50:32||09-03-2026 23:50:46|09-10-2026 09:49:37|09-10-2026 09:49:41|6.69|160.67|153.98
BRCJM01|BRCJ1JET|BRCJ1JET|2031928|Shipped|NORMAL||64506399000160|13420-355|SP|BR|DSV||2|.3|.003|3|3|Y|09-03-2026 16:57:16|09-03-2026 16:57:16|||09-03-2026 17:01:25|09-03-2026 17:18:54|09-05-2026 00:31:18|09-05-2026 03:29:51|09-05-2026 04:19:21||09-05-2026 05:26:02|09-10-2026 09:43:11|09-10-2026 09:43:14|36.48|160.77|124.29
BRCJM01|BRCJ1JET|BRCJ1JET|2032386|Shipped|NORMAL||5796221000565||||DSV||2|.2|.002|2|2|Y|09-03-2026 17:10:23|09-03-2026 17:10:23|||09-03-2026 17:11:38|09-03-2026 17:18:54|09-05-2026 00:29:33|09-05-2026 03:23:05|09-05-2026 04:27:30||09-05-2026 05:25:56|09-10-2026 09:50:50|09-10-2026 09:50:54|36.26|160.68|124.42
BRCJM01|BRCJ1JET|BRCJ1JET|2032387|Shipped|NORMAL||5796221000131||||DSV||2|.2|.002|2|2|Y|09-03-2026 17:10:24|09-03-2026 17:10:24|||09-03-2026 17:11:38|09-03-2026 17:18:54|09-05-2026 00:26:46|09-05-2026 03:22:34|09-05-2026 04:33:02||09-05-2026 05:26:14|09-10-2026 09:50:04|09-10-2026 09:50:08|36.26|160.66|124.4
BRCJM01|BRCJ1JET|BRCJ1JET|2032388|Shipped|NORMAL||5796221000301||||DSV||2|.2|.002|2|2|Y|09-03-2026 17:10:24|09-03-2026 17:10:24|||09-03-2026 17:11:38|09-03-2026 17:18:54|09-05-2026 00:28:51|09-05-2026 03:23:42|09-05-2026 04:24:17||09-05-2026 05:26:09|09-10-2026 09:50:27|09-10-2026 09:50:31|36.26|160.67|124.41
BRCJM01|BRCJ1JET|BRCJ1JET|2036806|Shipped|NORMAL||27040964000110||||DSV||3|.03|.000003|3|3|Y|09-03-2026 17:10:24|09-03-2026 17:10:24|||09-03-2026 17:11:38|09-03-2026 17:18:54|09-05-2026 00:56:43|09-08-2026 08:41:52|09-08-2026 09:28:04||09-08-2026 09:28:42|09-15-2026 10:46:05|09-15-2026 10:46:07|112.31|281.6|169.29
BRCJM01|BRCJ1JET|BRCJ1JET|2036807|Shipped|NORMAL||27040964000110||||DSV||1|.1|.001|1|1|Y|09-03-2026 17:10:24|09-03-2026 17:10:24|||09-03-2026 17:11:38|09-03-2026 17:18:54|09-03-2026 21:44:05|09-03-2026 21:44:05|09-03-2026 23:52:25||09-03-2026 23:52:52|09-10-2026 09:43:42|09-10-2026 09:43:47|6.71|160.56|153.85
BRCJM01|BRCJ1JET|BRCJ1JET|2036808|Shipped|NORMAL||65214691000171||||DSV||2|.11|.001001|2|2|Y|09-03-2026 17:10:24|09-03-2026 17:10:24|||09-03-2026 17:11:38|09-03-2026 17:18:54|09-05-2026 00:36:45|09-05-2026 03:21:00|09-05-2026 04:43:29||09-05-2026 05:25:38|09-10-2026 09:51:40|09-10-2026 09:51:43|36.25|160.69|124.43
BRCJM01|BRCJ1JET|BRCJ1JET|2038783|Shipped|NORMAL||64506399000160|13420-355|SP|BR|DSV||3|.1|.001|3|3|Y|09-04-2026 15:20:31|09-04-2026 15:20:31|||09-04-2026 15:22:21|09-04-2026 15:28:12|09-08-2026 13:06:55|09-08-2026 16:13:35|09-08-2026 16:17:29||09-08-2026 16:17:53|09-15-2026 10:46:29|09-15-2026 10:46:31|96.96|259.43|162.48
BRCJM01|BRCJ1JET|BRCJ1JET|2038891|Shipped|NORMAL||5796221000131||||DSV||1|.1|.001|1|1|Y|09-04-2026 15:24:35|09-04-2026 15:24:35|||09-04-2026 15:27:28|09-04-2026 15:28:12|09-08-2026 11:40:36|09-08-2026 11:40:36|09-09-2026 08:26:34||09-09-2026 08:27:05|09-15-2026 10:46:51|09-15-2026 10:46:54|113.04|259.37|146.33
BRCJM01|BRCJ1JET|BRCJ1JET|2039048|Shipped|NORMAL||64107585000126||||DSV||2|.03|.000003|23|23|Y|09-04-2026 15:24:35|09-04-2026 15:24:35|||09-04-2026 15:27:28|09-04-2026 15:28:12|09-05-2026 11:59:34|09-07-2026 07:04:12|09-07-2026 07:45:53||09-07-2026 07:47:26|09-10-2026 09:52:55|09-10-2026 09:52:58|64.38|138.47|74.09
BRCJM01|BRCJ1JET|BRCJ1JET|2039096|Shipped|NORMAL||64107585000126||||DSV||1|0|0|20|20|Y|09-04-2026 15:24:35|09-04-2026 15:24:35|||09-04-2026 15:27:28|09-04-2026 15:28:12|09-05-2026 11:20:33|09-05-2026 11:20:33|09-05-2026 12:04:29||09-05-2026 12:05:32|09-10-2026 09:52:28|09-10-2026 09:52:31|20.68|138.47|117.78
BRCJM01|BRCJ1JET|BRCJ1JET|2039100|Shipped|NORMAL||64107585000126||||DSV||1|.01|.000001|1|1|Y|09-04-2026 15:24:35|09-04-2026 15:24:35|||09-04-2026 15:27:28|09-04-2026 15:28:12|09-09-2026 00:32:04|09-09-2026 00:32:04|09-09-2026 03:40:11||09-09-2026 03:41:13|09-15-2026 10:47:14|09-15-2026 10:47:17|108.28|259.38|151.1
BRCJM01|BRCJ1JET|BRCJ1JET|2042135|Shipped|RUSH||64204650000131||||DSV||1|.01|.000001|1|1|Y|09-04-2026 15:25:35|09-04-2026 15:25:35|||09-04-2026 15:27:28|09-04-2026 15:28:12|09-08-2026 12:34:11|09-08-2026 12:34:11|09-08-2026 13:48:26||09-08-2026 13:49:04|09-15-2026 10:47:40|09-15-2026 10:47:43|94.39|259.37|164.98
BRCJM01|BRCJ1JET|BRCJ1JET|2043044|Shipped|NORMAL||40499468000197||||DSV||1|.2|.002|2|2|Y|09-04-2026 15:24:35|09-04-2026 15:24:35|||09-04-2026 15:27:28|09-04-2026 15:28:12|09-05-2026 13:07:43|09-05-2026 13:07:43|09-06-2026 09:26:14||09-06-2026 09:26:32|09-10-2026 09:52:07|09-10-2026 09:52:09|42.03|138.46|96.43
BRCJM01|BRCJ1JET|BRCJ1JET|2043703|Shipped|NORMAL||63532672000168|14021-600|SP|BR|DSV||1|.12|.000012|12|12|Y|09-08-2026 11:52:17|09-08-2026 11:52:17|||09-08-2026 11:57:21|09-08-2026 11:58:04|09-09-2026 08:41:14|09-09-2026 08:41:14|09-09-2026 09:48:32||09-09-2026 09:49:18|09-15-2026 10:48:52|09-15-2026 10:48:55|21.95|166.94|144.99
BRCJM01|BRCJ1JET|BRCJ1JET|2043803|Shipped|NORMAL||5796221000131||||DSV||11|.27|.002007|13|13|Y|09-08-2026 11:55:18|09-08-2026 11:55:18|||09-08-2026 11:57:21|09-08-2026 11:58:04|09-09-2026 14:35:25|09-10-2026 00:58:48|09-10-2026 05:29:24||09-10-2026 05:30:25|09-15-2026 10:48:06|09-15-2026 10:48:08|41.59|166.88|125.3
BRCJM01|BRCJ1JET|BRCJ1JET|2043901|Shipped|NORMAL||64389741000199||||DSV||1|.01|.000001|1|1|Y|09-08-2026 11:55:18|09-08-2026 11:55:18|||09-08-2026 11:57:21|09-08-2026 11:58:04|09-09-2026 08:43:47|09-09-2026 08:43:47|09-09-2026 14:27:11||09-09-2026 14:27:29|09-15-2026 10:50:00|09-15-2026 10:50:02|26.54|166.91|140.38
BRCJM01|BRCJ1JET|BRCJ1JET|2044010|Shipped|NORMAL||63432244000163||||DSV||2|.02|.000002|2|2|Y|09-08-2026 11:56:19|09-08-2026 11:56:19|||09-08-2026 11:57:21|09-08-2026 11:58:05|09-10-2026 02:25:53|09-10-2026 02:55:32|09-10-2026 07:41:57||09-10-2026 07:42:22|09-15-2026 10:48:29|09-15-2026 10:48:32|43.77|166.87|123.1
BRCJM01|BRCJ1JET|BRCJ1JET|2044525|Shipped|NORMAL||63838066000175||||DSV||1|.01|.000001|1|1|Y|09-08-2026 11:56:19|09-08-2026 11:56:19|||09-08-2026 11:57:21|09-08-2026 11:58:05|09-10-2026 02:11:26|09-10-2026 02:11:26|09-10-2026 07:19:09||09-10-2026 07:19:27|09-15-2026 10:49:13|09-15-2026 10:49:16|43.39|166.88|123.5
BRCJM01|BRCJ1JET|BRCJ1JET|2044543|Shipped|NORMAL||64152596000128||||DSV||7|.02|93960.000002|7|7|Y|09-08-2026 11:56:19|09-08-2026 11:56:19|||09-08-2026 11:57:21|09-08-2026 11:58:05|09-09-2026 12:10:29|09-10-2026 01:38:28|09-10-2026 05:07:18||09-10-2026 05:08:57|09-15-2026 10:49:38|09-15-2026 10:49:39|41.21|166.89|125.68
BRCJM01|BRCJ1JET|BRCJ1JET|2053503|Shipped|NORMAL||40656924000246||||DSV||1|.03|.000003|3|3|Y|09-09-2026 16:25:04|09-09-2026 16:25:04|||09-09-2026 16:28:21|09-09-2026 16:31:20|09-10-2026 09:05:44|09-10-2026 09:05:44|09-10-2026 10:40:11||09-10-2026 10:42:38|09-15-2026 10:51:06|09-15-2026 10:51:17|18.29|138.44|120.14
BRCJM01|BRCJ1JET|BRCJ1JET|2054267|Shipped|NORMAL||40656924000246||||DSV||3|.05|.000005|5|5|Y|09-09-2026 16:26:04|09-09-2026 16:26:04|||09-09-2026 16:28:28|09-09-2026 16:31:21|09-10-2026 02:35:48|09-10-2026 02:40:20|09-10-2026 07:16:10||09-10-2026 07:16:29|09-15-2026 10:51:35|09-15-2026 10:51:37|14.84|138.43|123.59
BRCJM01|BRCJ1JET|BRCJ1JET|2054406|Shipped|NORMAL||64152596000128||||DSV||1|.01|.000001|1|1|Y|09-09-2026 16:25:03|09-09-2026 16:25:03|||09-09-2026 16:28:50|09-09-2026 16:31:20|09-10-2026 02:10:21|09-10-2026 02:10:21|09-10-2026 07:37:13||09-10-2026 07:37:27|09-15-2026 10:52:19|09-15-2026 10:52:22|15.21|138.46|123.25
BRCJM01|BRCJ1JET|BRCJ1JET|2054457|Shipped|NORMAL||64629695000158||||DSV||1|.01|.000001|1|1|Y|09-09-2026 16:25:04|09-09-2026 16:25:04|||09-09-2026 16:28:57|09-09-2026 16:31:20|09-10-2026 02:04:05|09-10-2026 02:04:05|09-10-2026 07:22:46||09-10-2026 07:23:12|09-15-2026 10:52:39|09-15-2026 10:52:44|14.97|138.46|123.49
BRCJM01|BRCJ1JET|BRCJ1JET|2054531|Shipped|NORMAL||2176962000121||||DSV||1|0|0|1|1|Y|09-09-2026 16:25:04|09-09-2026 16:25:04|||09-09-2026 16:28:11|09-09-2026 16:31:20|09-10-2026 02:06:25|09-10-2026 02:06:25|09-10-2026 07:28:56||09-10-2026 07:34:54|09-15-2026 10:50:45|09-15-2026 10:50:46|15.16|138.43|123.26
BRCJM01|BRCJ1JET|BRCJ1JET|2058880|Shipped|NORMAL||63432244000678||||DSV||1|.01|.000001|1|1|Y|09-09-2026 16:25:04|09-09-2026 16:25:04|||09-09-2026 16:28:41|09-09-2026 16:31:20|09-10-2026 02:08:04|09-10-2026 02:08:04|09-10-2026 07:13:43||09-10-2026 07:14:11|09-15-2026 10:52:02|09-15-2026 10:52:05|14.82|138.45|123.63
BRCJM01|BRCJ1JET|BRCJ1JET|500009|Shipped|NORMAL||05796221000131||||DSV||1|.08|.000008|8|8|Y|06-12-2026 14:23:19|06-12-2026 14:23:19||||||||||06-17-2026 08:35:09|06-17-2026 08:35:13||114.2|
BRCJM01|BRCJ1JET|BRCJ1JET|500010|Shipped|NORMAL||05796221000301||||DSV||1|.09|.000009|9|9|Y|06-12-2026 14:23:19|06-12-2026 14:23:19||||||||||06-17-2026 08:35:45|06-17-2026 08:35:48||114.21|
BRCJM01|BRCJ1JET|BRCJ1JET|500012|Shipped|NORMAL||26609106000261||||DSV||1|.01|.000001|1|1|Y|06-12-2026 14:22:18|06-12-2026 14:22:18||||||||||06-17-2026 08:32:34|06-17-2026 08:32:39||114.17|
BRCJM01|BRCJ1JET|BRCJ1JET|6000135|Shipped|NORMAL||63432244000325||||DSV||1|.01|.000001|1|1|Y|07-07-2026 15:02:32|07-07-2026 15:02:31|||07-07-2026 15:04:43|07-07-2026 15:15:58|07-08-2026 22:08:54|07-08-2026 22:08:54|07-10-2026 14:45:27||07-10-2026 15:29:56|07-14-2026 10:10:32|07-14-2026 10:10:33|72.46|163.13|90.68
BRCJM01|BRCJ1JET|BRCJ1JET|6000136|Shipped|NORMAL||64204650000131||||DSV||1|.09|.000009|9|9|Y|07-07-2026 15:03:32|07-07-2026 15:03:32|||07-07-2026 15:04:43|07-07-2026 15:15:59|07-09-2026 12:31:50|07-09-2026 12:33:08|07-10-2026 14:41:20||07-10-2026 15:28:42|08-10-2026 16:25:31|08-10-2026 16:25:36|72.42|817.37|744.95
BRCJM01|BRCJ1JET|BRCJ1JET|6000137|Shipped|NORMAL||26609106000261||||DSV||1|.03|.000003|3|3|Y|07-07-2026 15:03:32|07-07-2026 15:03:32|||07-07-2026 15:04:43|07-07-2026 15:15:58|07-08-2026 23:23:15|07-08-2026 23:23:15|07-10-2026 14:54:47||07-10-2026 15:33:14|07-14-2026 10:10:20|07-14-2026 10:10:22|72.5|163.11|90.62
BRCJM01|BRCJ1JET|BRCJ1JET|6000138|Shipped|NORMAL||64107585000126||||DSV||1|.04|.000004|4|4|Y|07-07-2026 15:05:33|07-07-2026 15:05:33|||07-07-2026 15:09:49|07-07-2026 15:15:59|07-09-2026 13:58:15|07-09-2026 13:58:44|07-10-2026 14:51:51||07-10-2026 15:32:31|07-14-2026 10:12:29|07-14-2026 10:12:30|72.45|163.12|90.67
BRCJM01|BRCJ1JET|BRCJ1JET|600014|Shipped|NORMAL||40656924000156||||DSV||1|.03|.000003|3|3|Y|06-12-2026 14:24:19|06-12-2026 14:24:19||||||||||06-17-2026 08:37:46|06-17-2026 08:37:49||114.23|
BRCJM01|BRCJ1JET|BRCJ1JET|6000140|Shipped|NORMAL||64156462000185||||DSV||1|.07|.000007|7|7|Y|07-07-2026 15:05:33|07-07-2026 15:05:33|||07-07-2026 15:09:49|07-07-2026 15:15:59|07-09-2026 12:41:50|07-09-2026 12:41:50|07-10-2026 14:44:07||07-10-2026 15:29:32|07-14-2026 10:12:40|07-14-2026 10:12:41|72.4|163.12|90.72
BRCJM01|BRCJ1JET|BRCJ1JET|6000141|Shipped|NORMAL||63432244000406||||DSV||1|.11|.000011|11|11|Y|07-07-2026 15:03:32|07-07-2026 15:03:32|||07-07-2026 15:04:43|07-07-2026 15:15:59|07-09-2026 12:30:31|07-09-2026 12:30:31|07-10-2026 14:36:07||07-10-2026 15:27:32|07-14-2026 10:11:05|07-14-2026 10:11:05|72.4|163.13|90.73
BRCJM01|BRCJ1JET|BRCJ1JET|6000142|Shipped|NORMAL||64389741000199||||DSV||1|.06|.000006|6|6|Y|07-07-2026 15:04:32|07-07-2026 15:04:32|||07-07-2026 15:04:43|07-07-2026 15:15:59|07-09-2026 12:27:03|07-09-2026 12:27:03|07-10-2026 11:08:29||07-15-2026 10:30:50|07-15-2026 15:47:25|07-15-2026 15:47:29|187.44|192.72|5.28
BRCJM01|BRCJ1JET|BRCJ1JET|6000145|Shipped|NORMAL||63571238000197||||DSV||1|.08|.000008|8|8|Y|07-07-2026 15:04:33|07-07-2026 15:04:33|||07-07-2026 15:04:43|07-07-2026 15:15:59|07-09-2026 13:55:24|07-09-2026 13:55:24|07-10-2026 15:08:30||07-10-2026 15:37:30|07-14-2026 10:11:16|07-14-2026 10:11:17|72.55|163.11|90.56
BRCJM01|BRCJ1JET|BRCJ1JET|6000146|Shipped|NORMAL||06334563000100||||DSV||1|.04|.000004|4|4|Y|07-07-2026 15:04:32|07-07-2026 15:04:32|||07-07-2026 15:04:43|07-07-2026 15:15:59|07-08-2026 23:21:23|07-08-2026 23:21:23|07-10-2026 10:39:40||07-15-2026 10:29:15|07-15-2026 15:46:56|07-15-2026 15:46:59|187.41|192.71|5.3
BRCJM01|BRCJ1JET|BRCJ1JET|600015|Shipped|NORMAL||64204650000131||||DSV||1|.05|.000005|5|5|Y|06-12-2026 14:23:19|06-12-2026 14:23:19||||||||||06-17-2026 08:43:54|06-17-2026 08:43:57||114.34|
BRCJM01|BRCJ1JET|BRCJ1JET|6000150|Shipped|NORMAL||63532672000168|14021-600|SP|BR|DSV||1|.31|.000031|31|31|Y|07-07-2026 14:55:25|07-07-2026 14:55:25|||07-07-2026 14:59:37|07-07-2026 15:15:57|07-09-2026 12:24:15|07-09-2026 12:39:01|07-10-2026 16:05:51||07-10-2026 16:14:51|07-30-2026 16:43:40|07-30-2026 16:43:41|73.32|553.8|480.48
BRCJM01|BRCJ1JET|BRCJ1JET|6000151|Shipped|NORMAL||26609106000180||||DSV||1|.1|.00001|10|10|Y|07-07-2026 15:05:33|07-07-2026 15:05:33|||07-07-2026 15:09:49|07-07-2026 15:15:59|07-08-2026 22:19:42|07-08-2026 22:19:42|07-10-2026 15:30:39||07-10-2026 15:43:05|08-03-2026 15:03:28|08-03-2026 15:03:30|72.63|647.97|575.34
BRCJM01|BRCJ1JET|BRCJ1JET|6000153|Shipped|NORMAL||64629695000158||||DSV||1|.12|.000012|12|12|Y|07-07-2026 15:06:33|07-07-2026 15:06:33|||07-07-2026 15:09:50|07-07-2026 15:15:59|07-08-2026 22:25:50|07-08-2026 22:25:50|07-10-2026 15:35:59||07-10-2026 15:41:22|07-14-2026 10:13:34|07-14-2026 10:13:35|72.58|163.12|90.54
BRCJM01|BRCJ1JET|BRCJ1JET|6000157|Shipped|NORMAL||61735888000367||||DSV||1|.01|.000001|1|1|Y|07-07-2026 15:06:33|07-07-2026 15:06:33|||07-07-2026 15:09:49|07-07-2026 15:15:59|07-08-2026 22:22:54|07-08-2026 22:22:54|07-10-2026 14:47:18||07-10-2026 15:30:29|07-14-2026 10:11:37|07-14-2026 10:11:38|72.4|163.08|90.69
BRCJM01|BRCJ1JET|BRCJ1JET|6000158|Shipped|NORMAL||05796221000301||||DSV||1|.03|.000003|3|3|Y|07-07-2026 15:06:34|07-07-2026 15:06:34|||07-07-2026 15:09:49|07-07-2026 15:15:59|07-08-2026 22:22:00|07-08-2026 22:22:00|07-10-2026 14:48:25||07-10-2026 15:31:02|07-15-2026 15:16:32|07-15-2026 15:16:36|72.41|192.17|119.76
BRCJM01|BRCJ1JET|BRCJ1JET|6000159|Shipped|NORMAL||62617245000381|93320-175|RS|BR|DSV||1|.06|.000006|6|6|Y|07-07-2026 14:55:27|07-07-2026 14:55:27|||07-07-2026 14:59:37|07-07-2026 15:15:57|07-09-2026 12:17:23|07-09-2026 12:18:57|07-10-2026 11:01:07||07-10-2026 15:52:08|07-15-2026 10:09:59|07-15-2026 10:10:13|72.94|187.25|114.3
BRCJM01|BRCJ1JET|BRCJ1JET|6000163|Shipped|NORMAL||64506399000321||||DSV||1|.06|.000006|6|6|Y|07-07-2026 15:06:34|07-07-2026 15:06:34|||07-07-2026 15:09:50|07-07-2026 15:15:59|07-08-2026 22:29:27|07-08-2026 22:29:27|07-10-2026 15:16:08||07-10-2026 15:21:52|07-14-2026 10:13:20|07-14-2026 10:13:21|72.26|163.11|90.86
BRCJM01|BRCJ1JET|BRCJ1JET|6000166|Shipped|NORMAL||64204650000484||||DSV||1|.01|.000001|1|1|Y|07-07-2026 15:06:34|07-07-2026 15:06:34|||07-07-2026 15:09:49|07-07-2026 15:15:59|07-08-2026 22:27:55|07-08-2026 22:27:55|07-10-2026 14:48:58||07-10-2026 15:31:17|07-24-2026 12:53:58|07-24-2026 12:54:02|72.41|405.79|333.38
BRCJM01|BRCJ1JET|BRCJ1JET|6000167|Shipped|NORMAL||61735888000103||||DSV||1|.02|.000002|2|2|Y|07-07-2026 15:07:34|07-07-2026 15:07:34|||07-07-2026 15:09:49|07-07-2026 15:15:59|07-08-2026 22:26:58|07-08-2026 22:26:58|07-10-2026 14:49:41||07-10-2026 15:31:38|07-14-2026 10:11:27|07-14-2026 10:11:28|72.4|163.07|90.66
BRCJM01|BRCJ1JET|BRCJ1JET|6000168|Shipped|NORMAL||05796221000131||||DSV||1|.05|.000005|5|5|Y|07-07-2026 15:07:34|07-07-2026 15:07:34|||07-07-2026 15:09:49|07-07-2026 15:15:59|07-09-2026 14:07:17|07-09-2026 14:08:07|07-10-2026 15:01:46||07-10-2026 15:36:07|07-30-2026 16:50:54|07-30-2026 16:50:58|72.48|553.72|481.25
BRCJM01|BRCJ1JET|BRCJ1JET|6000172|Shipped|NORMAL||05796221000565||||DSV||1|.03|.000003|3|3|Y|07-07-2026 15:07:34|07-07-2026 15:07:34|||07-07-2026 15:09:49|07-07-2026 15:15:59|07-08-2026 22:31:18|07-08-2026 22:31:18|07-10-2026 14:58:51||07-10-2026 15:35:22|07-30-2026 17:41:56|07-30-2026 17:42:08|72.46|554.58|482.11
BRCJM01|BRCJ1JET|BRCJ1JET|6000182|Shipped|NORMAL||40656924000165||||DSV||1|.35|.000035|35|35|Y|07-07-2026 15:07:34|07-07-2026 15:07:34|||07-07-2026 15:09:49|07-07-2026 15:15:59|07-09-2026 14:10:52|07-09-2026 14:32:26|07-10-2026 15:53:04||07-15-2026 10:37:27|07-15-2026 15:48:35|07-15-2026 15:48:37|187.5|192.68|5.19
BRCJM01|BRCJ1JET|BRCJ1JET|6000183|Shipped|NORMAL||61735888000286|04553-002|SP|BR|DSV||1|.06|.000006|6|6|Y|07-07-2026 14:55:27|07-07-2026 14:55:27|||07-07-2026 14:59:37|07-07-2026 15:15:57|07-08-2026 22:09:44|07-08-2026 22:09:44|07-10-2026 15:20:59||07-10-2026 15:47:44|07-14-2026 10:10:06|07-14-2026 10:10:09|72.87|163.25|90.37
BRCJM01|BRCJ1JET|BRCJ1JET|6000185|Shipped|NORMAL||63432244000678||||DSV||1|.05|.000005|5|5|Y|07-07-2026 15:07:34|07-07-2026 15:07:34|||07-07-2026 15:09:49|07-07-2026 15:16:00|07-08-2026 22:37:07|07-08-2026 22:37:07|07-10-2026 15:13:52||07-10-2026 15:22:50|07-14-2026 10:11:49|07-14-2026 10:11:51|72.25|163.07|90.82
BRCJM01|BRCJ1JET|BRCJ1JET|6000187|Shipped|NORMAL||63432244000325||||DSV||1|.03|.000003|3|3|Y|07-07-2026 15:03:32|07-07-2026 15:03:32|||07-07-2026 15:04:43|07-07-2026 15:15:58|07-08-2026 22:18:47|07-08-2026 22:18:47|07-10-2026 14:46:44||07-10-2026 15:30:18|07-14-2026 10:10:45|07-14-2026 10:10:45|72.45|163.12|90.67
BRCJM01|BRCJ1JET|BRCJ1JET|600019|Shipped|NORMAL||63432244000406||||DSV||1|.05|.000005|5|5|Y|06-12-2026 14:23:19|06-12-2026 14:23:19||||||||||06-17-2026 08:39:08|06-17-2026 08:39:13||114.27|
BRCJM01|BRCJ1JET|BRCJ1JET|6000191|Shipped|NORMAL||65214691000171||||DSV||1|.02|.000002|2|2|Y|07-07-2026 15:07:34|07-07-2026 15:07:34|||07-07-2026 15:09:50|07-07-2026 15:16:00|07-08-2026 22:36:04|07-08-2026 22:36:04|07-10-2026 14:56:18||07-10-2026 15:33:30|07-14-2026 10:13:45|07-14-2026 10:13:47|72.43|163.1|90.67
BRCJM01|BRCJ1JET|BRCJ1JET|6000197|Shipped|NORMAL||63432244000163||||DSV||1|.03|.000003|3|3|Y|07-07-2026 15:08:35|07-07-2026 15:08:35|||07-07-2026 15:09:49|07-07-2026 15:16:00|07-08-2026 22:32:20|07-08-2026 22:32:20|07-10-2026 14:57:39||07-10-2026 15:34:30|08-03-2026 15:06:16|08-03-2026 15:06:23|72.43|647.96|575.53
BRCJM01|BRCJ1JET|BRCJ1JET|600020|Shipped|NORMAL||64152596000128||||DSV||1|.01|.000001|1|1|Y|06-22-2026 12:48:46|06-22-2026 12:48:46|||06-22-2026 12:50:36|06-22-2026 12:56:37|06-22-2026 15:25:37|06-22-2026 15:25:37|06-22-2026 17:14:36||06-22-2026 18:38:01|06-25-2026 14:25:48|06-25-2026 14:25:53|5.82|73.62|67.8
BRCJM01|BRCJ1JET|BRCJ1JET|6000202|Shipped|NORMAL||64037777000103||||DSV||1|.11|.000011|11|11|Y|07-07-2026 15:08:35|07-07-2026 15:08:35|||07-07-2026 15:09:49|07-07-2026 15:16:00|07-09-2026 14:49:29|07-09-2026 14:51:37|07-10-2026 15:27:07||07-10-2026 15:45:13|07-14-2026 10:12:18|07-14-2026 10:12:19|72.61|163.06|90.45
BRCJM01|BRCJ1JET|BRCJ1JET|6000204|Shipped|NORMAL||05796221000484||||DSV||1|.01|.000001|1|1|Y|07-07-2026 15:08:35|07-07-2026 15:08:35|||07-07-2026 15:09:49|07-07-2026 15:16:00|07-08-2026 17:02:05|07-08-2026 17:02:05|07-10-2026 10:40:09||07-10-2026 15:57:48|07-15-2026 10:09:07|07-15-2026 10:09:31|72.82|187.02|114.2
BRCJM01|BRCJ1JET|BRCJ1JET|600021|Shipped|NORMAL||63571238000197||||DSV||1|.03|.000003|3|3|Y|06-12-2026 14:22:18|06-12-2026 14:22:18||||||||||06-17-2026 08:34:37|06-17-2026 08:34:42||114.21|
BRCJM01|BRCJ1JET|BRCJ1JET|6000215|Shipped|NORMAL||63810474000119||||DSV||1|.09|.000009|9|9|Y|07-07-2026 15:08:35|07-07-2026 15:08:35|||07-07-2026 15:09:49|07-07-2026 15:16:00|07-08-2026 17:08:25|07-08-2026 17:08:25|07-10-2026 10:51:43||07-10-2026 15:53:45|07-15-2026 10:08:31|07-15-2026 10:08:34|72.75|187|114.25
BRCJM01|BRCJ1JET|BRCJ1JET|600022|Shipped|NORMAL||05796221000565||||DSV||1|.01|.000001|1|1|Y|06-12-2026 14:24:19|06-12-2026 14:24:19||||||||||06-17-2026 08:36:42|06-17-2026 08:36:46||114.21|
BRCJM01|BRCJ1JET|BRCJ1JET|6000225|Shipped|NORMAL||64435342000117||||DSV||1|.07|.000007|7|7|Y|07-07-2026 15:09:35|07-07-2026 15:09:35|||07-07-2026 15:09:50|07-07-2026 15:16:00|07-08-2026 17:10:07|07-08-2026 17:10:07|07-10-2026 10:54:52||07-10-2026 15:53:55|07-15-2026 10:08:03|07-15-2026 10:08:06|72.74|186.98|114.24
BRCJM01|BRCJ1JET|BRCJ1JET|6000226|Shipped|NORMAL||64152596000128||||DSV||1|.08|.000008|8|8|Y|07-07-2026 15:09:35|07-07-2026 15:09:35|||07-07-2026 15:09:49|07-07-2026 15:16:00|07-08-2026 17:12:03|07-08-2026 17:12:03|07-10-2026 10:58:44||07-15-2026 10:39:32|07-15-2026 15:49:05|07-15-2026 15:49:07|187.5|192.66|5.16
BRCJM01|BRCJ1JET|BRCJ1JET|6000227|Shipped|NORMAL||64435342000206||||DSV||1|.08|.000008|8|8|Y|07-07-2026 15:09:35|07-07-2026 15:09:35|||07-07-2026 15:09:50|07-07-2026 15:16:00|07-09-2026 14:34:45|07-09-2026 14:35:52|07-10-2026 15:12:04||07-10-2026 15:24:10|07-14-2026 10:12:55|07-14-2026 10:13:07|72.24|163.06|90.82
BRCJM01|BRCJ1JET|BRCJ1JET|6000234|Shipped|NORMAL||64156009000179||||DSV||1|.17|.000017|17|17|Y|07-07-2026 15:09:36|07-07-2026 15:09:36|||07-07-2026 15:09:49|07-07-2026 15:16:00|07-08-2026 17:06:18|07-08-2026 17:06:18|07-10-2026 10:47:45||07-15-2026 10:20:55|07-15-2026 15:49:41|07-15-2026 15:49:43|187.19|192.67|5.48
BRCJM01|BRCJ1JET|BRCJ1JET|600024|Shipped|NORMAL||63810474000119||||DSV||1|.04|.000004|4|4|Y|06-12-2026 14:24:19|06-12-2026 14:24:19||||||||||06-17-2026 08:40:45|06-17-2026 08:40:48||114.27|
BRCJM01|BRCJ1JET|BRCJ1JET|600025|Shipped|NORMAL||64107585000126||||DSV||1|.07|.000007|7|7|Y|06-22-2026 12:48:46|06-22-2026 12:48:46|||06-22-2026 12:50:36|06-22-2026 12:56:38|06-22-2026 15:26:56|06-22-2026 15:27:19|06-22-2026 18:24:21||06-22-2026 18:38:47|06-24-2026 11:15:02|06-24-2026 11:15:06|5.83|46.44|40.61
BRCJM01|BRCJ1JET|BRCJ1JET|6000255|Shipped|NORMAL||61735888000286|04553-002|SP|BR|DSV||1|.01|.000001|1|1|Y|07-22-2026 13:26:28|07-22-2026 13:26:28|||07-22-2026 13:29:47|07-22-2026 13:53:02|07-24-2026 22:54:57|07-24-2026 22:54:57|07-25-2026 05:04:22||07-25-2026 05:51:56|07-28-2026 08:22:34|07-28-2026 08:22:37|64.42|138.94|74.51
BRCJM01|BRCJ1JET|BRCJ1JET|6000256|Shipped|NORMAL||64156462000185||||DSV||1|.16|.000016|16|16|Y|07-22-2026 13:48:34|07-22-2026 13:48:34|||07-22-2026 13:50:02|07-22-2026 13:53:02|07-25-2026 01:58:18|07-25-2026 01:58:18|07-25-2026 13:41:35||07-25-2026 13:45:31|07-28-2026 08:28:26|07-28-2026 08:28:27|71.95|138.66|66.72
BRCJM01|BRCJ1JET|BRCJ1JET|6000257|Shipped|NORMAL||64037777000103||||DSV||1|.01|.000001|1|1|Y|07-22-2026 13:47:34|07-22-2026 13:47:34|||07-22-2026 13:50:02|07-22-2026 13:53:02|07-24-2026 22:52:56|07-24-2026 22:52:56|07-25-2026 04:59:02||07-25-2026 05:53:21|07-31-2026 12:24:15|07-31-2026 12:24:17|64.1|214.61|150.52
BRCJM01|BRCJ1JET|BRCJ1JET|6000258|Shipped|NORMAL||63838066000175||||DSV||1|.01|.000001|1|1|Y|07-22-2026 13:49:35|07-22-2026 13:49:35|||07-22-2026 13:50:02|07-22-2026 13:53:02|07-24-2026 22:47:03|07-24-2026 22:47:03|07-25-2026 05:01:13||07-25-2026 05:52:30|07-28-2026 08:26:35|07-28-2026 08:26:40|64.05|138.62|74.57
BRCJM01|BRCJ1JET|BRCJ1JET|6000259|Shipped|NORMAL||25043386000140||||DSV||1|.02|.000002|2|2|Y|07-22-2026 13:49:35|07-22-2026 13:49:35|||07-22-2026 13:50:02|07-22-2026 13:53:03|07-25-2026 01:38:07|07-25-2026 01:38:07|07-25-2026 11:31:32||07-25-2026 11:34:13|07-28-2026 08:25:09|07-28-2026 08:25:12|69.74|138.59|68.85
BRCJM01|BRCJ1JET|BRCJ1JET|6000260|Shipped|NORMAL||64204650000131||||DSV||1|.02|.000002|2|2|Y|07-22-2026 13:48:34|07-22-2026 13:48:34|||07-22-2026 13:50:02|07-22-2026 13:53:02|07-23-2026 15:16:48|07-23-2026 15:16:48|07-23-2026 18:55:46||07-23-2026 18:58:55|07-27-2026 11:06:54|07-27-2026 11:06:56|29.17|117.31|88.13
BRCJM01|BRCJ1JET|BRCJ1JET|6000266|Shipped|NORMAL||64156009000179||||DSV||1|.16|.000016|16|16|Y|07-22-2026 13:49:35|07-22-2026 13:49:35|||07-22-2026 13:50:02|07-22-2026 13:53:03|07-25-2026 01:50:13|07-25-2026 01:50:56|07-25-2026 12:03:30||07-25-2026 12:08:09|07-28-2026 08:27:38|07-28-2026 08:27:44|70.31|138.64|68.33
BRCJM01|BRCJ1JET|BRCJ1JET|6000267|Shipped|NORMAL||05796221000131||||DSV||1|.03|.000003|3|3|Y|07-22-2026 13:48:34|07-22-2026 13:48:34|||07-22-2026 13:50:02|07-22-2026 13:53:02|07-25-2026 02:39:59|07-25-2026 02:39:59|07-25-2026 12:15:39||07-25-2026 12:16:02|07-28-2026 08:23:01|07-28-2026 08:23:03|70.46|138.57|68.12
BRCJM01|BRCJ1JET|BRCJ1JET|6000270|Shipped|NORMAL||64389741000199||||DSV||1|.02|.000002|2|2|Y|07-22-2026 13:49:35|07-22-2026 13:49:35|||07-22-2026 13:50:02|07-22-2026 13:53:03|07-25-2026 02:01:04|07-25-2026 02:01:04|07-25-2026 11:37:36||07-25-2026 11:38:04|07-28-2026 08:28:51|07-28-2026 08:28:54|69.81|138.66|68.85
BRCJM01|BRCJ1JET|BRCJ1JET|6000288|Shipped|NORMAL||40656924000165||||DSV||1|.05|.000005|5|5|Y|07-22-2026 13:48:35|07-22-2026 13:48:35|||07-22-2026 13:50:02|07-22-2026 13:53:02|07-25-2026 02:04:33|07-25-2026 11:41:48|07-25-2026 11:46:29||07-25-2026 11:49:10|07-28-2026 08:25:44|07-28-2026 08:25:47|70.01|138.62|68.61
BRCJM01|BRCJ1JET|BRCJ1JET|6000289|Shipped|NORMAL||64389741000270||||DSV||1|.06|.000006|6|6|Y|07-22-2026 13:50:35|07-22-2026 13:50:35|||07-22-2026 13:52:22|07-22-2026 13:53:03|07-25-2026 02:07:11|07-25-2026 13:23:48|07-25-2026 13:27:57||07-25-2026 13:43:29|07-28-2026 08:29:21|07-28-2026 08:29:23|71.88|138.65|66.77
BRCJM01|BRCJ1JET|BRCJ1JET|6000290|Shipped|NORMAL||05796221000301||||DSV||1|.02|.000002|2|2|Y|07-22-2026 13:48:34|07-22-2026 13:48:34|||07-22-2026 13:50:02|07-22-2026 13:53:02|07-25-2026 02:08:11|07-25-2026 02:16:46|07-25-2026 11:33:10||07-25-2026 11:33:52|07-28-2026 08:24:12|07-28-2026 08:24:16|69.75|138.6|68.84
BRCJM01|BRCJ1JET|BRCJ1JET|6000291|Shipped|NORMAL||64107585000126||||DSV||1|.02|.000002|2|2|Y|07-22-2026 13:48:34|07-22-2026 13:48:34|||07-22-2026 13:50:02|07-22-2026 13:53:02|07-25-2026 02:19:03|07-25-2026 02:19:03|07-25-2026 11:29:18||07-25-2026 11:29:50|07-28-2026 08:27:04|07-28-2026 08:27:06|69.69|138.64|68.95
BRCJM01|BRCJ1JET|BRCJ1JET|6000294|Shipped|NORMAL||06334563000100||||DSV||1|.01|.000001|1|1|Y|07-22-2026 13:49:35|07-22-2026 13:49:35|||07-22-2026 13:50:02|07-22-2026 13:53:02|07-25-2026 02:22:38|07-25-2026 02:22:38|07-25-2026 12:12:17||07-25-2026 12:16:09|07-28-2026 08:24:36|07-28-2026 08:24:40|70.44|138.58|68.14
BRCJM01|BRCJ1JET|BRCJ1JET|6000296|Shipped|NORMAL||63432244000678||||DSV||1|.02|.000002|2|2|Y|07-22-2026 13:51:36|07-22-2026 13:51:36|||07-22-2026 13:52:12|07-22-2026 13:53:03|07-23-2026 15:17:27|07-23-2026 15:17:27|07-23-2026 17:39:57||07-23-2026 17:40:09|07-29-2026 08:36:00|07-29-2026 08:36:00|27.81|162.74|134.93
BRCJM01|BRCJ1JET|BRCJ1JET|6000298|Shipped|NORMAL||65650278000230||||DSV||1|.07|.000007|7|7|Y|07-22-2026 13:50:35|07-22-2026 13:50:35|||07-28-2026 10:58:54|07-28-2026 11:03:38|07-28-2026 14:34:14|07-28-2026 14:34:14|07-28-2026 14:45:57||07-28-2026 14:46:58|08-03-2026 12:09:02|08-03-2026 12:09:06|144.94|286.31|141.37
BRCJM01|BRCJ1JET|BRCJ1JET|6000315|Shipped|NORMAL||63571238000197||||DSV||1|.05|.000005|5|5|Y|07-22-2026 13:47:34|07-22-2026 13:47:34|||07-22-2026 13:50:02|07-22-2026 13:53:02|07-25-2026 02:35:28|07-25-2026 02:35:28|07-25-2026 12:19:59||07-25-2026 12:20:41|07-28-2026 08:26:13|07-28-2026 08:26:16|70.55|138.65|68.09
BRCJM01|BRCJ1JET|BRCJ1JET|6000318|Shipped|NORMAL||64107585000126||||DSV||1|.02|.000002|2|2|Y|08-17-2026 11:50:37|08-17-2026 11:50:37|||08-17-2026 11:53:21|08-17-2026 11:54:06|08-17-2026 18:41:14|08-17-2026 18:41:14|08-17-2026 19:38:37||08-17-2026 19:42:42|08-19-2026 10:58:34|08-19-2026 10:58:38|7.87|47.13|39.27
BRCJM01|BRCJ1JET|BRCJ1JET|6000320|Shipped|NORMAL||05796221000131||||DSV||1|.01|.000001|1|1|Y|08-17-2026 11:50:39|08-17-2026 11:50:39|||08-17-2026 11:53:21|08-17-2026 11:54:06|08-17-2026 18:42:19|08-17-2026 18:42:19|08-17-2026 19:37:20||08-17-2026 19:42:50|08-19-2026 10:57:15|08-19-2026 10:57:19|7.87|47.11|39.24
BRCJM01|BRCJ1JET|BRCJ1JET|6000322|Shipped|NORMAL||63432244000678||||DSV||1|.01|.000001|1|1|Y|08-17-2026 11:50:39|08-17-2026 11:50:39|||08-17-2026 11:53:21|08-17-2026 11:54:06|08-17-2026 18:43:43|08-17-2026 18:43:43|08-17-2026 19:36:48||08-17-2026 19:42:59|08-19-2026 10:58:00|08-19-2026 10:58:12|7.87|47.13|39.25
BRCJM01|BRCJ1JET|BRCJ1JET|6000325|Shipped|NORMAL||64204650000484||||DSV||1|.01|.000001|1|1|Y|08-17-2026 11:51:39|08-17-2026 11:51:39|||08-17-2026 11:53:21|08-17-2026 11:54:06|08-17-2026 18:44:52|08-17-2026 18:44:52|08-17-2026 19:36:14||08-17-2026 19:43:05|09-10-2026 15:34:51|09-10-2026 15:34:55|7.86|579.72|571.86
BRCJM01|BRCJ1JET|BRCJ1JET|600033|Shipped|NORMAL||64156009000179||||DSV||1|.05|.000005|5|5|Y|06-12-2026 14:24:19|06-12-2026 14:24:19||||||||||06-17-2026 08:42:39|06-17-2026 08:42:42||114.31|
BRCJM01|BRCJ1JET|BRCJ1JET|6000331|Shipped|NORMAL||64156009000179||||DSV||1|.03|.000003|3|3|Y|08-17-2026 11:51:39|08-17-2026 11:51:39|||08-17-2026 11:53:21|08-17-2026 11:54:07|08-17-2026 18:46:48|08-17-2026 18:54:52|08-17-2026 19:40:15||08-17-2026 19:42:26|08-19-2026 10:59:01|08-19-2026 10:59:06|7.85|47.12|39.28
BRCJM01|BRCJ1JET|BRCJ1JET|600039|Shipped|NORMAL||64389741000199||||DSV||1|.06|.000006|6|6|Y|06-12-2026 14:24:19|06-12-2026 14:24:19||||||||||06-17-2026 08:44:53|06-17-2026 08:44:55||114.34|
BRCJM01|BRCJ1JET|BRCJ1JET|600041|Shipped|NORMAL||12305346000187||||DSV||1|.16|.000016|16|16|Y|06-12-2026 14:22:18|06-12-2026 14:22:18||||||||||06-17-2026 08:31:39|06-17-2026 08:31:45||114.16|
BRCJM01|BRCJ1JET|BRCJ1JET|600062|Shipped|NORMAL||05796221000484||||DSV||1|.03|.000003|3|3|Y|06-12-2026 14:24:20|06-12-2026 14:24:20||||||||||06-17-2026 08:36:18|06-17-2026 08:36:20||114.2|
BRCJM01|BRCJ1JET|BRCJ1JET|600063|Shipped|NORMAL||64435342000117||||DSV||1|.04|.000004|4|4|Y|06-12-2026 14:25:20|06-12-2026 14:25:20||||||||||06-19-2026 08:19:06|06-19-2026 08:19:11||161.9|
BRCJM01|BRCJ1JET|BRCJ1JET|600067|Shipped|NORMAL||63432244000325||||DSV||1|.03|.000003|3|3|Y|06-12-2026 14:25:20|06-12-2026 14:25:20||||||||||06-17-2026 08:38:25|06-17-2026 08:38:29||114.22|
BRCJM01|BRCJ1JET|BRCJ1JET|600068|Shipped|NORMAL||63432244000678||||DSV||1|.02|.000002|2|2|Y|06-12-2026 14:25:20|06-12-2026 14:25:20||||||||||06-17-2026 08:39:59|06-17-2026 08:40:04||114.25|
BRCJM01|BRCJ1JET|BRCJ1JET|600072|Shipped|NORMAL||64156462000185||||DSV||1|.01|.000001|1|1|Y|06-12-2026 14:25:20|06-12-2026 14:25:20||||||||||06-17-2026 08:43:17|06-17-2026 08:43:25||114.3|
BRCJM01|BRCJ1JET|BRCJ1JET|600073|Shipped|NORMAL||62617245000381|93320-175|RS|BR|DSV||1|.03|.000003|3|3|Y|06-12-2026 14:21:16|06-12-2026 14:21:16||||||||||06-17-2026 08:33:37|06-17-2026 08:33:41||114.21|
BRCJM01|BRCJ1JET|BRCJ1JET|600075|Shipped|NORMAL||65214691000171||||DSV||1|.11|.000011|11|11|Y|06-12-2026 14:25:20|06-12-2026 14:25:20||||||||||06-17-2026 08:45:34|06-17-2026 08:45:43||114.34|
BRCJM01|BRCJ1JET|BRCJ1JET|600081|Shipped|NORMAL||63838066000175||||DSV||1|.01|.000001|1|1|Y|06-12-2026 14:25:20|06-12-2026 14:25:20||||||||||06-17-2026 08:41:18|06-17-2026 08:41:24||114.27|
BRCJM01|BRCJ1JET|BRCJ1JET|600084|Shipped|NORMAL||63532672000168|14021-600|SP|BR|DSV||1|.18|.000018|18|18|Y|06-12-2026 14:21:18|06-12-2026 14:21:18||||||||||06-17-2026 08:34:10|06-17-2026 08:34:13||114.22|
BRCJM01|BRCJ1JET|BRCJ1JET|600087|Shipped|NORMAL||64037777000103||||DSV||1|.02|.000002|2|2|Y|06-12-2026 14:26:20|06-12-2026 14:26:20||||||||||06-17-2026 08:42:00|06-17-2026 08:42:09||114.26|
BRCJM01|BRCJ1JET|BRCJ1JET|600088|Shipped|NORMAL||06334563000100||||DSV||1|.01|.000001|1|1|Y|06-12-2026 14:26:20|06-12-2026 14:26:20||||||||||06-17-2026 08:37:13|06-17-2026 08:37:17||114.18|
BRCJM01|BRCJ1JET|BRCJ1JET|600090|Shipped|NORMAL||64204650000484||||DSV||1|.01|.000001|1|1|Y|06-12-2026 14:23:19|06-12-2026 14:23:19||||||||||06-17-2026 08:44:22|06-17-2026 08:44:25||114.35|
BRCJM01|BRCJ1JET|BRCJ1JET|600092|Shipped|NORMAL||61735888000367||||DSV||1|.01|.000001|1|1|Y|06-12-2026 14:22:18|06-12-2026 14:22:18||||||||||06-17-2026 08:33:08|06-17-2026 08:33:11||114.18|
BRCJM01|BRCJ1JET|BRCJ1JET|9000005|Shipped|RUSH||61915384000167||||DSV||1|.01|.000001|1|1|Y|06-16-2026 16:35:39|06-16-2026 16:35:39|||06-16-2026 16:38:39|06-16-2026 16:39:03|06-16-2026 17:00:45|06-16-2026 17:00:45|06-16-2026 22:19:50||06-16-2026 22:22:47|06-19-2026 14:09:21|06-19-2026 14:09:25|5.79|69.56|63.78
BRCJM01|BRCJ1JET|BRCJ1JET|9000006|Shipped|RUSH||63532672000168|14021-600|SP|BR|DSV||1|0|0|1|1|Y|06-18-2026 14:54:51|06-18-2026 14:54:51|||06-18-2026 14:57:40|06-18-2026 15:00:50|06-18-2026 15:14:16|06-18-2026 15:14:16|06-18-2026 15:17:17||06-18-2026 15:23:58|06-19-2026 08:22:16|06-19-2026 08:22:20|.49|17.46|16.97
BRCJM01|BRCJ1JET|BRCJ1JET|9000007|Shipped|RUSH||64389741000199||||DSV||1|0|0|1|1|Y|06-18-2026 14:57:53|06-18-2026 14:57:53|||06-18-2026 15:00:20|06-18-2026 15:00:50|06-18-2026 15:14:48|06-18-2026 15:14:48|06-18-2026 15:17:55||06-18-2026 15:23:32|07-03-2026 11:56:46|07-03-2026 11:56:53|.43|356.98|356.56
BRCJM01|BRCJ1JET|BRCJ1JET|9000008|Shipped|RUSH||05796221000484||||DSV||1|.1|.001|1|1|Y|06-23-2026 11:12:44|06-23-2026 11:12:44|||06-23-2026 11:14:20|06-23-2026 11:17:39|06-23-2026 12:14:24|06-23-2026 12:14:25|06-23-2026 12:23:59||06-23-2026 12:24:45|06-29-2026 16:33:15|06-29-2026 16:33:24|1.2|149.34|148.14
BRCJM01|BRCJ1JET|BRCJ1JET|9000009|Shipped|NORMAL||61915384000167||||DSV||8|1.63|.008083|91|91|Y|06-26-2026 17:21:03|06-26-2026 17:21:03|||06-26-2026 17:22:54|06-29-2026 07:39:10|06-29-2026 17:01:19|06-29-2026 17:47:43|06-29-2026 22:07:48||06-29-2026 22:08:32|06-30-2026 17:35:49|06-30-2026 17:35:52|76.79|96.25|19.46
BRCJM01|BRCJ1JET|BRCJ1JET|9000010|Shipped|RUSH||61915384000167||||DSV||1|.1|.001|1|1|Y|07-01-2026 08:20:07|07-01-2026 08:20:07|||07-01-2026 08:25:09|07-01-2026 08:26:43|07-01-2026 09:08:40|07-01-2026 09:08:40|07-01-2026 09:18:24||07-01-2026 09:33:34|07-03-2026 11:58:15|07-03-2026 11:58:18|1.22|51.64|50.41
BRCJM01|BRCJ1JET|BRCJ1JET|9000011|Shipped|NORMAL||61915384000167||||DSV||1|5.2|0|1|1|Y|07-02-2026 08:28:40|07-02-2026 08:28:40|||07-02-2026 08:31:58|07-02-2026 08:43:35|07-02-2026 10:04:21|07-02-2026 10:04:21|07-02-2026 11:05:43||07-02-2026 11:17:58|07-03-2026 11:57:15|07-03-2026 11:57:18|2.82|27.48|24.66
BRCJM01|BRCJ1JET|BRCJ1JET|9000012|Shipped|RUSH||61915384000167||||DSV||2|.02|.000002|2|2|Y|07-02-2026 17:13:00|07-02-2026 17:13:00|||07-02-2026 17:14:36|07-02-2026 17:32:50|07-03-2026 10:42:46|07-03-2026 10:46:08|07-03-2026 10:59:46||07-03-2026 11:00:11|07-03-2026 11:57:39|07-03-2026 11:57:42|17.79|18.75|.96
BRCJM01|BRCJ1JET|BRCJ1JET|9000014|Shipped|RUSH||61915384000167||||DSV||1|.01|.000001|1|1|Y|07-13-2026 11:34:27|07-13-2026 11:34:27|||07-13-2026 11:38:28|07-13-2026 11:51:29|07-13-2026 12:03:45|07-13-2026 12:03:45|07-13-2026 12:07:35||07-13-2026 12:08:16|07-15-2026 10:07:34|07-15-2026 10:07:37|.56|46.55|45.99
BRCJM01|BRCJ1JET|BRCJ1JET|9000015|Shipped|RUSH||63432244000678||||DSV||1|.01|.000001|1|1|Y|07-14-2026 10:12:33|07-14-2026 10:12:33|||07-14-2026 10:14:12|07-14-2026 10:14:57|07-14-2026 10:32:42|07-14-2026 10:32:42|07-14-2026 11:15:37||07-14-2026 11:16:24|07-15-2026 10:05:46|07-15-2026 10:06:22|1.06|23.9|22.83
BRCJM01|BRCJ1JET|BRCJ1JET|9000016|Shipped|RUSH||64204650000131||||DSV||1|.01|.000001|1|1|Y|07-14-2026 10:12:33|07-14-2026 10:12:33|||07-14-2026 10:14:23|07-14-2026 10:14:57|07-14-2026 10:35:56|07-14-2026 10:35:56|07-14-2026 11:14:34||07-14-2026 11:16:18|07-15-2026 10:05:15|07-15-2026 10:05:20|1.06|23.88|22.82
BRCJM01|BRCJ1JET|BRCJ1JET|9000017|Shipped|RUSH||64204650000484||||DSV||1|.01|.000001|1|1|Y|07-14-2026 10:12:31|07-14-2026 10:12:31|||07-14-2026 10:14:32|07-14-2026 10:14:57|07-14-2026 10:38:19|07-14-2026 10:38:19|07-14-2026 11:13:26||07-14-2026 11:14:06|07-15-2026 10:04:44|07-15-2026 10:04:47|1.03|23.87|22.84
BRCJM01|BRCJ1JET|BRCJ1JET|9000018|Shipped|RUSH||61915384000167||||DSV||1|.01|.000001|1|1|Y|07-15-2026 11:23:23|07-15-2026 11:23:23|||07-15-2026 11:25:18|07-15-2026 11:25:47|07-15-2026 11:42:24|07-15-2026 11:42:24|07-15-2026 12:28:59||07-15-2026 12:29:51|07-17-2026 10:22:55|07-17-2026 10:23:01|1.11|46.99|45.89
BRCJM01|BRCJ1JET|BRCJ1JET|9000020|Shipped|RUSH||61915384000167||||DSV||1|0|0|1|1|Y|07-15-2026 14:00:11|07-15-2026 14:00:11|||07-15-2026 14:01:10|07-15-2026 14:01:42|07-15-2026 14:34:24|07-15-2026 14:34:24|07-15-2026 14:36:08||07-15-2026 14:36:32|07-17-2026 10:23:24|07-17-2026 10:23:28|.61|44.39|43.78
BRCJM01|BRCJ1JET|BRCJ1JET|9000021|Shipped|RUSH||61915384000167||||DSV||2|.85|.000085|85|85|Y|07-18-2026 08:38:47|07-18-2026 08:38:47|||07-18-2026 08:40:54|07-18-2026 08:52:38|07-20-2026 07:09:53|07-20-2026 07:15:33|07-20-2026 07:46:53||07-20-2026 07:49:58|07-21-2026 16:01:13|07-21-2026 16:01:17|47.19|79.38|32.19
BRCJM01|BRCJ1JET|BRCJ1JET|9000022|Shipped|RUSH||61915384000167||||DSV||1|.2|.002|2|2|Y|07-20-2026 14:00:06|07-20-2026 14:00:06|||07-20-2026 14:25:12|07-20-2026 14:27:28|07-20-2026 14:34:53|07-20-2026 14:34:53|07-20-2026 14:39:09||07-20-2026 14:39:38|07-21-2026 16:01:49|07-21-2026 16:01:54|.66|26.03|25.37
BRCJM01|BRCJ1JET|BRCJ1JET|9000023|Shipped|RUSH||61915384000167||||DSV||1|.01|.000001|1|1|Y|07-24-2026 14:21:43|07-24-2026 14:21:43|||07-24-2026 14:22:09|07-24-2026 14:22:30|07-24-2026 14:36:29|07-24-2026 14:36:29|07-24-2026 14:39:38||07-24-2026 14:40:02|07-30-2026 09:31:11|07-30-2026 09:31:15|.31|139.16|138.85
BRCJM01|BRCJ1JET|BRCJ1JET|9000024|Shipped|RUSH||61915384000167||||DSV||5|.73|.007003|14|14|Y|07-29-2026 11:04:16|07-29-2026 11:04:16|||07-29-2026 11:18:46|07-29-2026 13:50:01|07-29-2026 14:13:05|07-29-2026 15:31:55|07-29-2026 16:06:50||07-29-2026 16:10:44|08-03-2026 12:04:52|08-03-2026 12:04:55|5.11|121.01|115.9
BRCJM01|BRCJ1JET|BRCJ1JET|9000025|Shipped|RUSH||61915384000167||||DSV||2|.02|.000002|2|2|Y|07-30-2026 11:52:40|07-30-2026 11:52:40|||07-30-2026 11:54:08|07-30-2026 11:54:40|07-30-2026 13:32:04|07-30-2026 13:32:20|07-30-2026 13:52:20||07-30-2026 13:53:30|08-03-2026 12:07:01|08-03-2026 12:07:05|2.01|96.24|94.23
BRCJM01|BRCJ1JET|BRCJ1JET|9000027|Shipped|RUSH||61915384000167||||DSV||1|.01|.000001|1|1|Y|08-17-2026 09:55:39|08-17-2026 09:55:39|||08-17-2026 09:56:47|08-17-2026 09:57:14|08-17-2026 10:37:10|08-17-2026 10:37:10|08-17-2026 11:09:47||08-17-2026 11:10:16|08-18-2026 08:46:38|08-18-2026 08:46:41|1.24|22.85|21.61
BRCJM01|BRCJ1JET|BRCJ1JET|9000028|Shipped|RUSH||61915384000167||||DSV||28|31.9|36.80603|136|136|Y|08-14-2026 08:33:14|08-14-2026 08:33:14|||08-14-2026 08:34:23|08-14-2026 08:34:42|08-14-2026 10:40:31|08-14-2026 21:03:44|08-15-2026 05:19:41||08-15-2026 05:53:40|08-18-2026 08:45:43|08-18-2026 08:45:44|21.34|96.21|74.87
BRCJM01|BRCJ1JET|BRCJ1JET|9000029|Shipped|RUSH||26609106000180||||DSV||5|26.05|5.550005|17|17|Y|08-14-2026 17:39:43|08-14-2026 17:39:43|||08-14-2026 17:44:33|08-14-2026 17:45:30|08-17-2026 09:47:15|08-17-2026 21:48:20|08-18-2026 02:16:49||08-18-2026 03:29:00|08-26-2026 16:30:46|08-26-2026 16:30:49|81.82|286.85|205.03
BRCJM01|BRCJ1JET|BRCJ1JET|9000030|Shipped|RUSH||26609106000261||||DSV||3|10.42|.750002|5|5|Y|08-14-2026 17:40:46|08-14-2026 17:40:46|||08-14-2026 17:44:33|08-14-2026 17:45:31|08-17-2026 10:20:16|08-18-2026 05:29:03|08-18-2026 09:27:19||08-18-2026 09:28:11|08-26-2026 16:24:16|08-26-2026 16:24:20|87.79|286.73|198.94
BRCJM01|BRCJ1JET|BRCJ1JET|9000031|Shipped|RUSH||63810474000208||||DSV||5|31.26|5.550006|19|19|Y|08-14-2026 17:40:46|08-14-2026 17:40:46|||08-14-2026 17:44:33|08-14-2026 17:45:32|08-17-2026 10:59:40|08-17-2026 21:29:49|08-17-2026 23:05:22||08-18-2026 00:17:49|09-10-2026 16:11:14|09-10-2026 16:11:15|78.62|646.51|567.89
BRCJM01|BRCJ1JET|BRCJ1JET|9000032|Shipped|RUSH||06334563000100||||DSV||5|31.26|5.550006|19|19|Y|08-14-2026 17:41:47|08-14-2026 17:41:47|||08-14-2026 17:44:33|08-14-2026 17:45:33|08-17-2026 10:56:09|08-17-2026 21:10:19|08-17-2026 23:58:15||08-18-2026 01:23:45|09-03-2026 11:44:17|09-03-2026 11:44:23|79.7|474.04|394.34
BRCJM01|BRCJ1JET|BRCJ1JET|9000033|Shipped|RUSH||05796221000565||||DSV||3|10.42|.750002|5|5|Y|08-14-2026 17:42:48|08-14-2026 17:42:48|||08-14-2026 17:44:33|08-14-2026 17:45:33|08-17-2026 10:37:10|08-18-2026 05:33:12|08-18-2026 11:04:16||08-18-2026 11:05:03|08-26-2026 16:30:18|08-26-2026 16:30:24|89.37|286.79|197.42
BRCJM01|BRCJ1JET|BRCJ1JET|9000034|Shipped|RUSH||05796221000301||||DSV||3|10.42|.750002|5|5|Y|08-17-2026 08:52:08|08-17-2026 09:00:18|||08-17-2026 08:55:33|08-17-2026 09:06:46|08-17-2026 13:17:28|08-18-2026 05:04:02|08-18-2026 09:06:00||08-18-2026 09:06:33|08-26-2026 16:31:13|08-26-2026 16:31:16|24.24|223.65|199.41
BRCJM01|BRCJ1JET|BRCJ1JET|9000035|Shipped|RUSH||05796221000131||||DSV||5|31.26|5.550006|19|19|Y|08-17-2026 08:53:09|08-17-2026 09:00:18|||08-17-2026 08:55:33|08-17-2026 09:06:46|08-17-2026 14:01:22|08-17-2026 22:45:29|08-18-2026 01:47:38||08-18-2026 01:53:53|08-26-2026 16:52:03|08-26-2026 16:52:06|17.01|223.98|206.97
BRCJM01|BRCJ1JET|BRCJ1JET|9000036|Shipped|RUSH||05796221000484||||DSV||3|10.42|.750002|5|5|Y|08-17-2026 08:54:10|08-17-2026 09:00:17|||08-17-2026 08:55:33|08-17-2026 09:06:46|08-17-2026 13:19:19|08-18-2026 04:59:42|08-18-2026 09:33:11||08-18-2026 09:34:34|08-22-2026 12:13:03|08-22-2026 12:13:07|24.67|123.32|98.64
BRCJM01|BRCJ1JET|BRCJ1JET|9000037|Shipped|RUSH||64107585000126||||DSV||5|20.84|3.150004|12|12|Y|08-17-2026 08:54:10|08-17-2026 09:01:20|||08-17-2026 08:55:34|08-17-2026 09:06:46|08-17-2026 13:55:06|08-18-2026 07:13:29|08-18-2026 12:26:22||08-18-2026 12:28:37|08-26-2026 16:18:29|08-26-2026 16:18:33|27.57|223.41|195.83
BRCJM01|BRCJ1JET|BRCJ1JET|9000039|Shipped|RUSH||64156462000185||||DSV||5|31.26|5.550006|19|19|Y|08-14-2026 17:39:45|08-14-2026 17:39:45|||08-14-2026 17:44:33|08-14-2026 17:45:30|08-17-2026 09:50:34|08-18-2026 04:07:18|08-18-2026 04:14:08||08-18-2026 04:17:04|08-20-2026 16:31:20|08-20-2026 16:31:35|82.62|142.86|60.24
BRCJM01|BRCJ1JET|BRCJ1JET|9000040|Shipped|RUSH||64152596000128||||DSV||5|41.67|7.200007|24|24|Y|08-14-2026 17:40:46|08-14-2026 17:40:46|||08-14-2026 17:44:33|08-14-2026 17:45:31|08-17-2026 10:18:27|08-17-2026 21:18:42|08-17-2026 23:04:35||08-18-2026 00:21:47|08-26-2026 16:14:12|08-26-2026 16:14:14|78.68|286.56|207.87
BRCJM01|BRCJ1JET|BRCJ1JET|9000041|Shipped|RUSH||64037777000103||||DSV||5|20.84|3.150004|12|12|Y|08-14-2026 17:41:47|08-14-2026 17:41:47|||08-14-2026 17:44:33|08-14-2026 17:45:32|08-17-2026 10:57:48|08-17-2026 21:02:43|08-18-2026 02:22:56||08-18-2026 03:26:49|08-26-2026 16:51:03|08-26-2026 16:51:09|81.75|287.16|205.41
BRCJM01|BRCJ1JET|BRCJ1JET|9000042|Shipped|RUSH||40656924000165||||DSV||5|31.26|5.550006|19|19|Y|08-14-2026 17:42:48|08-14-2026 17:42:48|||08-14-2026 17:44:33|08-14-2026 17:45:33|08-17-2026 10:54:32|08-17-2026 21:14:35|08-18-2026 00:17:25||08-18-2026 00:20:50|08-26-2026 16:12:40|08-26-2026 16:12:44|78.63|286.5|207.87
BRCJM01|BRCJ1JET|BRCJ1JET|9000045|Shipped|RUSH||63432244000163||||DSV||5|31.26|5.550006|19|19|Y|08-17-2026 08:53:09|08-17-2026 09:00:19|||08-17-2026 08:55:34|08-17-2026 09:06:46|08-17-2026 13:56:26|08-17-2026 22:45:57|08-18-2026 03:46:54||08-18-2026 04:16:50|08-26-2026 16:14:40|08-26-2026 16:14:43|19.39|223.36|203.96
BRCJM01|BRCJ1JET|BRCJ1JET|9000047|Shipped|RUSH||63432244000325||||DSV||3|10.42|.750002|5|5|Y|08-17-2026 08:54:10|08-17-2026 08:59:16|||08-17-2026 08:55:34|08-17-2026 09:06:45|08-17-2026 13:30:00|08-18-2026 04:55:17|08-18-2026 10:58:28||08-18-2026 10:59:22|08-26-2026 16:15:06|08-26-2026 16:15:09|26.09|223.35|197.26
BRCJM01|BRCJ1JET|BRCJ1JET|9000048|Shipped|RUSH||63432244000406||||DSV||3|10.42|.750002|5|5|Y|08-17-2026 08:55:10|08-17-2026 08:59:16|||08-17-2026 08:55:34|08-17-2026 09:06:45|08-17-2026 13:24:36|08-18-2026 05:08:46|08-18-2026 09:42:34||08-18-2026 09:43:00|08-26-2026 16:15:31|08-26-2026 16:15:35|24.8|223.34|198.54
BRCJM01|BRCJ1JET|BRCJ1JET|9000052|Shipped|RUSH||65650278000230||||DSV||3|10.42|.750002|5|5|Y|08-14-2026 17:41:47|08-14-2026 17:41:47|||08-14-2026 17:44:34|08-14-2026 17:45:32|08-17-2026 10:41:01|08-18-2026 05:07:07|08-18-2026 09:18:48||08-18-2026 09:19:37|08-20-2026 16:32:00|08-20-2026 16:32:04|87.63|142.84|55.21
BRCJM01|BRCJ1JET|BRCJ1JET|9000053|Shipped|RUSH||65650278000150||||DSV||5|31.26|5.550006|19|19|Y|08-14-2026 17:42:48|08-14-2026 17:42:48|||08-14-2026 17:44:34|08-14-2026 17:45:33|08-17-2026 10:52:11|08-17-2026 21:16:46|08-18-2026 01:22:14||08-18-2026 06:23:56|08-26-2026 16:51:38|08-26-2026 16:51:40|84.69|287.15|202.46
BRCJM01|BRCJ1JET|BRCJ1JET|9000054|Shipped|RUSH||63838066000256||||DSV||3|10.42|.750002|5|5|Y|08-14-2026 17:42:48|08-14-2026 17:42:48|||08-14-2026 17:44:33|08-14-2026 17:45:34|08-17-2026 10:33:25|08-18-2026 05:36:41|08-18-2026 10:49:29||08-18-2026 10:50:30|08-20-2026 16:30:15|08-20-2026 16:30:19|89.13|142.79|53.66
BRCJM01|BRCJ1JET|BRCJ1JET|9000055|Shipped|RUSH||63838066000175||||DSV||3|10.42|.750002|5|5|Y|08-17-2026 08:52:08|08-17-2026 08:59:16|||08-17-2026 08:55:34|08-17-2026 09:06:45|08-17-2026 13:23:07|08-18-2026 04:57:28|08-18-2026 11:03:59||08-18-2026 11:05:30|08-20-2026 16:32:24|08-20-2026 16:32:29|26.22|79.67|53.45
BRCJM01|BRCJ1JET|BRCJ1JET|9000056|Shipped|RUSH||64629695000158||||DSV||3|10.42|.750002|5|5|Y|08-17-2026 08:53:09|08-17-2026 08:59:17|||08-17-2026 08:55:34|08-17-2026 09:06:45|08-17-2026 13:20:59|08-18-2026 05:00:59|08-18-2026 09:25:45||08-18-2026 09:27:12|09-14-2026 13:43:10|09-14-2026 13:43:14|24.57|676.83|652.27
BRCJM01|BRCJ1JET|BRCJ1JET|9000057|Shipped|RUSH||64435342000117||||DSV||5|31.26|5.550006|19|19|Y|08-17-2026 08:54:10|08-17-2026 08:59:17|||08-17-2026 08:55:34|08-17-2026 09:06:45|08-17-2026 14:03:40|08-17-2026 22:34:19|08-18-2026 01:36:58||08-18-2026 06:18:52|08-26-2026 16:18:00|08-26-2026 16:18:02|21.41|223.4|201.99
BRCJM01|BRCJ1JET|BRCJ1JET|9000059|Shipped|RUSH||63571238000278||||DSV||5|20.84|3.150004|12|12|Y|08-17-2026 08:55:10|08-17-2026 08:58:15|||08-17-2026 08:55:34|08-17-2026 09:06:44|08-17-2026 13:44:55|08-17-2026 22:57:10|08-18-2026 00:51:31||08-18-2026 01:07:32|08-26-2026 16:52:34|08-26-2026 16:52:36|16.21|223.96|207.75
BRCJM01|BRCJ1JET|BRCJ1JET|9000060|Shipped|RUSH||63571238000197||||DSV||3|20.84|.750004|9|9|Y|08-14-2026 17:39:45|08-14-2026 17:39:45|||09-11-2026 13:44:24|09-11-2026 14:04:28|09-14-2026 10:51:09|09-14-2026 10:51:42|09-14-2026 10:52:55||09-14-2026 10:53:26|09-14-2026 10:54:14|09-14-2026 10:54:15|737.23|737.24|.01
BRCJM01|BRCJ1JET|BRCJ1JET|9000061|Shipped|RUSH||64389741000270||||DSV||3|10.42|.750002|5|5|Y|08-14-2026 17:40:46|08-14-2026 17:40:46|||08-14-2026 17:44:34|08-14-2026 17:45:32|08-17-2026 10:22:27|08-18-2026 05:23:50|08-18-2026 09:59:40||08-18-2026 10:00:28|08-22-2026 12:12:40|08-22-2026 12:12:44|88.33|186.53|98.2
BRCJM01|BRCJ1JET|BRCJ1JET|9000062|Shipped|RUSH||64389741000199||||DSV||5|31.26|5.550006|19|19|Y|08-14-2026 17:40:46|08-14-2026 17:40:46|||08-14-2026 17:44:33|08-14-2026 17:45:32|08-17-2026 11:01:17|08-17-2026 21:21:38|08-17-2026 23:38:58||08-18-2026 06:17:57|08-27-2026 08:45:41|08-27-2026 08:45:44|84.62|303.08|218.46
BRCJM01|BRCJ1JET|BRCJ1JET|9000064|Shipped|RUSH||64156009000179||||DSV||5|31.26|5.550006|19|19|Y|08-17-2026 08:52:07|08-17-2026 08:58:15|||08-17-2026 08:55:34|08-17-2026 09:06:45|08-17-2026 13:46:23|08-17-2026 22:50:38|08-18-2026 00:40:53||08-18-2026 01:08:21|08-26-2026 16:16:02|08-26-2026 16:16:05|16.27|223.4|207.13
BRCJM01|BRCJ1JET|BRCJ1JET|9000065|Shipped|RUSH||64204650000131||||DSV||5|31.26|5.550006|19|19|Y|08-17-2026 08:53:09|08-17-2026 08:56:13|||08-17-2026 08:55:34|08-17-2026 09:06:44|08-17-2026 13:37:03|08-19-2026 05:12:30|08-19-2026 05:18:49||08-19-2026 05:25:14|08-26-2026 16:16:31|08-26-2026 16:16:33|44.53|223.39|178.86
BRCJM01|BRCJ1JET|BRCJ1JET|9000066|Shipped|RUSH||64204650000484||||DSV||3|10.42|.750002|5|5|Y|08-17-2026 08:53:09|08-17-2026 08:56:12|||08-17-2026 08:55:34|08-17-2026 09:06:43|08-17-2026 13:33:46|08-18-2026 10:47:07|08-18-2026 10:51:40||08-18-2026 10:52:10|08-26-2026 16:17:27|08-26-2026 16:17:29|25.98|223.41|197.42
BRCJM01|BRCJ1JET|BRCJ1JET|9000067|Shipped|RUSH||64204650000301||||DSV||3|10.42|.750002|5|5|Y|08-17-2026 08:54:10|08-17-2026 08:56:12|||08-17-2026 08:55:34|08-17-2026 09:06:43|08-17-2026 13:32:15|08-18-2026 05:12:49|08-18-2026 09:53:39||08-18-2026 09:54:03|08-26-2026 16:16:56|08-26-2026 16:16:59|25|223.38|198.38
BRCJM01|BRCJ1JET|BRCJ1JET|9000068|Shipped|RUSH||64204650000212||||DSV||3|10.42|.750002|5|5|Y|08-17-2026 08:54:10|08-17-2026 08:55:11|||08-17-2026 08:55:11|08-17-2026 09:06:43|08-17-2026 16:04:51|08-17-2026 16:17:00|08-18-2026 03:34:15||08-18-2026 05:18:55|08-27-2026 08:46:58|08-27-2026 08:47:01|20.41|239.88|219.47
BRCJM01|BRCJ1JET|BRCJ1JET|9000069|Shipped|RUSH||12305346000187||||DSV||5|31.26|6.300006|20|20|Y|08-17-2026 08:55:11|08-17-2026 08:56:12|||08-17-2026 08:55:34|08-17-2026 09:06:44|08-17-2026 13:35:21|08-17-2026 22:36:05|08-18-2026 01:23:16||08-18-2026 01:39:10|08-27-2026 08:47:33|08-27-2026 08:47:35|16.73|239.87|223.14
BRCJM01|BRCJ1JET|BRCJ1JET|9000070|Shipped|RUSH||65214691000171||||DSV||3|15.63|2.250003|9|9|Y|08-17-2026 08:56:12|08-17-2026 08:57:14|||08-17-2026 08:57:14|08-17-2026 09:06:44|08-17-2026 13:38:38|08-18-2026 05:18:26|08-18-2026 10:37:34||08-18-2026 10:38:11|08-27-2026 08:48:24|08-27-2026 08:48:27|25.7|239.87|214.17
BRCJM01|BRCJ1JET|BRCJ1JET|9000071|Shipped|RUSH||61735888000448||||DSV||5|31.26|5.550006|19|19|Y|08-17-2026 08:56:12|08-17-2026 08:57:14|||08-17-2026 08:57:14|08-17-2026 09:06:44|08-17-2026 13:41:35|08-18-2026 02:46:21|08-18-2026 02:47:54||08-18-2026 04:31:12|09-04-2026 16:03:14|09-04-2026 16:03:16|19.58|439.12|419.53
BRCJM01|BRCJ1JET|BRCJ1JET|9000072|Shipped|RUSH||61735888000103||||DSV||3|10.42|.750002|5|5|Y|08-17-2026 08:56:13|08-17-2026 08:58:14|||08-17-2026 08:58:14|08-17-2026 09:06:44|08-17-2026 13:14:27|08-18-2026 05:41:27|08-18-2026 10:54:37||08-18-2026 10:55:30|08-27-2026 08:47:58|08-27-2026 08:48:01|25.99|239.86|213.88
BRCJM01|BRCJ1JET|BRCJ1JET|9000074|Shipped|RUSH||61735888000529||||DSV||3|10.42|.750002|5|5|Y|08-17-2026 08:55:11|08-17-2026 09:01:19|||08-17-2026 08:55:34|08-17-2026 09:06:46|08-17-2026 13:15:56|08-18-2026 05:02:35|08-18-2026 08:58:00||08-18-2026 08:58:44|08-27-2026 08:48:48|08-27-2026 08:48:50|24.06|239.89|215.84
BRCJM01|BRCJ1JET|BRCJ1JET|9000075|Shipped|RUSH||62617245000381|93320-175|RS|BR|DSV||5|10.42|2.400002|7|7|Y|08-14-2026 17:39:45|08-14-2026 17:39:45|||08-14-2026 17:44:33|08-14-2026 17:45:31|08-17-2026 10:01:26|08-18-2026 05:53:27|08-18-2026 11:12:52||08-18-2026 11:14:09|08-27-2026 08:45:12|08-27-2026 08:45:15|89.57|303.09|213.52
BRCJM01|BRCJ1JET|BRCJ1JET|9000076|Shipped|RUSH||62617245000110||||DSV||3|10.42|.750002|5|5|Y|08-14-2026 17:42:48|08-14-2026 17:42:48|||08-14-2026 17:44:33|08-14-2026 17:45:34|08-17-2026 10:30:42|08-18-2026 05:44:43|08-18-2026 10:59:21||08-18-2026 11:00:36|08-27-2026 08:44:49|08-27-2026 08:44:51|89.3|303.03|213.74
BRCJM01|BRCJ1JET|BRCJ1JET|9000077|Shipped|RUSH||64506399000321||||DSV||5|20.84|4.800004|14|14|Y|08-17-2026 08:56:13|08-17-2026 09:01:20|||08-17-2026 09:00:39|08-17-2026 09:06:47|08-17-2026 13:53:21|08-18-2026 23:30:41|08-19-2026 02:57:41||08-19-2026 03:01:07|08-27-2026 08:49:15|08-27-2026 08:49:18|42.08|239.88|197.8
BRCJM01|BRCJ1JET|BRCJ1JET|9000078|Shipped|RUSH||64506399000160|13420-355|SP|BR|DSV||3|10.42|.750002|5|5|Y|08-14-2026 17:39:45|08-14-2026 17:39:45|||08-14-2026 17:44:34|08-14-2026 17:45:31|08-17-2026 10:11:37|08-18-2026 05:05:23|08-18-2026 09:12:18||08-18-2026 09:12:55|08-27-2026 08:46:05|08-27-2026 08:46:08|87.55|303.11|215.55
BRCJM01|BRCJ1JET|BRCJ1JET|9000079|Shipped|RUSH||64506399000160|13420-355|SP|BR|DSV||3|10.42|.750002|5|5|Y|08-14-2026 17:39:46|08-14-2026 17:39:46|||08-14-2026 17:44:34|08-14-2026 17:45:31|08-17-2026 10:14:21|08-18-2026 05:26:36|08-18-2026 09:34:17||08-18-2026 09:34:42|08-27-2026 08:46:34|08-27-2026 08:46:36|87.92|303.11|215.2
BRCJM01|BRCJ1JET|BRCJ1JET|9000080|Shipped|RUSH||63532672000168|14021-600|SP|BR|DSV||5|10.42|2.400002|7|7|Y|08-14-2026 17:39:45|08-14-2026 17:39:45|||08-14-2026 17:44:33|08-14-2026 17:45:31|08-17-2026 09:57:19|08-18-2026 03:05:37|08-18-2026 03:25:29||08-18-2026 04:30:01|08-26-2026 16:13:06|08-26-2026 16:13:08|82.84|286.56|203.72
BRCJM01|BRCJ1JET|BRCJ1JET|9000082|Shipped|RUSH||61915384000167||||DSV||2|.1|.101|2|2|Y|08-20-2026 09:54:36|08-20-2026 09:54:36|||08-20-2026 09:55:19|08-20-2026 09:58:47|08-20-2026 10:58:58|08-20-2026 10:59:19|08-20-2026 11:14:43||08-20-2026 11:14:57|08-20-2026 14:55:41|08-20-2026 14:55:44|1.34|5.02|3.68
BRCJM01|BRCJ1JET|BRCJ1JET|9000083|Shipped|RUSH||61915384000167||||DSV||1|.1|.001|1|1|Y|08-20-2026 11:02:58|08-20-2026 11:02:57|||08-20-2026 11:04:16|08-20-2026 11:04:37|08-20-2026 11:22:02|08-20-2026 11:22:03|08-20-2026 11:30:33||08-20-2026 11:31:24|08-20-2026 14:56:11|08-20-2026 14:56:14|.47|3.89|3.41
BRCJM01|BRCJ1JET|BRCJ1JET|9000084|Shipped|RUSH||61915384000167||||DSV||2|.2|.002|2|2|Y|08-24-2026 14:44:23|08-24-2026 14:44:23|||08-24-2026 14:45:03|08-24-2026 14:45:22|08-24-2026 14:53:14|08-24-2026 15:20:56|08-24-2026 15:25:14||08-24-2026 15:25:25|09-11-2026 10:05:52|09-11-2026 10:05:56|.68|427.36|426.68
BRCJM01|BRCJ1JET|BRCJ1JET|9000086|Shipped|RUSH||64629695000158||||DSV||3|.12|.000012|12|12|Y|08-28-2026 12:32:38|08-28-2026 12:32:38|||08-28-2026 12:33:52|08-28-2026 12:34:12|08-28-2026 16:20:24|08-28-2026 16:43:51|08-28-2026 16:50:05||08-28-2026 16:50:40|09-01-2026 15:46:36|09-01-2026 15:46:39|4.3|99.23|94.93
BRCJM01|BRCJ1JET|BRCJ1JET|9000087|Shipped|RUSH||61915384000167||||DSV||1|0|0|2|2|Y|09-08-2026 10:43:50|09-08-2026 10:43:50|||09-08-2026 10:45:14|09-08-2026 10:45:46|09-08-2026 10:58:16|09-08-2026 10:58:16|09-08-2026 11:13:45||09-08-2026 11:14:13|09-10-2026 09:53:19|09-10-2026 09:53:22|.51|47.16|46.65
BRCJM01|BRCJ1JET|BRCJ1JET|MKT1506-001-RJ|Shipped|RUSH||61915384000329||||DSV||5|2.17|.016057|73|73|Y|06-15-2026 16:46:58|06-15-2026 16:46:58||||||||||06-19-2026 08:04:08|06-19-2026 08:04:11||87.29|
BRCJM01|BRCJ1JET|BRCJ1JET|MKT1506-001-RJ-1|Shipped|RUSH||61915384000329||||DSV||2|.27|.000027|27|27|Y|06-16-2026 08:38:18|06-16-2026 08:38:18|||06-16-2026 08:42:55|06-16-2026 08:44:25|06-16-2026 11:06:02|06-16-2026 11:26:06|06-16-2026 11:40:55||06-16-2026 11:50:39|06-19-2026 08:11:31|06-19-2026 08:11:44|3.21|71.56|68.35
BRCJM01|BRCJ1JET|BRCJ1JET|MKT1506-002-RJ|Shipped|RUSH||61915384000329||||DSV||7|2.44|.016084|100|100|Y|06-15-2026 17:44:16|06-16-2026 08:07:13||||06-16-2026 08:16:29|06-16-2026 10:21:06|06-16-2026 10:46:19|06-16-2026 12:16:38||06-16-2026 12:20:08|06-19-2026 07:59:41|06-19-2026 07:59:44|18.6|86.26|67.66
BRCJM01|BRCJ1JET|BRCJ1JET|MKT1506-003-BH|Shipped|RUSH||61915384000329||||DSV||5|2.17|.016057|73|73|Y|06-15-2026 16:44:56|06-15-2026 16:44:56||||||||||06-19-2026 08:03:05|06-19-2026 08:03:08||87.3|
BRCJM01|BRCJ1JET|BRCJ1JET|MKT1506-003-BH-1|Shipped|RUSH||63935384000329||||DSV||2|.27|.000027|27|27|Y|06-16-2026 08:38:18|06-16-2026 08:38:18|||06-16-2026 08:42:55|06-16-2026 08:44:25|06-16-2026 10:56:44|06-16-2026 10:59:10|06-16-2026 11:26:30||06-16-2026 11:50:42|06-19-2026 08:14:34|06-19-2026 08:14:38|3.21|71.61|68.4
BRCJM01|BRCJ1JET|BRCJ1JET|MKT1506-004-MG|Shipped|RUSH||61915384000329||||DSV||5|2.17|.016057|73|73|Y|06-15-2026 16:44:57|06-15-2026 16:44:57||||||||||06-19-2026 08:04:47|06-19-2026 08:04:53||87.33|
BRCJM01|BRCJ1JET|BRCJ1JET|MKT1506-004-MG-1|Shipped|RUSH||63935384000329||||DSV||2|.27|.000027|27|27|Y|06-16-2026 08:38:18|06-16-2026 08:38:18|||06-16-2026 08:42:55|06-16-2026 08:44:25|06-16-2026 10:54:37|06-16-2026 10:57:33|06-16-2026 11:22:30||06-16-2026 11:50:47|06-19-2026 08:12:14|06-19-2026 08:12:34|3.21|71.57|68.36
BRCJM01|BRCJ1JET|BRCJ1JET|MKT1506-005-PR|Shipped|RUSH||61915384000329||||DSV||5|2.17|.016057|73|73|Y|06-15-2026 16:46:58|06-15-2026 16:46:58|||||||||06-24-2026 11:00:40|06-24-2026 11:37:15|06-24-2026 11:37:19|210.23|210.84|.61
BRCJM01|BRCJ1JET|BRCJ1JET|MKT1506-005-PR-1|Shipped|RUSH||63935384000329||||DSV||2|.27|.000027|27|27|Y|06-16-2026 08:39:18|06-16-2026 08:39:18|||06-16-2026 08:42:55|06-16-2026 08:44:25|06-16-2026 10:45:38|06-16-2026 10:48:23|06-16-2026 11:15:05||06-16-2026 11:17:49|06-19-2026 08:16:08|06-19-2026 08:16:12|2.64|71.61|68.97
BRCJM01|BRCJ1JET|BRCJ1JET|MKT1506-006-PR|Shipped|RUSH||61915384000329||||DSV||7|2.44|.016084|100|100|Y|06-16-2026 08:08:13|06-16-2026 08:08:13|||06-16-2026 08:12:19|06-16-2026 08:16:29|06-16-2026 10:55:38|06-16-2026 11:13:43|06-16-2026 13:54:16||06-16-2026 13:54:30|06-19-2026 07:59:12|06-19-2026 07:59:15|5.77|71.85|66.08
BRCJM01|BRCJ1JET|BRCJ1JET|MKT1506-007-PR|Shipped|RUSH||61915384000329||||DSV||5|2.17|.016057|73|73|Y|06-15-2026 16:47:58|06-15-2026 16:47:58||||||||||06-19-2026 08:01:02|06-19-2026 08:01:06||87.22|
BRCJM01|BRCJ1JET|BRCJ1JET|MKT1506-007-PR-1|Shipped|RUSH||63935384000329||||DSV||2|.27|.000027|27|27|Y|06-16-2026 08:39:18|06-16-2026 08:39:18|||06-16-2026 08:42:55|06-16-2026 08:44:25|06-16-2026 10:36:52|06-16-2026 10:40:30|06-16-2026 11:32:29||06-16-2026 11:50:40|06-19-2026 08:13:59|06-19-2026 08:14:03|3.19|71.58|68.39
BRCJM01|BRCJ1JET|BRCJ1JET|MKT1506-008-PR|Shipped|RUSH||61915384000329||||DSV||5|2.17|.016057|73|73|Y|06-15-2026 16:47:58|06-15-2026 16:47:58||||||||||06-19-2026 08:02:19|06-19-2026 08:02:24||87.24|
BRCJM01|BRCJ1JET|BRCJ1JET|MKT1506-008-PR-1|Shipped|RUSH||63935384000329||||DSV||2|.27|.000027|27|27|Y|06-16-2026 08:39:19|06-16-2026 08:39:19|||06-16-2026 08:42:55|06-16-2026 08:44:25|06-16-2026 10:29:33|06-16-2026 10:31:24|06-16-2026 11:50:00||06-16-2026 11:50:22|06-19-2026 08:16:32|06-19-2026 08:16:42|3.18|71.62|68.44
BRCJM01|BRCJ1JET|BRCJ1JET|MKT1506-009-GO|Shipped|RUSH||61915384000329||||DSV||5|2.17|.016057|73|73|Y|06-15-2026 16:47:58|06-15-2026 16:47:58||||||||||06-19-2026 08:01:29|06-19-2026 08:01:32||87.23|
BRCJM01|BRCJ1JET|BRCJ1JET|MKT1506-009-GO-1|Shipped|RUSH||63935384000329||||DSV||2|.27|.000027|27|27|Y|06-16-2026 08:39:18|06-16-2026 08:39:18|||06-16-2026 08:43:45|06-16-2026 08:44:25|06-16-2026 10:24:27|06-16-2026 10:26:48|06-16-2026 11:44:22||06-16-2026 11:50:18|06-19-2026 08:15:15|06-19-2026 08:15:19|3.18|71.6|68.42
BRCJM01|BRCJ1JET|BRCJ1JET|MKT1506-010-TO|Shipped|RUSH||61915384000329||||DSV||5|2.17|.016057|73|73|Y|06-15-2026 16:47:58|06-15-2026 16:47:58||||||||||06-19-2026 08:01:56|06-19-2026 08:01:59||87.23|
BRCJM01|BRCJ1JET|BRCJ1JET|MKT1506-010-TO-1|Shipped|RUSH||63935384000329||||DSV||2|.27|.000027|27|27|Y|06-16-2026 08:39:19|06-16-2026 08:39:19|||06-16-2026 08:42:55|06-16-2026 08:44:25|06-16-2026 10:14:01|06-16-2026 10:16:54|06-16-2026 10:58:29||06-16-2026 11:18:03|06-19-2026 08:13:15|06-19-2026 08:13:21|2.65|71.57|68.92
BRCJM01|BRCJ1JET|BRCJ1JET|MKT1706-011-SP|Shipped|NORMAL||61915384000329||||DSV||7|4.88|.032168|200|200|Y|06-17-2026 16:34:24|06-17-2026 16:34:24|||06-17-2026 16:34:33|06-17-2026 16:35:48|06-17-2026 22:38:09|06-17-2026 22:48:58|06-18-2026 09:08:48||06-18-2026 09:11:41|06-19-2026 07:58:47|06-19-2026 07:58:51|16.62|39.41|22.79
