Site|Client|Owner|Order Id|Status|Order Type|Retailer Id|Address id|To Postal code|To County|To Country|Carrier Id|Dispatch Method|Lines|Total weight|Total volume|Qty ordered|Qty shipped|Shipped in full|Creation Date|Order Date|Ship By Date|Deliver By Date|Released|Allocated|In Progress|Picked|Packed|Awaiting|Ready To Load|Complete|Shipped|Creation to Ready to Load|Creation to Shipped|Ready to Load to Shipped
BRCJM01|BROLESEN|BROLESEN|10000.0|Shipped|||C10930||||T7||1|500|.5|500|500|Y|06-24-2026 12:42:57|06-24-2026 12:31:21||||06-24-2026 12:44:00|06-24-2026 16:56:31|06-24-2026 16:59:37|06-24-2026 17:47:44||06-26-2026 15:51:28|06-26-2026 15:51:28|06-30-2026 08:31:55|51.14|139.82|88.67
BRCJM01|BROLESEN|BROLESEN|10001.0|Shipped|||C9233|05550-010|SP|BR|T7||1|4975|4.975|4975|4975|Y|06-24-2026 12:37:55|06-24-2026 12:31:28||||06-24-2026 12:42:40|06-25-2026 07:43:35|06-25-2026 18:06:18|06-25-2026 18:07:25||06-25-2026 18:30:00|06-25-2026 18:30:00|06-26-2026 09:17:32|29.87|44.66|14.79
BRCJM01|BROLESEN|BROLESEN|10002.0|Shipped|||C10587|14075-310|SP|BR|T7||1|1500|1.5|1500|1500|Y|06-24-2026 12:37:55|06-24-2026 12:31:49||||06-24-2026 12:42:41|06-24-2026 16:42:59|06-24-2026 17:18:50|06-24-2026 17:22:50||06-26-2026 09:19:10|06-26-2026 09:19:10|06-26-2026 09:20:45|44.69|44.71|.03
BRCJM01|BROLESEN|BROLESEN|10003.0|Shipped|||C9199|12010-160|SP|BR|T7||1|200|.2|200|200|Y|06-24-2026 12:36:53|06-24-2026 12:31:54||||06-24-2026 12:42:41|06-24-2026 17:21:45|06-24-2026 17:21:45|06-24-2026 17:57:37||06-25-2026 12:48:46|06-25-2026 12:48:46|06-26-2026 09:17:31|24.2|44.68|20.48
BRCJM01|BROLESEN|BROLESEN|10004.0|Shipped|||C9161|83212-250|PR|BR|T7||1|100|.1|100|100|Y|06-25-2026 11:38:54|06-25-2026 11:35:16||||06-25-2026 11:43:07|06-25-2026 16:00:41|06-29-2026 10:31:54|06-29-2026 10:32:17||06-29-2026 10:45:04|06-29-2026 10:45:04|06-30-2026 08:31:58|95.1|116.88|21.78
BRCJM01|BROLESEN|BROLESEN|10005.0|Shipped|||C9161|83212-250|PR|BR|T7||1|50|.05|50|50|Y|06-25-2026 11:38:55|06-25-2026 11:35:20||||06-25-2026 11:43:08|06-25-2026 16:04:43|06-25-2026 16:04:43|06-25-2026 16:24:06||06-29-2026 10:43:59|06-29-2026 10:43:59|06-30-2026 08:31:58|95.08|116.88|21.8
BRCJM01|BROLESEN|BROLESEN|10006.0|Shipped|||C9162|38415-517|MG|BR|T7||1|100|.1|100|100|Y|06-25-2026 11:41:56|06-25-2026 11:35:26||||06-25-2026 11:43:08|06-25-2026 16:11:21|06-25-2026 16:17:23|06-25-2026 16:28:52||06-29-2026 10:44:00|06-29-2026 10:44:00|06-30-2026 08:31:58|95.03|116.83|21.8
BRCJM01|BROLESEN|BROLESEN|10007.0|Shipped|||C9093|13288-166|SP|BR|T7||2|10000|10|10000|10000|Y|06-25-2026 11:41:56|06-25-2026 11:35:47||||06-25-2026 11:43:08|06-25-2026 16:28:56|06-25-2026 18:02:08|06-25-2026 19:11:41||06-26-2026 18:53:10|06-26-2026 18:53:11|06-30-2026 08:31:58|31.19|116.83|85.65
BRCJM01|BROLESEN|BROLESEN|10008.0|Shipped|||C9197|06705-420|SP|BR|T7||3|2700|2.7|2700|2700|Y|06-25-2026 11:41:56|06-25-2026 11:31:17||||06-25-2026 11:43:07|06-25-2026 17:26:59|06-25-2026 17:57:27|06-25-2026 20:11:46||06-26-2026 16:04:47|06-26-2026 16:04:47|06-30-2026 08:31:58|28.38|116.83|88.45
BRCJM01|BROLESEN|BROLESEN|10009.0|Shipped|||C9274||||T7||1|200|.2|200|200|Y|06-25-2026 18:21:08|06-25-2026 17:59:15||||06-26-2026 06:34:12|06-26-2026 06:49:19|06-26-2026 06:52:12|06-26-2026 08:53:05||06-26-2026 16:40:39|06-26-2026 16:40:39|06-30-2026 09:16:15|22.33|110.92|88.59
BRCJM01|BROLESEN|BROLESEN|10010.0|Shipped|||C9903||||T7||1|25|.025|25|25|Y|06-25-2026 18:21:08|06-25-2026 17:59:19||||06-25-2026 18:31:39|06-25-2026 20:22:56|06-25-2026 20:22:56|06-25-2026 22:18:12||06-30-2026 09:00:18|06-30-2026 09:00:18|06-30-2026 09:13:49|110.65|110.88|.23
BRCJM01|BROLESEN|BROLESEN|10013.0|Shipped|||C9034|13612-200|SP|BR|T7||2|800|.8|800|800|Y|06-25-2026 18:03:03|06-25-2026 17:59:24||||06-25-2026 18:31:39|06-25-2026 20:10:55|06-25-2026 20:16:19|06-25-2026 20:22:21||06-30-2026 09:00:38|06-30-2026 09:00:38|06-30-2026 09:13:49|110.96|111.18|.22
BRCJM01|BROLESEN|BROLESEN|10014.0|Shipped|||C13695||||T7||1|100|.1|100|100|Y|06-25-2026 18:21:08|06-25-2026 17:59:43||||06-25-2026 18:31:39|06-25-2026 20:32:47|06-25-2026 20:32:47|06-25-2026 22:16:02||06-26-2026 15:57:30|06-26-2026 15:57:30|06-30-2026 08:31:55|21.61|110.18|88.57
BRCJM01|BROLESEN|BROLESEN|10015.0|Shipped|||C13697||||T7||1|100|.1|100|100|Y|06-26-2026 14:54:09|06-26-2026 14:39:14||||06-26-2026 14:55:31|06-26-2026 15:25:21|06-26-2026 15:25:21|06-26-2026 18:08:07||06-29-2026 11:58:39|06-29-2026 11:58:39|06-30-2026 08:31:55|69.08|89.63|20.55
BRCJM01|BROLESEN|BROLESEN|10016.0|Shipped|||C13697||||T7||1|400|.4|400|400|Y|06-26-2026 14:54:09|06-26-2026 14:39:18||||06-26-2026 14:55:31|06-26-2026 15:38:34|06-26-2026 15:38:34|06-26-2026 17:59:41||06-29-2026 11:58:26|06-29-2026 11:58:26|06-30-2026 08:31:55|69.07|89.63|20.56
BRCJM01|BROLESEN|BROLESEN|10017.0|Shipped|||C13211||||T7||3|27|.027|27|27|Y|06-26-2026 14:54:09|06-26-2026 14:39:24||||06-26-2026 14:55:31|06-26-2026 15:46:38|06-26-2026 16:02:48|06-26-2026 17:08:02||07-21-2026 16:17:42|07-21-2026 16:17:42|07-22-2026 08:34:17|601.39|617.67|16.28
BRCJM01|BROLESEN|BROLESEN|10018.0|Shipped|||C9129|09520-660|SP|BR|T7||2|475|.475|475|475|Y|06-26-2026 14:54:09|06-26-2026 14:39:53||||06-26-2026 14:55:31|06-26-2026 16:30:11|06-26-2026 16:37:22|06-26-2026 17:40:45||06-29-2026 09:57:52|06-29-2026 09:57:52|06-30-2026 09:16:14|67.06|90.37|23.31
BRCJM01|BROLESEN|BROLESEN|10019.0|Shipped|||C9199|12010-160|SP|BR|T7||2|500|.5|500|500|Y|06-26-2026 14:45:05|06-26-2026 14:40:05||||06-26-2026 14:55:31|06-26-2026 16:46:08|06-26-2026 16:59:45|06-26-2026 17:25:05||06-29-2026 11:58:15|06-29-2026 11:58:15|06-30-2026 08:31:59|69.22|89.78|20.56
BRCJM01|BROLESEN|BROLESEN|10020.0|Shipped|||C9129||||T7||1|125|.125|125|125|Y|06-26-2026 18:38:44|06-26-2026 18:15:15||||06-26-2026 18:39:55|06-27-2026 08:31:09|06-27-2026 08:31:09|06-27-2026 11:37:03||06-30-2026 09:00:42|06-30-2026 09:00:42|06-30-2026 09:16:14|86.37|86.63|.26
BRCJM01|BROLESEN|BROLESEN|10022.0|Shipped|||C10237|13601-901|SP|BR|T7||1|500|.5|500|500|Y|06-29-2026 11:30:51|06-29-2026 11:19:16||||06-29-2026 11:37:00|06-29-2026 17:11:49|06-29-2026 17:11:49|06-29-2026 18:09:56||06-30-2026 15:25:02|06-30-2026 15:25:02|07-01-2026 08:46:29|27.9|45.26|17.36
BRCJM01|BROLESEN|BROLESEN|10023.0|Shipped|||C10237|13601-901|SP|BR|T7||1|1000|1|1000|1000|Y|06-29-2026 11:30:53|06-29-2026 11:19:21||||06-29-2026 11:37:01|06-29-2026 17:32:49|06-29-2026 17:39:44|06-29-2026 17:56:45||06-30-2026 15:23:45|06-30-2026 15:23:45|07-01-2026 08:46:29|27.88|45.26|17.38
BRCJM01|BROLESEN|BROLESEN|10024.0|Shipped|||C14918||||T7||1|1000|1|1000|1000|Y|06-29-2026 11:31:53|06-29-2026 11:19:26||||06-29-2026 11:37:01|06-29-2026 17:16:45|06-29-2026 18:09:16|06-29-2026 18:09:29||07-01-2026 08:45:21|07-01-2026 08:45:21|07-01-2026 08:46:31|45.22|45.24|.02
BRCJM01|BROLESEN|BROLESEN|10025.0|Shipped|||C11888||||T7||1|160|.16|160|160|Y|06-29-2026 11:31:53|06-29-2026 11:19:51||||06-29-2026 11:37:01|06-29-2026 17:02:02|06-29-2026 17:02:02|06-29-2026 18:12:16||06-30-2026 12:36:51|06-30-2026 12:36:51|07-01-2026 08:46:29|25.08|45.24|20.16
BRCJM01|BROLESEN|BROLESEN|10026.0|Shipped|||C14924||||T7||1|50|.05|50|50|Y|07-01-2026 10:09:39|07-01-2026 10:03:14||||07-01-2026 10:13:04|07-01-2026 10:14:52|07-01-2026 10:15:09|07-01-2026 10:15:14||07-01-2026 10:15:25|07-01-2026 10:15:25|07-01-2026 10:15:54|.1|.1|.01
BRCJM01|BROLESEN|BROLESEN|10027.0|Shipped|||C10373|18919-899|SP|BR|T7||4|2000|2|2000|2000|Y|07-01-2026 10:09:40|07-01-2026 10:03:26||||07-01-2026 10:13:04|07-01-2026 10:55:46|07-01-2026 10:56:51|07-01-2026 11:05:59||07-01-2026 11:05:59|07-01-2026 11:05:59|07-02-2026 11:39:57|.94|25.5|24.57
BRCJM01|BROLESEN|BROLESEN|10028.0|Shipped|||C11889||||T7||1|1500|1.5|1500|1500|Y|06-29-2026 11:31:53|06-29-2026 11:20:06||||06-29-2026 11:37:02|06-29-2026 18:19:04|06-29-2026 18:50:41|06-29-2026 18:51:36||06-30-2026 14:08:29|06-30-2026 14:08:29|07-01-2026 08:46:29|26.61|45.24|18.63
BRCJM01|BROLESEN|BROLESEN|10029.0|Shipped|||C13211||||T7||1|1|.001|1|1|Y|06-29-2026 17:23:12|06-29-2026 16:51:15||||06-29-2026 17:36:03|06-29-2026 17:43:24|06-29-2026 17:43:24|06-29-2026 18:19:35||07-29-2026 07:22:53|07-29-2026 07:22:53|07-29-2026 07:23:01|709.99|710|0
BRCJM01|BROLESEN|BROLESEN|10031.0|Shipped|||C10546|06528-001|SP|BR|T7||1|500|.5|500|500|Y|07-01-2026 11:19:55|07-01-2026 11:07:14||||07-01-2026 11:26:44|07-01-2026 12:54:58|07-01-2026 12:54:58|07-01-2026 13:38:30||07-02-2026 18:40:57|07-02-2026 18:40:57|07-03-2026 11:16:57|31.35|47.95|16.6
BRCJM01|BROLESEN|BROLESEN|10032.0|Shipped|||C9239|19904-000|SP|BR|T7||2|125|.125|125|125|Y|07-01-2026 11:08:53|07-01-2026 11:07:22||||07-01-2026 11:26:44|07-01-2026 13:11:53|07-01-2026 13:22:32|07-01-2026 13:46:37||07-07-2026 08:59:26|07-07-2026 08:59:26|07-08-2026 07:46:35|141.84|164.63|22.79
BRCJM01|BROLESEN|BROLESEN|10033.0|Shipped|||C9195|89251-901|SC|BR|T7||4|95|.095|95|95|Y|07-01-2026 16:54:17|07-01-2026 16:51:18||||07-01-2026 17:20:54|07-01-2026 21:07:33|07-01-2026 21:24:06|07-01-2026 22:10:25||07-07-2026 10:44:50|07-07-2026 10:44:50|07-08-2026 07:46:35|137.84|158.87|21.03
BRCJM01|BROLESEN|BROLESEN|10034.0|Shipped|||C9508|06455-020|SP|BR|T7||1|80|.08|80|80|Y|07-01-2026 11:11:53|07-01-2026 11:07:24||||07-01-2026 11:26:45|07-01-2026 13:07:26|07-01-2026 13:07:26|07-01-2026 13:40:28||07-17-2026 10:12:17|07-17-2026 10:12:17|07-18-2026 12:08:24|383.01|408.94|25.94
BRCJM01|BROLESEN|BROLESEN|10035.0|Shipped|||C9657|75533-020|GO|BR|T7||1|25|.025|25|25|Y|07-01-2026 13:52:29|07-01-2026 13:47:14||||07-01-2026 14:03:40|07-01-2026 16:01:41|07-01-2026 16:01:41|07-01-2026 16:38:43||07-02-2026 10:30:34|07-02-2026 10:30:34|07-02-2026 11:39:58|20.63|21.79|1.16
BRCJM01|BROLESEN|BROLESEN|10036.0|Shipped|||C9413||||T7||1|550|.55|550|550|Y|07-01-2026 14:09:34|07-01-2026 14:03:13||||07-01-2026 14:10:07|07-01-2026 14:35:56|07-01-2026 14:44:46|07-01-2026 15:02:36||07-02-2026 18:21:53|07-02-2026 18:21:53|07-03-2026 11:16:58|28.21|45.12|16.92
BRCJM01|BROLESEN|BROLESEN|10039.0|Shipped|||C10584|18606-292|SP|BR|T7||2|125|.125|125|125|Y|07-02-2026 14:12:03|07-02-2026 14:07:16||||07-02-2026 14:20:05|07-02-2026 20:36:25|07-02-2026 20:41:45|07-02-2026 21:40:45||07-03-2026 11:51:09|07-03-2026 11:51:09|07-06-2026 10:09:17|21.65|91.95|70.3
BRCJM01|BROLESEN|BROLESEN|10040.0|Shipped|||C11865||||T7||1|400|.4|400|400|Y|07-02-2026 14:13:03|07-02-2026 14:07:20||||07-02-2026 14:20:05|07-02-2026 21:27:14|07-02-2026 21:27:45|07-02-2026 21:50:28||07-03-2026 12:27:04|07-03-2026 12:27:04|07-06-2026 10:09:17|22.23|91.94|69.7
BRCJM01|BROLESEN|BROLESEN|10041.0|Shipped|||C14943||||T7||1|2325|2.325|2325|2325|Y|07-02-2026 14:14:03|07-02-2026 14:07:27||||07-02-2026 14:20:05|07-02-2026 21:43:51|07-02-2026 22:04:56|07-02-2026 22:06:36||07-03-2026 15:38:55|07-03-2026 15:38:55|07-06-2026 10:09:18|25.41|91.92|66.51
BRCJM01|BROLESEN|BROLESEN|10042.0|Shipped|||C13384||||T7||1|1000|1|1000|1000|Y|07-02-2026 14:14:03|07-02-2026 14:07:53||||07-02-2026 14:20:06|07-02-2026 21:32:50|07-02-2026 21:38:03|07-02-2026 22:15:16||07-03-2026 12:27:25|07-03-2026 12:27:25|07-06-2026 10:09:17|22.22|91.92|69.7
BRCJM01|BROLESEN|BROLESEN|10043.0|Shipped|||C9354|75132-020|GO|BR|T7||2|2020|2.02|2020|2020|Y|07-02-2026 14:16:05|07-02-2026 14:08:04||||07-02-2026 14:20:06|07-02-2026 22:29:46|07-02-2026 23:05:02|07-02-2026 23:14:53||07-03-2026 16:38:59|07-03-2026 16:38:59|07-06-2026 10:09:19|26.38|91.89|65.51
BRCJM01|BROLESEN|BROLESEN|10044.0|Shipped|||C9354|75132-020|GO|BR|T7||1|800|.8|800|800|Y|07-02-2026 14:15:05|07-02-2026 14:08:04||||07-02-2026 14:20:06|07-02-2026 22:55:04|07-02-2026 22:55:04|07-02-2026 23:03:16||07-03-2026 16:39:15|07-03-2026 16:39:15|07-06-2026 10:09:19|26.4|91.9|65.5
BRCJM01|BROLESEN|BROLESEN|10045.0|Shipped|||C9113|09950-350|SP|BR|T7||3|650|.65|650|650|Y|07-02-2026 14:06:01|07-02-2026 14:03:15||||07-02-2026 14:20:05|07-02-2026 21:00:54|07-02-2026 21:07:47|07-02-2026 21:34:53||07-03-2026 10:42:05|07-03-2026 10:42:05|07-03-2026 11:16:58|20.6|21.18|.58
BRCJM01|BROLESEN|BROLESEN|10046.0|Shipped|||C9333|03514-000|SP|BR|T7||3|225|.225|225|225|Y|07-02-2026 14:20:06|07-02-2026 14:08:18||||07-02-2026 14:20:46|07-02-2026 22:10:10|07-02-2026 22:20:15|07-03-2026 17:35:21||07-03-2026 17:43:46|07-03-2026 17:43:46|07-06-2026 10:09:18|27.39|91.82|64.43
BRCJM01|BROLESEN|BROLESEN|10047.0|Shipped|||C9333||||T7||1|60|.06|60|60|Y|07-02-2026 17:09:56|07-02-2026 16:59:13||||07-02-2026 17:15:04|07-02-2026 20:47:39|07-02-2026 20:50:47|07-02-2026 21:31:33||07-03-2026 17:43:15|07-03-2026 17:43:15|07-06-2026 10:09:19|24.56|88.99|64.43
BRCJM01|BROLESEN|BROLESEN|10048.0|Shipped|||C9252|09980-380|SP|BR|T7||4|590|.59|590|590|Y|07-03-2026 14:03:19|07-03-2026 13:55:17||||07-03-2026 14:06:22|07-03-2026 20:12:35|07-03-2026 20:42:15|07-03-2026 21:32:21||07-06-2026 12:34:46|07-06-2026 12:34:46|07-07-2026 09:38:41|70.52|91.59|21.07
BRCJM01|BROLESEN|BROLESEN|10049.0|Shipped|||C9561|06730-000|SP|BR|T7||2|75|.075|75|75|Y|07-03-2026 14:18:30|07-03-2026 14:15:15||||07-03-2026 14:24:37|07-03-2026 16:37:16|07-03-2026 16:39:36|07-03-2026 17:17:37||07-13-2026 09:07:04|07-13-2026 09:07:04|07-14-2026 10:58:14|234.81|260.66|25.85
BRCJM01|BROLESEN|BROLESEN|10050.0|Shipped|||C9093|13288-166|SP|BR|T7||3|10000|10|10000|10000|Y|07-03-2026 14:03:19|07-03-2026 13:55:26||||07-03-2026 14:06:22|07-03-2026 19:19:13|07-03-2026 20:43:15|07-03-2026 21:12:39||07-06-2026 14:01:21|07-06-2026 14:01:21|07-07-2026 09:38:40|71.97|91.59|19.62
BRCJM01|BROLESEN|BROLESEN|10052.0|Shipped|||C9147|13295-000|SP|BR|T7||1|300|.3|300|300|Y|07-03-2026 14:03:19|07-03-2026 13:55:29||||07-03-2026 14:06:23|07-03-2026 16:59:28|07-03-2026 16:59:28|07-03-2026 17:09:37||07-06-2026 18:32:31|07-06-2026 18:32:32|07-07-2026 09:38:40|76.49|91.59|15.1
BRCJM01|BROLESEN|BROLESEN|10053.0|Shipped|||C9147|13295-000|SP|BR|T7||1|600|.6|600|600|Y|07-03-2026 14:03:19|07-03-2026 13:55:36||||07-03-2026 14:06:23|07-03-2026 16:56:15|07-03-2026 16:56:15|07-03-2026 17:13:12||07-06-2026 18:34:21|07-06-2026 18:34:21|07-07-2026 09:38:40|76.52|91.59|15.07
BRCJM01|BROLESEN|BROLESEN|10054.0|Shipped|||C9147|13295-000|SP|BR|T7||1|80|.08|80|80|Y|07-06-2026 14:25:59|07-06-2026 14:15:17||||07-06-2026 14:26:43|07-06-2026 15:28:18|07-06-2026 15:28:18|07-06-2026 16:26:40||07-06-2026 18:36:59|07-06-2026 18:36:59|07-07-2026 09:38:40|4.18|19.21|15.03
BRCJM01|BROLESEN|BROLESEN|10056.0|Shipped|||C9681|29830-000|ES|BR|T7||1|570|.57|570|570|Y|07-03-2026 14:00:17|07-03-2026 13:55:45||||07-03-2026 14:06:23|07-04-2026 09:32:27|07-04-2026 09:32:27|07-06-2026 06:49:02||07-06-2026 06:49:02|07-06-2026 06:49:02|07-07-2026 09:38:41|64.81|91.64|26.83
BRCJM01|BROLESEN|BROLESEN|10057.0|Shipped|||C9126|37706-067|MG|BR|T7||1|600|.6|600|600|Y|07-03-2026 14:03:19|07-03-2026 13:56:09||||07-03-2026 14:06:23|07-03-2026 17:02:43|07-03-2026 17:09:34|07-03-2026 18:14:20||07-06-2026 20:22:30|07-06-2026 20:22:30|07-07-2026 09:38:40|78.32|91.59|13.27
BRCJM01|BROLESEN|BROLESEN|10058.0|Shipped|||C9113|09950-350|SP|BR|T7||1|500|.5|500|500|Y|07-06-2026 14:45:04|07-06-2026 14:39:16||||07-06-2026 14:48:46|07-06-2026 16:41:39|07-06-2026 17:47:30|07-06-2026 17:52:55||07-07-2026 18:42:16|07-07-2026 18:42:16|07-08-2026 07:46:35|27.95|41.03|13.07
BRCJM01|BROLESEN|BROLESEN|10059.0|Shipped|||C9100|13485-342|SP|BR|T7||1|1000|1|1000|1000|Y|07-06-2026 14:45:04|07-06-2026 14:39:22||||07-06-2026 14:48:47|07-06-2026 16:21:35|07-06-2026 16:36:41|07-06-2026 17:34:04||07-07-2026 18:43:04|07-07-2026 18:43:04|07-08-2026 07:46:34|27.97|41.03|13.06
BRCJM01|BROLESEN|BROLESEN|10060.0|Shipped|||C10113|MARECHAL CANDIDO RON||PR|T7||1|250|.25|250|250|Y|07-06-2026 14:42:04|07-06-2026 14:39:29||||07-06-2026 14:48:47|07-06-2026 16:52:58|07-06-2026 16:52:58|07-06-2026 17:58:36||07-07-2026 18:43:12|07-07-2026 18:43:12|07-08-2026 07:46:29|28.02|41.07|13.05
BRCJM01|BROLESEN|BROLESEN|10063.0|Shipped|||C9436||||T7||1|4000|4|4000|4000|Y|07-06-2026 18:10:07|07-06-2026 18:07:17||||07-06-2026 18:12:19|07-06-2026 20:01:26|07-06-2026 22:05:09|07-06-2026 22:11:54||07-07-2026 18:03:01|07-07-2026 18:03:01|07-08-2026 07:46:35|23.88|37.61|13.73
BRCJM01|BROLESEN|BROLESEN|10064.0|Shipped|||C9094||||T7||1|100|.1|100|100|Y|07-06-2026 18:10:08|07-06-2026 18:07:20||||07-06-2026 18:12:19|07-06-2026 19:55:29|07-06-2026 19:55:29|07-06-2026 22:22:21||07-07-2026 18:44:24|07-07-2026 18:44:24|07-08-2026 07:46:34|24.57|37.61|13.04
BRCJM01|BROLESEN|BROLESEN|10065.0|Shipped|||C9194|37470-000|MG|BR|T7||1|1500|1.5|1500|1500|Y|07-07-2026 13:41:48|07-07-2026 13:39:15||||07-07-2026 13:48:38|07-07-2026 19:43:36|07-07-2026 19:47:19|07-07-2026 20:40:15||07-08-2026 18:38:06|07-08-2026 18:38:06|07-13-2026 08:50:00|28.94|139.14|110.2
BRCJM01|BROLESEN|BROLESEN|10066.0|Shipped|||C15492|07175-400|SP|BR|T7||1|160|.16|160|160|Y|07-07-2026 13:46:50|07-07-2026 13:39:23||||07-07-2026 13:48:38|07-07-2026 19:37:47|07-07-2026 19:37:47|07-07-2026 20:44:30||07-08-2026 18:54:13|07-08-2026 18:54:13|07-13-2026 08:50:02|29.12|139.05|109.93
BRCJM01|BROLESEN|BROLESEN|10069.0|Shipped|||C9234||||T7||2|2000|2|2000|2000|Y|07-07-2026 22:58:42|07-07-2026 22:43:14||||07-07-2026 23:03:51|07-08-2026 06:28:58|07-08-2026 08:22:10|07-08-2026 08:23:42||07-08-2026 15:39:42|07-08-2026 15:39:42|07-13-2026 08:50:00|16.68|129.86|113.17
BRCJM01|BROLESEN|BROLESEN|10071.0|Shipped|||C9774|29345-000|ES|BR|T7||2|125|.125|125|125|Y|07-07-2026 13:42:49|07-07-2026 13:39:44||||07-07-2026 13:48:38|07-07-2026 19:50:40|07-07-2026 19:57:45|07-07-2026 20:36:35||07-08-2026 18:53:59|07-08-2026 18:53:59|07-13-2026 08:49:59|29.19|139.12|109.93
BRCJM01|BROLESEN|BROLESEN|10073.0|Shipped|||C9200|18085-250|SP|BR|T7||2|150|.15|150|150|Y|07-07-2026 16:05:52|07-07-2026 16:03:16||||07-07-2026 16:48:36|07-07-2026 20:12:33|07-07-2026 20:15:15|07-07-2026 20:28:45||07-10-2026 10:02:27|07-10-2026 10:02:27|07-13-2026 08:50:00|65.94|136.74|70.79
BRCJM01|BROLESEN|BROLESEN|10074.0|Shipped|||C11874||||T7||2|350|.35|350|350|Y|07-07-2026 16:16:56|07-07-2026 16:03:23||||07-07-2026 16:48:37|07-07-2026 20:18:45|07-07-2026 20:46:47|07-07-2026 20:57:07||07-13-2026 08:13:23|07-13-2026 08:13:23|07-13-2026 08:50:03|135.94|136.55|.61
BRCJM01|BROLESEN|BROLESEN|10076.0|Shipped|||C10930||||T7||1|1100|1.1|1100|1100|Y|07-07-2026 22:58:43|07-07-2026 22:47:14||||07-07-2026 23:03:52|07-08-2026 07:57:20|07-08-2026 08:08:51|07-08-2026 08:32:03||07-08-2026 18:29:18|07-08-2026 18:29:18|07-13-2026 08:50:03|19.51|129.86|110.35
BRCJM01|BROLESEN|BROLESEN|10077.0|Shipped|||C9161|83212-250|PR|BR|T7||1|50|.05|50|50|Y|07-08-2026 13:29:49|07-08-2026 13:27:14||||07-08-2026 13:49:13|07-08-2026 16:14:10|07-08-2026 16:14:10|07-08-2026 17:46:11||07-10-2026 15:40:24|07-10-2026 15:40:24|07-13-2026 08:50:00|50.18|115.34|65.16
BRCJM01|BROLESEN|BROLESEN|10078.0|Shipped|||C9082|18086-390|SP|BR|T7||1|825|.825|825|825|Y|07-07-2026 16:05:54|07-07-2026 16:03:28||||07-07-2026 16:48:37|07-07-2026 21:22:33|07-07-2026 22:19:05|07-07-2026 22:20:13||07-08-2026 11:05:10|07-08-2026 11:05:10|07-13-2026 08:50:01|18.99|136.74|117.75
BRCJM01|BROLESEN|BROLESEN|10079.0|Shipped|||C9274|13171-105|SP|BR|T7||4|2500|2.5|2500|2500|Y|07-07-2026 22:59:43|07-07-2026 22:47:24||||07-07-2026 23:03:52|07-08-2026 08:17:56|07-08-2026 10:46:50|07-08-2026 10:57:53||07-13-2026 08:51:08|07-13-2026 08:51:08|07-13-2026 08:52:28|129.86|129.88|.02
BRCJM01|BROLESEN|BROLESEN|10080.0|Shipped|||C10103|52210-001|PE|BR|T7||1|1500|1.5|1500|1500|Y|07-07-2026 18:15:37|07-07-2026 18:11:19||||07-07-2026 18:19:13|07-07-2026 21:10:44|07-07-2026 21:43:59|07-07-2026 21:50:14||07-08-2026 19:10:10|07-08-2026 19:10:10|07-13-2026 08:50:04|24.91|134.57|109.67
BRCJM01|BROLESEN|BROLESEN|10081.0|Shipped|||C69112|12950-820|SP|BR|T7||1|25|.025|25|25|Y|07-07-2026 18:15:38|07-07-2026 18:11:24||||07-07-2026 18:19:14|07-07-2026 20:52:10|07-07-2026 20:52:10|07-07-2026 21:29:45||07-10-2026 11:08:07|07-10-2026 11:08:07|07-13-2026 08:50:01|64.87|134.57|69.7
BRCJM01|BROLESEN|BROLESEN|10082.0|Shipped|||C9195|89251-901|SC|BR|T7||1|20|.02|20|20|Y|07-08-2026 13:29:50|07-08-2026 13:27:18||||07-08-2026 13:49:13|07-08-2026 17:44:03|07-08-2026 17:44:03|07-08-2026 18:12:34||07-13-2026 08:51:30|07-13-2026 08:51:30|07-13-2026 08:52:28|115.36|115.38|.02
BRCJM01|BROLESEN|BROLESEN|10083.0|Shipped|||C9129|09520-660|SP|BR|T7||3|95|.095|95|95|Y|07-08-2026 13:41:53|07-08-2026 13:31:16||||07-08-2026 13:49:13|07-08-2026 20:22:18|07-08-2026 20:28:49|07-08-2026 22:26:32||07-10-2026 15:37:46|07-10-2026 15:37:46|07-13-2026 08:50:00|49.93|115.14|65.2
BRCJM01|BROLESEN|BROLESEN|10084-1|Shipped|||C6409024463|13097-160|SP|BR|T7||1|75|.075|75|75|Y|09-15-2026 09:14:05|09-15-2026 09:09:48||||09-15-2026 09:18:12|09-15-2026 09:18:51|09-15-2026 09:18:51|09-15-2026 09:19:12||09-15-2026 09:19:12|09-15-2026 09:19:12|09-15-2026 09:19:44|.09|.09|.01
BRCJM01|BROLESEN|BROLESEN|10084.0|Shipped|||C9097|89070-272|SC|BR|T7||1|1925|1.925|1925|1925|Y|07-08-2026 13:35:51|09-15-2026 09:03:58|||09-15-2026 09:10:04|09-15-2026 09:12:33|09-15-2026 09:14:53|09-15-2026 09:15:33|09-15-2026 09:15:38||09-15-2026 09:15:58|09-15-2026 09:15:58|09-15-2026 09:16:16|1651.67|1651.67|0
BRCJM01|BROLESEN|BROLESEN|10085.0|Shipped|||C9854|06885-150|SP|BR|T7||1|100|.1|100|100|Y|07-08-2026 13:41:53|07-08-2026 13:27:23||||07-08-2026 13:49:13|07-08-2026 16:39:33|07-08-2026 16:39:33|07-08-2026 17:02:37||07-10-2026 15:40:38|07-10-2026 15:40:38|07-13-2026 08:49:59|49.98|115.14|65.16
BRCJM01|BROLESEN|BROLESEN|10086.0|Shipped|||C10937|68741-740|PA|BR|T7||1|1400|1.4|1400|1400|Y|07-08-2026 16:43:02|07-08-2026 16:39:15||||07-08-2026 16:54:06|07-08-2026 19:44:47|07-08-2026 19:48:17|07-09-2026 12:33:48||07-10-2026 15:37:33|07-10-2026 15:37:33|07-13-2026 08:50:03|46.91|112.12|65.21
BRCJM01|BROLESEN|BROLESEN|10087.0|Shipped|||C9199|12010-160|SP|BR|T7||1|200|.2|200|200|Y|07-08-2026 13:35:51|07-08-2026 13:31:28||||07-08-2026 13:49:14|07-08-2026 16:34:58|07-08-2026 16:34:58|07-08-2026 17:25:49||07-10-2026 15:40:32|07-10-2026 15:40:32|07-13-2026 08:50:00|50.08|115.24|65.16
BRCJM01|BROLESEN|BROLESEN|10088.0|Shipped|||C14974||||T7||1|1000|1|1000|1000|Y|07-08-2026 13:41:52|07-08-2026 13:27:46||||07-08-2026 13:49:13|07-08-2026 16:19:46|07-08-2026 17:35:35|07-08-2026 17:36:36||07-14-2026 16:36:49|07-14-2026 16:36:49|07-15-2026 10:13:30|146.92|164.53|17.61
BRCJM01|BROLESEN|BROLESEN|10089.0|Shipped|||C9128|79062-002|MS|BR|T7||2|125|.125|125|125|Y|07-08-2026 17:57:28|07-08-2026 17:55:17||||07-08-2026 18:02:13|07-08-2026 20:05:58|07-08-2026 20:11:53|07-08-2026 22:24:10||07-13-2026 17:12:38|07-13-2026 17:12:38|07-14-2026 10:58:13|119.25|137.01|17.76
BRCJM01|BROLESEN|BROLESEN|10093.0|Shipped|||C9200|18085-250|SP|BR|T7||4|6200|6.2|6200|6200|Y|07-14-2026 10:29:43|07-14-2026 10:27:19||||07-14-2026 10:40:23|07-14-2026 10:44:51|07-14-2026 10:50:47|07-14-2026 10:50:54||07-14-2026 10:51:08|07-14-2026 10:51:08|07-14-2026 10:58:13|.36|.48|.12
BRCJM01|BROLESEN|BROLESEN|10094.0|Shipped|||C10584|18606-292|SP|BR|T7||2|250|.25|250|250|Y|07-13-2026 11:30:25|07-13-2026 11:27:17||||07-13-2026 11:44:03|07-13-2026 17:37:50|07-13-2026 17:43:32|07-13-2026 18:26:40||07-15-2026 12:36:21|07-15-2026 12:36:21|07-16-2026 07:41:12|49.1|68.18|19.08
BRCJM01|BROLESEN|BROLESEN|10095.0|Shipped|||C11368||||T7||1|300|.3|300|300|Y|07-13-2026 11:40:31|07-13-2026 11:27:23||||07-13-2026 11:44:03|07-13-2026 17:52:19|07-13-2026 17:52:19|07-13-2026 18:28:29||07-14-2026 10:32:58|07-14-2026 10:32:58|07-15-2026 10:13:29|22.87|46.55|23.68
BRCJM01|BROLESEN|BROLESEN|10097.0|Shipped|||C13211||||T7||3|175|.175|175|175|Y|07-17-2026 08:42:50|07-17-2026 08:35:19|||07-22-2026 09:04:54|07-22-2026 09:06:01|07-31-2026 08:16:53|07-31-2026 08:18:15|07-31-2026 08:18:20||07-31-2026 08:18:50|07-31-2026 08:18:50|07-31-2026 08:18:57|335.6|335.6|0
BRCJM01|BROLESEN|BROLESEN|10098.0|Shipped|||C9251|71732-050|DF|BR|T7||2|200|.2|200|200|Y|07-13-2026 11:33:26|07-13-2026 11:28:10||||07-13-2026 11:44:04|07-13-2026 18:05:55|07-13-2026 18:10:23|07-13-2026 18:41:56||07-14-2026 10:33:54|07-14-2026 10:33:54|07-14-2026 10:58:13|23.01|23.41|.41
BRCJM01|BROLESEN|BROLESEN|10099.0|Shipped|||C11889||||T7||1|1500|1.5|1500|1500|Y|07-13-2026 11:41:32|07-13-2026 11:28:06||||07-13-2026 11:44:03|07-13-2026 17:56:04|07-13-2026 18:01:34|07-13-2026 18:35:11||07-14-2026 10:34:06|07-14-2026 10:34:06|07-14-2026 10:58:10|22.88|23.28|.4
BRCJM01|BROLESEN|BROLESEN|10100.0|Shipped|||C9873|07786-450|SP|BR|T7||1|200|.2|200|200|Y|07-13-2026 11:41:32|07-13-2026 11:28:19||||07-13-2026 11:44:04|07-13-2026 16:19:14|07-13-2026 16:19:15|07-13-2026 17:55:51||07-14-2026 10:33:12|07-14-2026 10:33:13|07-14-2026 10:58:14|22.86|23.28|.42
BRCJM01|BROLESEN|BROLESEN|10101.0|Shipped|||C9094|03211-020|SP|BR|T7||2|600|.6|600|600|Y|07-13-2026 11:41:32|07-13-2026 11:28:53||||07-13-2026 11:44:04|07-13-2026 16:40:15|07-13-2026 16:44:21|07-13-2026 17:28:06||07-14-2026 10:34:23|07-14-2026 10:34:23|07-14-2026 10:58:13|22.88|23.28|.4
BRCJM01|BROLESEN|BROLESEN|10103.0|Shipped|||C10930||||T7||5|2900|2.9|2900|2900|Y|07-15-2026 12:57:50|07-15-2026 12:07:19|||07-15-2026 13:06:22|07-15-2026 13:28:02|07-15-2026 13:40:38|07-15-2026 16:10:30|07-15-2026 16:31:32||07-15-2026 18:03:23|07-15-2026 18:03:23|07-16-2026 07:41:12|5.09|18.72|13.63
BRCJM01|BROLESEN|BROLESEN|10106.0|Shipped|||C9175|55614-027|PE|BR|T7||1|50|.05|50|50|Y|07-14-2026 14:00:54|07-14-2026 13:55:40||||07-14-2026 14:14:04|07-14-2026 16:44:26|07-14-2026 16:44:26|07-14-2026 18:45:51||07-15-2026 10:37:53|07-15-2026 10:37:53|07-16-2026 07:41:14|20.62|41.67|21.06
BRCJM01|BROLESEN|BROLESEN|10107.0|Shipped|||C11874||||T7||1|1000|1|1000|1000|Y|07-14-2026 14:12:57|07-14-2026 13:56:09||||07-14-2026 14:14:04|07-14-2026 16:28:36|07-14-2026 18:22:28|07-14-2026 18:22:32||07-15-2026 10:24:37|07-15-2026 10:24:37|07-16-2026 07:41:13|20.19|41.47|21.28
BRCJM01|BROLESEN|BROLESEN|10108.0|Shipped|||C14990||||T7||1|400|.4|400|400|Y|09-15-2026 07:37:38|09-15-2026 07:21:58||||09-15-2026 07:52:00|09-15-2026 07:58:03|09-15-2026 07:58:03|09-15-2026 07:58:10||09-15-2026 07:58:21|09-15-2026 07:58:21|09-15-2026 08:01:32|.35|.4|.05
BRCJM01|BROLESEN|BROLESEN|10109.0|Shipped|||C9239|19904-000|SP|BR|T7||1|50|.05|50|50|Y|07-14-2026 17:26:41|07-14-2026 17:23:14||||07-14-2026 17:57:18|07-14-2026 19:36:17|07-14-2026 19:36:17|07-14-2026 19:53:33||07-29-2026 07:22:41|07-29-2026 07:22:41|07-29-2026 07:23:01|349.93|349.94|.01
BRCJM01|BROLESEN|BROLESEN|10110.0|Shipped|||C9192|04367-000|SP|BR|T7||3|625|.625|625|625|Y|07-14-2026 17:52:49|07-14-2026 17:23:23||||07-14-2026 17:57:18|07-14-2026 20:25:30|07-14-2026 20:36:28|07-14-2026 20:59:58||07-15-2026 10:28:52|07-15-2026 10:28:52|07-16-2026 07:41:14|16.6|37.81|21.21
BRCJM01|BROLESEN|BROLESEN|10111.0|Shipped|||C9237|75132-120|GO|BR|T7||1|1080|1.08|1080|1080|Y|07-14-2026 17:32:43|07-14-2026 17:27:16||||07-14-2026 17:57:18|07-14-2026 19:35:31|07-14-2026 21:08:47|07-14-2026 21:09:51||07-22-2026 09:19:11|07-22-2026 09:19:11|07-23-2026 06:53:53|183.77|205.35|21.58
BRCJM01|BROLESEN|BROLESEN|10112.0|Shipped|||C9237|75132-120|GO|BR|T7||1|700|.7|700|700|Y|07-14-2026 17:26:42|07-14-2026 17:23:24||||07-14-2026 17:57:18|07-14-2026 19:46:24|07-14-2026 20:42:12|07-14-2026 20:46:31||07-22-2026 09:20:06|07-22-2026 09:20:06|07-23-2026 06:53:53|183.89|205.45|21.56
BRCJM01|BROLESEN|BROLESEN|10113.0|Shipped|||C12441||||T7||1|500|.5|500|500|Y|07-14-2026 17:52:49|07-14-2026 17:27:22||||07-14-2026 17:57:18|07-14-2026 19:58:01|07-14-2026 20:02:29|07-14-2026 20:07:17||07-15-2026 16:52:43|07-15-2026 16:52:43|07-16-2026 07:41:13|23|37.81|14.81
BRCJM01|BROLESEN|BROLESEN|10114.0|Shipped|||C10798|22765-430|RJ|BR|T7||1|20|.02|20|20|Y|07-14-2026 17:27:42|07-14-2026 17:23:31||||07-14-2026 17:57:18|07-14-2026 20:22:03|07-14-2026 20:22:03|07-14-2026 20:49:43||07-21-2026 13:26:11|07-21-2026 13:26:11|07-22-2026 08:34:17|163.97|183.11|19.14
BRCJM01|BROLESEN|BROLESEN|10115.0|Shipped|||C11093||||T7||1|20|.02|20|20|Y|07-14-2026 17:51:49|07-14-2026 17:23:39||||07-14-2026 17:57:18|07-14-2026 19:31:35|07-14-2026 19:31:35|07-14-2026 20:39:08||07-23-2026 10:22:22|07-23-2026 10:22:22|07-24-2026 08:58:09|208.51|231.11|22.6
BRCJM01|BROLESEN|BROLESEN|10116.0|Shipped|||C15492|07175-400|SP|BR|T7||1|300|.3|300|300|Y|07-14-2026 17:27:42|07-14-2026 17:24:02||||07-14-2026 17:57:18|07-14-2026 20:16:15|07-14-2026 20:16:15|07-14-2026 20:28:44||07-15-2026 09:16:44|07-15-2026 09:16:44|07-15-2026 10:13:30|15.82|16.76|.95
BRCJM01|BROLESEN|BROLESEN|10118.0|Shipped|||C9879|51180-310|PE|BR|T7||2|125|.125|125|125|Y|07-15-2026 13:47:06|07-15-2026 13:43:16||||07-15-2026 14:09:47|07-15-2026 20:02:35|07-15-2026 20:09:57|07-15-2026 21:49:00||07-24-2026 08:57:48|07-24-2026 08:57:48|07-24-2026 08:58:12|211.18|211.19|.01
BRCJM01|BROLESEN|BROLESEN|10119.0|Shipped|||C11889||||T7||1|1500|1.5|1500|1500|Y|07-15-2026 14:01:13|07-15-2026 13:43:20||||07-15-2026 14:09:47|07-15-2026 19:36:59|07-15-2026 21:26:52|07-15-2026 21:27:31||07-16-2026 14:33:56|07-16-2026 14:33:56|07-17-2026 08:12:03|24.55|42.18|17.64
BRCJM01|BROLESEN|BROLESEN|10120.0|Shipped|||C10103|52210-001|PE|BR|T7||1|120|.12|120|120|Y|07-15-2026 13:48:07|07-15-2026 13:43:27||||07-15-2026 14:09:48|07-15-2026 17:41:21|07-15-2026 17:48:47|07-15-2026 18:49:56||07-16-2026 14:34:18|07-16-2026 14:34:18|07-17-2026 08:12:03|24.77|42.4|17.63
BRCJM01|BROLESEN|BROLESEN|10121.0|Shipped|||C10103|52210-001|PE|BR|T7||2|170|.17|170|170|Y|07-15-2026 13:48:07|07-15-2026 13:43:33||||07-15-2026 14:09:48|07-15-2026 19:23:35|07-15-2026 19:29:58|07-15-2026 21:21:06||07-16-2026 14:34:07|07-16-2026 14:34:07|07-17-2026 08:12:03|24.77|42.4|17.63
BRCJM01|BROLESEN|BROLESEN|10122.0|Shipped|||C9437||||T7||1|1500|1.5|1500|1500|Y|07-15-2026 14:01:13|07-15-2026 13:43:58||||07-15-2026 14:09:48|07-15-2026 17:19:27|07-15-2026 19:25:18|07-15-2026 19:27:13||07-16-2026 14:34:39|07-16-2026 14:34:39|07-17-2026 08:12:04|24.56|42.18|17.62
BRCJM01|BROLESEN|BROLESEN|10123.0|Shipped|||C17085|12072-253|SP|BR|T7||1|1500|1.5|1500|1500|Y|07-15-2026 16:54:11|07-15-2026 16:51:15||||07-15-2026 17:16:52|07-15-2026 20:29:54|07-15-2026 21:56:44|07-15-2026 21:59:48||07-16-2026 18:53:30|07-16-2026 18:53:30|07-17-2026 08:12:04|25.99|39.3|13.31
BRCJM01|BROLESEN|BROLESEN|10124.0|Shipped|||C13384||||T7||1|1000|1|1000|1000|Y|07-15-2026 17:05:23|07-15-2026 16:51:20||||07-15-2026 17:16:52|07-15-2026 20:53:34|07-15-2026 21:04:43|07-15-2026 22:28:20||07-17-2026 08:12:42|07-17-2026 08:12:42|07-17-2026 08:12:54|39.12|39.13|0
BRCJM01|BROLESEN|BROLESEN|10125.0|Shipped|||C13040||||T7||1|5|.005|5|5|Y|07-15-2026 17:05:23|07-15-2026 16:51:29||||07-15-2026 17:16:52|07-15-2026 20:24:41|07-15-2026 20:24:41|07-15-2026 22:30:41||07-16-2026 18:20:40|07-16-2026 18:20:40|07-17-2026 08:12:03|25.25|39.11|13.86
BRCJM01|BROLESEN|BROLESEN|10126.0|Shipped|||C14924||||T7||2|150|.15|150|150|Y|07-15-2026 17:06:23|07-15-2026 16:51:58||||07-15-2026 17:16:53|07-15-2026 20:46:15|07-15-2026 20:49:20|07-15-2026 22:05:16||07-16-2026 14:33:40|07-16-2026 14:33:40|07-17-2026 08:12:04|21.45|39.09|17.64
BRCJM01|BROLESEN|BROLESEN|10127.0|Shipped|||C13040||||T7||1|25|.025|25|25|Y|07-15-2026 17:07:23|07-15-2026 16:52:08||||07-15-2026 17:16:53|07-15-2026 20:18:49|07-15-2026 20:18:49|07-15-2026 21:51:15||07-15-2026 21:51:15|07-15-2026 21:51:15|07-17-2026 08:12:03|4.73|39.08|34.35
BRCJM01|BROLESEN|BROLESEN|10130.0|Shipped|||C9273|05321-010|SP|BR|T7||1|600|.6|600|600|Y|07-16-2026 13:33:38|07-16-2026 13:31:16||||07-16-2026 13:52:38|07-16-2026 17:11:08|07-16-2026 19:24:33|07-16-2026 19:27:21||07-20-2026 10:58:15|07-20-2026 10:58:16|07-21-2026 06:38:57|93.41|113.09|19.68
BRCJM01|BROLESEN|BROLESEN|10132.0|Shipped|||C9252||||T7||1|200|.2|200|200|Y|07-16-2026 13:39:50|07-16-2026 13:31:23||||07-16-2026 13:52:38|07-16-2026 16:46:37|07-16-2026 16:49:35|07-16-2026 18:24:38||07-17-2026 11:06:27|07-17-2026 11:06:27|07-18-2026 12:08:24|21.44|46.48|25.03
BRCJM01|BROLESEN|BROLESEN|10133.0|Shipped|||C9252||||T7||2|1330|1.33|1330|1330|Y|07-16-2026 13:39:49|07-16-2026 13:31:28||||07-16-2026 13:52:38|07-16-2026 16:56:49|07-16-2026 18:31:15|07-16-2026 18:32:10||07-17-2026 11:07:12|07-17-2026 11:07:12|07-18-2026 12:08:24|21.46|46.48|25.02
BRCJM01|BROLESEN|BROLESEN|10135.0|Shipped|||C13380||||T7||2|3500|3.5|3500|3500|Y|07-16-2026 16:27:52|07-16-2026 16:11:16||||07-16-2026 16:35:37|07-16-2026 19:49:00|07-16-2026 21:09:29|07-16-2026 21:14:14||07-17-2026 14:22:43|07-17-2026 14:22:43|07-18-2026 12:08:20|21.91|43.67|21.76
BRCJM01|BROLESEN|BROLESEN|10136.0|Shipped|||C9199|12010-160|SP|BR|T7||1|200|.2|200|200|Y|07-16-2026 16:15:44|07-16-2026 16:11:21||||07-16-2026 16:35:37|07-16-2026 20:06:57|07-16-2026 20:08:41|07-16-2026 21:04:01||07-17-2026 11:08:10|07-17-2026 11:08:11|07-18-2026 12:08:24|18.87|43.88|25
BRCJM01|BROLESEN|BROLESEN|10137.0|Shipped|||C10049||||T7||2|125|.125|125|125|Y|07-16-2026 16:27:52|07-16-2026 16:11:30|||07-16-2026 16:35:38|07-16-2026 17:49:38|07-16-2026 20:12:46|07-16-2026 20:59:27|07-16-2026 20:59:55||07-17-2026 17:03:25|07-17-2026 17:03:25|07-18-2026 12:08:20|24.59|43.67|19.08
BRCJM01|BROLESEN|BROLESEN|10138.0|Shipped|||C9200|18085-250|SP|BR|T7||1|1800|1.8|1800|1800|Y|07-17-2026 13:54:35|07-17-2026 13:51:16||||07-17-2026 14:05:29|07-17-2026 19:04:51|07-17-2026 19:27:09|07-17-2026 19:28:40||07-20-2026 13:41:06|07-20-2026 13:41:06|07-21-2026 06:38:57|71.78|88.74|16.96
BRCJM01|BROLESEN|BROLESEN|10140.0|Shipped|||C9240|13422-150|SP|BR|T7||1|200|.2|200|200|Y|07-20-2026 13:18:54|07-20-2026 13:15:16||||07-20-2026 13:29:57|07-20-2026 16:34:36|07-20-2026 16:34:36|07-20-2026 16:41:27||07-22-2026 14:21:14|07-22-2026 14:21:14|07-23-2026 06:53:54|49.04|65.58|16.54
BRCJM01|BROLESEN|BROLESEN|10141.0|Shipped|||C15492|07175-400|SP|BR|T7||2|6|.006|6|6|Y|07-20-2026 13:28:57|07-20-2026 13:15:23||||07-20-2026 13:29:57|07-20-2026 17:13:47|07-20-2026 17:17:41|07-20-2026 17:39:45||07-21-2026 12:16:05|07-21-2026 12:16:05|07-22-2026 08:34:16|22.79|43.09|20.3
BRCJM01|BROLESEN|BROLESEN|10142.0|Shipped|||C10103|52210-001|PE|BR|T7||1|20|.02|20|20|Y|07-20-2026 13:18:55|07-20-2026 13:15:26||||07-20-2026 13:29:57|07-20-2026 19:30:10|07-20-2026 19:30:34|07-20-2026 19:53:24||07-21-2026 12:15:43|07-21-2026 12:15:43|07-22-2026 08:34:17|22.95|43.26|20.31
BRCJM01|BROLESEN|BROLESEN|10143.0|Shipped|||C9274|13171-105|SP|BR|T7||1|100|.1|100|100|Y|07-20-2026 13:28:58|07-20-2026 13:15:33||||07-20-2026 13:29:58|07-20-2026 17:38:21|07-20-2026 17:38:21|07-20-2026 19:31:30||07-21-2026 12:15:09|07-21-2026 12:15:09|07-22-2026 08:34:16|22.77|43.09|20.32
BRCJM01|BROLESEN|BROLESEN|10144.0|Shipped|||C9239|19904-000|SP|BR|T7||1|1000|1|1000|1000|Y|07-20-2026 13:18:55|07-20-2026 13:15:53||||07-20-2026 13:29:58|07-20-2026 16:40:31|07-20-2026 16:48:31|07-20-2026 16:56:49||07-22-2026 16:11:38|07-22-2026 16:11:38|07-23-2026 06:53:53|50.88|65.58|14.7
BRCJM01|BROLESEN|BROLESEN|10145.0|Shipped|||C9353|17286-899|SP|BR|T7||1|1000|1|1000|1000|Y|07-20-2026 13:28:58|07-20-2026 13:15:59||||07-20-2026 13:29:58|07-20-2026 16:58:51|07-20-2026 17:04:01|07-20-2026 17:15:16||07-21-2026 12:14:35|07-21-2026 12:14:35|07-22-2026 08:34:16|22.76|43.09|20.33
BRCJM01|BROLESEN|BROLESEN|10146.0|Shipped|||C17085|12072-253|SP|BR|T7||1|1000|1|1000|1000|Y|07-20-2026 13:18:55|07-20-2026 13:15:59||||07-20-2026 13:29:58|07-20-2026 17:21:57|07-20-2026 19:40:28|07-20-2026 19:40:34||07-21-2026 12:15:00|07-21-2026 12:15:00|07-22-2026 08:34:16|22.93|43.26|20.32
BRCJM01|BROLESEN|BROLESEN|10147.0|Shipped|||C9903|37558-608|MG|BR|T7||2|30|.03|30|30|Y|07-20-2026 13:20:56|07-20-2026 13:16:07|||07-20-2026 13:30:24|07-20-2026 13:34:23|07-20-2026 13:47:14|07-20-2026 13:47:35|07-20-2026 13:49:01||07-20-2026 13:49:01|07-20-2026 13:49:01|07-22-2026 08:34:15|.47|43.22|42.75
BRCJM01|BROLESEN|BROLESEN|10149.0|Shipped|||C14990||||T7||2|600|.6|600|600|Y|07-20-2026 16:31:52|07-20-2026 16:15:18||||07-20-2026 17:48:34|07-20-2026 19:52:22|07-20-2026 19:53:27|07-20-2026 20:41:19||07-22-2026 15:43:58|07-22-2026 15:43:58|07-23-2026 06:53:53|47.2|62.37|15.17
BRCJM01|BROLESEN|BROLESEN|10152.0|Shipped|||C9239|19904-000|SP|BR|T7||1|25|.025|25|25|Y|07-21-2026 13:19:09|07-21-2026 13:15:22||||07-21-2026 13:52:54|07-21-2026 16:31:06|07-21-2026 16:31:06|07-21-2026 21:19:57||07-22-2026 16:10:54|07-22-2026 16:10:54|07-23-2026 06:53:53|26.86|41.58|14.72
BRCJM01|BROLESEN|BROLESEN|10153.0|Shipped|||C9561|06730-000|SP|BR|T7||1|75|.075|75|75|Y|07-21-2026 13:42:17|07-21-2026 13:39:16||||07-21-2026 13:52:54|07-21-2026 16:38:16|07-21-2026 21:16:02|07-21-2026 21:16:40||07-23-2026 16:24:42|07-23-2026 16:24:42|07-24-2026 08:58:11|50.71|67.26|16.56
BRCJM01|BROLESEN|BROLESEN|10154.0|Shipped|||C10373|18919-899|SP|BR|T7||3|500|.5|500|500|Y|07-21-2026 18:00:48|07-22-2026 11:39:18|||07-22-2026 11:44:01|07-22-2026 11:49:44|07-22-2026 13:34:13|07-22-2026 15:51:10|07-22-2026 15:59:32||07-22-2026 17:08:43|07-22-2026 17:08:44|07-23-2026 06:53:52|23.13|36.88|13.75
BRCJM01|BROLESEN|BROLESEN|10159.0|Shipped|||C11093||||T7||1|1000|1|1000|1000|Y|07-23-2026 08:21:55|07-23-2026 08:15:25||||07-23-2026 08:25:33|07-23-2026 08:33:11|07-23-2026 09:19:30|07-23-2026 09:20:54||07-23-2026 10:23:27|07-23-2026 10:23:27|07-24-2026 08:58:10|2.03|24.6|22.58
BRCJM01|BROLESEN|BROLESEN|10163.0|Shipped|||C9376||||T7||1|50|.05|50|50|Y|07-22-2026 16:28:20|07-22-2026 16:15:24||||07-22-2026 16:33:00|07-22-2026 17:02:31|07-22-2026 17:02:31|07-22-2026 20:55:16||07-23-2026 14:01:05|07-23-2026 14:01:05|07-24-2026 08:58:11|21.55|40.5|18.95
BRCJM01|BROLESEN|BROLESEN|10164.0|Shipped|||C9376||||T7||1|200|.2|200|200|Y|07-22-2026 16:28:20|07-22-2026 16:15:24||||07-22-2026 16:33:00|07-22-2026 17:07:53|07-22-2026 17:07:53|07-22-2026 20:47:01||07-23-2026 14:00:27|07-23-2026 14:00:27|07-24-2026 08:58:11|21.54|40.5|18.96
BRCJM01|BROLESEN|BROLESEN|10165.0|Shipped|||C9376||||T7||1|50|.05|50|50|Y|07-22-2026 16:28:20|07-22-2026 16:15:38||||07-22-2026 16:33:00|07-22-2026 17:15:11|07-22-2026 17:15:11|07-22-2026 20:43:46||07-23-2026 14:01:44|07-23-2026 14:01:44|07-24-2026 08:58:11|21.56|40.5|18.94
BRCJM01|BROLESEN|BROLESEN|10166.0|Shipped|||C15024||||T7||1|200|.2|200|200|Y|07-22-2026 16:28:18|07-22-2026 15:11:16||||07-22-2026 18:14:45|07-22-2026 19:55:39|07-22-2026 19:55:39|07-22-2026 20:59:38||07-23-2026 08:05:59|07-23-2026 08:05:59|07-24-2026 08:58:10|15.63|40.5|24.87
BRCJM01|BROLESEN|BROLESEN|10167.0|Shipped|||C13761||||T7||4|12000|12|12000|12000|Y|07-23-2026 08:25:57|07-23-2026 08:15:24|||07-23-2026 09:16:17|07-23-2026 09:29:35|07-23-2026 09:37:01|07-23-2026 12:30:14|07-23-2026 12:38:46||07-23-2026 14:04:21|07-23-2026 14:04:21|07-24-2026 08:58:10|5.64|24.54|18.9
BRCJM01|BROLESEN|BROLESEN|10169.0|Shipped|||C9158|29330-000|ES|BR|T7||2|1000|1|1000|1000|Y|07-23-2026 14:36:19|07-23-2026 14:31:22||||07-23-2026 14:45:08|07-23-2026 16:17:43|07-23-2026 17:39:23|07-23-2026 17:40:48||07-24-2026 11:39:17|07-24-2026 11:39:17|07-27-2026 09:15:41|21.05|90.66|69.61
BRCJM01|BROLESEN|BROLESEN|10170.0|Shipped|||C15035||||T7||1|1|.001|1|1|Y|07-23-2026 14:44:22|07-23-2026 14:31:28||||07-23-2026 14:45:08|07-23-2026 16:50:13|07-23-2026 16:50:13|07-23-2026 17:24:25||07-28-2026 12:24:37|07-28-2026 12:24:37|07-29-2026 07:19:51|117.67|136.59|18.92
BRCJM01|BROLESEN|BROLESEN|10171.0|Shipped|||C9096|06711-250|SP|BR|T7||2|500|.5|500|500|Y|07-23-2026 14:44:22|07-23-2026 14:31:55||||07-23-2026 14:45:08|07-23-2026 16:57:15|07-23-2026 17:02:56|07-23-2026 17:17:14||07-24-2026 11:40:18|07-24-2026 11:40:18|07-27-2026 09:15:40|20.93|90.52|69.59
BRCJM01|BROLESEN|BROLESEN|10173.0|Shipped|||C9175|55614-027|PE|BR|T7||4|1700|1.7|1700|1700|Y|07-23-2026 14:39:20|07-23-2026 14:32:13||||07-23-2026 14:45:08|07-23-2026 17:23:41|07-23-2026 18:46:22|07-23-2026 18:49:49||07-24-2026 11:39:50|07-24-2026 11:39:50|07-27-2026 09:15:41|21.01|90.61|69.6
BRCJM01|BROLESEN|BROLESEN|10174.0|Shipped|||C9110|59115-001|RN|BR|T7||2|1500|1.5|1500|1500|Y|07-23-2026 14:39:20|07-23-2026 14:32:07||||07-23-2026 14:45:08|07-23-2026 16:09:44|07-23-2026 17:45:15|07-23-2026 17:47:19||07-24-2026 10:50:33|07-24-2026 10:50:33|07-27-2026 09:15:40|20.19|90.61|70.42
BRCJM01|BROLESEN|BROLESEN|10175.0|Shipped|||C9161|83212-250|PR|BR|T7||1|50|.05|50|50|Y|07-23-2026 14:39:20|07-23-2026 14:32:19||||07-23-2026 14:45:09|07-23-2026 16:46:16|07-23-2026 16:46:16|07-23-2026 17:27:07||07-24-2026 14:33:43|07-24-2026 14:33:43|07-27-2026 09:15:41|23.91|90.61|66.7
BRCJM01|BROLESEN|BROLESEN|10176.0|Shipped|||C9161|83212-250|PR|BR|T7||1|50|.05|50|50|Y|07-23-2026 14:39:20|07-23-2026 14:32:27||||07-23-2026 14:45:09|07-23-2026 16:40:09|07-23-2026 16:40:09|07-23-2026 17:28:27||07-24-2026 14:33:10|07-24-2026 14:33:10|07-27-2026 09:15:41|23.9|90.61|66.71
BRCJM01|BROLESEN|BROLESEN|10177.0|Shipped|||C10679|88385-000|SC|BR|T7||2|170|.17|170|170|Y|08-26-2026 11:56:33|08-26-2026 11:51:27||||08-26-2026 11:59:45|08-26-2026 17:10:59|08-26-2026 18:15:57|08-26-2026 18:26:43||09-08-2026 19:46:40|09-08-2026 19:46:40|09-10-2026 08:44:25|319.84|356.8|36.96
BRCJM01|BROLESEN|BROLESEN|10179.0|Shipped|||C9437|03514-003|SP|BR|T7||1|1500|1.5|1500|1500|Y|07-23-2026 13:06:19|07-23-2026 13:03:15||||07-23-2026 13:20:52|07-23-2026 13:41:23|07-23-2026 16:09:16|07-23-2026 16:12:11||07-24-2026 16:51:54|07-24-2026 16:51:54|07-27-2026 09:15:41|27.76|92.16|64.4
BRCJM01|BROLESEN|BROLESEN|10181.0|Shipped|||C9128|79062-002|MS|BR|T7||1|200|.2|200|200|Y|07-23-2026 16:40:04|07-23-2026 16:35:15||||07-23-2026 16:48:17|07-23-2026 17:13:37|07-23-2026 17:57:32|07-23-2026 17:57:39||07-24-2026 11:40:01|07-24-2026 11:40:01|07-27-2026 09:15:40|19|88.59|69.59
BRCJM01|BROLESEN|BROLESEN|10184.0|Shipped|||C9252||||T7||2|220|.22|220|220|Y|07-24-2026 13:52:31|07-24-2026 13:43:16||||07-24-2026 13:55:27|07-24-2026 16:20:17|07-24-2026 16:27:35|07-24-2026 18:20:17||07-27-2026 13:58:37|07-27-2026 13:58:37|07-28-2026 07:00:46|72.1|89.14|17.04
BRCJM01|BROLESEN|BROLESEN|10185.0|Shipped|||C9232|95900-000|RS|BR|T7||1|100|.1|100|100|Y|07-24-2026 13:49:30|07-24-2026 13:43:22||||07-24-2026 13:55:27|07-24-2026 16:15:13|07-24-2026 16:15:13|07-24-2026 18:30:04||07-27-2026 13:58:19|07-27-2026 13:58:19|07-28-2026 07:00:45|72.15|89.19|17.04
BRCJM01|BROLESEN|BROLESEN|10186.0|Shipped|||C11865||||T7||1|400|.4|400|400|Y|07-24-2026 13:52:31|07-24-2026 13:43:27||||07-24-2026 13:55:27|07-24-2026 15:51:20|07-24-2026 15:51:20|07-24-2026 19:03:54||07-31-2026 08:13:59|07-31-2026 08:13:59|07-31-2026 08:14:34|162.36|162.37|.01
BRCJM01|BROLESEN|BROLESEN|10187.0|Shipped|||C10930||||T7||2|325|.325|325|325|Y|07-24-2026 14:04:35|07-24-2026 13:51:15||||07-24-2026 14:53:59|07-24-2026 15:31:18|07-24-2026 15:34:39|07-24-2026 19:18:29||07-27-2026 14:51:32|07-27-2026 14:51:32|07-28-2026 07:00:44|72.78|88.94|16.15
BRCJM01|BROLESEN|BROLESEN|10188.0|Shipped|||C10584|18606-292|SP|BR|T7||1|80|.08|80|80|Y|07-24-2026 14:57:52|07-24-2026 14:55:16||||07-24-2026 15:10:48|07-24-2026 16:52:54|07-24-2026 16:52:54|07-24-2026 17:57:39||07-27-2026 11:42:14|07-27-2026 11:42:14|07-28-2026 07:00:43|68.74|88.05|19.31
BRCJM01|BROLESEN|BROLESEN|10189.0|Shipped|||C9160|37414-310|MG|BR|T7||1|1000|1|1000|1000|Y|07-27-2026 14:30:48|07-27-2026 14:27:17||||07-27-2026 14:37:13|07-27-2026 17:18:19|07-27-2026 17:51:58|07-27-2026 17:53:10||07-28-2026 16:51:57|07-28-2026 16:51:57|07-29-2026 07:19:54|26.35|40.82|14.47
BRCJM01|BROLESEN|BROLESEN|10190.0|Shipped|||C9160|37414-310|MG|BR|T7||1|1000|1|1000|1000|Y|07-27-2026 14:30:50|07-27-2026 14:27:21||||07-27-2026 14:37:13|07-27-2026 15:20:20|07-27-2026 15:32:18|07-27-2026 16:04:07||07-28-2026 16:51:52|07-28-2026 16:51:52|07-29-2026 07:19:54|26.35|40.82|14.47
BRCJM01|BROLESEN|BROLESEN|10191.0|Shipped|||C9123|13295-454|SP|BR|T7||4|500|.5|500|500|Y|07-27-2026 14:32:52|07-27-2026 14:27:30||||07-27-2026 14:37:14|07-27-2026 17:34:40|07-27-2026 21:31:09|07-27-2026 21:31:29||07-28-2026 12:17:15|07-28-2026 12:17:15|07-29-2026 07:19:54|21.74|40.78|19.04
BRCJM01|BROLESEN|BROLESEN|10193.0|Shipped|||C9112|44053-256|BA|BR|T7||2|1300|1.3|1300|1300|Y|07-27-2026 14:31:50|07-27-2026 14:27:53||||07-27-2026 14:37:14|07-27-2026 15:40:27|07-27-2026 18:42:40|07-27-2026 18:45:34||07-28-2026 12:18:18|07-28-2026 12:18:18|07-29-2026 07:19:54|21.77|40.8|19.03
BRCJM01|BROLESEN|BROLESEN|10194.0|Shipped|||C9681|29830-000|ES|BR|T7||1|950|.95|950|950|Y|07-27-2026 14:31:50|07-27-2026 14:27:58||||07-27-2026 14:37:14|07-27-2026 21:01:04|07-27-2026 21:05:53|07-27-2026 21:12:03||07-27-2026 21:12:03|07-27-2026 21:12:03|07-31-2026 08:08:00|6.67|89.6|82.93
BRCJM01|BROLESEN|BROLESEN|10195.0|Shipped|||C10781||||T7||2|4900|4.9|4900|4900|Y|07-27-2026 16:14:32|07-27-2026 15:39:17|||07-27-2026 20:31:40|07-27-2026 20:38:25|07-27-2026 21:32:22|07-27-2026 23:10:37|07-27-2026 23:13:38||07-28-2026 14:31:06|07-28-2026 14:31:06|07-29-2026 07:19:50|22.28|39.09|16.81
BRCJM01|BROLESEN|BROLESEN|10197.0|Shipped|||C9158|29330-000|ES|BR|T7||2|1500|1.5|1500|1500|Y|07-28-2026 14:20:47|07-28-2026 14:19:18||||07-28-2026 14:29:19|07-28-2026 16:28:33|07-28-2026 16:36:20|07-28-2026 17:50:08||07-29-2026 09:51:35|07-29-2026 09:51:35|07-31-2026 08:07:59|19.51|65.79|46.27
BRCJM01|BROLESEN|BROLESEN|10198.0|Shipped|||C13697||||T7||2|950|.95|950|950|Y|07-28-2026 14:25:48|07-28-2026 14:11:18||||07-28-2026 14:29:19|07-28-2026 16:39:07|07-28-2026 17:06:17|07-28-2026 18:54:45||07-29-2026 09:52:15|07-29-2026 09:52:15|07-31-2026 08:07:58|19.44|65.7|46.26
BRCJM01|BROLESEN|BROLESEN|10199.0|Shipped|||C9195|89251-901|SC|BR|T7||2|125|.125|125|125|Y|07-28-2026 14:15:46|07-28-2026 14:11:26||||07-28-2026 14:29:19|07-28-2026 17:41:17|07-28-2026 17:47:45|07-28-2026 19:29:02||07-29-2026 09:58:57|07-29-2026 09:58:57|07-31-2026 08:08:00|19.72|65.87|46.15
BRCJM01|BROLESEN|BROLESEN|10200.0|Shipped|||C10540|18195-000|SP|BR|T7||1|25|.025|25|25|Y|07-28-2026 14:14:44|07-28-2026 14:11:29||||07-28-2026 14:29:19|07-28-2026 17:37:05|07-28-2026 17:37:05|07-28-2026 19:20:04||08-03-2026 10:30:02|08-03-2026 10:30:02|08-04-2026 06:50:27|140.26|160.6|20.34
BRCJM01|BROLESEN|BROLESEN|10203.0|Shipped|||C9163|19820-000|SP|BR|T7||1|1100|1.1|1100|1100|Y|07-28-2026 14:24:48|07-28-2026 14:19:29||||07-28-2026 14:29:21|07-28-2026 17:30:11|07-28-2026 19:06:46|07-28-2026 19:07:22||07-29-2026 09:56:35|07-29-2026 09:56:35|07-31-2026 08:08:00|19.53|65.72|46.19
BRCJM01|BROLESEN|BROLESEN|10204.0|Shipped|||C13212||||T7||3|225|.225|225|225|Y|07-28-2026 17:20:47|07-28-2026 17:11:19||||07-28-2026 17:27:31|07-28-2026 17:54:27|07-28-2026 18:04:34|07-28-2026 19:47:07||07-29-2026 09:56:51|07-29-2026 09:56:51|07-31-2026 08:07:57|16.6|62.79|46.19
BRCJM01|BROLESEN|BROLESEN|10206.0|Shipped|||C9437|03514-003|SP|BR|T7||1|60|.06|60|60|Y|07-29-2026 13:50:04|07-29-2026 13:31:18||||07-29-2026 14:00:01|07-29-2026 16:10:20|07-29-2026 16:10:20|07-29-2026 16:47:33||07-30-2026 14:21:25|07-30-2026 14:21:25|07-31-2026 08:08:00|24.52|42.3|17.78
BRCJM01|BROLESEN|BROLESEN|10208.0|Shipped|||C13620||||T7||1|60|.06|60|60|Y|07-29-2026 13:53:05|07-29-2026 13:35:19||||07-29-2026 14:00:01|07-29-2026 16:23:05|07-29-2026 16:23:05|07-29-2026 16:43:51||07-30-2026 14:21:33|07-30-2026 14:21:33|07-31-2026 08:07:57|24.47|42.25|17.77
BRCJM01|BROLESEN|BROLESEN|10210.0|Shipped|||C9126|37706-067|MG|BR|T7||1|100|.1|100|100|Y|07-29-2026 13:36:00|07-29-2026 13:31:30||||07-29-2026 14:00:01|07-29-2026 16:53:56|07-29-2026 16:53:56|07-29-2026 16:59:38||07-31-2026 09:49:35|07-31-2026 09:49:35|08-03-2026 07:57:43|44.23|114.36|70.14
BRCJM01|BROLESEN|BROLESEN|10211.0|Shipped|||C13072||||T7||1|1900|1.9|1900|1900|Y|07-30-2026 10:36:17|07-30-2026 10:03:57||||07-30-2026 10:36:51|07-30-2026 10:53:20|07-30-2026 11:16:40|07-30-2026 11:17:15||07-30-2026 12:00:17|07-30-2026 12:00:17|07-31-2026 08:07:57|1.4|21.53|20.13
BRCJM01|BROLESEN|BROLESEN|10212.0|Shipped|||C9252||||T7||2|415|.415|415|415|Y|07-29-2026 18:32:44|07-29-2026 18:00:10||||07-29-2026 18:36:45|07-29-2026 19:26:02|07-29-2026 21:39:01|07-29-2026 21:48:06||07-30-2026 14:22:38|07-30-2026 14:22:38|07-31-2026 08:08:00|19.83|37.59|17.76
BRCJM01|BROLESEN|BROLESEN|10213.0|Shipped|||C10237||||T7||1|2000|2|2000|2000|Y|07-29-2026 18:31:44|07-29-2026 17:48:02||||07-29-2026 18:36:44|07-29-2026 19:02:20|07-29-2026 19:11:21|07-29-2026 19:25:45||07-30-2026 14:22:00|07-30-2026 14:22:00|07-31-2026 08:07:56|19.84|37.6|17.77
BRCJM01|BROLESEN|BROLESEN|10214.0|Shipped|||C10575||||T7||1|140|.14|140|140|Y|07-29-2026 18:31:44|07-29-2026 17:48:05||||07-29-2026 18:36:44|07-29-2026 19:15:41|07-29-2026 19:15:41|07-29-2026 19:30:52||07-30-2026 14:22:09|07-30-2026 14:22:09|07-31-2026 08:07:57|19.84|37.6|17.76
BRCJM01|BROLESEN|BROLESEN|10215.0|Shipped|||C10584|18606-292|SP|BR|T7||2|85|.085|85|85|Y|07-29-2026 21:27:27|07-29-2026 21:24:05||||07-29-2026 21:32:44|07-29-2026 22:04:48|07-29-2026 22:10:39|07-29-2026 22:48:24||07-31-2026 12:32:54|07-31-2026 12:32:54|08-03-2026 07:57:40|39.09|106.5|67.41
BRCJM01|BROLESEN|BROLESEN|10216.0|Shipped|||C9127|44032-174|BA|BR|T7||1|3000|3|3000|3000|Y|07-29-2026 17:52:31|07-29-2026 17:48:11||||07-29-2026 18:36:45|07-29-2026 20:06:27|07-29-2026 22:05:52|07-29-2026 22:11:57||07-30-2026 14:21:14|07-30-2026 14:21:14|07-31-2026 08:07:59|20.48|38.26|17.78
BRCJM01|BROLESEN|BROLESEN|10217.0|Shipped|||C9101|13327-362|SP|BR|T7||8|720|.72|720|720|Y|07-30-2026 14:55:33|07-30-2026 14:08:20|||07-30-2026 14:58:54|07-30-2026 15:01:34|07-30-2026 17:09:07|07-30-2026 17:53:18|07-30-2026 20:40:47||07-31-2026 10:31:36|07-31-2026 10:31:36|08-03-2026 07:57:43|19.6|89.04|69.44
BRCJM01|BROLESEN|BROLESEN|10218.0|Shipped|||C9234|06705-045|SP|BR|T7||1|2250|2.25|2250|2250|Y|07-30-2026 14:55:32|07-30-2026 14:08:04||||07-30-2026 14:58:53|07-30-2026 16:46:52|07-30-2026 18:23:05|07-30-2026 18:30:32||07-31-2026 10:32:40|07-31-2026 10:32:40|08-03-2026 07:57:43|19.62|89.04|69.42
BRCJM01|BROLESEN|BROLESEN|10220.0|Shipped|||C9093||||T7||1|10000|10|10000|10000|Y|07-30-2026 18:49:52|07-30-2026 18:39:57||||07-30-2026 18:56:35|07-30-2026 20:59:23|07-30-2026 22:17:44|07-30-2026 22:36:54||07-31-2026 14:08:52|07-31-2026 14:08:52|08-03-2026 07:57:43|19.32|85.13|65.81
BRCJM01|BROLESEN|BROLESEN|10221.0|Shipped|||C9100|13485-342|SP|BR|T7||1|325|.325|325|325|Y|07-30-2026 14:55:33|07-30-2026 14:08:25||||07-30-2026 14:58:54|07-30-2026 16:26:53|07-30-2026 16:26:53|07-30-2026 18:59:49||07-31-2026 10:31:56|07-31-2026 10:31:56|08-03-2026 07:57:43|19.61|89.04|69.43
BRCJM01|BROLESEN|BROLESEN|10222.0|Shipped|||C9100|13485-342|SP|BR|T7||1|325|.325|325|325|Y|07-30-2026 14:55:33|07-30-2026 14:08:35||||07-30-2026 14:58:54|07-30-2026 16:19:58|07-30-2026 16:23:21|07-30-2026 18:55:32||08-03-2026 07:59:46|08-03-2026 07:59:46|08-03-2026 07:59:55|89.07|89.07|0
BRCJM01|BROLESEN|BROLESEN|10224.0|Shipped|||C9127|44032-174|BA|BR|T7||1|25|.025|25|25|Y|07-30-2026 12:09:43|07-30-2026 12:08:07||||07-30-2026 15:01:34|07-30-2026 15:34:53|07-30-2026 15:34:53|07-30-2026 15:37:08||07-30-2026 16:16:53|07-30-2026 16:16:53|07-31-2026 08:08:59|4.12|19.99|15.87
BRCJM01|BROLESEN|BROLESEN|10225.0|Shipped|||C9094||||T7||1|800|.8|800|800|Y|07-30-2026 18:48:44|07-30-2026 18:00:08||||07-30-2026 18:56:34|07-30-2026 22:29:44|07-30-2026 22:53:40|07-30-2026 22:55:57||07-31-2026 10:33:08|07-31-2026 10:33:08|08-03-2026 07:57:43|15.74|85.15|69.41
BRCJM01|BROLESEN|BROLESEN|10226.0|Shipped|||C15446||||T7||1|25|.025|25|25|Y|07-30-2026 18:48:45|07-30-2026 18:00:06||||07-30-2026 18:56:34|07-30-2026 22:53:27|07-30-2026 22:53:27|07-30-2026 22:58:19||07-31-2026 10:34:08|07-31-2026 10:34:08|08-03-2026 07:57:41|15.76|85.15|69.39
BRCJM01|BROLESEN|BROLESEN|10227.0|Shipped|||C11864||||T7||2|425|.425|425|425|Y|07-30-2026 18:48:51|07-30-2026 18:00:15||||07-30-2026 18:56:34|07-30-2026 22:10:15|07-30-2026 22:21:55|07-30-2026 22:51:03||07-31-2026 10:33:26|07-31-2026 10:33:26|08-03-2026 07:57:41|15.74|85.15|69.4
BRCJM01|BROLESEN|BROLESEN|10228.0|Shipped|||C15072||||T7||2|45|.045|45|45|Y|07-31-2026 11:02:40|07-31-2026 10:24:04||||07-31-2026 11:18:29|07-31-2026 13:43:38|07-31-2026 13:48:20|07-31-2026 14:09:55||07-31-2026 17:46:24|07-31-2026 17:46:24|08-03-2026 07:57:41|6.73|68.92|62.19
BRCJM01|BROLESEN|BROLESEN|10229.0|Shipped|||C9353||||T7||1|1000|1|1000|1000|Y|08-03-2026 13:58:38|08-03-2026 13:51:16||||08-03-2026 14:03:05|08-03-2026 16:39:28|08-03-2026 18:13:58|08-03-2026 18:15:16||08-04-2026 16:21:23|08-04-2026 16:21:24|08-05-2026 11:05:55|26.38|45.12|18.74
BRCJM01|BROLESEN|BROLESEN|10230.0|Shipped|||C9616||||T7||1|100|.1|100|100|Y|08-03-2026 13:58:38|08-03-2026 13:51:21||||08-03-2026 14:03:05|08-03-2026 16:35:20|08-03-2026 16:35:21|08-03-2026 18:19:41||08-04-2026 16:21:29|08-04-2026 16:21:29|08-05-2026 11:05:56|26.38|45.12|18.74
BRCJM01|BROLESEN|BROLESEN|10231.0|Shipped|||C15097||||T7||1|600|.6|600|600|Y|08-03-2026 13:58:38|08-03-2026 13:51:26||||08-03-2026 14:03:05|08-03-2026 17:23:17|08-03-2026 17:28:18|08-03-2026 20:33:54||08-04-2026 16:20:32|08-04-2026 16:20:32|08-05-2026 11:05:53|26.37|45.12|18.76
BRCJM01|BROLESEN|BROLESEN|10232.0|Shipped|||C10058|13213-055|SP|BR|T7||1|25|.025|25|25|Y|08-03-2026 13:54:35|08-03-2026 13:51:36||||08-03-2026 14:03:05|08-03-2026 19:20:23|08-03-2026 19:20:23|08-03-2026 20:49:16||08-11-2026 09:28:26|08-11-2026 09:28:26|08-12-2026 07:00:15|187.56|209.09|21.53
BRCJM01|BROLESEN|BROLESEN|10233.0|Shipped|||C9274||||T7||2|1200|1.2|1200|1200|Y|08-03-2026 13:58:38|08-03-2026 13:51:58||||08-03-2026 14:03:05|08-03-2026 16:50:05|08-03-2026 17:06:41|08-03-2026 17:33:29||08-04-2026 16:21:03|08-04-2026 16:21:03|08-05-2026 11:05:55|26.37|45.12|18.75
BRCJM01|BROLESEN|BROLESEN|10234.0|Shipped|||C9200|18085-250|SP|BR|T7||1|2000|2|2000|2000|Y|08-03-2026 13:58:38|08-03-2026 13:52:03||||08-03-2026 14:03:06|08-03-2026 17:33:17|08-03-2026 18:22:29|08-03-2026 18:25:18||08-05-2026 14:28:22|08-05-2026 14:28:23|08-07-2026 06:28:51|48.5|88.5|40.01
BRCJM01|BROLESEN|BROLESEN|10235.0|Shipped|||C9962|14056-680|SP|BR|T7||2|80|.08|80|80|Y|08-03-2026 14:01:39|08-03-2026 13:52:10||||08-03-2026 14:03:06|08-03-2026 19:24:48|08-03-2026 19:34:46|08-03-2026 20:48:12||08-04-2026 16:28:23|08-04-2026 16:28:23|08-05-2026 11:05:56|26.45|45.07|18.63
BRCJM01|BROLESEN|BROLESEN|10236.0|Shipped|||C9436||||T7||3|3415|3.415|3415|3415|Y|08-04-2026 10:34:33|08-04-2026 10:27:17||||08-04-2026 10:35:47|08-04-2026 12:18:09|08-04-2026 15:33:05|08-04-2026 15:39:06||08-04-2026 16:18:51|08-04-2026 16:18:51|08-05-2026 11:05:56|5.74|24.52|18.78
BRCJM01|BROLESEN|BROLESEN|10237.0|Shipped|||C9333|03514-000|SP|BR|T7||4|575|.575|575|575|Y|08-03-2026 14:01:39|08-03-2026 13:52:50||||08-03-2026 14:03:06|08-03-2026 20:14:51|08-03-2026 20:52:34|08-03-2026 21:19:58||08-04-2026 16:26:29|08-04-2026 16:26:29|08-05-2026 11:05:55|26.41|45.07|18.66
BRCJM01|BROLESEN|BROLESEN|10241.0|Shipped|||C9239|19904-000|SP|BR|T7||3|1500|1.5|1500|1500|Y|08-03-2026 17:18:24|08-03-2026 17:15:19|||08-03-2026 17:36:11|08-04-2026 07:58:31|08-04-2026 08:57:24|08-04-2026 11:33:59|08-04-2026 12:03:33||08-05-2026 14:06:58|08-05-2026 14:06:58|08-18-2026 08:32:15|44.81|351.23|306.42
BRCJM01|BROLESEN|BROLESEN|10242.0|Shipped|||C9123||||T7||1|25|.025|25|25|Y|08-03-2026 17:27:27|08-03-2026 17:15:22||||08-03-2026 17:36:11|08-03-2026 20:07:41|08-03-2026 20:07:41|08-03-2026 20:44:51||08-04-2026 16:26:59|08-04-2026 16:26:59|08-05-2026 11:05:55|22.99|41.64|18.65
BRCJM01|BROLESEN|BROLESEN|10245.0|Shipped|||C9333||||T7||1|60|.06|60|60|Y|08-03-2026 17:28:28|08-03-2026 17:15:32||||08-03-2026 17:36:11|08-03-2026 19:43:56|08-03-2026 19:43:56|08-03-2026 20:46:34||08-04-2026 16:27:55|08-04-2026 16:27:55|08-05-2026 11:05:55|22.99|41.62|18.63
BRCJM01|BROLESEN|BROLESEN|10246.0|Shipped|||C9082||||T7||3|71|.071|71|71|Y|08-03-2026 17:28:28|08-03-2026 17:15:58||||08-03-2026 17:36:11|08-03-2026 19:49:05|08-03-2026 20:03:18|08-03-2026 22:50:19||08-04-2026 16:27:15|08-04-2026 16:27:15|08-05-2026 11:05:55|22.98|41.62|18.64
BRCJM01|BROLESEN|BROLESEN|10248.0|Shipped|||C13723||||T7||2|6000|6|6000|6000|Y|08-04-2026 14:43:51|08-04-2026 14:39:16||||08-04-2026 14:45:56|08-04-2026 19:59:55|08-04-2026 21:54:10|08-04-2026 21:57:07||08-05-2026 09:39:12|08-05-2026 09:39:12|08-05-2026 11:05:53|18.92|20.37|1.44
BRCJM01|BROLESEN|BROLESEN|10249.0|Shipped|||C9125|83324-010|PR|BR|T7||1|80|.08|80|80|Y|08-04-2026 14:42:49|08-04-2026 14:39:20||||08-04-2026 14:45:56|08-04-2026 17:21:50|08-04-2026 17:21:50|08-04-2026 17:56:02||08-07-2026 19:05:18|08-07-2026 19:05:18|08-11-2026 06:58:03|76.37|160.25|83.88
BRCJM01|BROLESEN|BROLESEN|10251.0|Shipped|||C11874||||T7||2|40|.04|40|40|Y|08-04-2026 14:44:51|08-04-2026 14:39:58||||08-04-2026 14:45:56|08-04-2026 17:33:32|08-04-2026 17:35:32|08-04-2026 17:52:02||08-05-2026 07:57:02|08-05-2026 07:57:02|08-05-2026 11:05:53|17.2|20.35|3.15
BRCJM01|BROLESEN|BROLESEN|10253.0|Shipped|||C9233||||T7||1|5000|5|5000|5000|Y|08-05-2026 12:40:33|08-05-2026 12:15:16||||08-05-2026 12:48:51|08-05-2026 13:39:20|08-05-2026 14:02:35|08-05-2026 14:18:42||08-11-2026 06:56:56|08-11-2026 06:56:56|08-11-2026 06:58:03|138.27|138.29|.02
BRCJM01|BROLESEN|BROLESEN|10254.0|Shipped|||C11874||||T7||1|25|.025|25|25|Y|08-05-2026 12:40:34|08-05-2026 12:15:21||||08-05-2026 12:48:51|08-05-2026 13:58:22|08-05-2026 13:58:22|08-05-2026 14:18:26||08-06-2026 17:48:58|08-06-2026 17:48:58|08-07-2026 06:28:49|29.14|41.8|12.66
BRCJM01|BROLESEN|BROLESEN|10255.0|Shipped|||C15101||||T7||1|20|.02|20|20|Y|08-05-2026 12:40:34|08-05-2026 12:15:31||||08-05-2026 12:48:51|08-05-2026 14:05:52|08-05-2026 14:05:52|08-05-2026 14:18:20||08-06-2026 10:16:54|08-06-2026 10:16:54|08-07-2026 06:28:49|21.61|41.8|20.2
BRCJM01|BROLESEN|BROLESEN|10257.0|Shipped|||C9413||||T7||1|25|.025|25|25|Y|08-05-2026 16:17:41|08-05-2026 15:51:15||||08-05-2026 16:22:22|08-05-2026 16:50:54|08-05-2026 16:50:54|08-05-2026 17:14:46||08-11-2026 07:07:12|08-11-2026 07:07:12|08-12-2026 07:00:17|134.83|158.71|23.88
BRCJM01|BROLESEN|BROLESEN|10258.0|Shipped|||C9237|75132-120|GO|BR|T10865||2|1140|1.14|1140|1140|Y|08-05-2026 15:55:34|08-05-2026 15:51:27||||08-05-2026 16:22:23|08-05-2026 17:06:26|08-05-2026 17:33:12|08-05-2026 17:41:24||08-06-2026 10:39:17|08-06-2026 10:39:17|08-07-2026 06:28:51|18.73|38.55|19.83
BRCJM01|BROLESEN|BROLESEN|10259.0|Shipped|||C15072||||T7||1|20|.02|20|20|Y|08-05-2026 16:16:41|08-05-2026 15:51:53||||08-05-2026 16:22:23|08-05-2026 17:25:34|08-05-2026 17:25:34|08-05-2026 17:56:26||08-06-2026 15:44:05|08-06-2026 15:44:05|08-07-2026 06:28:49|23.46|38.2|14.75
BRCJM01|BROLESEN|BROLESEN|10260.0|Shipped|||C9147||||T7||7|11180|11.18|11180|11180|Y|08-05-2026 16:17:41|08-05-2026 15:52:14||||08-05-2026 16:22:23|08-05-2026 19:14:54|08-05-2026 20:41:30|08-05-2026 20:43:16||08-06-2026 17:04:08|08-06-2026 17:04:08|08-07-2026 06:28:50|24.77|38.19|13.41
BRCJM01|BROLESEN|BROLESEN|10261.0|Shipped|||C14924||||T7||1|100|.1|100|100|Y|08-10-2026 12:20:20|08-10-2026 12:11:17||||08-10-2026 12:21:16|08-10-2026 15:33:13|08-10-2026 15:33:13|08-10-2026 16:50:39||08-12-2026 10:07:30|08-12-2026 10:07:30|08-13-2026 07:44:37|45.79|67.4|21.62
BRCJM01|BROLESEN|BROLESEN|10262.0|Shipped|||C9252||||T7||2|140|.14|140|140|Y|08-05-2026 16:17:41|08-05-2026 15:52:05||||08-05-2026 16:22:23|08-05-2026 17:44:49|08-05-2026 17:49:24|08-05-2026 18:22:45||08-06-2026 13:17:33|08-06-2026 13:17:33|08-07-2026 06:28:51|21|38.19|17.19
BRCJM01|BROLESEN|BROLESEN|10263.0|Shipped|||C9082||||T7||1|525|.525|525|525|Y|08-05-2026 16:17:41|08-05-2026 15:52:14||||08-05-2026 16:22:24|08-05-2026 17:30:11|08-05-2026 18:07:58|08-05-2026 18:12:27||08-06-2026 12:52:10|08-06-2026 12:52:10|08-07-2026 06:28:50|20.57|38.19|17.61
BRCJM01|BROLESEN|BROLESEN|10265.0|Shipped|||C11375||||T7||1|20|.02|20|20|Y|08-06-2026 14:01:19|08-06-2026 12:59:16||||08-06-2026 14:02:52|08-06-2026 16:18:33|08-06-2026 16:18:33|08-06-2026 16:39:00||08-06-2026 17:05:04|08-06-2026 17:05:04|08-07-2026 06:28:48|3.06|16.46|13.4
BRCJM01|BROLESEN|BROLESEN|10267.0|Shipped|||C9376||||T7||1|160|.16|160|160|Y|08-06-2026 17:17:39|08-06-2026 16:55:19||||08-06-2026 17:23:24|08-06-2026 19:33:05|08-06-2026 19:42:34|08-06-2026 21:26:26||08-07-2026 15:59:38|08-07-2026 15:59:38|08-11-2026 06:58:03|22.7|109.67|86.97
BRCJM01|BROLESEN|BROLESEN|10268.0|Shipped|||C9376||||T7||1|2|.002|2|2|Y|08-06-2026 17:18:40|08-06-2026 16:59:16||||08-06-2026 17:23:24|08-06-2026 19:45:48|08-06-2026 19:45:48|08-06-2026 21:16:10||08-07-2026 15:59:30|08-07-2026 15:59:30|08-11-2026 06:58:03|22.68|109.66|86.98
BRCJM01|BROLESEN|BROLESEN|10269.0|Shipped|||C10547|22713-001|RJ|BR|T7||1|50|.05|50|50|Y|08-06-2026 21:09:43|08-06-2026 21:03:16||||08-06-2026 21:12:11|08-06-2026 22:05:52|08-06-2026 22:05:53|08-06-2026 22:16:13||08-07-2026 13:43:53|08-07-2026 13:43:53|08-10-2026 13:22:35|16.57|88.21|71.64
BRCJM01|BROLESEN|BROLESEN|10270.0|Shipped|||C10937|68741-740|PA|BR|T7||1|1000|1|1000|1000|Y|08-06-2026 12:20:48|08-06-2026 11:55:22||||08-06-2026 14:02:52|08-06-2026 16:26:05|08-06-2026 17:03:18|08-06-2026 17:04:14||08-07-2026 13:43:40|08-07-2026 13:43:40|08-10-2026 13:22:35|25.38|97.03|71.65
BRCJM01|BROLESEN|BROLESEN|10272.0|Shipped|||C15120||||T7||1|20|.02|20|20|Y|08-06-2026 13:29:06|08-06-2026 11:55:20||||08-06-2026 14:02:52|08-06-2026 16:50:20|08-06-2026 16:50:20|08-06-2026 17:14:33||08-13-2026 07:46:42|08-13-2026 07:46:42|08-13-2026 07:47:20|162.29|162.3|.01
BRCJM01|BROLESEN|BROLESEN|10273.0|Shipped|||C9274|13171-105|SP|BR|T7||1|500|.5|500|500|Y|08-06-2026 17:04:33|08-06-2026 16:59:22||||08-06-2026 17:23:24|08-06-2026 19:50:03|08-06-2026 19:55:01|08-06-2026 21:14:46||08-07-2026 09:39:01|08-07-2026 09:39:01|08-11-2026 06:58:03|16.57|109.89|93.32
BRCJM01|BROLESEN|BROLESEN|10275.0|Shipped|||C10775|13273-902|SP|BR|T7||1|50|.05|50|50|Y|08-08-2026 14:52:30|08-08-2026 14:03:14||||08-08-2026 14:54:15|08-10-2026 13:13:49|08-10-2026 13:13:50|08-10-2026 13:15:06||08-10-2026 13:20:49|08-10-2026 13:20:49|08-10-2026 13:22:35|46.47|46.5|.03
BRCJM01|BROLESEN|BROLESEN|10276.0|Shipped|||C9046||||T7||1|400|.4|400|400|Y|08-06-2026 17:17:39|08-06-2026 16:55:24||||08-06-2026 17:23:24|08-06-2026 19:16:05|08-06-2026 19:16:44|08-06-2026 21:28:39||08-07-2026 13:43:25|08-07-2026 13:43:25|08-10-2026 13:22:35|20.43|92.08|71.65
BRCJM01|BROLESEN|BROLESEN|10277.0|Shipped|||C11845||||T7||1|150|.15|150|150|Y|08-06-2026 17:17:39|08-06-2026 16:55:29||||08-06-2026 17:23:24|08-06-2026 20:10:44|08-06-2026 20:10:44|08-06-2026 21:11:27||08-10-2026 13:27:17|08-10-2026 13:27:17|08-11-2026 06:58:01|92.16|109.67|17.51
BRCJM01|BROLESEN|BROLESEN|10278.0|Shipped|||C9094||||T7||3|800|.8|800|800|Y|08-06-2026 17:18:40|08-06-2026 16:59:27||||08-06-2026 17:23:24|08-06-2026 20:16:44|08-06-2026 21:08:22|08-06-2026 21:10:12||08-07-2026 13:45:53|08-07-2026 13:45:53|08-10-2026 13:22:36|20.45|92.07|71.61
BRCJM01|BROLESEN|BROLESEN|10280.0|Shipped|||C9775|35702-383|MG|BR|T7||2|2000|2|2000|2000|Y|08-07-2026 12:18:21|08-07-2026 12:15:16||||08-07-2026 12:28:11|08-07-2026 17:19:14|08-07-2026 19:16:03|08-07-2026 19:17:23||08-10-2026 16:09:39|08-10-2026 16:09:39|08-11-2026 06:58:03|75.86|90.66|14.81
BRCJM01|BROLESEN|BROLESEN|10281.0|Shipped|||C15133||||T7||1|5000|5|5000|5000|Y|08-07-2026 12:27:24|08-07-2026 12:15:21||||08-07-2026 12:28:11|08-07-2026 20:03:37|08-07-2026 21:28:05|08-07-2026 21:30:15||08-12-2026 14:13:14|08-12-2026 14:13:14|08-13-2026 07:44:37|121.76|139.29|17.52
BRCJM01|BROLESEN|BROLESEN|10282.0|Shipped|||C9264|69048-010|AM|BR|T9177||2|2300|2.3|2300|2300|Y|08-07-2026 12:18:22|08-07-2026 12:15:30||||08-07-2026 12:28:11|08-07-2026 19:11:59|08-07-2026 21:47:41|08-07-2026 21:49:15||08-12-2026 07:01:01|08-12-2026 07:01:01|08-12-2026 07:04:08|114.71|114.76|.05
BRCJM01|BROLESEN|BROLESEN|10284.0|Shipped|||C15492|07175-400|SP|BR|T7||1|225|.225|225|225|Y|08-10-2026 12:07:15|08-10-2026 12:03:17||||08-10-2026 12:10:48|08-10-2026 16:44:11|08-10-2026 16:50:17|08-10-2026 17:01:56||08-11-2026 13:20:54|08-11-2026 13:20:54|08-12-2026 07:00:17|25.23|42.88|17.66
BRCJM01|BROLESEN|BROLESEN|10285.0|Shipped|||C9274|13171-105|SP|BR|T7||1|100|.1|100|100|Y|08-10-2026 12:08:16|08-10-2026 12:03:24||||08-10-2026 12:10:48|08-10-2026 17:01:19|08-10-2026 17:01:19|08-10-2026 17:07:45||08-12-2026 08:05:52|08-12-2026 08:05:52|08-13-2026 07:44:37|43.96|67.61|23.65
BRCJM01|BROLESEN|BROLESEN|10286.0|Shipped|||C11429||||T7||1|1000|1|1000|1000|Y|08-10-2026 12:07:15|08-10-2026 12:03:29||||08-10-2026 12:10:48|08-10-2026 17:12:04|08-10-2026 17:12:04|08-10-2026 17:27:03||08-12-2026 10:07:38|08-12-2026 10:07:38|08-13-2026 07:44:36|46.01|67.62|21.62
BRCJM01|BROLESEN|BROLESEN|10287.0|Shipped|||C9200|18085-250|SP|BR|T7||2|300|.3|300|300|Y|08-10-2026 12:06:15|08-10-2026 12:03:38||||08-10-2026 12:10:48|08-10-2026 17:18:36|08-10-2026 17:24:51|08-10-2026 17:33:58||08-11-2026 16:42:59|08-11-2026 16:42:59|08-12-2026 07:00:17|28.61|42.9|14.29
BRCJM01|BROLESEN|BROLESEN|10289.0|Shipped|||C9082|18086-390|SP|BR|T7||2|500|.5|500|500|Y|08-10-2026 12:06:14|08-10-2026 12:03:58||||08-10-2026 12:10:48|08-10-2026 17:29:57|08-10-2026 17:39:19|08-10-2026 17:45:24||08-11-2026 11:52:29|08-11-2026 11:52:29|08-12-2026 07:00:17|23.77|42.9|19.13
BRCJM01|BROLESEN|BROLESEN|10291.0|Shipped|||C9273|05321-010|SP|BR|T7||1|1000|1|1000|1000|Y|08-10-2026 17:15:11|08-10-2026 17:11:15||||08-10-2026 17:17:45|08-10-2026 19:56:26|08-10-2026 19:59:53|08-10-2026 21:34:37||08-11-2026 15:47:26|08-11-2026 15:47:26|08-12-2026 07:00:17|22.54|37.75|15.21
BRCJM01|BROLESEN|BROLESEN|10292.0|Shipped|||C9437|03514-003|SP|BR|T7||2|1560|1.56|1560|1560|Y|08-11-2026 16:44:04|08-11-2026 16:35:17||||08-11-2026 17:22:08|08-11-2026 20:09:16|08-11-2026 20:49:35|08-11-2026 22:17:26||08-12-2026 17:32:58|08-12-2026 17:32:58|08-13-2026 07:44:38|24.81|39.01|14.19
BRCJM01|BROLESEN|BROLESEN|10293.0|Shipped|||C10558|14140-000|SP|BR|T7||1|200|.2|200|200|Y|08-11-2026 16:38:59|08-11-2026 16:35:23||||08-11-2026 17:22:09|08-11-2026 19:32:37|08-11-2026 19:38:35|08-11-2026 22:32:00||08-12-2026 11:09:03|08-12-2026 11:09:03|08-13-2026 07:44:36|18.5|39.09|20.59
BRCJM01|BROLESEN|BROLESEN|10294.0|Shipped|||C11845||||T7||1|125|.125|125|125|Y|08-11-2026 16:46:06|08-11-2026 16:35:30||||08-11-2026 17:22:09|08-11-2026 19:26:23|08-11-2026 19:26:24|08-11-2026 22:36:55||08-12-2026 11:09:24|08-12-2026 11:09:24|08-13-2026 07:44:36|18.39|38.97|20.59
BRCJM01|BROLESEN|BROLESEN|10298.0|Shipped|||C9094|03211-020|SP|BR|T7||1|2280|2.28|2280|2280|Y|08-14-2026 09:44:50|08-14-2026 09:23:14||||08-14-2026 09:49:09|08-14-2026 09:54:11|08-14-2026 09:54:38|08-14-2026 09:54:44||08-14-2026 09:54:57|08-14-2026 09:54:57|08-14-2026 09:55:51|.17|.18|.02
BRCJM01|BROLESEN|BROLESEN|10299.0|Shipped|||C9094|03211-020|SP|BR|T7||1|200|.2|200|200|Y|08-14-2026 09:44:51|08-14-2026 09:23:19||||08-14-2026 09:49:09|08-14-2026 09:51:50|08-14-2026 09:51:50|08-14-2026 09:51:59||08-14-2026 09:52:07|08-14-2026 09:52:07|08-14-2026 09:55:51|.12|.18|.06
BRCJM01|BROLESEN|BROLESEN|10300.0|Shipped|||C9905|54368-220|PE|BR|T7||1|500|.5|500|500|Y|08-11-2026 16:43:01|08-11-2026 16:36:07||||08-11-2026 17:22:09|08-11-2026 20:01:07|08-11-2026 20:01:07|08-11-2026 22:25:25||08-11-2026 22:25:25|08-11-2026 22:25:25|08-28-2026 08:02:36|5.71|399.33|393.62
BRCJM01|BROLESEN|BROLESEN|10301.0|Shipped|||C10575|06881-700|SP|BR|T7||1|100|.1|100|100|Y|08-12-2026 09:07:41|08-12-2026 08:59:16||||08-12-2026 09:11:06|08-12-2026 11:01:14|08-12-2026 11:01:14|08-12-2026 16:50:47||08-13-2026 15:43:55|08-13-2026 15:43:55|08-14-2026 08:22:39|30.6|47.25|16.65
BRCJM01|BROLESEN|BROLESEN|10302.0|Shipped|||C10575|06881-700|SP|BR|T7||1|140|.14|140|140|Y|08-12-2026 09:07:42|08-12-2026 08:59:20||||08-12-2026 09:11:06|08-12-2026 10:52:35|08-12-2026 10:52:35|08-12-2026 16:53:33||08-14-2026 08:24:06|08-14-2026 08:24:06|08-14-2026 08:25:58|47.27|47.3|.03
BRCJM01|BROLESEN|BROLESEN|10303.0|Shipped|||C9252|09980-380|SP|BR|T7||1|200|.2|200|200|Y|08-12-2026 09:07:42|08-12-2026 08:59:26||||08-12-2026 09:11:06|08-12-2026 10:43:02|08-12-2026 10:46:48|08-12-2026 16:47:39||08-13-2026 15:45:27|08-13-2026 15:45:27|08-14-2026 08:22:41|30.63|47.25|16.62
BRCJM01|BROLESEN|BROLESEN|10304.0|Shipped|||C10373|18919-899|SP|BR|T7||1|1000|1|1000|1000|Y|08-13-2026 18:01:23|08-13-2026 17:51:14||||08-13-2026 18:16:45|08-13-2026 21:03:31|08-13-2026 21:04:41|08-14-2026 09:58:40||08-14-2026 09:58:40|08-14-2026 09:58:40|08-17-2026 08:20:12|15.95|86.31|70.36
BRCJM01|BROLESEN|BROLESEN|10305.0|Shipped|||C15167||||T7||1|175|.175|175|175|Y|08-12-2026 09:07:42|08-12-2026 08:59:54||||08-12-2026 09:11:06|08-12-2026 10:24:02|08-12-2026 10:29:55|08-13-2026 15:45:31||08-13-2026 15:45:33|08-13-2026 15:45:33|08-14-2026 08:22:40|30.63|47.25|16.62
BRCJM01|BROLESEN|BROLESEN|10306.0|Shipped|||C9436|06463-283|SP|BR|T7||3|3380|3.38|3380|3380|Y|08-13-2026 18:01:23|08-13-2026 17:51:23||||08-13-2026 18:16:44|08-13-2026 19:29:11|08-14-2026 09:59:32|08-14-2026 10:17:40||08-14-2026 19:57:57|08-14-2026 19:57:57|08-17-2026 08:20:14|25.94|86.31|60.37
BRCJM01|BROLESEN|BROLESEN|10307.0|Shipped|||C9252|09980-380|SP|BR|T7||3|2440|2.44|2440|2440|Y|08-12-2026 09:08:43|08-12-2026 09:00:06||||08-12-2026 09:11:06|08-12-2026 09:37:09|08-12-2026 10:03:52|08-12-2026 16:43:56||08-13-2026 15:45:20|08-13-2026 15:45:20|08-14-2026 08:22:42|30.61|47.23|16.62
BRCJM01|BROLESEN|BROLESEN|10308.0|Shipped|||C9914|35547-000|MG|BR|T7||2|600|.6|600|600|Y|08-13-2026 17:54:19|08-13-2026 17:51:25||||08-13-2026 18:16:45|08-13-2026 21:14:02|08-13-2026 21:28:04|08-14-2026 10:15:57||08-14-2026 10:15:57|08-14-2026 10:15:57|08-18-2026 08:29:54|16.36|110.59|94.23
BRCJM01|BROLESEN|BROLESEN|10309.0|Shipped|||C9163|19820-000|SP|BR|T7||1|50|.05|50|50|Y|08-12-2026 13:57:23|08-12-2026 13:55:21||||08-12-2026 14:29:47|08-12-2026 17:12:18|08-12-2026 17:12:18|08-12-2026 21:42:11||08-13-2026 15:45:51|08-13-2026 15:45:51|08-14-2026 08:22:41|25.81|42.42|16.61
BRCJM01|BROLESEN|BROLESEN|10310.0|Shipped|||C9178|55330-000|PE|BR|T7||2|425|.425|425|425|Y|08-13-2026 17:54:21|08-13-2026 17:51:33||||08-13-2026 18:16:45|08-13-2026 20:41:37|08-13-2026 20:57:39|08-13-2026 21:56:13||08-18-2026 08:30:39|08-18-2026 08:30:39|08-18-2026 08:30:50|110.61|110.61|0
BRCJM01|BROLESEN|BROLESEN|10311.0|Shipped|||C9199|12010-160|SP|BR|T7||2|400|.4|400|400|Y|08-13-2026 17:54:21|08-13-2026 17:51:55||||08-13-2026 18:16:45|08-13-2026 20:27:01|08-13-2026 20:49:57|08-13-2026 21:49:18||08-13-2026 21:49:18|08-13-2026 21:49:18|08-18-2026 08:29:54|3.92|110.59|106.68
BRCJM01|BROLESEN|BROLESEN|10312.0|Shipped|||C9200|18085-250|SP|BR|T7||1|2000|2|2000|2000|Y|08-12-2026 14:00:25|08-12-2026 13:55:30||||08-12-2026 14:29:47|08-12-2026 17:22:45|08-12-2026 21:38:08|08-12-2026 21:39:08||08-13-2026 16:52:44|08-13-2026 16:52:44|08-14-2026 08:22:41|26.87|42.37|15.5
BRCJM01|BROLESEN|BROLESEN|10313.0|Shipped|||C9162|38415-517|MG|BR|T7||1|100|.1|100|100|Y|08-13-2026 11:42:21|08-13-2026 11:39:15||||08-13-2026 12:08:28|08-13-2026 17:44:18|08-13-2026 17:44:18|08-13-2026 18:45:41||08-14-2026 17:41:07|08-14-2026 17:41:07|08-17-2026 08:20:14|29.98|92.63|62.65
BRCJM01|BROLESEN|BROLESEN|10314.0|Shipped|||C9125|83324-010|PR|BR|T7||1|100|.1|100|100|Y|08-13-2026 17:54:21|08-13-2026 17:52:02||||08-13-2026 18:16:45|08-13-2026 18:57:20|08-13-2026 18:57:20|08-13-2026 22:16:30||08-13-2026 22:16:30|08-13-2026 22:16:30|08-20-2026 07:31:33|4.37|157.62|153.25
BRCJM01|BROLESEN|BROLESEN|10315.0|Shipped|||C9194|37470-000|MG|BR|T7||1|1500|1.5|1500|1500|Y|08-13-2026 14:06:42|08-13-2026 14:03:16||||08-13-2026 14:12:56|08-13-2026 16:27:15|08-13-2026 16:33:01|08-13-2026 17:03:38||08-17-2026 11:31:53|08-17-2026 11:31:53|08-18-2026 08:29:54|93.42|114.39|20.97
BRCJM01|BROLESEN|BROLESEN|10316.0|Shipped|||C9046|06853-090|SP|BR|T7||1|200|.2|200|200|Y|08-13-2026 14:09:44|08-13-2026 14:03:22||||08-13-2026 14:12:56|08-13-2026 20:05:44|08-13-2026 20:05:44|08-13-2026 20:21:51||08-14-2026 12:35:37|08-14-2026 12:35:37|08-17-2026 08:20:14|22.43|90.18|67.74
BRCJM01|BROLESEN|BROLESEN|10317.0|Shipped|||C9561|06730-000|SP|BR|T7||3|550|.55|550|550|Y|08-13-2026 14:09:45|08-13-2026 14:03:28||||08-13-2026 14:12:56|08-13-2026 17:12:07|08-13-2026 17:34:34|08-13-2026 18:40:10||08-14-2026 12:35:37|08-14-2026 12:35:37|08-17-2026 08:20:15|22.43|90.18|67.74
BRCJM01|BROLESEN|BROLESEN|10318.0|Shipped|||C9239|19904-000|SP|BR|T7||2|150|.15|150|150|Y|08-13-2026 14:09:45|08-13-2026 14:04:06||||08-13-2026 14:12:56|08-13-2026 16:52:41|08-13-2026 16:54:50|08-13-2026 17:20:13||08-19-2026 20:48:58|08-19-2026 20:48:59|08-20-2026 07:31:34|150.65|161.36|10.71
BRCJM01|BROLESEN|BROLESEN|10319.0|Shipped|||C9126|37706-067|MG|BR|T7||1|600|.6|600|600|Y|08-13-2026 14:09:45|08-13-2026 14:04:16||||08-13-2026 14:12:57|08-13-2026 16:38:07|08-13-2026 16:38:07|08-13-2026 17:08:38||08-20-2026 07:34:19|08-20-2026 07:34:19|08-20-2026 07:34:26|161.41|161.41|0
BRCJM01|BROLESEN|BROLESEN|10321.0|Shipped|||C10584|18606-292|SP|BR|T7||2|250|.25|250|250|Y|08-13-2026 14:12:47|08-13-2026 14:04:20||||08-13-2026 14:14:25|08-13-2026 17:02:43|08-13-2026 17:07:47|08-13-2026 17:24:09||08-14-2026 12:38:16|08-14-2026 12:38:16|08-17-2026 08:20:12|22.42|90.12|67.7
BRCJM01|BROLESEN|BROLESEN|10324.0|Shipped|||C9123|13295-454|SP|BR|T7||1|60|.06|60|60|Y|08-13-2026 14:13:47|08-13-2026 14:04:50||||08-13-2026 14:14:25|08-13-2026 20:07:05|08-13-2026 20:07:05|08-13-2026 20:20:29||08-17-2026 11:35:06|08-17-2026 11:35:06|08-18-2026 08:29:53|93.36|114.27|20.91
BRCJM01|BROLESEN|BROLESEN|10327.0|Shipped|||C10027|07661-625|SP|BR|T7||1|340|.34|340|340|Y|08-13-2026 15:08:19|08-13-2026 15:03:15||||08-13-2026 15:13:30|08-13-2026 16:47:25|08-13-2026 16:47:25|08-13-2026 17:11:11||08-14-2026 15:39:00|08-14-2026 15:39:00|08-17-2026 08:20:12|24.51|89.2|64.69
BRCJM01|BROLESEN|BROLESEN|10328.0|Shipped|||C9510|15061-000|SP|BR|T7||1|50|.05|50|50|Y|08-13-2026 18:10:32|08-13-2026 18:07:14||||08-13-2026 18:16:45|08-13-2026 20:22:12|08-13-2026 20:22:12|08-13-2026 21:42:37||08-17-2026 11:34:55|08-17-2026 11:34:55|08-18-2026 08:29:54|89.41|110.32|20.92
BRCJM01|BROLESEN|BROLESEN|10329.0|Shipped|||C10058|13213-055|SP|BR|T7||2|2000|2|2000|2000|Y|08-13-2026 18:10:32|08-24-2026 10:10:03|||08-24-2026 10:27:24|08-24-2026 10:29:13|08-24-2026 10:30:28|08-24-2026 10:31:11|08-24-2026 10:31:15||08-24-2026 10:31:24|08-24-2026 10:31:24|08-25-2026 07:35:13|256.35|277.41|21.06
BRCJM01|BROLESEN|BROLESEN|10330.0|Shipped|||C10425|14660-000|SP|BR|T7||1|150|.15|150|150|Y|08-13-2026 18:14:33|08-13-2026 18:07:24||||08-13-2026 18:16:46|08-13-2026 20:33:26|08-13-2026 20:33:26|08-13-2026 21:45:28||08-17-2026 18:13:32|08-17-2026 18:13:32|08-18-2026 08:29:53|95.98|110.26|14.27
BRCJM01|BROLESEN|BROLESEN|10331.0|Shipped|||C9233|05550-010|SP|BR|T7||1|175|.175|175|175|Y|08-14-2026 14:17:44|08-14-2026 14:03:14||||08-14-2026 14:18:44|08-14-2026 23:13:55|08-14-2026 23:13:55|08-14-2026 23:17:48||08-17-2026 14:21:55|08-17-2026 14:21:55|08-18-2026 08:29:54|72.07|90.2|18.13
BRCJM01|BROLESEN|BROLESEN|10332.0|Shipped|||C9161|83212-250|PR|BR|T7||1|20|.02|20|20|Y|08-14-2026 14:06:35|08-14-2026 14:03:21||||08-14-2026 14:17:15|08-14-2026 15:56:07|08-14-2026 15:56:08|08-14-2026 16:55:27||08-17-2026 17:56:04|08-17-2026 17:56:04|08-18-2026 08:29:53|75.82|90.39|14.56
BRCJM01|BROLESEN|BROLESEN|10333.0|Shipped|||C9161|83212-250|PR|BR|T7||1|60|.06|60|60|Y|08-14-2026 14:06:33|08-14-2026 14:03:28||||08-14-2026 14:17:15|08-14-2026 16:05:07|08-14-2026 16:05:07|08-14-2026 16:58:55||08-17-2026 17:55:51|08-17-2026 17:55:51|08-18-2026 08:29:54|75.82|90.39|14.57
BRCJM01|BROLESEN|BROLESEN|10334.0|Shipped|||C9161|83212-250|PR|BR|T7||1|50|.05|50|50|Y|08-14-2026 14:06:35|08-14-2026 14:03:37||||08-14-2026 14:17:15|08-14-2026 16:14:11|08-14-2026 16:14:12|08-14-2026 16:59:58||08-17-2026 17:55:43|08-17-2026 17:55:43|08-18-2026 08:29:54|75.82|90.39|14.57
BRCJM01|BROLESEN|BROLESEN|10335.0|Shipped|||C9161|83212-250|PR|BR|T7||1|30|.03|30|30|Y|08-14-2026 14:06:35|08-14-2026 14:04:02||||08-14-2026 14:17:15|08-14-2026 16:16:33|08-14-2026 16:16:33|08-14-2026 17:01:21||08-17-2026 17:55:29|08-17-2026 17:55:30|08-18-2026 08:29:54|75.81|90.39|14.57
BRCJM01|BROLESEN|BROLESEN|10336.0|Shipped|||C9129|09520-660|SP|BR|T7||3|450|.45|450|450|Y|08-17-2026 17:29:49|08-17-2026 17:19:16||||08-17-2026 17:31:17|08-17-2026 19:14:23|08-17-2026 19:45:51|08-17-2026 20:17:27||08-17-2026 20:17:27|08-17-2026 20:17:27|08-20-2026 07:31:33|2.79|62.03|59.24
BRCJM01|BROLESEN|BROLESEN|10338.0|Shipped|||C15203||||T7||2|30|.03|30|30|Y|08-17-2026 17:29:49|08-17-2026 17:19:22||||08-17-2026 17:31:17|08-17-2026 19:54:03|08-17-2026 20:03:55|08-17-2026 21:21:30||08-19-2026 13:06:22|08-19-2026 13:06:22|08-20-2026 07:31:32|43.61|62.03|18.42
BRCJM01|BROLESEN|BROLESEN|10339.0|Shipped|||C10930||||T7||2|200|.2|200|200|Y|08-17-2026 13:41:17|08-17-2026 13:31:25||||08-17-2026 13:50:08|08-17-2026 16:35:16|08-17-2026 16:36:00|08-17-2026 18:36:27||08-18-2026 16:59:41|08-18-2026 16:59:41|08-19-2026 09:29:09|27.31|43.8|16.49
BRCJM01|BROLESEN|BROLESEN|10340.0|Shipped|||C9094|03211-020|SP|BR|T7||1|3000|3|3000|3000|Y|08-17-2026 13:41:19|08-17-2026 13:31:23||||08-17-2026 13:50:08|08-17-2026 16:50:34|08-17-2026 16:53:21|08-17-2026 19:04:59||08-17-2026 19:04:59|08-17-2026 19:04:59|08-19-2026 09:29:11|5.39|43.8|38.4
BRCJM01|BROLESEN|BROLESEN|10341.0|Shipped|||C10029|29145-604|ES|BR|T7||1|1000|1|1000|1000|Y|08-17-2026 13:41:19|08-17-2026 13:31:33||||08-17-2026 13:50:09|08-17-2026 17:18:27|08-17-2026 18:33:21|08-17-2026 18:42:53||08-18-2026 11:05:35|08-18-2026 11:05:35|08-19-2026 09:29:09|21.4|43.8|22.39
BRCJM01|BROLESEN|BROLESEN|10342.0|Shipped|||C9129|09520-660|SP|BR|T7||1|1|.001|1|1|Y|08-17-2026 17:13:38|08-17-2026 17:03:14||||08-17-2026 17:31:17|08-17-2026 22:00:25|08-17-2026 22:00:25|08-17-2026 22:16:23||08-17-2026 22:16:23|08-17-2026 22:16:23|08-19-2026 09:29:12|5.05|40.26|35.21
BRCJM01|BROLESEN|BROLESEN|10344.0|Shipped|||C10575|06881-700|SP|BR|T7||1|200|.2|200|200|Y|08-18-2026 14:21:11|08-18-2026 14:07:15||||08-18-2026 14:23:02|08-18-2026 15:53:02|08-18-2026 16:00:07|08-18-2026 18:22:19||08-19-2026 16:45:18|08-19-2026 16:45:18|08-20-2026 07:31:31|26.4|41.17|14.77
BRCJM01|BROLESEN|BROLESEN|10345.0|Shipped|||C9158|29330-000|ES|BR|T7||1|1000|1|1000|1000|Y|08-18-2026 14:09:06|08-18-2026 14:07:21||||08-18-2026 14:23:02|08-18-2026 16:34:34|08-18-2026 16:34:34|08-18-2026 18:30:10||08-19-2026 13:12:18|08-19-2026 13:12:18|08-20-2026 07:31:34|23.05|41.37|18.32
BRCJM01|BROLESEN|BROLESEN|10346.0|Shipped|||C9163|19820-000|SP|BR|T7||1|500|.5|500|500|Y|08-18-2026 14:10:08|08-18-2026 14:07:25||||08-18-2026 14:23:02|08-18-2026 16:39:46|08-18-2026 16:39:46|08-18-2026 18:42:19||08-19-2026 13:17:00|08-19-2026 13:17:00|08-20-2026 07:31:34|23.11|41.36|18.24
BRCJM01|BROLESEN|BROLESEN|10347.0|Shipped|||C10540|18195-000|SP|BR|T7||1|25|.025|25|25|Y|08-18-2026 14:12:09|08-18-2026 14:07:32||||08-18-2026 14:23:02|08-18-2026 16:45:00|08-18-2026 16:45:00|08-18-2026 18:43:06||08-21-2026 11:16:31|08-21-2026 11:16:31|08-24-2026 07:02:09|69.07|136.83|67.76
BRCJM01|BROLESEN|BROLESEN|10348.0|Shipped|||C11845||||T7||2|550|.55|550|550|Y|08-18-2026 14:21:12|08-18-2026 14:08:03||||08-18-2026 14:23:02|08-18-2026 16:30:20|08-18-2026 16:30:44|08-18-2026 18:28:32||08-27-2026 10:28:11|08-27-2026 10:28:11|08-28-2026 08:02:32|212.12|233.69|21.57
BRCJM01|BROLESEN|BROLESEN|10349.0|Shipped|||C9237|75132-120|GO|BR|T7||1|525|.525|525|525|Y|08-18-2026 14:16:09|08-18-2026 14:08:15||||08-18-2026 14:23:03|08-18-2026 16:19:50|08-18-2026 16:26:40|08-18-2026 18:25:00||08-18-2026 18:25:00|08-18-2026 18:25:00|08-25-2026 07:35:12|4.15|161.32|157.17
BRCJM01|BROLESEN|BROLESEN|10350.0|Shipped|||C10930||||T7||1|500|.5|500|500|Y|08-18-2026 14:21:13|08-18-2026 14:08:15||||08-18-2026 14:23:03|08-18-2026 16:05:11|08-18-2026 16:05:11|08-18-2026 18:23:55||08-19-2026 15:35:57|08-19-2026 15:35:57|08-20-2026 07:31:32|25.25|41.17|15.93
BRCJM01|BROLESEN|BROLESEN|10352.0|Shipped|||C9158|29330-000|ES|BR|T7||1|500|.5|500|500|Y|08-18-2026 20:33:10|08-18-2026 20:31:14||||08-18-2026 20:54:36|08-18-2026 21:23:44|08-18-2026 21:23:44|08-18-2026 21:46:55||08-19-2026 13:05:09|08-19-2026 13:05:09|08-20-2026 07:31:34|16.53|34.97|18.44
BRCJM01|BROLESEN|BROLESEN|10353.0|Shipped|||C15097||||T7||1|600|.6|600|600|Y|08-18-2026 20:38:14|08-18-2026 20:31:18||||08-18-2026 20:54:36|08-18-2026 22:42:32|08-18-2026 23:02:22|08-18-2026 23:03:06||08-19-2026 13:32:41|08-19-2026 13:32:41|08-20-2026 07:31:32|16.91|34.89|17.98
BRCJM01|BROLESEN|BROLESEN|10355.0|Shipped|||C13242||||T7||1|2000|2|2000|2000|Y|08-18-2026 20:38:14|08-18-2026 20:31:25||||08-18-2026 20:54:37|08-18-2026 22:04:54|08-18-2026 22:23:36|08-18-2026 23:23:23||08-20-2026 09:40:17|08-20-2026 09:40:17|08-21-2026 07:24:10|37.03|58.77|21.73
BRCJM01|BROLESEN|BROLESEN|10356.0|Shipped|||C10937|68741-740|PA|BR|T7||2|525|.525|525|525|Y|08-19-2026 14:14:32|08-19-2026 14:11:17||||08-19-2026 14:24:12|08-19-2026 15:34:45|08-19-2026 22:19:38|08-19-2026 23:16:01||08-20-2026 14:19:43|08-20-2026 14:19:43|08-21-2026 07:24:10|24.09|41.16|17.07
BRCJM01|BROLESEN|BROLESEN|10357.0|Shipped|||C9252|09980-380|SP|BR|T7||2|475|.475|475|475|Y|08-19-2026 14:18:35|08-19-2026 14:11:27||||08-19-2026 14:24:12|08-19-2026 22:41:32|08-19-2026 22:48:02|08-19-2026 23:12:00||08-20-2026 16:57:25|08-20-2026 16:57:25|08-21-2026 07:24:13|26.65|41.09|14.45
BRCJM01|BROLESEN|BROLESEN|10358.0|Shipped|||C9235|08260-125|SP|BR|T7||2|110|.11|110|110|Y|08-19-2026 14:18:35|08-19-2026 14:11:30||||08-19-2026 14:24:12|08-19-2026 21:13:36|08-19-2026 21:24:08|08-19-2026 21:33:40||08-20-2026 17:52:25|08-20-2026 17:52:25|08-21-2026 07:24:13|27.56|41.09|13.53
BRCJM01|BROLESEN|BROLESEN|10359.0|Shipped|||C9095|71750-000|DF|BR|T7||1|500|.5|500|500|Y|08-19-2026 22:18:25|08-19-2026 22:15:14||||08-19-2026 22:21:20|08-20-2026 06:28:00|08-20-2026 06:31:18|08-20-2026 07:15:21||08-20-2026 14:18:58|08-20-2026 14:18:58|08-21-2026 07:24:13|16.01|33.1|17.09
BRCJM01|BROLESEN|BROLESEN|10360.0|Shipped|||C9046|06853-090|SP|BR|T7||1|200|.2|200|200|Y|08-19-2026 14:18:35|08-19-2026 14:11:45||||08-19-2026 14:24:12|08-19-2026 22:29:14|08-19-2026 22:29:14|08-19-2026 23:32:20||08-20-2026 15:46:04|08-20-2026 15:46:04|08-21-2026 07:24:13|25.46|41.09|15.64
BRCJM01|BROLESEN|BROLESEN|10362.0|Shipped|||C9094|03211-020|SP|BR|T7||1|4000|4|4000|4000|Y|08-19-2026 16:37:44|08-19-2026 15:27:14||||08-19-2026 16:50:54|08-20-2026 06:48:25|08-20-2026 06:59:40|08-20-2026 07:50:35||08-20-2026 07:50:35|08-20-2026 07:50:35|08-21-2026 07:24:13|15.21|38.77|23.56
BRCJM01|BROLESEN|BROLESEN|10363.0|Shipped|||C9100|13485-342|SP|BR|T9177||1|1000|1|1000|1000|Y|08-19-2026 23:29:45|08-19-2026 23:27:14||||08-20-2026 06:35:38|08-20-2026 07:11:32|08-20-2026 07:11:32|08-20-2026 07:31:18||08-20-2026 07:31:18|08-20-2026 07:31:18|08-26-2026 08:32:42|8.03|153.05|145.02
BRCJM01|BROLESEN|BROLESEN|10364.0|Shipped|||C9110|59115-001|RN|BR|T7||2|2000|2|2000|2000|Y|08-20-2026 18:43:36|08-20-2026 18:37:11||||08-20-2026 19:03:51|08-20-2026 19:42:57|08-20-2026 20:00:31|08-20-2026 20:55:29||08-20-2026 20:55:29|08-20-2026 20:55:29|08-27-2026 09:05:09|2.2|158.36|156.16
BRCJM01|BROLESEN|BROLESEN|10365.0|Shipped|||C13697||||T7||2|800|.8|800|800|Y|08-20-2026 13:56:53|08-20-2026 13:52:29||||08-20-2026 14:12:10|08-20-2026 16:08:29|08-20-2026 17:21:14|08-20-2026 17:22:06||08-21-2026 15:52:45|08-21-2026 15:52:45|08-24-2026 07:02:10|25.93|89.09|63.16
BRCJM01|BROLESEN|BROLESEN|10366.0|Shipped|||C9234|06705-045|SP|BR|T7||3|1675|1.675|1675|1675|Y|08-20-2026 14:34:12|08-20-2026 14:29:20||||08-20-2026 14:36:30|08-20-2026 16:17:51|08-20-2026 17:15:53|08-20-2026 17:17:20||08-21-2026 15:53:15|08-21-2026 15:53:15|08-24-2026 07:02:10|25.32|88.47|63.15
BRCJM01|BROLESEN|BROLESEN|10367.0|Shipped|||C9129|09520-660|SP|BR|T7||1|1|.001|1|1|Y|08-20-2026 13:56:55|08-20-2026 13:52:37||||08-20-2026 14:12:10|08-20-2026 15:44:22|08-20-2026 15:44:22|08-20-2026 16:40:59||08-20-2026 16:40:59|08-20-2026 16:40:59|08-24-2026 07:02:10|2.73|89.09|86.35
BRCJM01|BROLESEN|BROLESEN|10368.0|Shipped|||C10103|52210-001|PE|BR|T7||1|2000|2|2000|2000|Y|08-20-2026 13:56:55|08-20-2026 13:52:41||||08-20-2026 14:12:11|08-20-2026 15:49:04|08-20-2026 17:30:07|08-20-2026 17:31:32||08-21-2026 15:52:39|08-21-2026 15:52:39|08-24-2026 07:02:09|25.93|89.09|63.16
BRCJM01|BROLESEN|BROLESEN|10373.0|Shipped|||C9581|05615-190|SP|BR|T7||1|200|.2|200|200|Y|08-21-2026 12:25:11|08-21-2026 12:11:43||||08-21-2026 12:28:06|08-21-2026 14:42:25|08-21-2026 14:49:10|08-21-2026 15:45:15||08-25-2026 07:36:58|08-25-2026 07:36:58|08-25-2026 07:38:40|91.2|91.22|.03
BRCJM01|BROLESEN|BROLESEN|10374.0|Shipped|||C13761||||T7||2|12000|12|12000|12000|Y|08-21-2026 12:25:11|08-21-2026 12:11:46||||08-21-2026 12:28:06|08-21-2026 19:28:09|08-21-2026 22:09:30|08-21-2026 22:12:17||08-24-2026 17:00:28|08-24-2026 17:00:28|08-25-2026 07:35:13|76.59|91.17|14.58
BRCJM01|BROLESEN|BROLESEN|10375.0|Shipped|||C17085|12072-253|SP|BR|T7||3|1250|1.25|1250|1250|Y|08-21-2026 12:16:06|08-21-2026 12:10:51||||08-21-2026 12:28:02|08-21-2026 20:59:29|08-21-2026 22:29:18|08-21-2026 22:32:45||08-25-2026 07:37:23|08-25-2026 07:37:23|08-25-2026 07:38:40|91.35|91.38|.02
BRCJM01|BROLESEN|BROLESEN|10376.0|Shipped|||C9603|13213-008|SP|BR|T7||5|9000|9|9000|9000|Y|08-21-2026 12:16:08|08-21-2026 12:10:57||||08-21-2026 12:28:03|08-21-2026 12:43:52|08-21-2026 17:32:55|08-21-2026 17:38:08||08-21-2026 20:33:51|08-21-2026 20:33:51|08-24-2026 07:02:11|8.3|66.77|58.47
BRCJM01|BROLESEN|BROLESEN|10378.0|Shipped|||C9123|13295-454|SP|BR|T7||1|320|.32|320|320|Y|08-21-2026 12:24:10|08-21-2026 12:11:05||||08-21-2026 12:28:04|08-22-2026 13:00:11|08-22-2026 13:00:11|08-22-2026 13:24:34||08-25-2026 12:52:44|08-25-2026 12:52:44|08-26-2026 08:32:42|96.48|116.14|19.67
BRCJM01|BROLESEN|BROLESEN|10379.0|Shipped|||C10866|63430-000|CE|BR|T7||7|1325|1.325|1325|1325|Y|08-21-2026 12:16:08|08-21-2026 12:11:15||||08-21-2026 12:28:04|08-21-2026 21:21:56|08-21-2026 22:36:22|08-21-2026 23:19:02||08-25-2026 07:38:00|08-25-2026 07:38:00|08-25-2026 07:38:40|91.36|91.38|.01
BRCJM01|BROLESEN|BROLESEN|10380.0|Shipped|||C11845||||T7||1|700|.7|700|700|Y|08-21-2026 12:25:11|08-21-2026 12:11:55||||08-21-2026 12:28:06|08-21-2026 17:40:03|08-21-2026 17:43:46|08-21-2026 18:31:35||08-24-2026 12:50:25|08-24-2026 12:50:25|08-25-2026 07:35:13|72.42|91.17|18.75
BRCJM01|BROLESEN|BROLESEN|10381.0|Shipped|||C9127|44032-174|BA|BR|T7||1|1500|1.5|1500|1500|Y|08-21-2026 12:16:08|08-21-2026 12:11:15||||08-21-2026 12:28:05|08-21-2026 13:52:13|08-21-2026 13:58:01|08-21-2026 15:55:35||08-25-2026 14:34:23|08-25-2026 14:34:23|08-26-2026 08:32:42|98.3|116.28|17.97
BRCJM01|BROLESEN|BROLESEN|10382.0|Shipped|||C9127|44032-174|BA|BR|T7||1|500|.5|500|500|Y|08-21-2026 12:16:08|08-21-2026 12:11:24||||08-21-2026 12:28:05|08-21-2026 14:21:35|08-21-2026 14:23:02|08-21-2026 15:49:58||08-21-2026 15:49:58|08-21-2026 15:49:58|08-26-2026 08:32:43|3.56|116.28|112.71
BRCJM01|BROLESEN|BROLESEN|10383.0|Shipped|||C9123|13295-454|SP|BR|T7||5|200|.2|200|200|Y|08-21-2026 12:24:11|08-21-2026 12:11:33||||08-21-2026 12:28:05|08-22-2026 12:02:02|08-22-2026 12:19:51|08-22-2026 12:49:09||08-25-2026 07:38:27|08-25-2026 07:38:27|08-25-2026 07:38:40|91.24|91.24|0
BRCJM01|BROLESEN|BROLESEN|10384.0|Shipped|||C9354|75132-020|GO|BR|T7||1|25|.025|25|25|Y|08-21-2026 20:16:57|08-21-2026 20:12:54||||08-21-2026 20:31:59|08-22-2026 11:51:16|08-22-2026 11:51:16|08-22-2026 12:07:39||08-25-2026 14:03:42|08-25-2026 14:03:42|08-26-2026 08:32:43|89.78|108.26|18.48
BRCJM01|BROLESEN|BROLESEN|10385.0|Shipped|||C9097|89070-272|SC|BR|T7||1|1000|1|1000|1000|Y|08-21-2026 12:16:08|08-21-2026 12:11:59||||08-21-2026 12:28:06|08-21-2026 16:41:56|09-02-2026 08:12:08|09-02-2026 08:12:14||09-02-2026 08:12:45|09-02-2026 08:12:45|09-03-2026 08:21:59|283.94|308.1|24.15
BRCJM01|BROLESEN|BROLESEN|10386.0|Shipped|||C10930||||T7||1|500|.5|500|500|Y|08-21-2026 12:25:11|08-21-2026 12:11:33||||08-21-2026 12:28:06|08-21-2026 16:51:45|08-21-2026 17:27:10|08-21-2026 17:39:15||08-24-2026 18:01:46|08-24-2026 18:01:46|08-25-2026 07:35:13|77.61|91.17|13.56
BRCJM01|BROLESEN|BROLESEN|10387.0|Shipped|||C9094|03211-020|SP|BR|T10865||2|1000|1|1000|1000|Y|08-21-2026 23:06:41|08-21-2026 20:13:00||||08-21-2026 23:17:25|08-22-2026 12:30:32|08-22-2026 12:43:06|08-22-2026 13:14:29||08-25-2026 14:04:00|08-25-2026 14:04:00|08-26-2026 08:32:42|86.96|105.43|18.48
BRCJM01|BROLESEN|BROLESEN|10389.0|Shipped|||C9163|19820-000|SP|BR|T7||1|400|.4|400|400|Y|08-24-2026 14:06:11|08-24-2026 14:01:56||||08-24-2026 14:40:25|08-24-2026 15:34:23|08-24-2026 15:34:23|08-24-2026 16:43:35||08-25-2026 10:45:27|08-25-2026 10:45:27|08-26-2026 08:32:43|20.65|42.44|21.79
BRCJM01|BROLESEN|BROLESEN|10390.0|Shipped|||C9046|06853-090|SP|BR|T7||1|200|.2|200|200|Y|08-24-2026 14:31:19|08-24-2026 14:02:01||||08-24-2026 14:40:25|08-24-2026 15:21:25|08-24-2026 15:21:25|08-24-2026 16:27:57||08-27-2026 09:06:19|08-27-2026 09:06:19|08-27-2026 09:06:26|66.58|66.59|0
BRCJM01|BROLESEN|BROLESEN|10391.0|Shipped|||C9096|06711-250|SP|BR|T7||3|1525|1.525|1525|1525|Y|08-24-2026 14:57:27|08-24-2026 14:50:59||||08-24-2026 14:58:41|08-24-2026 17:45:26|08-24-2026 18:44:44|08-24-2026 19:30:28||08-25-2026 10:46:02|08-25-2026 10:46:02|08-26-2026 08:32:42|19.81|41.59|21.78
BRCJM01|BROLESEN|BROLESEN|10393.0|Shipped|||C11437||||T7||1|80|.08|80|80|Y|08-25-2026 14:36:09|08-25-2026 13:49:39||||08-25-2026 14:36:48|08-25-2026 15:54:22|08-25-2026 15:54:23|08-25-2026 17:06:58||08-25-2026 17:06:58|08-25-2026 17:06:58|08-27-2026 09:05:12|2.51|42.48|39.97
BRCJM01|BROLESEN|BROLESEN|10394.0|Shipped|||C11051||||T7||2|100|.1|100|100|Y|08-25-2026 17:51:28|08-25-2026 17:31:39||||08-25-2026 18:09:21|08-25-2026 18:55:22|08-25-2026 18:55:50|08-25-2026 18:57:44||08-26-2026 08:38:36|08-26-2026 08:38:36|08-27-2026 09:05:13|14.79|39.23|24.44
BRCJM01|BROLESEN|BROLESEN|10396.0|Shipped|||C9681|29830-000|ES|BR|T7||1|25|.025|25|25|Y|08-25-2026 13:53:52|08-25-2026 13:49:44||||08-25-2026 14:36:48|08-25-2026 15:59:01|08-25-2026 15:59:01|08-25-2026 17:05:28||08-26-2026 11:32:23|08-26-2026 11:32:23|08-27-2026 09:05:09|21.64|43.19|21.55
BRCJM01|BROLESEN|BROLESEN|10398.0|Shipped|||C15283||||T7||1|400|.4|400|400|Y|08-26-2026 14:19:35|08-26-2026 14:13:32||||08-26-2026 14:24:25|08-26-2026 17:29:37|08-26-2026 17:29:37|08-26-2026 17:43:13||08-27-2026 11:05:10|08-27-2026 11:05:10|08-28-2026 08:02:34|20.76|41.72|20.96
BRCJM01|BROLESEN|BROLESEN|10399.0|Shipped|||C9561|06730-000|SP|BR|T7||1|3000|3|3000|3000|Y|08-26-2026 14:19:35|08-26-2026 14:13:37||||08-26-2026 14:24:25|08-26-2026 17:35:40|08-26-2026 17:55:25|08-26-2026 17:56:04||08-27-2026 11:18:13|08-27-2026 11:18:13|08-28-2026 08:02:36|20.98|41.72|20.74
BRCJM01|BROLESEN|BROLESEN|10401.0|Shipped|||C9199|12010-160|SP|BR|T7||1|200|.2|200|200|Y|08-26-2026 14:18:32|08-26-2026 14:13:47||||08-26-2026 14:24:25|08-26-2026 19:30:39|08-26-2026 19:30:39|08-26-2026 20:34:57||08-26-2026 20:34:57|08-26-2026 20:34:57|08-28-2026 08:02:36|6.27|41.73|35.46
BRCJM01|BROLESEN|BROLESEN|10403.0|Shipped|||C11476||||T7||1|225|.225|225|225|Y|08-26-2026 20:58:07|08-26-2026 20:45:28||||08-26-2026 21:03:41|08-26-2026 21:19:47|08-26-2026 21:19:47|08-26-2026 21:23:45||08-27-2026 13:56:30|08-27-2026 13:56:30|08-28-2026 08:02:32|16.97|35.07|18.1
BRCJM01|BROLESEN|BROLESEN|10404.0|Shipped|||C9905|54368-220|PE|BR|T9177||1|20|.02|20|20|Y|08-27-2026 12:09:44|08-27-2026 12:04:31||||08-27-2026 12:24:29|08-27-2026 14:12:36|08-27-2026 14:12:36|08-27-2026 14:13:16||08-28-2026 08:08:46|08-28-2026 08:08:47|08-28-2026 08:11:23|19.98|20.03|.04
BRCJM01|BROLESEN|BROLESEN|10405.0|Shipped|||C9200|18085-250|SP|BR|T7||1|2000|2|2000|2000|Y|08-27-2026 12:09:46|08-27-2026 12:04:36||||08-27-2026 12:24:29|08-27-2026 19:28:44|08-27-2026 21:07:38|08-27-2026 21:09:30||08-28-2026 10:47:26|08-28-2026 10:47:26|08-29-2026 10:51:44|22.63|46.7|24.07
BRCJM01|BROLESEN|BROLESEN|10406.0|Shipped|||C9252|09980-380|SP|BR|T7||1|60|.06|60|60|Y|08-27-2026 12:23:50|08-27-2026 12:04:39||||08-27-2026 12:28:54|08-27-2026 15:55:49|08-27-2026 15:55:49|08-27-2026 16:17:17||08-28-2026 12:12:06|08-28-2026 12:12:06|08-29-2026 10:51:44|23.8|46.47|22.66
BRCJM01|BROLESEN|BROLESEN|10407.0|Shipped|||C9100|13485-342|SP|BR|T7||1|80|.08|80|80|Y|08-27-2026 12:23:50|08-27-2026 12:04:46||||08-27-2026 12:28:54|08-27-2026 16:46:45|08-27-2026 16:46:45|08-27-2026 16:56:02||08-28-2026 11:57:37|08-28-2026 11:57:37|08-29-2026 10:51:45|23.56|46.47|22.9
BRCJM01|BROLESEN|BROLESEN|10408.0|Shipped|||C9100|13485-342|SP|BR|T7||1|100|.1|100|100|Y|08-27-2026 12:23:52|08-27-2026 12:04:47||||08-27-2026 12:28:54|08-27-2026 16:41:15|08-27-2026 16:41:15|08-27-2026 16:46:59||08-28-2026 11:58:08|08-28-2026 11:58:08|08-29-2026 10:51:44|23.57|46.46|22.89
BRCJM01|BROLESEN|BROLESEN|10409.0|Shipped|||C9100|13485-342|SP|BR|T7||1|200|.2|200|200|Y|08-27-2026 12:23:50|08-27-2026 12:04:53||||08-27-2026 12:28:54|08-27-2026 16:25:41|08-27-2026 16:25:41|08-27-2026 16:30:43||08-28-2026 11:58:03|08-28-2026 11:58:03|08-29-2026 10:51:44|23.57|46.47|22.89
BRCJM01|BROLESEN|BROLESEN|10410.0|Shipped|||C9100|13485-342|SP|BR|T7||1|300|.3|300|300|Y|08-27-2026 12:23:50|08-27-2026 12:04:54||||08-27-2026 12:28:54|08-27-2026 16:32:43|08-27-2026 16:34:47|08-27-2026 16:44:52||08-28-2026 11:57:52|08-28-2026 11:57:52|08-29-2026 10:51:44|23.57|46.47|22.9
BRCJM01|BROLESEN|BROLESEN|10412.0|Shipped|||C15310||||T7||1|50|.05|50|50|Y|08-27-2026 12:24:53|08-27-2026 12:05:02||||08-27-2026 12:28:54|08-27-2026 16:21:29|08-27-2026 16:31:19|08-27-2026 16:31:23||08-31-2026 10:39:04|08-31-2026 10:39:04|09-02-2026 08:10:08|94.24|139.75|45.52
BRCJM01|BROLESEN|BROLESEN|10413.0|Shipped|||C9094|03211-020|SP|BR|T7||2|12000|12|12000|12000|Y|08-27-2026 19:02:31|08-27-2026 18:14:35||||08-27-2026 19:08:19|08-27-2026 20:17:21|08-27-2026 20:52:25|08-27-2026 22:13:09||08-27-2026 22:13:09|08-27-2026 22:13:09|09-02-2026 08:10:09|3.18|133.13|129.95
BRCJM01|BROLESEN|BROLESEN|10414.0|Shipped|||C9094|03211-020|SP|BR|T7||1|500|.5|500|500|Y|08-27-2026 19:02:33|08-27-2026 18:14:39||||08-27-2026 19:08:19|08-27-2026 19:58:11|08-27-2026 20:05:07|08-27-2026 21:18:34||09-01-2026 09:37:06|09-01-2026 09:37:06|09-02-2026 08:10:09|110.58|133.13|22.55
BRCJM01|BROLESEN|BROLESEN|10415.0|Shipped|||C9160|37414-310|MG|BR|T7||1|1000|1|1000|1000|Y|08-28-2026 14:04:09|08-28-2026 14:01:19||||08-28-2026 14:19:14|08-28-2026 17:38:39|08-28-2026 17:48:12|08-28-2026 18:29:36||08-31-2026 11:17:45|08-31-2026 11:17:45|09-02-2026 08:10:09|69.23|114.1|44.87
BRCJM01|BROLESEN|BROLESEN|10416.0|Shipped|||C10114|57037-532|AL|BR|T7||1|1500|1.5|1500|1500|Y|08-28-2026 14:04:11|08-28-2026 14:01:21||||08-28-2026 14:19:15|08-28-2026 17:17:59|08-28-2026 17:35:48|08-28-2026 18:21:14||08-31-2026 11:18:08|08-31-2026 11:18:08|09-02-2026 08:10:07|69.23|114.1|44.87
BRCJM01|BROLESEN|BROLESEN|10420.0|Shipped|||C10930||||T7||2|5000|5|5000|5000|Y|08-28-2026 14:16:19|08-28-2026 14:01:34||||08-28-2026 14:19:16|08-28-2026 16:33:11|08-28-2026 17:43:24|08-28-2026 17:51:34||08-31-2026 16:06:28|08-31-2026 16:06:28|09-02-2026 08:10:07|73.84|113.9|40.06
BRCJM01|BROLESEN|BROLESEN|10422.0|Shipped|||C14924||||T7||1|300|.3|300|300|Y|08-28-2026 14:15:19|08-28-2026 14:01:36||||08-28-2026 14:19:17|08-28-2026 19:14:55|08-28-2026 19:14:55|08-28-2026 22:47:41||08-28-2026 22:47:41|08-28-2026 22:47:41|09-02-2026 08:10:07|8.54|113.91|105.37
BRCJM01|BROLESEN|BROLESEN|10425.0|Shipped|||C9123|13295-454|SP|BR|T7||2|120|.12|120|120|Y|08-31-2026 14:42:46|08-31-2026 14:28:49|||08-31-2026 14:45:14|08-31-2026 14:47:09|08-31-2026 16:58:20|08-31-2026 17:54:33|08-31-2026 17:54:52||09-02-2026 08:13:13|09-02-2026 08:13:13|09-02-2026 08:17:04|41.51|41.57|.06
BRCJM01|BROLESEN|BROLESEN|10430.0|Shipped|||C9175|55614-027|PE|BR|T7||2|600|.6|600|600|Y|09-01-2026 13:39:09|09-01-2026 13:35:07||||09-01-2026 13:50:59|09-01-2026 16:12:36|09-01-2026 16:17:06|09-01-2026 17:13:46||09-01-2026 17:13:46|09-01-2026 17:13:46|09-03-2026 08:21:59|3.58|42.71|39.14
BRCJM01|BROLESEN|BROLESEN|10431.0|Shipped|||C9129|09520-660|SP|BR|T7||5|175|.175|175|175|Y|09-11-2026 10:23:46|09-11-2026 10:08:41||||09-11-2026 14:59:38|09-11-2026 15:01:10|09-11-2026 15:02:15|09-11-2026 15:02:35||09-11-2026 15:02:35|09-11-2026 15:02:35|09-11-2026 15:03:06|4.65|4.66|.01
BRCJM01|BROLESEN|BROLESEN|10432.0|Shipped|||C13242||||T7||2|400|.4|400|400|Y|09-01-2026 13:41:14|09-01-2026 13:35:18||||09-01-2026 13:50:59|09-01-2026 17:43:42|09-01-2026 19:22:55|09-01-2026 20:39:41||09-04-2026 09:19:42|09-04-2026 09:19:42|09-08-2026 08:21:08|67.64|162.67|95.02
BRCJM01|BROLESEN|BROLESEN|10433.0|Shipped|||C9777|15980-000|SP|BR|T7||1|100|.1|100|100|Y|09-01-2026 13:40:13|09-01-2026 13:35:20||||09-01-2026 13:50:59|09-01-2026 19:29:25|09-01-2026 19:29:25|09-01-2026 20:36:30||09-04-2026 07:59:58|09-04-2026 07:59:58|09-04-2026 08:24:57|66.33|66.75|.42
BRCJM01|BROLESEN|BROLESEN|10434.0|Shipped|||C15384||||T7||1|2000|2|2000|2000|Y|09-01-2026 13:41:14|09-01-2026 13:35:31||||09-01-2026 13:50:59|09-01-2026 19:36:02|09-01-2026 20:31:28|09-01-2026 20:33:42||09-02-2026 10:07:13|09-02-2026 10:07:13|09-03-2026 08:21:57|20.43|42.68|22.25
BRCJM01|BROLESEN|BROLESEN|10436.0|Shipped|||C9195|89251-901|SC|BR|T7||1|450|.45|450|450|Y|09-01-2026 13:40:13|09-01-2026 13:35:32||||09-01-2026 13:51:00|09-01-2026 20:03:22|09-01-2026 20:05:25|09-01-2026 20:27:31||09-02-2026 10:05:41|09-02-2026 10:05:41|09-03-2026 08:22:00|20.42|42.7|22.27
BRCJM01|BROLESEN|BROLESEN|10438.0|Shipped|||C9274|13171-105|SP|BR|T7||2|3000|3|3000|3000|Y|09-01-2026 13:41:14|09-01-2026 13:35:44||||09-01-2026 13:51:00|09-01-2026 20:10:18|09-01-2026 21:15:26|09-01-2026 21:15:30||09-02-2026 10:06:20|09-02-2026 10:06:20|09-03-2026 08:22:00|20.42|42.68|22.26
BRCJM01|BROLESEN|BROLESEN|10442.0|Shipped|||C9113|09950-350|SP|BR|T7||1|2000|2|2000|2000|Y|09-02-2026 15:04:57|09-02-2026 14:46:16||||09-02-2026 15:06:28|09-02-2026 17:35:31|09-02-2026 18:38:56|09-02-2026 18:41:34||09-03-2026 09:43:20|09-03-2026 09:43:20|09-04-2026 06:48:34|18.64|39.73|21.09
BRCJM01|BROLESEN|BROLESEN|10443.0|Shipped|||C9576|13255-415|SP|BR|T7||1|700|.7|700|700|Y|09-02-2026 15:04:57|09-02-2026 14:46:27||||09-02-2026 15:06:29|09-02-2026 18:03:38|09-02-2026 18:17:03|09-02-2026 19:30:26||09-04-2026 08:00:12|09-04-2026 08:00:12|09-04-2026 08:24:56|40.92|41.33|.41
BRCJM01|BROLESEN|BROLESEN|10444.0|Shipped|||C10527|88230-000|SC|BR|T7||1|80|.08|80|80|Y|09-02-2026 15:03:55|09-02-2026 14:46:35||||09-02-2026 15:06:29|09-02-2026 18:49:15|09-02-2026 19:38:46|09-02-2026 19:39:27||09-08-2026 08:24:01|09-08-2026 08:24:01|09-10-2026 08:44:25|137.34|185.68|48.34
BRCJM01|BROLESEN|BROLESEN|10445.0|Shipped|||C9162|38415-517|MG|BR|T7||1|240|.24|240|240|Y|09-02-2026 15:03:57|09-02-2026 14:46:43||||09-02-2026 15:06:29|09-02-2026 19:05:28|09-02-2026 19:43:53|09-02-2026 19:46:29||09-08-2026 08:24:08|09-08-2026 08:24:08|09-10-2026 08:44:25|137.34|185.67|48.34
BRCJM01|BROLESEN|BROLESEN|10446.0|Shipped|||C9777|15980-000|SP|BR|T7||1|25|.025|25|25|Y|09-02-2026 15:03:57|09-02-2026 14:46:51||||09-02-2026 15:06:29|09-02-2026 19:41:53|09-02-2026 19:41:53|09-02-2026 19:47:23||09-10-2026 08:49:58|09-10-2026 08:49:58|09-10-2026 09:16:39|185.77|186.21|.44
BRCJM01|BROLESEN|BROLESEN|10451.0|Shipped|||C9200|18085-250|SP|BR|T7||3|125|.125|125|125|Y|09-03-2026 13:49:59|09-03-2026 13:46:27||||09-03-2026 14:26:15|09-03-2026 18:21:29|09-03-2026 18:34:17|09-03-2026 22:32:26||09-04-2026 16:35:11|09-04-2026 16:35:11|09-08-2026 08:21:12|26.75|114.52|87.77
BRCJM01|BROLESEN|BROLESEN|10452.0|Shipped|||C9488|15480-000|SP|BR|T7||1|450|.45|450|450|Y|09-03-2026 13:50:01|09-03-2026 13:46:31||||09-03-2026 14:26:16|09-03-2026 20:40:55|09-03-2026 20:40:55|09-03-2026 22:25:24||09-04-2026 09:59:58|09-04-2026 09:59:58|09-08-2026 08:21:12|20.17|114.52|94.35
BRCJM01|BROLESEN|BROLESEN|10453.0|Shipped|||C9239|19904-000|SP|BR|T7||1|1000|1|1000|1000|Y|09-04-2026 15:54:45|09-04-2026 15:50:00||||09-04-2026 17:14:00|09-04-2026 19:46:24|09-04-2026 19:55:28|09-04-2026 20:35:58||09-04-2026 20:35:58|09-04-2026 20:35:58|09-10-2026 08:44:24|4.69|136.83|132.14
BRCJM01|BROLESEN|BROLESEN|10454.0|Shipped|||C9239|19904-000|SP|BR|T7||1|1000|1|1000|1000|Y|09-03-2026 13:50:01|09-03-2026 13:46:44||||09-03-2026 14:26:16|09-03-2026 18:46:40|09-03-2026 19:05:57|09-03-2026 22:29:15||09-09-2026 10:30:34|09-09-2026 10:30:34|09-10-2026 08:44:24|140.68|162.91|22.23
BRCJM01|BROLESEN|BROLESEN|10455.0|Shipped|||C10575|06881-700|SP|BR|T7||1|80|.08|80|80|Y|09-03-2026 13:59:07|09-03-2026 13:46:45||||09-03-2026 14:26:16|09-03-2026 18:16:06|09-03-2026 18:16:06|09-03-2026 22:35:18||09-04-2026 10:09:31|09-04-2026 10:09:31|09-08-2026 08:21:07|20.17|114.37|94.19
BRCJM01|BROLESEN|BROLESEN|10456.0|Shipped|||C11842||||T7||2|5000|5|5000|5000|Y|09-04-2026 17:03:03|09-04-2026 16:49:02||||09-04-2026 17:14:00|09-04-2026 17:31:28|09-04-2026 17:34:48|09-04-2026 17:43:07||09-04-2026 17:43:07|09-04-2026 17:43:07|09-08-2026 08:21:07|.67|87.3|86.63
BRCJM01|BROLESEN|BROLESEN|10457.0|Shipped|||C11845||||T7||1|1000|1|1000|1000|Y|09-03-2026 13:59:07|09-03-2026 13:46:54||||09-03-2026 14:26:16|09-03-2026 20:44:40|09-03-2026 20:54:06|09-03-2026 23:11:15||09-04-2026 11:19:57|09-04-2026 11:19:57|09-08-2026 08:21:07|21.35|114.37|93.02
BRCJM01|BROLESEN|BROLESEN|10458.0|Shipped|||C9127|44032-174|BA|BR|T7||3|550|.55|550|550|Y|09-03-2026 13:56:04|09-03-2026 13:46:59||||09-03-2026 14:26:17|09-03-2026 19:15:44|09-03-2026 20:01:20|09-03-2026 22:33:43||09-04-2026 10:05:12|09-04-2026 10:05:12|09-11-2026 11:11:26|20.15|189.26|169.1
BRCJM01|BROLESEN|BROLESEN|10459.0|Shipped|||C15537||||T7||1|25|.025|25|25|Y|09-03-2026 14:24:14|09-03-2026 13:47:03||||09-03-2026 14:26:17|09-03-2026 18:03:35|09-03-2026 18:03:36|09-03-2026 22:42:22||09-04-2026 10:11:24|09-04-2026 10:11:24|09-08-2026 08:21:09|19.79|113.95|94.16
BRCJM01|BROLESEN|BROLESEN|10460.0|Shipped|||C9252|09980-380|SP|BR|T7||1|950|.95|950|950|Y|09-03-2026 13:56:04|09-03-2026 13:47:12||||09-03-2026 14:26:17|09-03-2026 15:46:46|09-03-2026 15:52:53|09-03-2026 22:35:07||09-04-2026 16:12:04|09-04-2026 16:12:04|09-08-2026 08:21:12|26.27|114.42|88.15
BRCJM01|BROLESEN|BROLESEN|10461.0|Shipped|||C9147|13295-000|SP|BR|T7||5|5625|5.625|5625|5625|Y|09-03-2026 13:59:07|09-03-2026 13:47:15||||09-03-2026 14:26:17|09-03-2026 22:56:55|09-04-2026 07:32:04|09-04-2026 07:37:07||09-08-2026 10:31:30|09-08-2026 10:31:30|09-10-2026 08:44:24|116.54|162.75|46.22
BRCJM01|BROLESEN|BROLESEN|10462.0|Shipped|||C9094|03211-020|SP|BR|T7||6|18650|18.65|18650|18650|Y|09-03-2026 18:32:09|09-03-2026 17:45:07||||09-03-2026 18:34:03|09-03-2026 20:58:12|09-04-2026 08:26:56|09-04-2026 08:38:36||09-08-2026 09:51:08|09-08-2026 09:51:08|09-10-2026 08:44:24|111.32|158.2|46.89
BRCJM01|BROLESEN|BROLESEN|10463.0|Shipped|||C9129|09520-660|SP|BR|T7||3|350|.35|350|350|Y|09-03-2026 18:32:09|09-03-2026 17:45:10||||09-03-2026 18:34:06|09-03-2026 22:32:08|09-03-2026 22:40:30|09-03-2026 23:29:06||09-08-2026 16:12:09|09-08-2026 16:12:09|09-10-2026 08:44:23|117.67|158.2|40.54
BRCJM01|BROLESEN|BROLESEN|10464.0|Shipped|||C9046|06853-090|SP|BR|T7||1|200|.2|200|200|Y|09-04-2026 21:50:24|09-04-2026 21:00:53||||09-04-2026 23:00:57|09-05-2026 10:17:49|09-05-2026 10:17:49|09-05-2026 12:16:21||09-08-2026 09:31:04|09-08-2026 09:31:04|09-10-2026 08:44:23|83.68|130.9|47.22
BRCJM01|BROLESEN|BROLESEN|10465.0|Shipped|||C10930||||T7||1|25|.025|25|25|Y|09-08-2026 10:23:41|09-08-2026 10:00:35|||09-08-2026 10:24:04|09-08-2026 10:34:42|09-08-2026 12:27:23|09-08-2026 12:27:23|09-08-2026 12:43:27||09-09-2026 16:19:38|09-09-2026 16:19:38|09-10-2026 08:44:23|29.93|46.35|16.41
BRCJM01|BROLESEN|BROLESEN|10466.0|Shipped|||C10930||||T7||1|400|.4|400|400|Y|09-04-2026 21:57:25|09-04-2026 21:01:02||||09-04-2026 23:00:57|09-05-2026 10:39:37|09-05-2026 10:39:37|09-05-2026 12:34:25||09-09-2026 16:19:31|09-09-2026 16:19:31|09-10-2026 08:44:23|114.37|130.78|16.41
BRCJM01|BROLESEN|BROLESEN|10467.0|Shipped|||C9097|89070-272|SC|BR|T7||1|2000|2|2000|2000|Y|09-04-2026 21:24:18|09-04-2026 21:01:07||||09-04-2026 23:00:57|09-05-2026 10:46:51|09-05-2026 11:09:25|09-05-2026 12:26:43||09-08-2026 09:28:59|09-08-2026 09:28:59|09-10-2026 08:44:23|84.08|131.33|47.26
BRCJM01|BROLESEN|BROLESEN|10469.0|Shipped|||C9082|18086-390|SP|BR|T7||3|551|.551|551|551|Y|09-04-2026 13:59:54|09-04-2026 13:56:09||||09-04-2026 14:46:28|09-04-2026 20:17:21|09-04-2026 20:49:10|09-04-2026 21:28:44||09-11-2026 11:07:28|09-11-2026 11:07:28|09-11-2026 11:08:23|165.13|165.14|.02
BRCJM01|BROLESEN|BROLESEN|10470.0|Shipped|||C9199|12010-160|SP|BR|T7||1|200|.2|200|200|Y|09-04-2026 13:59:55|09-04-2026 13:56:09||||09-04-2026 14:46:28|09-04-2026 19:27:59|09-04-2026 19:30:12|09-04-2026 20:32:22||09-11-2026 13:53:44|09-11-2026 13:53:44|09-11-2026 13:55:00|167.9|167.92|.02
BRCJM01|BROLESEN|BROLESEN|10471.0|Shipped|||C11865||||T7||1|400|.4|400|400|Y|09-04-2026 14:45:19|09-04-2026 13:56:22||||09-04-2026 14:46:28|09-04-2026 19:02:20|09-04-2026 19:18:08|09-04-2026 20:28:46||09-10-2026 19:35:13|09-10-2026 19:35:13|09-11-2026 11:09:32|148.83|164.4|15.57
BRCJM01|BROLESEN|BROLESEN|10472.0|Shipped|||C9774|29345-000|ES|BR|T7||2|525|.525|525|525|Y|09-04-2026 13:59:56|09-04-2026 13:56:24||||09-04-2026 14:46:28|09-04-2026 20:01:19|09-04-2026 20:06:16|09-04-2026 21:01:52||09-08-2026 09:26:14|09-08-2026 09:26:14|09-10-2026 08:44:23|91.44|138.74|47.3
BRCJM01|BROLESEN|BROLESEN|10475.0|Shipped|||C15619||||T7||1|180|.18|180|180|Y|09-08-2026 16:13:23|09-08-2026 13:59:08||||09-08-2026 16:23:00|09-08-2026 17:29:37|09-08-2026 17:29:37|09-08-2026 19:04:02||09-09-2026 11:24:48|09-09-2026 11:24:48|09-10-2026 08:44:23|19.19|40.52|21.33
BRCJM01|BROLESEN|BROLESEN|10476.0|Shipped|||C10547|22713-001|RJ|BR|T7||1|25|.025|25|25|Y|09-08-2026 14:15:25|09-08-2026 14:11:26||||09-08-2026 16:23:01|09-08-2026 17:20:56|09-08-2026 17:20:56|09-08-2026 19:07:45||09-09-2026 11:23:45|09-09-2026 11:23:45|09-10-2026 08:44:23|21.14|42.48|21.34
BRCJM01|BROLESEN|BROLESEN|10477.0|Shipped|||C10937|68741-740|PA|BR|T7||1|50|.05|50|50|Y|09-08-2026 14:15:25|09-08-2026 14:11:31||||09-08-2026 16:23:01|09-08-2026 17:24:36|09-08-2026 17:24:36|09-08-2026 19:06:25||09-09-2026 11:24:14|09-09-2026 11:24:14|09-10-2026 08:44:23|21.15|42.48|21.34
BRCJM01|BROLESEN|BROLESEN|10478.0|Shipped|||C9100|13485-342|SP|BR|T7||1|320|.32|320|320|Y|09-08-2026 23:16:05|09-08-2026 22:41:30||||09-09-2026 06:47:22|09-09-2026 07:37:09|09-09-2026 07:37:09|09-09-2026 07:37:50||09-09-2026 07:37:50|09-09-2026 07:37:51|09-10-2026 08:44:23|8.36|33.47|25.11
BRCJM01|BROLESEN|BROLESEN|10480.0|Shipped|||C9163|19820-000|SP|BR|T7||4|2575|2.575|2575|2575|Y|09-08-2026 22:44:53|09-08-2026 22:41:37|||09-09-2026 06:50:54|09-09-2026 06:52:06|09-09-2026 07:20:30|09-09-2026 07:28:18|09-09-2026 08:00:45||09-09-2026 11:29:09|09-09-2026 11:29:09|09-10-2026 08:44:22|12.74|33.99|21.25
BRCJM01|BROLESEN|BROLESEN|10481.0|Shipped|||C15309||||T7||1|25|.025|25|25|Y|09-08-2026 23:16:06|09-08-2026 22:41:37||||09-09-2026 06:47:23|09-09-2026 07:12:22|09-09-2026 07:12:22|09-09-2026 07:33:22||09-09-2026 07:33:22|09-09-2026 07:33:22|09-11-2026 11:09:32|8.29|59.89|51.6
BRCJM01|BROLESEN|BROLESEN|10483-1|Shipped|||C6409024463|13097-160|SP|BR|T7||1|75|.075|75|75|Y|09-11-2026 11:57:23|09-11-2026 11:54:01||||09-11-2026 13:45:46|09-11-2026 13:47:12|09-11-2026 13:47:12|09-11-2026 13:47:34||09-11-2026 13:47:34|09-11-2026 13:47:34|09-11-2026 13:51:44|1.84|1.91|.07
BRCJM01|BROLESEN|BROLESEN|10483.0|Shipped|||C9093|13288-166|SP|BR|T7||2|9900|9.9|9925|9900|N|09-08-2026 16:13:24|09-11-2026 11:54:06|||09-11-2026 13:30:55|09-11-2026 13:41:05|09-11-2026 13:43:43|09-11-2026 13:44:25|09-11-2026 13:44:54||09-11-2026 13:44:54|09-11-2026 13:44:54|09-11-2026 13:51:44|69.53|69.64|.11
BRCJM01|BROLESEN|BROLESEN|10485.0|Shipped|||C9561|06730-000|SP|BR|T7||3|100|.1|100|100|Y|09-08-2026 14:06:22|09-08-2026 13:59:19||||09-08-2026 16:23:01|09-08-2026 17:35:20|09-08-2026 17:47:22|09-08-2026 19:01:56||09-09-2026 16:44:27|09-09-2026 16:44:27|09-10-2026 08:44:22|26.63|42.63|16
BRCJM01|BROLESEN|BROLESEN|10486.0|Shipped|||C13282||||T7||6|450|.45|450|450|Y|09-09-2026 07:53:20|09-09-2026 07:29:42|||09-09-2026 07:54:23|09-09-2026 07:56:59|09-09-2026 08:12:35|09-09-2026 08:57:23|09-09-2026 09:42:02||09-09-2026 11:26:16|09-09-2026 11:26:16|09-11-2026 11:11:06|3.55|51.3|47.75
BRCJM01|BROLESEN|BROLESEN|10489.0|Shipped|||C9353|17286-899|SP|BR|T7||1|1000|1|1000|1000|Y|09-09-2026 14:20:10|09-09-2026 13:08:37||||09-09-2026 14:21:00|09-09-2026 16:29:29|09-09-2026 16:29:49|09-09-2026 17:13:17||09-11-2026 11:07:46|09-11-2026 11:07:46|09-11-2026 11:08:23|44.79|44.8|.01
BRCJM01|BROLESEN|BROLESEN|10490.0|Shipped|||C9317|74985-113|GO|BR|T7||1|1500|1.5|1500|1500|Y|09-09-2026 13:12:30|09-09-2026 13:08:43||||09-09-2026 14:21:01|09-09-2026 16:49:09|09-09-2026 17:03:09|09-09-2026 17:16:57||09-09-2026 17:16:57|09-09-2026 17:16:57|09-11-2026 13:55:00|4.07|48.71|44.63
BRCJM01|BROLESEN|BROLESEN|10491.0|Shipped|||C10584|18606-292|SP|BR|T7||1|175|.175|175|175|Y|09-09-2026 13:12:32|09-09-2026 13:08:44||||09-09-2026 14:21:01|09-09-2026 15:46:23|09-09-2026 15:46:23|09-09-2026 16:40:15||09-11-2026 13:34:28|09-11-2026 13:34:28|09-11-2026 13:51:44|48.37|48.65|.29
BRCJM01|BROLESEN|BROLESEN|10492.0|Shipped|||C9508|06455-020|SP|BR|T7||1|80|.08|80|80|Y|09-09-2026 13:12:32|09-09-2026 13:08:52||||09-09-2026 14:21:01|09-09-2026 15:54:31|09-09-2026 17:00:23|09-09-2026 17:00:30||09-11-2026 13:53:59|09-11-2026 13:53:59|09-11-2026 13:55:00|48.69|48.71|.02
BRCJM01|BROLESEN|BROLESEN|10493.0|Shipped|||C15167||||T7||1|100|.1|100|100|Y|09-09-2026 14:20:11|09-09-2026 13:08:53||||09-09-2026 14:21:01|09-09-2026 16:12:17|09-09-2026 16:12:17|09-09-2026 17:07:58||09-10-2026 13:33:34|09-10-2026 13:33:34|09-11-2026 11:09:32|23.22|44.82|21.6
BRCJM01|BROLESEN|BROLESEN|10494.0|Shipped|||C9082|18086-390|SP|BR|T7||1|2000|2|2000|2000|Y|09-09-2026 18:46:26|09-09-2026 18:32:05||||09-09-2026 18:48:54|09-09-2026 21:07:32|09-09-2026 21:08:02|09-09-2026 21:32:36||09-09-2026 21:32:36|09-09-2026 21:32:36|09-11-2026 11:09:32|2.77|40.38|37.62
BRCJM01|BROLESEN|BROLESEN|10495.0|Shipped|||C9252|09980-380|SP|BR|T7||2|240|.24|240|240|Y|09-09-2026 18:47:27|09-09-2026 18:32:11||||09-09-2026 18:48:54|09-09-2026 20:44:47|09-09-2026 20:48:16|09-09-2026 21:13:18||09-09-2026 21:13:18|09-09-2026 21:13:18|09-11-2026 11:09:32|2.43|40.37|37.94
BRCJM01|BROLESEN|BROLESEN|10496.0|Shipped|||C9252|09980-380|SP|BR|T7||1|120|.12|120|120|Y|09-09-2026 18:47:27|09-09-2026 18:32:11||||09-09-2026 18:48:54|09-09-2026 20:53:50|09-09-2026 20:58:15|09-09-2026 21:28:04||09-10-2026 16:26:42|09-10-2026 16:26:43|09-11-2026 11:09:32|21.65|40.37|18.71
BRCJM01|BROLESEN|BROLESEN|10498.0|Shipped|||C9376|13240-000|SP|BR|T7||1|200|.2|200|200|Y|09-10-2026 21:01:41|09-10-2026 20:26:37||||09-10-2026 21:07:04|09-11-2026 10:04:39|09-11-2026 10:04:39|09-11-2026 10:48:55||09-11-2026 13:54:09|09-11-2026 13:54:09|09-11-2026 13:55:00|16.87|16.89|.01
BRCJM01|BROLESEN|BROLESEN|10500.0|Shipped|||C9126|37706-067|MG|BR|T7||1|200|.2|200|200|Y|09-10-2026 14:03:02|09-10-2026 13:57:15||||09-10-2026 14:15:00|09-10-2026 16:23:59|09-10-2026 16:23:59|09-10-2026 16:38:29||09-10-2026 16:38:29|09-10-2026 16:38:29|09-11-2026 13:55:00|2.59|23.87|21.28
BRCJM01|BROLESEN|BROLESEN|10501.0|Shipped|||C13242||||T7||2|400|.4|400|400|Y|09-10-2026 17:41:21|09-10-2026 13:57:24||||09-10-2026 17:44:41|09-10-2026 19:14:09|09-10-2026 19:42:14|09-10-2026 20:02:54||09-11-2026 11:59:47|09-11-2026 11:59:47|09-11-2026 13:51:44|18.31|20.17|1.87
BRCJM01|BROLESEN|BROLESEN|10502.0|Shipped|||C9176|13082-380|SP|BR|T7||1|1900|1.9|1900|1900|Y|09-10-2026 21:01:42|09-10-2026 20:26:42||||09-10-2026 21:07:05|09-10-2026 21:30:38|09-10-2026 22:43:35|09-10-2026 22:52:14||09-11-2026 11:58:25|09-11-2026 11:58:25|09-11-2026 13:51:45|14.95|16.83|1.89
BRCJM01|BROLESEN|BROLESEN|10503.0|Shipped|||C9094|03211-020|SP|BR|T7||1|1200|1.2|1200|1200|Y|09-10-2026 17:41:24|09-10-2026 16:59:43||||09-10-2026 19:10:31|09-10-2026 20:01:09|09-10-2026 21:05:20|09-10-2026 21:07:57||09-11-2026 12:22:14|09-11-2026 12:22:14|09-11-2026 13:51:44|18.68|20.17|1.49
BRCJM01|BROLESEN|BROLESEN|10504.0|Shipped|||C15987||||T7||1|100|.1|100|100|Y|09-10-2026 14:09:06|09-10-2026 13:57:26||||09-10-2026 14:15:01|09-10-2026 16:09:07|09-10-2026 16:09:07|09-10-2026 16:31:43||09-11-2026 11:59:14|09-11-2026 11:59:14|09-11-2026 13:51:44|21.84|23.71|1.88
BRCJM01|BROLESEN|BROLESEN|10505.0|Shipped|||C9094|03211-020|SP|BR|T7||2|11220|11.22|11220|11220|Y|09-10-2026 17:41:24|09-10-2026 16:59:48||||09-10-2026 19:10:32|09-10-2026 20:15:21|09-10-2026 20:48:54|09-10-2026 21:53:31||09-11-2026 12:21:26|09-11-2026 12:21:26|09-11-2026 13:51:45|18.67|20.17|1.51
BRCJM01|BROLESEN|BROLESEN|9948.0|Shipped|||C10587|14075-310|SP|BR|T7||1|1500|1.5|1500|1500|Y|06-15-2026 14:24:16|06-15-2026 14:19:14|||||||||||06-18-2026 08:19:25||65.92|
BRCJM01|BROLESEN|BROLESEN|9949.0|Shipped|||C9239|19904-000|SP|BR|T7||1|150|.15|150|150|Y|06-15-2026 14:21:14|06-15-2026 14:19:18|||||||||||06-18-2026 14:51:45||72.51|
BRCJM01|BROLESEN|BROLESEN|9950.0|Shipped|||C9200|18085-250|SP|BR|T9177||1|9500|9.5|9500|9500|Y|06-15-2026 14:21:16|06-15-2026 14:19:23|||||||||||06-18-2026 14:51:44||72.51|
BRCJM01|BROLESEN|BROLESEN|9952.0|Shipped|||C9239|19904-000|SP|BR|T7||2|500|.5|500|500|Y|06-16-2026 07:51:05|06-16-2026 07:47:17|||||||||06-18-2026 11:55:32|06-18-2026 11:55:32|06-18-2026 14:51:45|52.07|55.01|2.94
BRCJM01|BROLESEN|BROLESEN|9956.0|Shipped|||C9235|08260-125|SP|BR|T7||3|75|.075|75|75|Y|06-16-2026 14:09:48|06-16-2026 14:03:18||||||06-17-2026 09:59:31|06-17-2026 09:59:34||06-17-2026 17:19:16|06-17-2026 17:19:16|06-18-2026 08:19:22|27.16|42.16|15
BRCJM01|BROLESEN|BROLESEN|9957.0|Shipped|||C11865||||T7||1|400|.4|400|400|Y|06-16-2026 14:09:48|06-16-2026 14:03:20|||||||||06-17-2026 17:35:26|06-17-2026 17:35:26|06-18-2026 08:19:25|27.43|42.16|14.73
BRCJM01|BROLESEN|BROLESEN|9959.0|Shipped|||C9556|60871-680|CE|BR|T7||1|60|.06|60|60|Y|06-16-2026 14:06:46|06-16-2026 14:03:49||||||06-17-2026 09:59:50|06-17-2026 09:59:55||06-17-2026 14:31:36|06-17-2026 14:31:36|06-18-2026 08:19:21|24.41|42.21|17.8
BRCJM01|BROLESEN|BROLESEN|9960.0|Shipped|||C9333|03514-000|SP|BR|T7||2|120|.12|120|120|Y|06-16-2026 14:09:48|06-16-2026 14:03:56||||||06-17-2026 09:59:17|06-17-2026 09:59:21||06-17-2026 14:31:29|06-17-2026 14:31:29|06-18-2026 08:19:21|24.36|42.16|17.8
BRCJM01|BROLESEN|BROLESEN|9961.0|Shipped|||C13072||||T7||2|2000|2|2000|2000|Y|06-17-2026 11:07:41|06-17-2026 10:39:15||||06-17-2026 11:08:33|06-17-2026 20:22:19|06-17-2026 20:59:40|06-17-2026 21:01:22||06-18-2026 08:39:20|06-18-2026 08:39:20|06-18-2026 14:51:45|21.53|27.73|6.21
BRCJM01|BROLESEN|BROLESEN|9963.0|Shipped|||C9082|18086-390|SP|BR|T7||1|5|.005|5|5|Y|06-16-2026 19:27:31|06-16-2026 19:23:15|||||||||06-18-2026 07:26:05|06-18-2026 07:26:05|06-18-2026 08:19:22|35.98|36.86|.89
BRCJM01|BROLESEN|BROLESEN|9964.0|Shipped|||C9680|75132-020|GO|BR|T7||1|1000|1|1000|1000|Y|06-16-2026 19:27:32|06-16-2026 19:23:19|||||||||06-18-2026 11:15:48|06-18-2026 11:15:48|06-18-2026 14:51:45|39.8|43.4|3.6
BRCJM01|BROLESEN|BROLESEN|9965.0|Shipped|||C9158|29330-000|ES|BR|T7||2|1000|1|1000|1000|Y|06-17-2026 14:39:42|06-17-2026 14:35:16||||06-17-2026 14:44:56|06-17-2026 20:49:49|06-17-2026 21:01:46|06-17-2026 21:17:01||06-18-2026 14:37:49|06-18-2026 14:37:49|06-18-2026 14:51:45|23.97|24.2|.23
BRCJM01|BROLESEN|BROLESEN|9968.0|Shipped|||C9252||||T7||2|290|.29|290|290|Y|06-17-2026 17:41:56|06-17-2026 17:31:16||||06-17-2026 17:50:05|06-17-2026 17:55:38|06-17-2026 17:56:00|06-17-2026 23:22:08||06-17-2026 23:22:08|06-17-2026 23:22:08|06-18-2026 14:51:45|5.67|21.16|15.49
BRCJM01|BROLESEN|BROLESEN|9969.0|Shipped|||C13384||||T7||1|500|.5|500|500|Y|06-17-2026 18:22:05|06-17-2026 18:19:13||||06-17-2026 18:30:41|06-17-2026 21:19:58|06-17-2026 21:21:46|06-17-2026 21:45:15||06-18-2026 12:41:27|06-18-2026 12:41:27|06-18-2026 14:51:45|18.32|20.49|2.17
BRCJM01|BROLESEN|BROLESEN|9970.0|Shipped|||C13620||||T7||2|60|.06|60|60|Y|06-17-2026 18:21:05|06-17-2026 18:15:16||||06-17-2026 18:30:41|06-17-2026 21:30:13|06-17-2026 21:31:35|06-17-2026 21:56:46||06-18-2026 14:38:06|06-18-2026 14:38:06|06-18-2026 14:51:45|20.28|20.51|.23
BRCJM01|BROLESEN|BROLESEN|9971.0|Shipped|||C11857||||T7||1|200|.2|200|200|Y|06-18-2026 12:01:45|06-18-2026 11:51:15||||06-18-2026 12:06:33|06-18-2026 16:51:20|06-18-2026 16:51:20|06-18-2026 17:46:03||06-19-2026 08:05:57|06-19-2026 08:05:57|06-19-2026 14:44:50|20.07|26.72|6.65
BRCJM01|BROLESEN|BROLESEN|9972.0|Shipped|||C11437||||T7||1|100|.1|100|100|Y|06-18-2026 12:01:45|06-18-2026 11:51:20||||06-18-2026 12:06:33|06-18-2026 16:41:19|06-18-2026 16:41:19|06-18-2026 17:47:54||06-19-2026 08:05:46|06-19-2026 08:05:46|06-19-2026 14:44:50|20.07|26.72|6.65
BRCJM01|BROLESEN|BROLESEN|9973.0|Shipped|||C9129|09520-660|SP|BR|T7||3|200|.2|200|200|Y|06-18-2026 11:54:43|06-18-2026 11:51:27||||06-18-2026 12:06:33|06-18-2026 16:55:59|06-18-2026 17:06:45|06-18-2026 17:43:06||06-19-2026 09:24:18|06-19-2026 09:24:18|06-19-2026 14:44:50|21.49|26.84|5.34
BRCJM01|BROLESEN|BROLESEN|9974.0|Shipped|||C9197|06705-420|SP|BR|T7||1|200|.2|200|200|Y|06-18-2026 12:01:45|06-18-2026 11:51:53||||06-18-2026 12:06:34|06-18-2026 16:29:06|06-18-2026 16:35:22|06-18-2026 17:50:05||06-18-2026 17:50:05|06-18-2026 17:50:05|06-19-2026 14:44:50|5.81|26.72|20.91
BRCJM01|BROLESEN|BROLESEN|9975.0|Shipped|||C9147|13295-000|SP|BR|T7||1|60|.06|60|60|Y|06-18-2026 12:01:45|06-18-2026 11:52:00||||06-18-2026 12:06:34|06-18-2026 16:16:45|06-18-2026 16:16:45|06-18-2026 17:47:37||06-19-2026 10:46:03|06-19-2026 10:46:03|06-19-2026 14:44:50|22.74|26.72|3.98
BRCJM01|BROLESEN|BROLESEN|9976.0|Shipped|||C14734|55613-900|PE|BR|T7||1|20|.02|20|20|Y|06-18-2026 11:54:43|06-18-2026 11:52:02||||06-18-2026 12:06:34|06-18-2026 16:22:05|06-18-2026 16:22:05|06-18-2026 17:45:47||06-19-2026 09:00:45|06-19-2026 09:00:45|06-19-2026 14:44:50|21.1|26.84|5.73
BRCJM01|BROLESEN|BROLESEN|9978.0|Shipped|||C10029|29145-604|ES|BR|T7||1|150|.15|150|150|Y|06-18-2026 14:18:36|06-18-2026 14:15:15||||06-18-2026 14:21:33|06-18-2026 16:11:34|06-18-2026 16:11:34|06-18-2026 18:06:05||06-18-2026 18:06:05|06-18-2026 18:06:05|06-19-2026 14:44:50|3.79|24.44|20.65
BRCJM01|BROLESEN|BROLESEN|9979.0|Shipped|||C9126|37706-067|MG|BR|T7||1|50|.05|50|50|Y|06-19-2026 14:29:34|06-19-2026 14:27:14||||06-19-2026 14:38:29|06-19-2026 15:53:10|06-19-2026 15:53:10|06-19-2026 16:01:55||06-23-2026 14:43:55|06-23-2026 14:43:55|06-24-2026 08:22:55|96.24|113.89|17.65
BRCJM01|BROLESEN|BROLESEN|9980.0|Shipped|||C12441||||T7||1|400|.4|400|400|Y|06-19-2026 14:32:36|06-19-2026 14:27:19||||06-19-2026 14:38:29|06-19-2026 16:03:30|06-19-2026 16:09:31|06-19-2026 16:29:34||06-22-2026 16:00:28|06-22-2026 16:00:28|06-24-2026 08:22:56|73.46|113.84|40.37
BRCJM01|BROLESEN|BROLESEN|9981.0|Shipped|||C9555|13609-584|SP|BR|T7||1|600|.6|600|600|Y|06-19-2026 14:31:35|06-19-2026 14:27:26||||06-19-2026 14:38:29|06-19-2026 16:30:03|06-19-2026 16:30:03|06-19-2026 16:42:17||06-22-2026 14:56:57|06-22-2026 14:56:57|06-24-2026 08:22:54|72.42|113.86|41.43
BRCJM01|BROLESEN|BROLESEN|9982.0|Shipped|||C9870|54325-627|PE|BR|T7||2|200|.2|200|200|Y|06-19-2026 14:29:35|06-19-2026 14:27:53||||06-19-2026 14:38:29|06-19-2026 16:37:32|06-19-2026 16:42:03|06-19-2026 16:50:53||06-22-2026 15:35:55|06-22-2026 15:35:55|06-24-2026 08:22:54|73.11|113.89|40.78
BRCJM01|BROLESEN|BROLESEN|9983.0|Shipped|||C15492|07175-400|SP|BR|T7||1|250|.25|250|250|Y|06-19-2026 14:31:35|06-19-2026 14:27:59||||06-19-2026 14:38:30|06-19-2026 16:49:52|06-19-2026 16:49:52|06-19-2026 17:03:30||06-22-2026 15:36:02|06-22-2026 15:36:02|06-24-2026 08:22:55|73.07|113.86|40.78
BRCJM01|BROLESEN|BROLESEN|9986.0|Shipped|||C11845||||T7||2|1450|1.45|1450|1450|Y|06-19-2026 16:35:11|06-19-2026 16:27:15||||06-19-2026 16:41:59|06-19-2026 18:35:46|06-19-2026 19:33:26|06-19-2026 19:43:52||06-23-2026 11:03:40|06-23-2026 11:03:40|06-24-2026 08:22:56|90.47|111.8|21.32
BRCJM01|BROLESEN|BROLESEN|9987.0|Shipped|||C9161|83212-250|PR|BR|T7||1|90|.09|90|90|Y|06-22-2026 14:27:20|06-22-2026 14:15:27||||06-22-2026 14:36:16|06-22-2026 17:55:05|06-22-2026 17:55:05|06-22-2026 19:41:42||06-26-2026 09:19:48|06-26-2026 09:19:48|06-26-2026 09:21:08|90.87|90.9|.02
BRCJM01|BROLESEN|BROLESEN|9988.0|Shipped|||C9233|05550-010|SP|BR|T7||1|5000|5|5000|5000|Y|06-22-2026 14:35:25|06-22-2026 14:15:39||||06-22-2026 14:36:16|06-22-2026 17:58:49|06-22-2026 18:34:55|06-22-2026 18:39:55||06-23-2026 16:19:53|06-23-2026 16:19:53|06-24-2026 08:22:54|25.74|41.79|16.05
BRCJM01|BROLESEN|BROLESEN|9991.0|Shipped|||C9096||||T7||4|1100|1.1|1100|1100|Y|06-22-2026 16:39:01|06-22-2026 16:31:18||||06-22-2026 16:52:32|06-22-2026 19:53:32|06-22-2026 20:18:06|06-22-2026 21:38:22||06-24-2026 08:26:05|06-24-2026 08:26:05|06-24-2026 08:55:17|39.78|40.27|.49
BRCJM01|BROLESEN|BROLESEN|9992.0|Shipped|||C9413|13280-000|SP|BR|T7||1|1600|1.6|1600|1600|Y|06-23-2026 11:58:58|06-23-2026 11:39:16||||06-23-2026 12:02:02|06-23-2026 17:50:58|06-23-2026 18:35:41|06-23-2026 18:36:39||06-24-2026 14:35:02|06-24-2026 14:35:02|06-25-2026 09:44:42|26.6|45.76|19.16
BRCJM01|BROLESEN|BROLESEN|9993.0|Shipped|||C9176|13082-380|SP|BR|T7||1|1000|1|1000|1000|Y|06-24-2026 13:02:00|06-24-2026 12:55:18||||06-24-2026 13:02:53|06-24-2026 13:29:04|06-24-2026 13:35:36|06-24-2026 14:06:23||06-24-2026 14:26:33|06-24-2026 14:26:33|06-25-2026 09:44:42|1.41|20.71|19.3
BRCJM01|BROLESEN|BROLESEN|9994.0|Shipped|||C9962||||T7||1|10|.01|10|10|Y|06-23-2026 13:41:36|06-23-2026 12:07:16||||06-23-2026 13:43:41|06-23-2026 17:46:25|06-23-2026 17:46:25|06-23-2026 17:59:22||06-26-2026 09:20:07|06-26-2026 09:20:07|06-26-2026 09:21:08|67.64|67.66|.02
BRCJM01|BROLESEN|BROLESEN|9995.0|Shipped|||C9082|18086-390|SP|BR|T7||1|60|.06|60|60|Y|06-23-2026 11:59:00|06-23-2026 11:39:33||||06-23-2026 12:02:02|06-23-2026 18:05:57|06-23-2026 18:05:57|06-23-2026 18:23:32||06-26-2026 09:20:15|06-26-2026 09:20:15|06-26-2026 09:21:08|69.35|69.37|.01
BRCJM01|BROLESEN|BROLESEN|9996.0|Shipped|||C9194||||T7||1|1500|1.5|1500|1500|Y|06-23-2026 19:17:38|06-23-2026 18:59:15||||06-23-2026 19:23:42|06-23-2026 20:07:51|06-23-2026 20:14:31|06-23-2026 20:29:19||06-24-2026 17:25:34|06-24-2026 17:25:34|06-25-2026 09:53:23|22.13|38.6|16.46
BRCJM01|BROLESEN|BROLESEN|9997.0|Shipped|||C14899||||T7||1|6|.006|6|6|Y|06-24-2026 08:11:34|06-24-2026 08:07:16||||06-24-2026 08:12:27|06-24-2026 08:19:49|06-24-2026 08:20:37|06-24-2026 08:23:51||06-24-2026 11:03:04|06-24-2026 11:03:04|06-25-2026 09:44:41|2.86|25.55|22.69
BRCJM01|BROLESEN|BROLESEN|9998.0|Shipped|||C9200|18085-250|SP|BR|T7||2|50|.05|50|50|Y|06-23-2026 19:06:34|06-23-2026 19:03:17||||06-23-2026 19:20:10|06-23-2026 20:22:18|06-23-2026 20:24:53|06-23-2026 20:41:17||06-24-2026 08:10:42|06-24-2026 08:10:42|06-24-2026 08:22:55|13.07|13.27|.2
BRCJM01|BROLESEN|BROLESEN|9999.0|Shipped|||C9252|09980-380|SP|BR|T7||2|420|.42|420|420|Y|06-24-2026 12:37:55|06-24-2026 12:31:17||||06-24-2026 12:42:39|06-24-2026 17:44:29|06-24-2026 17:59:20|06-24-2026 18:09:19||06-26-2026 09:20:19|06-26-2026 09:20:19|06-26-2026 09:21:08|44.71|44.72|.01
BRCJM01|BROLESEN|BROLESEN|OLESEN5576|Shipped|||C6409024463|13097-160|SP|BR|T7||1|7.2|.0072|7.2|7.2|Y|07-17-2026 16:30:21|07-17-2026 16:11:14||||07-17-2026 16:38:52|07-17-2026 17:11:49|07-17-2026 17:11:49|07-17-2026 17:13:01||07-17-2026 17:14:13|07-17-2026 17:14:13|07-17-2026 17:15:03|.73|.75|.01
